[00:47:59]	[Recv]	clist_start 0

[00:47:59]	[Recv]	clist 0 milkers 0 0 1 5 0 1 99 91 8689.8643.8628.8636.8687.8674.8680.8566.8598.8568. 80  10 1 0.2640.0.1493.0.318.0.1550.0.836.0.663.0.1548.0.709.0.1488.0.614.0.333.0.333.0.333 0 0

[00:47:59]	[Recv]	clist 1 MILKERSSANTA 0 1 0 9 0 0 1 0 -1.12.1.8.-1.-1.-1.-1.-1.-1.-1 1  1 1 -1.-1.-1.-1.-1.-1.-1.-1.-1.-1.-1.-1.-1.-1.-1.-1.-1.-1.-1.-1.-1.-1.-1.-1.-1.-1. 0 0

[00:47:59]	[Recv]	clist 2 MILKERSSANTA1 0 1 0 9 0 0 1 0 -1.12.1.8.-1.-1.-1.-1.-1.-1.-1 1  1 1 -1.-1.-1.-1.-1.-1.-1.-1.-1.-1.-1.-1.-1.-1.-1.-1.-1.-1.-1.-1.-1.-1.-1.-1.-1.-1. 0 0

[00:47:59]	[Recv]	clist 3 serdfhb 0 1 0 9 0 4 81 0 -1.4757.4756.4999.-1.886.-1.-1.-1.-1.-1 50  4 1 -1.-1.-1.-1.-1.-1.-1.-1.-1.-1.-1.-1.-1.-1.-1.-1.-1.-1.-1.-1.-1.-1.-1.-1.-1.-1. 0 0

[00:47:59]	[Recv]	clist_end

[00:48:00]	[Send]	c_close 0
[00:48:00]	[Send]	f_stash_end 
[00:48:00]	[Send]	c_close 1
[00:48:04]	[Send]	select 0
[00:48:04]	[Recv]	OK

[00:48:04]	[Send]	game_start
[00:48:04]	[Send]	lbs 0
[00:48:04]	[Recv]	tit 36 milkers

[00:48:04]	[Recv]	info --- Family Message ---Read abot rules change in discord.

[00:48:04]	[Recv]	fd 13364600 0 100 1

[00:48:04]	[Recv]	fd 13364600 27 100 1

[00:48:04]	[Recv]	c_info milkers - -1 3739.918 Sanguinarius 6835325 0 0 1 5 1 27 0 0 0 0 0 0 8151 9

[00:48:04]	[Send]	mall 50
[00:48:04]	[Send]	c_close 1
[00:48:04]	[Recv]	c_info_reset

[00:48:04]	[Recv]	equip 73 78 0.8628.3.7.0.8.82 1.8643.8.7.0.2.82 2.8689.0.0.0.0.0 3.8653.0.2.0.0.0 4.8655.0.0.0.0.0 5.8636.7.8.0.0.82 6.4657.0.0.0.0.0 7.4653.0.0.0.0.0 8.4647.0.0.0.0.0 9.8687.0.0.0.0.0 10.8674.9.0.0.0.0 12.909.0.20.100.0.0 13.8680.0.0.0.0.0 14.8566.0.0.0.0.0 15.8598.0.0.0.0.0 16.8568.0.0.0.0.0 17.8801.0.0.0.0.0

[00:48:04]	[Recv]	lev 99 0 80 7192 2140719000 790000 13364600 200 881816047 91 967912450 0

[00:48:04]	[Recv]	stat 75191 55808 17265 7914 0 1316

[00:48:04]	[Recv]	ski 0 220 221 220 221 235 694|6 702|6 22 26 38 46 50 54 60 90 106 107 108 109 111 112 103 104 105 130 131 124 133

[00:48:04]	[Recv]	cond 1 6835325 0 0 14

[00:48:04]	[Recv]	at 6835325 2628 78 70 2 0 115 1 -1

[00:48:04]	[Recv]	c_map 0 2628 1

[00:48:04]	[Recv]	sc 0 7 2436 2578 1794 25 325 1 8 2411 2611 2001 31 315 7 1708 1263 1526 1263 1246 61 61 105 105

[00:48:04]	[Recv]	cond 1 6835325 0 0 14

[00:48:04]	[Recv]	pairy 1 6835325 4 3 119 59

[00:48:04]	[Recv]	minipet 1 6835325 8801

[00:48:04]	[Recv]	rsfi 10 1 24 24 24 24

[00:48:04]	[Recv]	rage 891335 1500000

[00:48:04]	[Recv]	food 0

[00:48:04]	[Recv]	stp 0 1 1 -1 1 1 1 -1 2 1 1 -1 4 1 1 -1 5 1 1 -1 7 1 1 -1 8 1 1 -1 9 1 1 -1 10 1 1 -1 11 1 1 -1 12 1 1 -1 13 1 1 -1 14 1 1 -1 15 1 1 -1 16 1 1 -1 17 1 1 -1 73 1 1 -1 74 1 1 -1 75 1 1 -1 76 1 1 -1 77 1 1 -1 78 1 1 -1 79 1 1 -1 80 1 1 -1 82 1 1 -1 83 1 1 -1 84 1 1 -1 85 1 1 -1 86 1 1 -1 87 1 1 -1 88 1 1 -1 89 1 1 -1 96 1 1 -1 97 1 1 -1 98 1 1 -1 99 1 1 -1 100 1 1 -1 101 1 1 -1 102 1 1 -1 103 1 1 -1 104 1 1 -1 200 1 1 -1 201 1 1 -1 202 1 1 -1 203 1 1 -1 204 1 1 -1 205 1 1 -1 206 1 1 -1 207 1 1 -1 333 1 5 50 176 2 2 -1 177 2 2 -1 179 2 2 -1 181 2 2 20 290 2 2 -1 377 2 2 -1 398 2 2 -1 448 2 2 -1 478 2 2 -1 479 2 2 -1 480 2 2 -1 535 2 2 -1 544 2 2 -1 545 2 2 -1 555 2 2 -1 24 3 3 -1 581 2 2 -1 614 2 2 -1 615 2 2 -1 616 2 2 -1 630 2 2 -1 631 2 2 -1 632 2 2 -1 633 2 2 -1 634 2 2 -1 638 2 2 -1 639 2 2 -1 640 2 2 -1 641 2 2 -1 642 2 2 -1 643 2 2 -1 644 2 2 -1 663 2 3 1 664 2 2 -1 667 2 2 -1 668 2 2 -1 669 2 2 -1 677 2 2 -1 678 2 2 -1 692 2 2 -1 728 2 2 -1 747 2 2 -1 752 2 2 -1 754 2 2 -1 762 2 2 -1 769 2 2 -1 794 2 2 -1 801 2 2 -1 813 2 2 -1 814 2 2 -1 815 2 2 -1 816 2 2 -1 821 2 2 -1 823 2 2 -1 824 2 2 -1 825 2 2 -1 830 2 2 -1 838 2 2 -1 841 2 2 20 842 2 2 -1 843 2 2 -1 844 2 2 -1 1001 2 2 -1 1010 2 2 -1 1035 2 2 -1 1384 2 2 -1 1469 2 2 -1 1474 2 2 -1 1477 2 2 -1 1505 2 2 -1 1506 2 2 -1 1507 2 2 -1 1508 2 2 -1 1509 2 2 -1 2106 2 2 -1 2118 2 2 -1 2713 2 2 -1 3107 2 2 -1 3125 2 2 -1 3148 2 2 -1 3203 2 2 -1 37 3 3 -1 57 3 3 -1 136 3 3 -1 536 3 3 -1 537 3 3 -1 567 3 3 -1 608 3 3 -1 670 3 3 -1 671 3 3 -1 672 3 3 -1 673 3 3 -1 682 3 3 -1 687 3 3 -1 719 3 3 -1 755 2 2 -1 778 3 3 -1 779 3 3 -1

[00:48:04]	[Recv]	stp2 784 3 3 -1 802 3 3 -1 826 3 3 -1 827 3 3 -1 829 3 3 -1 836 3 4 1 846 3 3 -1 997 3 3 -1 1446 3 3 -1 1486 3 3 -1 2107 3 3 -1 2119 3 3 -1 2121 3 3 -1 2681 3 3 -1 2682 3 3 -1 2683 3 3 -1 2684 3 3 -1 2685 3 3 -1 2696 3 3 -1 2697 3 3 -1 2701 3 3 -1 2704 3 3 -1 2708 3 3 -1 2710 3 3 -1 2714 3 3 -1 2721 3 3 -1 3128 3 3 -1 709 4 5 25 720 4 4 -1 803 4 4 -1 807 4 4 -1 808 4 4 -1 828 4 4 -1 840 4 4 -1 1456 4 4 -1 1470 4 4 -1 2105 4 4 -1 2120 4 4 -1 2709 4 4 -1 2715 4 4 -1 3149 4 4 -1 3150 4 4 -1 3284 4 4 -1 683 5 5 -1 714 5 5 -1 806 5 5 -1 1488 5 6 60 2731 5 5 -1 2122 2 2 -1 31 3 3 -1 55 3 3 -1 64 3 3 -1 81 3 3 -1 2123 3 3 -1 2124 4 4 -1 156 2 2 -1 1109 2 2 -1 157 2 2 -1 158 2 2 -1 159 2 2 -1 1538 4 4 -1 1539 4 4 -1 1547 3 3 -1 1548 5 5 50 1549 4 4 -1 1550 3 3 -1 1551 4 4 -1 1562 5 5 -1 2735 3 3 -1 2736 3 3 -1 2737 3 3 -1 2738 4 4 -1 2739 4 4 -1 2740 4 4 -1 2745 3 3 -1 2741 3 3 -1 2742 4 4 -1 2743 3 3 -1 2744 3 3 -1 2746 4 4 -1 2747 4 4 -1 2748 3 3 -1 2749 3 3 -1 2750 3 3 -1 2751 3 3 -1 2752 4 4 -1 2753 5 5 -1 2754 5 5 -1 2755 5 5 -1 2762 5 5 -1 1583 4 4 -1 1584 2 2 -1 1600 5 5 -1 1601 4 4 -1 1602 4 4 -1 1603 4 4 -1 1623 4 4 -1 1621 4 4 -1 1622 4 4 -1 1624 4 4 -1 1641 2 2 -1 1693 5 5 -1

[00:48:04]	[Recv]	stpm 1 0 1 1 1 1 1 0 0 0 1 3 1 1 2 1 0 0 0 0

[00:48:04]	[Recv]	stbm -4

[00:48:04]	[Recv]	stbm 0 0 0 0 0 0 0 0 0 0 0 0 0 0 0 0 0 0 0 0 0 0 0 0 0 0 0 0 0 0 0 0 0 0 0 0 0 0 0 0

[00:48:04]	[Recv]	bpm 0 0 0

[00:48:04]	[Recv]	rank_cool 0 0 18000

[00:48:04]	[Recv]	clinit

[00:48:04]	[Recv]	flinit

[00:48:04]	[Recv]	kdlinit

[00:48:04]	[Recv]	skyinit 0

[00:48:04]	[Recv]	skyinit 1

[00:48:04]	[Recv]	skyinit 2

[00:48:04]	[Recv]	skyinit 3

[00:48:04]	[Recv]	sp 670090 1000000 9772 10000

[00:48:04]	[Recv]	scr 0 0 0 0 0 0

[00:48:04]	[Recv]	bn 0 Nostale^Staff^will^NEVER^ask^for^your^password.

[00:48:04]	[Recv]	bn 1 Nostale^Forum:^board.en.nostale.gameforge.com.

[00:48:04]	[Recv]	bn 2 Nostale^Support:^nostale.support.gameforge.com.

[00:48:04]	[Recv]	bn 3 Nostale^Discord:^discord.gg/invite/nostaleofficial

[00:48:04]	[Recv]	bn 4 Game^Rules:^Go^to^Forum^>^News^>^Game^Rules.

[00:48:04]	[Recv]	bn 5 Game^Master^applications^are^now^open,^check^forum.

[00:48:04]	[Recv]	bn 6 Payment^Issues?^>^billing.gameforge.com

[00:48:04]	[Recv]	bn 7 Do^not^visit^websites^by^players^offering^free^Nos$

[00:48:04]	[Recv]	bn 8 Players^that^purchase^gold^will^be^banned.

[00:48:04]	[Recv]	bn 9 Only^use^Latin^characters^for^your^fam/char^names.

[00:48:04]	[Recv]	evtb 0 50 0 0 0 0 1 1 1 1 0 0 0 0 0 0 0 0 0 0 0 1 0 0

[00:48:04]	[Recv]	exts 0 48 48 84

[00:48:04]	[Recv]	gidx 1 6835325 3739.918 Sanguinarius 27 0|0|1

[00:48:04]	[Recv]	mlinfo 3800 2000 100 0 484 10 0 3800 338

[00:48:04]	[Recv]	cond 2 2557266 0 0 11

[00:48:04]	[Recv]	cond 2 2557266 0 0 11

[00:48:04]	[Recv]	cond 2 2557266 0 0 11

[00:48:04]	[Recv]	cond 2 2557266 0 0 11

[00:48:04]	[Recv]	cond 2 2557265 0 0 15

[00:48:04]	[Recv]	cond 2 2557265 0 0 15

[00:48:04]	[Recv]	cond 2 2557264 0 0 12

[00:48:04]	[Recv]	cond 2 2557264 0 0 12

[00:48:04]	[Recv]	cond 2 2557263 0 0 10

[00:48:04]	[Recv]	cond 2 2557263 0 0 10

[00:48:04]	[Recv]	cond 2 2557262 0 0 12

[00:48:04]	[Recv]	cond 2 2557262 0 0 12

[00:48:04]	[Recv]	cond 2 2557262 0 0 12

[00:48:04]	[Recv]	cond 2 2557262 0 0 12

[00:48:04]	[Recv]	sc_n 1 1493 2557262 99 3000 428143800 4778.3.0 4781.8.4 4038.0.5 4043.0.5 0 0 1 0 1168 1288 1030 20 220 4 1268 1074 1363 1074 1240 1 20 5 10 10 34166 33866 7013 6713 1 428143800 @ -1 1 8582.100 307.7 308.7 309.7 0 0 19

[00:48:04]	[Recv]	sc_n 1 1493 2557262 99 3000 428143800 4778.3.0 4781.8.4 4038.0.5 4043.0.5 0 0 1 0 928 1048 1030 20 220 4 1028 1314 1123 1314 1000 1 20 5 10 10 24866 24866 7013 6713 1 428143800 @ -1 1 8582.100 307.7 308.7 309.7 0 0 19

[00:48:04]	[Recv]	cond 2 2557262 0 0 12

[00:48:04]	[Recv]	sc_n 1 1493 2557262 99 3000 428143800 4778.3.0 4781.8.4 4038.0.5 4043.0.5 0 0 1 0 1168 1288 1030 20 220 4 1268 1074 1363 1074 1240 1 20 5 10 10 24866 33866 7013 6713 1 428143800 @ -1 1 8582.100 307.7 308.7 309.7 0 0 19

[00:48:04]	[Recv]	sc_n 1 1493 2557262 99 3000 428143800 4778.3.0 4781.8.4 4038.0.5 4043.0.5 0 0 1 0 928 1048 1030 20 220 4 1028 1314 1123 1314 1000 1 44 41 34 46 24866 24866 7013 6713 1 428143800 @ -1 1 8582.100 307.7 308.7 309.7 0 0 19

[00:48:04]	[Recv]	cond 2 2557262 0 0 12

[00:48:04]	[Recv]	sc_n 1 1493 2557262 99 3000 428143800 4778.3.0 4781.8.4 4038.0.5 4043.0.5 0 0 1 0 1168 1288 1030 20 220 4 1268 1074 1363 1074 1240 1 20 5 10 10 24866 33866 7013 6713 1 428143800 @ -1 1 8582.100 307.7 308.7 309.7 0 0 19

[00:48:04]	[Recv]	sc_n 1 1493 2557262 99 3000 428143800 4778.3.0 4781.8.4 4038.0.5 4043.0.5 0 0 1 0 928 1048 1030 20 220 4 1028 1314 1123 1314 1000 1 68 77 58 82 24866 24866 7013 6713 1 428143800 @ -1 1 8582.100 307.7 308.7 309.7 0 0 19

[00:48:04]	[Recv]	cond 2 2557262 0 0 12

[00:48:04]	[Recv]	sc_n 1 1493 2557262 99 3000 428143800 4778.3.0 4781.8.4 4038.0.5 4043.0.5 0 0 1 0 1168 1288 1030 20 220 4 1268 1074 1363 1074 1240 1 20 5 10 10 24866 33866 7013 6713 1 428143800 @ -1 1 8582.100 307.7 308.7 309.7 0 0 19

[00:48:04]	[Recv]	cond 2 2557261 0 0 9

[00:48:04]	[Recv]	cond 2 2557261 0 0 9

[00:48:04]	[Recv]	cond 2 2557260 0 0 15

[00:48:04]	[Recv]	cond 2 2557260 0 0 15

[00:48:04]	[Recv]	cond 2 2557259 0 0 13

[00:48:04]	[Recv]	cond 2 2557259 0 0 13

[00:48:04]	[Recv]	cond 2 2557258 0 0 13

[00:48:04]	[Recv]	cond 2 2557258 0 0 13

[00:48:04]	[Recv]	cond 2 2557257 0 0 7

[00:48:04]	[Recv]	cond 2 2557257 0 0 7

[00:48:04]	[Recv]	cond 2 2557256 0 0 7

[00:48:04]	[Recv]	cond 2 2557256 0 0 7

[00:48:04]	[Recv]	cond 2 2557255 0 0 7

[00:48:04]	[Recv]	cond 2 2557255 0 0 7

[00:48:04]	[Recv]	cond 2 2557254 0 0 7

[00:48:04]	[Recv]	cond 2 2557254 0 0 7

[00:48:04]	[Recv]	cond 2 2557253 0 0 7

[00:48:04]	[Recv]	cond 2 2557253 0 0 7

[00:48:04]	[Recv]	cond 2 2557252 0 0 7

[00:48:04]	[Recv]	cond 2 2557252 0 0 7

[00:48:04]	[Recv]	cond 2 2557251 0 0 7

[00:48:04]	[Recv]	cond 2 2557251 0 0 7

[00:48:04]	[Recv]	cond 2 2557250 0 0 9

[00:48:04]	[Recv]	cond 2 2557250 0 0 9

[00:48:04]	[Recv]	cond 2 2557250 0 0 9

[00:48:04]	[Recv]	cond 2 2557250 0 0 9

[00:48:04]	[Recv]	cond 2 2557250 0 0 9

[00:48:04]	[Recv]	cond 2 2557249 0 0 14

[00:48:04]	[Recv]	cond 2 2557249 0 0 14

[00:48:04]	[Recv]	cond 2 2557248 0 0 7

[00:48:04]	[Recv]	cond 2 2557248 0 0 7

[00:48:04]	[Recv]	cond 2 2557247 0 0 8

[00:48:04]	[Recv]	cond 2 2557247 0 0 8

[00:48:04]	[Recv]	cond 2 2557246 0 0 9

[00:48:04]	[Recv]	cond 2 2557246 0 0 9

[00:48:04]	[Recv]	p_clear

[00:48:04]	[Recv]	sc_n 0 2640 2557266 99 3000 428143800 -1 -1 -1 -1 0 0 1 0 235 235 470 0 0 0 88 235 117 235 103 1 0 0 0 0 16738 16738 11881 11581 0 428143800 @ -1 1 -1 -1 -1 -1 0 0

[00:48:04]	[Recv]	sc_p 16 1550 2557265 1 3000 0 0 0 82 100 37 10 100 0 21 36 22 36 18 3 50 60 80 70 356 356 10 10 0 15 0 @ 0 0 3 0 0 0 0 1

[00:48:04]	[Recv]	sc_p 3 836 2557264 1 3000 0 0 0 95 109 47 8 80 0 32 34 45 34 49 3 60 70 80 60 531 531 220 220 0 15 0 @ 0 0 4 1 0 0 0 90

[00:48:04]	[Recv]	sc_p 2 614 2557263 1 3000 0 2 0 71 157 70 2 70 0 17 34 19 34 17 1 80 50 50 60 221 221 60 60 0 15 0 @ 0 0 2 0 0 0 0 1

[00:48:04]	[Recv]	sc_n 1 1493 2557262 99 3000 428143800 4778.3.0 4781.8.4 4038.0.5 4043.0.5 0 0 1 0 1168 1288 1030 20 220 4 1268 1314 1363 1314 1240 1 68 77 58 82 24866 33866 7013 6713 1 428143800 @ -1 1 8582.100 307.7 308.7 309.7 0 0 19

[00:48:04]	[Recv]	sc_p 6 663 2557261 1 3000 0 0 0 135 158 41 2 60 0 32 32 28 32 25 3 70 70 70 70 450 450 200 200 0 15 0 @ 0 0 3 1 0 0 0 90

[00:48:04]	[Recv]	sc_p 1 1548 2557260 95 3000 66528931 0 0 1582 1742 1132 19 90 7 772 620 755 620 664 3 76 76 96 66 50901 50901 12045 12045 0 78866350 0 @ 1 0 5 50 1821 1813 0 3820

[00:48:04]	[Recv]	sc_p 4 709 2557259 1 3000 0 0 0 540 608 275 14 105 0 219 42 223 42 220 3 58 58 88 58 4971 4971 4560 4560 0 15 0 @ 0 0 5 25 1811 1818 20 740

[00:48:04]	[Recv]	sc_p 0 1488 2557258 99 3000 107035950 0 0 1867 2053 1199 19 95 6 956 580 928 580 869 3 80 90 110 80 54675 54675 18270 18270 0 107035950 0 @ 1 0 6 60 1829 1814 0 100

[00:48:04]	[Recv]	sc_p 12 333 2557257 1 3000 0 0 0 44 52 33 4 70 0 23 31 22 31 18 0 0 0 0 0 276 276 130 130 0 15 0 @ 0 0 2 1 0 0 0 90

[00:48:04]	[Recv]	sc_p 13 333 2557256 1 3000 0 0 0 44 52 33 4 70 0 23 31 22 31 18 0 0 0 0 0 276 276 130 130 0 15 0 @ 0 0 2 1 0 0 0 90

[00:48:04]	[Recv]	sc_p 14 333 2557255 1 3000 0 0 0 44 52 33 4 70 0 23 31 22 31 18 0 0 0 0 0 276 276 130 130 0 15 0 @ 0 0 2 1 0 0 0 90

[00:48:04]	[Recv]	sc_p 11 333 2557254 1 3000 0 0 0 32 40 27 4 70 0 18 31 17 31 13 0 0 0 0 0 156 156 10 10 0 15 0 @ 0 0 1 0 0 0 0 1

[00:48:04]	[Recv]	sc_p 9 333 2557253 1 3000 0 0 0 44 52 33 4 70 0 23 31 22 31 18 0 0 0 0 0 276 276 130 130 0 15 0 @ 0 0 2 1 0 0 0 90

[00:48:04]	[Recv]	sc_p 8 333 2557252 1 3000 0 0 0 44 52 33 4 70 0 23 31 22 31 18 0 0 0 0 0 276 276 130 130 0 15 0 @ 0 0 2 1 0 0 0 90

[00:48:04]	[Recv]	sc_p 7 333 2557251 1 3000 0 0 0 44 52 33 4 70 0 23 31 22 31 18 0 0 0 0 0 276 276 130 130 0 15 0 @ 0 0 2 1 0 0 0 90

[00:48:04]	[Recv]	sc_n 2 318 2557250 34 3000 9786 990.0.0 997.0.0 -1 -1 0 0 0 0 181 229 175 4 70 0 104 179 99 179 95 0 0 0 0 0 4271 4271 1417 1417 0 342960 @ -1 0 8230.0 1292.2 1293.2 0.0 0 0 0

[00:48:04]	[Recv]	sc_p 17 2762 2557249 96 0 8186581 0 0 689 859 663 25 110 0 374 554 341 554 302 3 65 65 80 60 42830 42830 3622 3622 1 84982200 0 @ 0 0 5 0 0 0 0 1

[00:48:04]	[Recv]	sc_p 5 333 2557248 1 3000 0 0 0 44 52 33 4 70 0 23 31 22 31 18 0 0 0 0 0 276 276 130 130 0 15 0 @ 0 0 2 1 0 0 0 90

[00:48:04]	[Recv]	sc_p 15 158 2557247 1 3000 0 2 0 71 157 70 2 70 0 17 34 19 34 17 1 80 -30 40 10 221 221 60 60 0 15 0 @ 0 0 2 0 0 0 0 1

[00:48:04]	[Recv]	sc_p 10 290 2557246 23 3000 3368 0 0 124 168 137 4 80 0 75 141 80 141 69 3 -30 50 80 -10 3305 3305 225 225 0 25680 0 @ 0 0 2 0 0 0 0 1

[00:48:04]	[Recv]	sc_p_stc 2 0

[00:48:04]	[Send]	npinfo 0
[00:48:04]	[Recv]	ctl 2 2557262 3 0

[00:48:04]	[Recv]	in 2 1493 2557262 78 71 2 73 104 0 0 3 6835325 1 0 -1 @ 1 1 0 0 0 0 0 0 0 0 0 0 0 0 0

[00:48:04]	[Recv]	cond 2 2557262 0 0 12

[00:48:04]	[Recv]	ski 0 220 221 220 221 235 1781 1783 694|6 702|6 22 26 38 46 50 54 60 90 106 107 108 109 111 112 103 104 105 130 131 124 133

[00:48:04]	[Recv]	qslot 0 1.1.1 0.-1.-1 7.-1.-1 0.-1.-1 7.-1.-1 7.-1.-1 7.-1.-1 7.-1.-1 1.3.2 0.-1.-1 0.-1.-1 0.-1.-1 1.3.-1 0.1.7 0.-1.-1 7.-1.-1 7.-1.-1 0.-1.-1 0.-1.-1 0.-1.-1 0.-1.-1 7.-1.-1 0.-1.-1 0.-1.-1 1.3.12 7.-1.-1 7.-1.-1 7.-1.-1 7.-1.-1 7.-1.-1

[00:48:04]	[Recv]	qslot 1 7.-1.-1 7.-1.-1 7.-1.-1 7.-1.-1 7.-1.-1 7.-1.-1 7.-1.-1 7.-1.-1 7.-1.-1 7.-1.-1 7.-1.-1 7.-1.-1 7.-1.-1 7.-1.-1 7.-1.-1 7.-1.-1 7.-1.-1 7.-1.-1 7.-1.-1 7.-1.-1 7.-1.-1 7.-1.-1 7.-1.-1 7.-1.-1 7.-1.-1 7.-1.-1 7.-1.-1 7.-1.-1 7.-1.-1 7.-1.-1

[00:48:04]	[Recv]	ctl 2 2557249 3 0

[00:48:04]	[Recv]	in 2 2762 2557249 77 71 2 100 100 0 0 3 6835325 1 0 -1 @ 2 -1 0 0 0 0 0 0 0 0 0 0 0 5 0

[00:48:04]	[Recv]	cond 2 2557249 0 0 14

[00:48:04]	[Recv]	sc_p_stc 2 0

[00:48:04]	[Send]	npinfo 0
[00:48:04]	[Recv]	sc_p 17 2762 2557249 96 0 8186581 0 0 689 859 663 25 110 0 374 554 341 554 302 3 65 65 80 60 42830 42830 3622 3622 1 84982200 0 @ 0 0 5 0 0 0 0 1

[00:48:04]	[Recv]	tbf  1.0 2.0 3.0 4.0 5.0
[00:48:04]	[Recv]	pinit 2 2|2557262|0|99|@|-1|1493|1|0|0|0 2|2557249|1|96|@|-1|2762|0|0|0|0


[00:48:04]	[Recv]	petski 1890 -1 -1

[00:48:04]	[Recv]	title 72.1 144.1 170.1 171.1 172.1 59.1 100.1 58.1 26.1 200.1 208.1 201.1 57.1 168.7 248.1 247.1 249.1 250.1 251.1

[00:48:04]	[Recv]	titinfo 1 6835325 9468 9468

[00:48:04]	[Recv]	fish 0 0.0.0 1.0.0 2.0.0 3.0.0 4.0.0 5.0.0 6.0.0 7.0.0 8.0.0 9.0.0 10.0.0 11.0.0 12.0.0 13.0.0 14.0.0 15.0.0 16.0.0 17.0.0 18.0.0 19.0.0 20.0.0 21.0.0 22.0.0 23.0.0 24.0.0 25.0.0 26.0.0 27.0.0 28.0.0 29.0.0 30.0.0 31.0.0 32.0.0 33.0.0 34.0.0 35.0.0 36.0.0 37.0.0 38.0.0 39.0.0 40.0.0 41.0.0 42.0.0 43.0.0 44.0.0 45.0.0 46.0.0 47.0.0 48.0.0 49.0.0 50.0.0 51.0.0 52.0.0 53.0.0 54.0.0 55.0.0 56.0.0 57.0.0 58.0.0 59.0.0 60.0.0 61.0.0 62.0.0 63.0.0 64.0.0 65.0.0 66.0.0 67.0.0 68.0.0 69.0.0 70.0.0 71.0.0 72.0.0 73.0.0 74.0.0 75.0.0 76.0.0 77.0.0 78.0.0 79.0.0 80.0.0 81.0.0 82.0.0 83.0.0 84.0.0 85.0.0 86.0.0 87.0.0 88.0.0 89.0.0 90.0.0 91.0.0 92.0.0 93.0.0 94.0.0 95.0.0 96.0.0 97.0.0 98.0.0 99.0.0 2 -1.9468.9468

[00:48:04]	[Recv]	pet_cool2  0 0 0

[00:48:04]	[Recv]	blinit 3542370|Jumpaul_Return 7655586|Neusa 1754360|ROOG 6970399|»LiHawaK• 7055161|*TheFenix 4299366|RickySquash 7064033|YoungGirll 7118391|AfricanG 7071396|LT_PAII 6620081|Bricars 1806842|VIKTOR_345 7111776|Lakeude 7068969|*Niklaus*

[00:48:04]	[Recv]	sayi 1 6835325 12 835 4 24 0 0 0

[00:48:04]	[Recv]	parcel 1 1 23 4 0 2602011411 NOSTALE 13656 1 1

[00:48:04]	[Recv]	parcel 1 1 22 1 0 2512171320 milkers -4802 1 6

[00:48:04]	[Recv]	parcel 1 1 21 1 0 2512151357 milkers -4811 1 6

[00:48:04]	[Recv]	parcel 1 1 20 1 0 2512051413 milkers -4805 1 6

[00:48:04]	[Recv]	parcel 1 1 19 1 0 2510201808 milkers -4824 1 6

[00:48:04]	[Recv]	parcel 1 1 18 1 0 2510180217 milkers -4824 1 6

[00:48:04]	[Recv]	parcel 1 1 17 1 0 2510112209 milkers -4824 1 6

[00:48:04]	[Recv]	parcel 1 1 16 1 0 2512231547 milkers -4611 1 0

[00:48:04]	[Recv]	parcel 1 1 15 1 0 2601121410 milkers 8191 1 7

[00:48:04]	[Recv]	parcel 1 1 14 1 0 2512241548 milkers -4677 1 0

[00:48:04]	[Recv]	parcel 1 1 13 1 0 2512241548 milkers -4199 1 0

[00:48:04]	[Recv]	parcel 1 1 12 1 0 2512251517 milkers -4701 1 0

[00:48:04]	[Recv]	parcel 1 1 11 1 0 2509241419 milkers -4815 1 6

[00:48:04]	[Recv]	parcel 1 1 10 1 0 2512021350 milkers -4811 1 6

[00:48:04]	[Recv]	parcel 1 1 9 1 0 2512100244 milkers -4818 1 6

[00:48:04]	[Recv]	parcel 1 1 8 1 0 2510291730 milkers 10014 5 2

[00:48:04]	[Recv]	parcel 1 1 7 1 0 2511221426 milkers 9028 1 1

[00:48:04]	[Recv]	parcel 1 1 6 1 0 2510191830 milkers 4350 1 7

[00:48:04]	[Recv]	parcel 1 1 5 1 0 2510140004 milkers -2689 10 2

[00:48:04]	[Recv]	parcel 1 1 4 1 0 2510101801 milkers -4806 1 6

[00:48:04]	[Recv]	parcel 1 1 3 1 0 2510170029 milkers -4802 1 6

[00:48:04]	[Recv]	parcel 1 1 2 1 0 2512181309 milkers -4813 1 6

[00:48:04]	[Recv]	parcel 1 1 1 1 0 2512212042 milkers -1364 1 1

[00:48:04]	[Recv]	parcel 1 1 0 1 0 2512111500 milkers -4818 1 6

[00:48:04]	[Recv]	zzim

[00:48:04]	[Recv]	sayi 1 6835325 12 1845 0 0 0 0 0

[00:48:04]	[Recv]	umi 5060.257 9028.376

[00:48:04]	[Recv]	twk 1 6835325 DE_Kyotos milkers shtmxpdlfeoqkr en en

[00:48:04]	[Recv]	script 1 194

[00:48:04]	[Recv]	qstlist 5.1998.1998.12.0.0.0.0.0.0.0.0.0.0.0.0 6.6929.0.17.0.40.0.0.40.0.40.0.0.0.0.0 7.6061.0.14.0.10.0.0.0.0.0.0.0.0.0.0 10.6078.0.12.0.0.0.0.0.0.0.0.0.0.0.0

[00:48:04]	[Recv]	sqst  0 0000000000000000000000000000000000000000000000000000000000000000000000000000000000000000000000000000000000000000000000000000000000000000000000000000000000000000000000000000000000000000000000000000000000000000000000000000000000000000000000000000000000

[00:48:04]	[Recv]	sqst  1 0000000000000000000000000000000000000000000000000000000000000000000000000000000000000000000000000000000000000000000000000000000000000000000000000000000000000000000000000000000000000000000000000000000000000000000000000000000000000000000000000000000000

[00:48:04]	[Recv]	sqst  2 0000000000000000000000000000000000000000000000000000000000000000000000000000000000000000000000000000000000000000000000000000000000000000000000000000000000000000000000000000000000000000000000000000000000000000000000000000000000000000000000000000000000

[00:48:04]	[Recv]	sqst  3 00000}}}}}}V}xxS}}}}}}}}}}}}}}}}}}}}}}}}}}}}}}}}}}}}}}}}X0000000000000000000000000000000000000000000000000000000000000000000000000000000000000000000000000000000000000000000000000000000000000000000000000000000000000000000000000000000000000000000000000

[00:48:04]	[Recv]	sqst  4 000000O}}}W0R00000000000000000000000000000000000000000000000}Z000000000000000000000U}}z}}}}}}}}}}z}zV}}}l0000000000000000000000000000000000000000000000S}Vl00000000000000000000000000O}}}}}X00000000000000000000000000000000000000000000000000000000000000

[00:48:04]	[Recv]	sqst  5 0000000000000000000000000000000000004000000000000000000000000000000000000000000000000000000000000000000000000000000000000000000000000000000000000000000000000000000000000000000000000000000000000000000000000000000000000000000000000000000000000000000000

[00:48:04]	[Recv]	sqst  6 0000000000000000000000000000000000000000000000000000000000000000000000000000000000000000000000000000000000000000000000000000000000000000000000000000000000000000000000000000000000000000000000000000000000000000000000000000000000000000000000000000000000

[00:48:04]	[Recv]	eq 6835325 0 0 1 5 1 8689.8643.8628.8636.8687.8674.8680.8566.8598.8568.8801 73 78 100

[00:48:04]	[Recv]	act6 

[00:48:04]	[Recv]	ginfo Sanguinarius Dante† 0 27 41263238 42871776 193 200 3 1 0 1 1 2 1 1 Read^abot^rules^change^in^discord.

[00:48:04]	[Recv]	gmbr 0 6291774|24033018|Dante†|99|2|0|9|0|97|24 6623637|24030120|•Asbestos•|99|2|1|0|1|93|0 5527355|24111119|SugmaDeek|99|3|1|0|1|99|0 7627166|24102222|SquaDuck|1|0|2|0|0|0|6264 7034868|25030421|Gaslighting|99|3|2|0|0|80|1296 7163132|25082918|†L0$_Veny†|99|2|2|0|0|92|0 6829335|24071618|Difsy*|99|2|2|0|0|99|0 6831671|24060116|•SiymiYaya•|99|1|2|0|1|90|0 7156884|25090918|Kinder´|99|3|2|0|1|99|0 6535970|25111621|#Olka|99|2|2|0|0|90|288 6313441|21022210|Danioooo|99|1|2|0|0|97|0 5664515|24010519|Vixerin|99|2|2|0|1|90|18 5635569|20020708|vladzio|99|2|3|1|0|99|0 7046131|26011212|Schuba|99|2|3|0|1|97|0 7877307|25081320|tytanowydragal|56|3|3|0|0|0|672 7161995|25072422|Ayanjokoji|99|3|3|0|1|96|0 6888430|25121002|Kurzeflöte|99|1|3|0|0|98|0 6864849|25080103|Taiza|99|2|3|0|1|99|0 6855203|26010718|NosGmbH|99|2|3|0|0|93|0 5662671|25083019|TylkoRozgaPL|99|3|3|0|0|90|240 5538172|25092520|SirKamilos|99|3|3|0|0|80|624 7057271|25082819|RoyalTs|99|2|3|0|0|93|0 6817880|25112521|«Geéxtch»|99|3|3|0|0|91|18 2990403|25111901|=?ElNaNo!=|99|2|3|0|1|90|1 6600984|25090319|amarenex|99|1|3|0|0|81|840 7155811|25110215|OKTEK|99|1|3|0|0|91|48 5598842|26012718|Korek302|99|3|3|0|0|83|0 7148449|25102520|Elixy~|99|3|3|0|0|80|0 3968311|25091310|¤Ichigo¤|99|1|3|0|0|99|0 5023167|25091121|Michéllé|99|1|3|0|0|91|0 7765077|25091303|†BrockLesnar†|99|1|3|0|0|99|0 2875523|25091401|Drodse~|99|2|3|0|0|93|5 7994813|25112214|Aeralyn|99|3|3|0|1|99|0 6666250|25100112|silentvoice|99|1|3|0|0|83|24 7593583|25120113|Fafaq™|99|3|3|0|0|80|960 4287280|25111111|Cioccolatino|95|1|3|0|0|68|0 8034728|25111919|~Tatakae~|99|4|3|0|0|90|288 5404199|25100123|selected|99|3|3|0|0|66|7 7995132|25111915|Sherry|99|1|3|0|0|90|0 7654640|25100700|hot16challenge|90|4|3|0|0|18|240 7761978|25110519|-Abgehoben|99|1|3|0|0|86|0 6867698|25102510|Luzia*|99|1|3|0|0|90|0 7088408|25111419|Foquita|99|4|3|0|1|99|16 6011629|25110500|Auruli|99|1|3|0|0|90|840 4934127|26020119|ADEVANED|99|2|3|0|0|99|0 7995449|25111915|Salazar**|99|1|3|0|0|66|0 6125139|25121101|ZajechanyZyga|99|3|3|0|0|91|792 4435528|25112319|Fiorellino3|99|1|3|0|0|90|936 7995313|25111916|JyuVioleGrace?|99|2|3|0|1|90|0 6951624|26013118|Türkenflöte|95|3|3|0|1|62|0 6680566|25111917|!xDD!|99|2|3|0|0|90|48 2883250|25112905|†KiiBiKi™†|99|3|3|0|1|98|0 6631365|25120500|Mantellina|99|3|3|0|0|84|840 7994837|25121014|!Noxin|99|1|3|0|1|93|6 7995882|25121014|Hobbit|99|3|3|0|1|93|6 7994525|25111922|Moshky|99|3|3|0|1|90|0 2421514|25122818|~~*nova*~~|99|1|3|0|1|90|0 7156600|25120500|TurRi*|99|2|3|0|0|90|216 8001660|25120616|Boluferio|99|2|3|0|0|97|2 6667416|25112520|-OldManStark-|99|1|3|0|0|96|0 8000410|25120600|JackieCola|99|1|3|0|0|94|0 8003191|25120118|ColaKorn|99|3|3|0|0|94|0 8103474|25120718|*ArT*|99|1|3|0|1|96|5 7877530|26010314|Miryal|99|4|3|0|0|90|0 6578284|25112522|Sheedess|99|3|3|0|0|97|3 7794528|25120617|«Zangetsu»|99|1|3|0|0|93|0 7063721|25121616|Khabibkebabos|99|3|3|0|0|90|240 6692289|25121801|SowuS99|86|1|3|0|0|10|600 7056766|26011915|Hammer_Head|89|1|3|0|0|33|240 6802440|25120902|NateXY|99|2|3|0|0|90|456 5655173|25120817|Gellox|99|3|3|0|1|86|7 7381140|25120816|Eisbär|99|2|3|0|1|99|0 2905750|26012101|!Kyo|99|3|3|0|1|93|6 7847589|26012621|~Cupido~|99|2|3|0|0|90|0 6959399|26011122|*Albedo*|95|1|3|0|0|57|264 8109992|25122217|Holy~Buff2~|65|3|3|0|0|0|528 8108629|25122217|WK~Buff~|65|2|3|0|0|0|528 7053538|26011402|KRUKonWK|92|2|3|0|0|46|240 5041970|26011622|Nanami_Kento|99|2|3|0|0|90|1 8008068|25122820|Erys|99|2|3|0|0|99|288 8097316|25123017|MocnyKondzio04|99|2|3|0|0|88|216 8116500|26010721|LevabolliTop|65|1|3|0|0|0|384 8096674|26012716|holeczkare|79|3|3|0|1|0|48 7998783|26011116|»•¤†Muzan†¤•«|99|2|3|0|0|91|0 7675829|25122913|SmirnoffVodka|99|3|3|0|1|99|21 8116494|26010722|ElFarmacista|81|2|3|0|0|0|72 7003669|26012800|~Yoasobi|99|2|3|0|1|80|0 7765746|25123112|MalanÐrin0|99|1|3|0|0|99|0 7049610|25123100|KRUKon~|99|2|3|0|0|90|240 8120928|26011623|Nalinek|56|2|3|0|0|0|360 6926310|26011519|Kar1k|99|1|3|0|0|83|0 2037274|26011302|•†¤Ban¤†•|99|2|3|0|0|89|0 7678185|26010923|Dermoos|99|4|3|0|0|99|16 7841794|26011920|~Godan~|96|2|3|0|1|65|0 7769582|26011101|Valek|99|2|3|0|0|98|0 7184132|26011920|~Dardy~|99|1|3|0|1|99|0 7163270|26011722|Länged|99|3|3|0|0|99|0 6689478|26012719|CiezkiChlopiec|99|1|3|0|0|95|0 2989356|26012602|–•¤†Odin†¤•–|88|4|3|0|0|22|48 6431564|24033018|LuLoski|99|3|3|0|0|67|96

[00:48:04]	[Recv]	gmbr 6866129|25092222|Amnesya92|99|3|3|0|1|99|0 7185809|24052821|†Madkus†|99|2|3|0|0|75|3024 7130280|26011418|Rentaro†|99|2|3|0|0|90|0 2871709|25121403|Breeakz|99|1|3|0|0|96|0 3881143|24072115|boss95Ban|99|2|3|0|0|99|0 8120929|26011623|finkein|56|2|3|0|0|0|360 2600196|26011921|?Moön!|99|2|3|0|1|98|0 7023267|24110722|xFreshy00|99|3|3|0|0|90|2760 7341392|25112520|MarnotrawnySyn|99|3|3|0|1|99|0 7149018|24072915|-Hëllboy-|99|1|3|0|0|93|72 7583560|25090719|Lrwky†|99|2|3|0|0|94|0 6751264|24092917|-Jutuber99_|99|3|3|0|0|93|0 2935756|26012421|Tyto115|99|2|3|0|0|90|0 6691442|24090920|Shinti|99|2|3|0|0|80|3816 7015402|26011318|ugabuga666|93|2|3|0|0|57|0 2459498|25091302|NaateDíaaz|99|2|3|0|0|99|17 613441|24101621|ADuckOnQuack|99|3|3|0|0|95|0 6411149|24110918|Querro|99|1|3|0|0|81|96 6210849|24111422|Skeejt|99|2|3|0|0|91|1 8122532|26012716|PosAer|79|3|3|0|1|0|48 6542041|24111120|Kodzirro531|99|2|3|0|0|92|0 7130370|25073121|Kumu-|99|2|3|0|0|91|0 6593976|25120523|Spacy90|99|2|3|0|0|90|1320 7715556|26011123|ThaiRed|99|1|3|0|0|90|0 6991685|25051816|T0bi_|99|3|3|0|0|96|0 8019640|25121318|Zodil|99|3|3|0|0|90|408 5653221|24111818|Aleida|99|3|3|0|0|98|0 5643213|25082918|†Rosy_Veny†|99|1|3|0|0|80|0 7147040|25101014|QWDEPOJKASDA|99|2|3|0|0|90|216 7015398|26011217|TurboDieselV8|99|1|3|0|0|83|0 7076740|25041812|Vejn|99|2|3|0|0|94|0 8100070|26011423|FilipekDaily2|65|1|3|0|0|0|264 6831142|24122420|LaskaWanilii|92|2|3|0|0|37|1 7158213|26013002|Thynne|99|3|3|0|1|90|0 7845169|25111017|Wojuhsigma|81|1|3|0|0|0|264 8019293|25112319|Fiorellino0|99|1|3|0|0|90|936 1184060|25101519|Daren°|99|2|3|0|0|90|24 7166727|25071820|JIMMI|99|1|3|0|0|80|936 1702927|25101110|Ariteus|90|1|3|0|0|34|0 2331968|25091302|<~DarKray~>|99|2|3|0|0|99|4 6161289|25101515|Night_Stalker|99|1|3|0|0|49|192 7149833|25061418|Vistrooo|99|2|3|0|0|92|1 7780419|25062520|†Makus†|99|2|3|0|0|80|3000 7775769|26011101|KemsiakWojek|99|1|3|0|0|99|0 7981121|25102702|†Aysu†|56|2|3|0|0|0|2112 6982857|25070500|†»Michibiku«†™|99|1|3|0|0|98|48 5070940|25122417|S4M0UK|99|2|3|0|0|93|240 7776242|25062417|Vistroo|99|1|3|0|0|90|960 5423382|25070413|Indrath“|99|2|3|0|0|90|48 4599097|26011901|Czesio525;]|99|1|3|0|0|83|17 4291830|25082016|»Sheogorath•|99|1|3|0|0|91|7 4051237|25113017|Alkast|99|3|3|0|0|99|0 3778577|25072717|onecrew|99|3|3|0|0|95|1 7778313|25062500|~DonNxTSimon|99|1|3|0|0|82|24 8109667|25122321|Sader~Buff|65|1|3|0|0|0|528 6838864|25073016|cSneaky|99|2|3|0|0|90|1 2879917|25071023|•VIP|99|3|3|0|0|90|240 7768432|25062518|*Saito|99|3|3|0|0|91|2 7344010|25062623|OlafMaltanczyk|93|2|3|0|0|60|2760 7368742|25111612|~Camellia~|99|2|3|0|0|88|0 8007313|26010920|~Berlinguer|99|1|3|0|0|90|0 7339159|25090419|TR-Eizen|99|2|3|0|0|90|744 4038466|25062921|*Boss95*|99|3|3|0|0|82|0 7147044|25082818|dmuchankov2|99|2|3|0|1|92|0 7004097|25070402|Nelyo|99|2|3|0|1|99|1 7886233|25102622|Runpelt3|65|2|3|0|0|0|360 6899328|25071118|_Krul_|99|4|3|0|0|99|0 3517702|25080310|ExrÐ?a|99|2|3|0|0|90|264 4322462|25111622|DeathLok|99|2|3|0|0|99|0 7995933|25112322|*Hiraga|99|1|3|0|0|90|720 5650090|24081320|Yoru_Sutoka|99|4|3|0|0|95|48 6697986|25051220|Danio|93|2|3|0|0|45|0 2921810|26011016|Sylkanna|99|3|3|0|1|91|0 7173785|24120320|DwayneSynJana|99|1|3|0|0|65|408 7176874|26011918|Bloodwraith|99|2|3|0|0|91|0 5664993|26011715|Skull_Archer™|99|2|3|0|0|84|0 7149709|25110115|ArrowSticina™|99|2|3|0|0|90|912 5601686|24053018|ZielonyGroszek|99|3|3|0|0|99|0 7174237|25021512|JanTataDwayna|92|2|3|0|0|32|144 7039689|25101209|Vrlken†|99|1|3|0|0|80|0 6602303|24063015|DonDibolo|99|1|3|0|0|95|0 7655018|25103023|PancakeNinja|99|2|3|0|0|90|240 8100069|26011423|FilipekDaily1|65|3|3|0|0|0|264 6470399|24090922|Joey|99|2|3|0|0|99|0 5255948|24082317|Zoro1|99|1|3|0|0|97|0 7762565|25120317|Titiiii|99|3|3|0|0|92|24 6552036|24063021|Laevateinn|99|4|3|0|0|92|19 7660670|25070319|PVE=XD|99|2|3|0|0|99|0 4553465|25042821|Siusiu-Majtek|99|3|3|0|0|90|72 6835325|25111516|milkers|99|1|3|0|1|91|0 3673490|25111622|Kylo_Ren|99|1|3|0|0|99|21 7038889|25090719|Trmmey†|99|3|3|0|0|95|0 7032842|24120716|Freszh3|99|1|3|0|0|80|2760

[00:48:04]	[Recv]	fmi 0|9000|2|0|5 0|9002|1|20260201|7 0|9003|2|0|16 0|9004|2|3|1275 0|9005|2|0|1356 0|9006|1|20260201|1823 0|9007|2|2|239 0|9008|2|0|721 0|9009|2|2|429 0|9010|2|2|420 0|9011|2|4|340 0|9012|2|3|329 0|9013|2|1|456 0|9014|2|4|688 0|9015|2|3|639 0|9016|2|0|627 0|9017|1|20260201|1699 1|9018|1|20190403|0 1|9019|1|20190403|0 1|9020|1|20190403|0 1|9021|1|20190403|0 1|9022|1|20190403|0 1|9023|1|20190403|0 1|9024|1|20190403|0 1|9025|1|20190403|0 1|9026|1|20190403|0 1|9027|1|20190521|0 1|9028|1|20190708|0 1|9029|1|20190824|0 1|9030|1|20190930|0 1|9031|1|20191211|0 1|9032|1|20200330|0 1|9033|1|20200808|0 1|9034|1|20210125|0 1|9035|1|20211212|0 1|9036|1|20230411|0 1|9037|1|20190403|0 1|9038|1|20190406|0 1|9039|1|20190414|0 1|9040|1|20190527|0 1|9041|1|20191003|0 1|9042|1|20190703|0 1|9043|1|20190709|0 1|9044|1|20190720|0 1|9045|1|20190910|0 1|9046|1|20191211|0 1|9047|1|20190704|0 1|9048|1|20190709|0 1|9049|1|20190720|0 1|9050|1|20190909|0 1|9051|1|20191208|0 1|9052|1|20190406|0 1|9053|1|20190504|0 1|9054|1|20200514|0 1|9055|1|20190403|0 1|9056|1|20190415|0 1|9057|1|20190509|0 1|9058|1|20190825|0 1|9059|1|20200719|0 1|9060|1|20190403|0 1|9061|1|20190411|0 1|9062|1|20190512|0 1|9063|1|20190902|0 1|9064|1|20200823|0 1|9065|1|20190406|0 1|9066|1|20190417|0 1|9067|1|20190507|0 1|9068|1|20190825|0 1|9069|1|20200704|0 1|9070|1|20190405|0 1|9071|1|20190417|0 1|9072|1|20190517|0 1|9073|1|20190901|0 1|9074|1|20200706|0 0|9075|1|20260201|1663 0|9076|1|20260201|1651 0|9077|2|3|310 0|9078|1|20260201|2216 0|9079|2|0|215 0|9080|1|20260201|1515 0|9081|2|4|1134 0|9082|2|1|915 0|9083|1|20260201|1419 0|9084|2|4|557 0|9085|1|20260201|373 0|9086|2|4|466 0|9087|1|20260201|883 0|9088|2|2|137 0|9089|1|20260201|488 0|9090|1|20260201|356 0|9091|1|20260201|255 0|9092|2|3|381 0|9093|1|20260201|335 0|9094|2|2|332 0|9095|2|0|321 0|9096|2|0|317 0|9097|1|20260201|349 0|9098|1|20260201|365 0|9099|1|20260201|354 0|9100|1|20260201|358 0|9101|1|20260201|369 0|9102|1|20260201|377 0|9103|1|20260201|369 0|9104|1|20260201|376 0|9105|1|20260201|442 0|9106|1|20260201|433 0|9107|1|20260201|385 0|9108|1|20260201|384 0|9109|1|20260201|354 0|9110|1|20260201|343 0|9111|1|20260201|337 0|9112|2|4|186 0|9113|1|20260201|485 0|9114|1|20260201|482 1|9115|2|3669|0 1|9116|2|3109|0 1|9117|2|3033|0 1|9118|2|2880|0 1|9119|2|2895|0 1|9120|2|3207|0 1|9121|2|3501|0 1|9122|2|3281|0 1|9123|2|3393|0 1|9124|2|3491|0 1|9125|2|3670|0 1|9126|2|3989|0 1|9127|2|4074|0 1|9128|1|20260111|0 1|9129|2|4959|0 1|9130|2|3904|0 1|9131|2|3881|0 1|9132|2|3242|0 1|9133|2|2951|0 1|9134|2|3025|0 1|9135|2|1764|0 1|9136|1|20241115|0 1|9137|1|20241229|0 1|9138|1|20250215|0 1|9139|1|20250412|0 1|9140|1|20250702|0 1|9141|1|20250921|0 1|9142|1|20251122|0 1|9143|2|0|0 0|9146|1|20260201|110 1|9147|1|20250611|0 1|9148|1|20250721|0 1|9149|1|20260122|0 1|9150|2|30|0 1|9152|1|20250609|0 1|9153|1|20250626|0 1|9154|1|20251005|0 1|9155|2|39|0 1|9157|1|20250604|0 1|9158|1|20250702|0 1|9159|1|20251023|0 1|9160|2|41|0 1|9162|1|20250604|0 1|9163|1|20250706|0 1|9164|1|20251011|0 1|9165|2|38|0 0|9167|2|0|4 0|9168|2|0|3 0|9169|2|0|1 0|9170|2|0|0 0|9171|2|0|1 0|9172|2|0|0 0|9173|2|0|0 0|9174|2|0|0 1|9175|2|10|0 1|9176|2|10|0 1|9177|2|10|0 1|9178|2|10|0 1|9179|2|0|0 1|9180|2|0|0 1|9181|2|0|0 1|9182|2|0|0 0|9183|2|0|17 0|9184|2|0|10 0|9185|2|0|5 0|9186|2|0|0 0|9187|2|0|0 0|9188|2|0|0 0|9189|1|20260201|54 0|9190|1|20260201|54

[00:48:04]	[Recv]	fmp 9735|0 9746|0 9751|0 9687|0 9741|0 9690|0 9693|0 9757|987 13394|0 13395|0 13517|0 13396|0 13397|0 13398|0 13539|0 13549|0 13544|0 13399|0 13330|0 13534|0 13615|0 13616|0 9677|2 9678|2

[00:48:04]	[Recv]	pairy 1 6835325 4 3 129 59

[00:48:04]	[Recv]	sc 0 7 2436 2578 1794 27 325 1 8 2411 2611 2001 33 315 7 1708 1263 1526 1263 1246 66 66 110 110

[00:48:04]	[Recv]	stat 60808 60808 7914 12914 0 1316

[00:48:04]	[Recv]	sayi2 1 -1  10 1992 17 milkers 918 

[00:48:04]	[Recv]	gcon 6835325|1|0

[00:48:04]	[Recv]	gmsg 6291774|WTBWoondine'sEssence 6623637|japierdole 5527355|Vixerin 7627166|Skladki/Fees 7034868|ez 7163132|:)( 6829335|butwhy?penguin 6831671|Kindernup 7156884|Kurwaniepisze 6535970|SIUUUUUUUUUUUUUUUUUUUUUUUUUUUUUUUUUUUUUUUUUUUUUUUU 6313441| 5664515|. 5635569|bumbum 7046131| 7877307| 7161995|::::::::::::: 6888430|rtsar 6864849| 6855203| 5662671|TungTungTungSahur 5538172|AltMichelle 7057271| 6817880| 2990403| 6600984|Bartkaalt 7155811| 5598842| 7148449| 3968311| 5023167| 7765077| 2875523| 7994813| 6666250| 7593583|nupekVistro 4287280|boss95swordalt 8034728| 5404199|DonDiboloNup 7995132| 7654640|aleidnup 7761978|. 6867698| 7088408| 6011629| 4934127| 7995449| 6125139| 4435528| 7995313|Ayanokojialt 6951624| 6680566| 2883250| 6631365| 7994837| 7995882| 7994525| 2421514| 7156600| 8001660| 6667416| 8000410| 8003191|1 8103474| 7877530| 6578284| 7794528|¤Ichigo¤'salt 7063721| 6692289| 7056766| 6802440|Drachenlord 5655173|MojpoprzedninickGellox 7381140|:DAyandusau 2905750| 7847589| 6959399|aleidnup 8109992| 8108629| 7053538| 5041970| 8008068| 8097316| 8116500| 8096674|Aeralyn 7998783| 7675829| 8116494| 7003669|ilovechina+10000socialcredit 7765746| 7049610| 8120928| 6926310| 2037274| 7678185| 7841794|DARDYALT 7769582| 7184132|hiii 7163270| 6689478| 2989356| 6431564|DanteAlt

[00:48:05]	[Recv]	gmsg 6866129| 7185809|ifelllikearockstar 7130280| 2871709| 3881143|:') 8120929| 2600196| 7023267|s 7341392| 7149018| 7583560|Tommeyalt 6751264| 2935756| 6691442| 7015402| 2459498| 613441|inactivebit 6411149|Dantealt 6210849|:DDD 8122532|Aeralyn 6542041| 7130370| 6593976| 7715556| 6991685|SzukamKompanaDoExpaAkt10!!!!!!!!!!!!!!!!!!!! 8019640| 5653221|otoczonyoceanem 5643213|Altfrigusia 7147040| 7015398| 7076740| 8100070|aleid 6831142|KindDeeralt 7158213| 7845169|silentvoice-alt 8019293| 1184060|inactivetillfebruary 7166727|LFDUO/TRIOA9PW 1702927| 2331968| 6161289|GoldMakerYoru 7149833|https://www.twitch.tv/vistroooprimedlawidzaaok 7780419| 7775769| 7981121|dawajhajs 6982857| 5070940| 7776242|BratVistro 5423382|Nelyonup 4599097| 4291830| 4051237| 3778577| 7778313|Needabreakforsomereasonprivate:/ 8109667| 6838864| 2879917| 7768432|ALTSKEJTA 7344010|PiesFresza 7368742| 8007313| 7339159|!Arda/!N007myalts 4038466| 7147044| 7004097| 7886233|LaevateinnNup 6899328| 3517702| 4322462| 7995933|ALTSKEJTA 5650090| 6697986| 2921810| 7173785|Dante 7176874| 5664993| 7149709| 5601686| 7174237|DanteAlt 7039689| 6602303|Aznaszlegendeoniemymmichalku? 7655018| 8100069|aleid 6470399| 5255948| 7762565| 6552036| 7660670| 4553465|NupZoro1 6835325|g 3673490|DeathLokalt 7038889|MishkyandLowkyalts 7032842|BratFresza

[00:48:05]	[Recv]	gexp 6291774|26319950 6623637|53277740 5527355|16768356 7627166|0 7034868|1549395 7163132|4211800 6829335|24479730 6831671|24993898 7156884|12208702 6535970|136200 6313441|81480298 5664515|32342724 5635569|54897712 7046131|0 7877307|5800 7161995|3069826 6888430|714400 6864849|5709763 6855203|219000 5662671|1716800 5538172|200 7057271|6304600 6817880|1455013 2990403|1838200 6600984|212483 7155811|147300 5598842|0 7148449|2572200 3968311|4867440 5023167|1524110 7765077|2910725 2875523|506400 7994813|2662000 6666250|792903 7593583|0 4287280|188800 8034728|172000 5404199|1820 7995132|545200 7654640|3800 7761978|49200 6867698|4390200 7088408|1376806 6011629|859785 4934127|0 7995449|11000 6125139|3000 4435528|1679400 7995313|78200 6951624|400 6680566|1300 2883250|161400 6631365|54200 7994837|3247000 7995882|3226200 7994525|831400 2421514|727000 7156600|66200 8001660|323228 6667416|1141200 8000410|47200 8003191|633200 8103474|6000 7877530|4160612 6578284|871547 7794528|467200 7063721|0 6692289|200 7056766|1800 6802440|100666 5655173|284873 7381140|1753556 2905750|364600 7847589|400 6959399|800 8109992|3000 8108629|3000 7053538|0 5041970|1499997 8008068|64600 8097316|0 8116500|3400 8096674|1400 7998783|888974 7675829|285600 8116494|3600 7003669|1000 7765746|1158200 7049610|0 8120928|0 6926310|262200 2037274|559413 7678185|667200 7841794|2400 7769582|319200 7184132|135261 7163270|595100 6689478|283800 2989356|400 6431564|6545600 6866129|3497896 7185809|796319 7130280|22200 2871709|71200 3881143|16666805 8120929|0 2600196|398800 7023267|12967560 7341392|6198200 7149018|6819329 7583560|2972600 6751264|3655964 2935756|294000 6691442|104800 7015402|5000 2459498|2520600 613441|5839834 6411149|7971400 6210849|10518000 8122532|1400 6542041|3432200 7130370|3936900 6593976|130000 7715556|1041400 6991685|8182234 8019640|6200 5653221|13215286 5643213|1152000 7147040|0 7015398|663400 7076740|2408810 8100070|3000 6831142|772200 7158213|30000 7845169|0 8019293|1908200 1184060|183939 7166727|1944475 1702927|200 2331968|2649739 6161289|19632 7149833|2854777 7780419|0 7775769|371400 7981121|0 6982857|10005884 5070940|0 7776242|1117781 5423382|129830 4599097|300400 4291830|2206200 4051237|772000 3778577|6017222 7778313|886726 8109667|3000 6838864|1200236 2879917|3500987 7768432|3590200 7344010|36600 7368742|6558200 8007313|192000 7339159|3469200 4038466|2947990 7147044|480027 7004097|1717335 7886233|6600 6899328|7160563 3517702|2782200 4322462|1247400 7995933|350200 5650090|14278790 6697986|976400 2921810|1528000 7173785|2403030 7176874|64400 5664993|491600 7149709|375830 5601686|28924385 7174237|85200 7039689|109600 6602303|5658333 7655018|45030 8100069|3000 6470399|20021249 5255948|14369881 7762565|9400 6552036|7064752 7660670|7438691 4553465|453193 6835325|1174110 3673490|3200 7038889|3381000 7032842|5822000

[00:48:05]	[Recv]	fs 1

[00:48:05]	[Recv]	ghis 0 7|Amnesya92|8833|8|0 7|Amnesya92|8833|7|0 7|Amnesya92|8833|6|0 7|Amnesya92|8833|5|0 4|Kinder´|12200000|0 12|9087|1 4|Vixerin|32300000|2 12|9110|2 12|9083|2 4|Hobbit|3200000|2 4|PVE=XD|7400000|2 12|9017|2 4|ThaiRed|1000000|3 4|Aleida|13200000|3 12|9108|3 4|~Dardy~|100000|3 7|T0bi_|8832|5|3 12|9098|3 4|!Noxin|3200000|3 12|9146|3 2|1|3 4|Kurzeflöte|700000|4 12|9103|4 2|1|4 4|†L0$_Veny†|4200000|4 7|Breeakz|8812|7|4 12|9104|4 7|Kumu-|8830|7|5 7|Kumu-|8830|6|5 7|Kumu-|8830|5|5 4|SugmaDeek|16700000|5 4|ADuckOnQuack|5800000|5 4|=?ElNaNo!=|1800000|5 12|9097|5 11|NadeHeCares|ADEVANED|5 12|9101|6 7|Türkenflöte|4621|8|6 4|onecrew|6000000|6 12|9100|6 4|Thynne|10000|7 4|Thynne|1000|7 4|T0bi_|8100000|7 4|Danioooo|81400000|7 7|ColaKorn|8816|8|7 7|ColaKorn|8816|7|7 7|ColaKorn|8816|6|7 7|ColaKorn|8816|5|7 12|9078|7 2|2|8 12|9190|8

[00:48:05]	[Recv]	ghis 7|_Krul_|8828|5|8 7|Breeakz|8812|6|8 7|Breeakz|8812|5|8 4|Sylkanna|1500000|8 12|9109|9 4|~~*nova*~~|700000|10 12|9111|10 4|Hobbit|3100000|10 4|!Noxin|3100000|10 12|9107|11 12|9093|11 12|9099|11 12|9102|12 12|9080|12 4|PVE=XD|7300000|12 4|ThaiRed|900000|12 12|9076|12 12|9075|12 12|9006|12 2|1|12 4|Aeralyn|2600000|12 12|9105|12 12|9189|12 12|9106|13 12|9091|13 4|Danioooo|81300000|14 4|MalanÐrin0|1100000|14 12|9085|14 12|9090|15 12|9089|15 4|vladzio|54800000|16 12|9113|16 12|9114|16 12|9002|19 14|NadeHeCares|99|23 12|9100|23 12|9016|24 12|9083|24 4|=?ElNaNo!=|1700000|24 12|9103|24 4|•Asbestos•|53200000|24 7|Joey|8823|7|24 7|Joey|8823|6|24 7|Joey|8823|5|24 6|Türkenflöte|95|24 7|«Geéxtch»|4475|6|24 7|«Geéxtch»|4475|5|24 4|Kinder´|12100000|24 12|9110|24 4|Joey|20000000|24

[00:48:05]	[Recv]	ghis 4|Kumu-|3900000|24 12|9109|24 12|9094|24 10|Gastroskopia|24 12|9097|24 12|9092|24 4|•SiymiYaya•|24900000|24 12|9095|24 4|Taiza|5700000|24 12|9105|24 4|Eisbär|1700000|24 12|9096|24 12|9101|24 4|Dermoos|600000|24 11|NadeHeCares|Türkenflöte|24 4|!Noxin|3000000|24 4|Hobbit|3000000|24 7|¤Ichigo¤|8829|7|24 7|¤Ichigo¤|8829|6|24 7|¤Ichigo¤|8829|5|24 12|9108|24 12|9078|24 7|Tyto115|907|19|24 7|Tyto115|907|18|24 7|Tyto115|907|17|24 12|9091|24 12|9190|24 10|Trefny|24 4|CiezkiChlopiec|200000|24 7|Zoro1|8829|8|24 7|Zoro1|8829|7|24 7|Zoro1|8829|6|24 7|Zoro1|8829|5|24 4|Hobbit|2900000|24 7|Kurzeflöte|4621|7|24 7|Kurzeflöte|4621|6|24 7|Kurzeflöte|4621|5|24 7|TurboDieselV8|8627|6|24 12|9106|24 4|T0bi_|8000000|24 7|TurboDieselV8|8627|5|24 12|9189|24 12|9082|24 4|MalanÐrin0|1000000|24 12|9017|24 4|ugabuga666|5000|24 12|9087|24 12|9090|24 4|Miryal|4100000|24 12|9114|24

[00:48:05]	[Recv]	ghis 12|9089|24 4|vladzio|54700000|24 12|9113|24 12|9080|24 7|Foquita|8827|8|24 7|Foquita|8819|8|24 7|Foquita|8835|8|24 7|Foquita|8827|7|24 7|Foquita|8835|7|24 7|†BrockLesnar†|4500|19|24 4|»•¤†Muzan†¤•«|800000|24 4|•†¤Ban¤†•|500000|24 4|MalanÐrin0|900000|48 4|!Noxin|2900000|48 7|Tyto115|907|16|48 4|?Moön!|300000|48 7|Valek|4782|6|48 7|Valek|4782|5|48 4|~Yoasobi|1000|48 12|9085|48 7|KemsiakWojek|8828|7|48 7|KemsiakWojek|8828|6|48 7|KemsiakWojek|8828|5|48 4|Czesio525;]|300000|48 12|9092|48 1|~Godan~|DARDYALT|48 12|9093|48 4|ZielonyGroszek|28900000|48 12|9094|48 4|•Asbestos•|53100000|48 12|9095|48 12|9096|48 12|9189|48 12|9075|48 2|3|48 4|~Camellia~|6500000|48 12|9097|48 4|Kinder´|12000000|48 12|9100|48 12|9099|48 12|9098|48 4|Danioooo|81200000|48 12|9101|48 12|9102|48 4|SugmaDeek|16600000|48 12|9104|48 4|~~*nova*~~|600000|48 4|•SiymiYaya•|24800000|48 12|9103|48 4|Nanami_Kento|1400000|48

[00:48:05]	[Recv]	mv 2 40300 66 125 4

[00:48:05]	[Recv]	mv 2 40299 64 130 4

[00:48:05]	[Recv]	p_clear

[00:48:05]	[Recv]	sc_n 0 2640 2557266 99 3000 428143800 -1 -1 -1 -1 0 0 1 0 235 235 470 0 0 0 88 235 117 235 103 1 0 0 0 0 16738 16738 11881 11581 0 428143800 @ -1 1 -1 -1 -1 -1 0 0

[00:48:05]	[Recv]	sc_p 16 1550 2557265 1 3000 0 0 0 82 100 37 10 100 0 21 36 22 36 18 3 50 60 80 70 356 356 10 10 0 15 0 @ 0 0 3 0 0 0 0 1

[00:48:05]	[Recv]	sc_p 3 836 2557264 1 3000 0 0 0 95 109 47 8 80 0 32 34 45 34 49 3 60 70 80 60 531 531 220 220 0 15 0 @ 0 0 4 1 0 0 0 90

[00:48:05]	[Recv]	sc_p 2 614 2557263 1 3000 0 2 0 71 157 70 2 70 0 17 34 19 34 17 1 80 50 50 60 221 221 60 60 0 15 0 @ 0 0 2 0 0 0 0 1

[00:48:05]	[Recv]	sc_n 1 1493 2557262 99 3000 428143800 4778.3.0 4781.8.4 4038.0.5 4043.0.5 0 0 1 0 1168 1288 1030 20 220 4 1268 1314 1363 1314 1240 1 68 77 58 82 24866 33866 7013 6713 1 428143800 @ -1 1 8582.100 307.7 308.7 309.7 0 0 19

[00:48:05]	[Recv]	sc_p 6 663 2557261 1 3000 0 0 0 135 158 41 2 60 0 32 32 28 32 25 3 70 70 70 70 450 450 200 200 0 15 0 @ 0 0 3 1 0 0 0 90

[00:48:05]	[Recv]	sc_p 1 1548 2557260 95 3000 66528931 0 0 1582 1742 1132 19 90 7 772 620 755 620 664 3 76 76 96 66 50901 50901 12045 12045 0 78866350 0 @ 1 0 5 50 1821 1813 0 3820

[00:48:05]	[Recv]	sc_p 4 709 2557259 1 3000 0 0 0 540 608 275 14 105 0 219 42 223 42 220 3 58 58 88 58 4971 4971 4560 4560 0 15 0 @ 0 0 5 25 1811 1818 20 740

[00:48:05]	[Recv]	sc_p 0 1488 2557258 99 3000 107035950 0 0 1867 2053 1199 19 95 6 956 580 928 580 869 3 80 90 110 80 54675 54675 18270 18270 0 107035950 0 @ 1 0 6 60 1829 1814 0 100

[00:48:05]	[Recv]	sc_p 12 333 2557257 1 3000 0 0 0 44 52 33 4 70 0 23 31 22 31 18 0 0 0 0 0 276 276 130 130 0 15 0 @ 0 0 2 1 0 0 0 90

[00:48:05]	[Recv]	sc_p 13 333 2557256 1 3000 0 0 0 44 52 33 4 70 0 23 31 22 31 18 0 0 0 0 0 276 276 130 130 0 15 0 @ 0 0 2 1 0 0 0 90

[00:48:05]	[Recv]	sc_p 14 333 2557255 1 3000 0 0 0 44 52 33 4 70 0 23 31 22 31 18 0 0 0 0 0 276 276 130 130 0 15 0 @ 0 0 2 1 0 0 0 90

[00:48:05]	[Recv]	sc_p 11 333 2557254 1 3000 0 0 0 32 40 27 4 70 0 18 31 17 31 13 0 0 0 0 0 156 156 10 10 0 15 0 @ 0 0 1 0 0 0 0 1

[00:48:05]	[Recv]	sc_p 9 333 2557253 1 3000 0 0 0 44 52 33 4 70 0 23 31 22 31 18 0 0 0 0 0 276 276 130 130 0 15 0 @ 0 0 2 1 0 0 0 90

[00:48:05]	[Recv]	sc_p 8 333 2557252 1 3000 0 0 0 44 52 33 4 70 0 23 31 22 31 18 0 0 0 0 0 276 276 130 130 0 15 0 @ 0 0 2 1 0 0 0 90

[00:48:05]	[Recv]	sc_p 7 333 2557251 1 3000 0 0 0 44 52 33 4 70 0 23 31 22 31 18 0 0 0 0 0 276 276 130 130 0 15 0 @ 0 0 2 1 0 0 0 90

[00:48:05]	[Recv]	sc_n 2 318 2557250 34 3000 9786 990.0.0 997.0.0 -1 -1 0 0 0 0 181 229 175 4 70 0 104 179 99 179 95 0 0 0 0 0 4271 4271 1417 1417 0 342960 @ -1 0 8230.0 1292.2 1293.2 0.0 0 0 0

[00:48:05]	[Recv]	sc_p 17 2762 2557249 96 0 8186581 0 0 689 859 663 25 110 0 374 554 341 554 302 3 65 65 80 60 42830 42830 3622 3622 1 84982200 0 @ 0 0 5 0 0 0 0 1

[00:48:05]	[Recv]	sc_p 5 333 2557248 1 3000 0 0 0 44 52 33 4 70 0 23 31 22 31 18 0 0 0 0 0 276 276 130 130 0 15 0 @ 0 0 2 1 0 0 0 90

[00:48:05]	[Recv]	sc_p 15 158 2557247 1 3000 0 2 0 71 157 70 2 70 0 17 34 19 34 17 1 80 -30 40 10 221 221 60 60 0 15 0 @ 0 0 2 0 0 0 0 1

[00:48:05]	[Recv]	sc_p 10 290 2557246 23 3000 3368 0 0 124 168 137 4 80 0 75 141 80 141 69 3 -30 50 80 -10 3305 3305 225 225 0 25680 0 @ 0 0 2 0 0 0 0 1

[00:48:05]	[Recv]	mv 2 40298 59 128 4

[00:48:05]	[Recv]	mv 2 40297 59 131 4

[00:48:05]	[Recv]	inv 0 0.320.0.0.0.0.0 1.319.0.0.0.0.0 2.320.0.0.0.0.0 3.322.0.0.0.0.0 4.319.0.0.0.0.0 5.315.0.0.0.0.0 6.320.0.0.0.0.0 7.322.0.0.0.0.0 8.8863.0.0.0.0.0 32.8682.0.0.0.0.0 42.-4611.0.0.0.0.0 45.4504.0.7.0.0.0 46.4503.0.7.0.0.0 47.8675.3.0.1.0.0

[00:48:05]	[Recv]	inv 1 1.1286.14 2.1285.2 3.1246.131 4.1247.179 5.1248.211 6.1296.3 7.5836.1 8.9554.18 9.9564.1 10.1030.68 11.1241.3 12.1900.29 13.13294.1 14.9937.1 15.9589.1 16.9553.78 17.5763.209 18.5911.3 19.9565.1 20.9942.181 21.1249.1 22.1899.4 23.1429.34 24.9936.2 25.5119.26 26.-1243.20 27.13292.3 29.-5911.4 30.1011.40 31.-1244.2 32.1015.162 33.1078.71 35.13679.4 37.9020.4 38.1013.113 39.9556.12 40.5370.8 44.1012.100 45.9555.8 46.5930.80 47.5929.36

[00:48:05]	[Recv]	inv 2 0.2630.291 1.2749.1 2.2082.857 3.2070.29 4.2071.71 5.2072.233 6.2089.465 7.2329.459 8.2523.1 9.2757.1 10.2631.5 11.2282.238 12.2647.10 13.2077.74 14.2751.5 15.2759.3 16.2758.4 17.2416.313 18.2170.87 19.2748.1 20.2774.116 21.2750.1 22.2411.73 23.2741.2 24.2752.1 25.2705.2 26.2206.67 27.2284.37 28.2753.1 29.2283.11 30.2173.40 31.2450.7 32.2449.5 33.2307.310 34.2410.60 35.2623.1 36.2451.3 37.2512.2 38.2691.105 39.2764.1 40.2408.236 41.2406.61 42.2285.3 43.2349.2 45.2503.3 46.2430.8 47.2577.4 48.2513.2 49.2763.1 50.2412.1 52.2767.1 53.2482.2 54.2679.50 55.2678.6 56.2693.9 57.2681.6 58.2699.6 59.2700.10 62.-2567.1 63.2311.1 65.2760.1 66.2689.409 68.2742.2 72.2673.46 75.2766.7 76.2769.1 78.2670.1 79.2669.1 80.2429.2

[00:48:05]	[Recv]	inv 3 0.3005.1 1.3246.1

[00:48:05]	[Recv]	mlobjlst 0.0.0.0.4.2.0.100.0.0 1.1.31.3.4.2.0.100.0.1

[00:48:05]	[Recv]	inv 6 0.8580.0.0.0 1.900.0.0.0 2.901.0.0.0 3.8235.0.0.0 4.8233.0.0.0 5.4825.0.0.0 6.4800.0.0.0 7.8231.0.0.0 8.8232.0.0.0 9.8231.0.0.0

[00:48:05]	[Recv]	inv 7 0.4791.0.0.0 1.4799.0.0.0 2.4309.0.0.0 3.8253.0.0.0 4.4443.0.0.0 5.8564.0.0.0 7.8198.0.0.0 8.8100.0.0.0 9.-4404.0.0.0

[00:48:05]	[Recv]	gold 29394396 0

[00:48:05]	[Recv]	qslot 0 1.1.1 0.-1.-1 7.-1.-1 0.-1.-1 7.-1.-1 7.-1.-1 7.-1.-1 7.-1.-1 1.3.2 0.-1.-1 0.-1.-1 0.-1.-1 1.3.-1 0.1.7 0.-1.-1 7.-1.-1 7.-1.-1 0.-1.-1 0.-1.-1 0.-1.-1 0.-1.-1 7.-1.-1 0.-1.-1 0.-1.-1 1.3.12 7.-1.-1 7.-1.-1 7.-1.-1 7.-1.-1 7.-1.-1

[00:48:05]	[Recv]	qslot 1 7.-1.-1 7.-1.-1 7.-1.-1 7.-1.-1 7.-1.-1 7.-1.-1 7.-1.-1 7.-1.-1 7.-1.-1 7.-1.-1 7.-1.-1 7.-1.-1 7.-1.-1 7.-1.-1 7.-1.-1 7.-1.-1 7.-1.-1 7.-1.-1 7.-1.-1 7.-1.-1 7.-1.-1 7.-1.-1 7.-1.-1 7.-1.-1 7.-1.-1 7.-1.-1 7.-1.-1 7.-1.-1 7.-1.-1 7.-1.-1

[00:48:05]	[Recv]	finit 2366457|0|0|©~Rtólö~© 1675106|0|0|Utepils 2405078|0|0|Mago(Zeref) 6804683|0|0|DunkinD 7988543|0|0|Kejza 6623637|0|0|K?nder 6982857|0|0|†»Michibiku«†™ 7769284|0|0|mommys 6161087|0|0|Spajder1330 5052737|0|0|Holy5469 7799120|0|0|Naeroxx 6557807|0|0|Mencc 7052207|0|0|MrnokrTyLe 6928836|0|0|DemiHimo 7363058|0|0|Senti0 7638588|0|0|Nero† 6453536|0|0|Polinka 957916|0|0|lusikill

[00:48:05]	[Recv]	blinit 3542370|Jumpaul_Return 7655586|Neusa 1754360|ROOG 6970399|»LiHawaK• 7055161|*TheFenix 4299366|RickySquash 7064033|YoungGirll 7118391|AfricanG 7071396|LT_PAII 6620081|Bricars 1806842|VIKTOR_345 7111776|Lakeude 7068969|*Niklaus*

[00:48:05]	[Recv]	pst 2 2557262 0 73 100 24866 7013 0 0 0

[00:48:05]	[Recv]	pst 2 2557249 1 100 100 42830 3622 0 0 0

[00:48:05]	[Recv]	p_clear

[00:48:05]	[Recv]	sc_n 0 2640 2557266 99 3000 428143800 -1 -1 -1 -1 0 0 1 0 235 235 470 0 0 0 88 235 117 235 103 1 0 0 0 0 16738 16738 11881 11581 0 428143800 @ -1 1 -1 -1 -1 -1 0 0

[00:48:05]	[Recv]	sc_p 16 1550 2557265 1 3000 0 0 0 82 100 37 10 100 0 21 36 22 36 18 3 50 60 80 70 356 356 10 10 0 15 0 @ 0 0 3 0 0 0 0 1

[00:48:05]	[Recv]	sc_p 3 836 2557264 1 3000 0 0 0 95 109 47 8 80 0 32 34 45 34 49 3 60 70 80 60 531 531 220 220 0 15 0 @ 0 0 4 1 0 0 0 90

[00:48:05]	[Recv]	sc_p 2 614 2557263 1 3000 0 2 0 71 157 70 2 70 0 17 34 19 34 17 1 80 50 50 60 221 221 60 60 0 15 0 @ 0 0 2 0 0 0 0 1

[00:48:05]	[Recv]	sc_n 1 1493 2557262 99 3000 428143800 4778.3.0 4781.8.4 4038.0.5 4043.0.5 0 0 1 0 1168 1288 1030 20 220 4 1268 1314 1363 1314 1240 1 68 77 58 82 24866 33866 7013 6713 1 428143800 @ -1 1 8582.100 307.7 308.7 309.7 0 0 19

[00:48:05]	[Recv]	sc_p 6 663 2557261 1 3000 0 0 0 135 158 41 2 60 0 32 32 28 32 25 3 70 70 70 70 450 450 200 200 0 15 0 @ 0 0 3 1 0 0 0 90

[00:48:05]	[Recv]	sc_p 1 1548 2557260 95 3000 66528931 0 0 1582 1742 1132 19 90 7 772 620 755 620 664 3 76 76 96 66 50901 50901 12045 12045 0 78866350 0 @ 1 0 5 50 1821 1813 0 3820

[00:48:05]	[Recv]	sc_p 4 709 2557259 1 3000 0 0 0 540 608 275 14 105 0 219 42 223 42 220 3 58 58 88 58 4971 4971 4560 4560 0 15 0 @ 0 0 5 25 1811 1818 20 740

[00:48:05]	[Recv]	sc_p 0 1488 2557258 99 3000 107035950 0 0 1867 2053 1199 19 95 6 956 580 928 580 869 3 80 90 110 80 54675 54675 18270 18270 0 107035950 0 @ 1 0 6 60 1829 1814 0 100

[00:48:05]	[Recv]	sc_p 12 333 2557257 1 3000 0 0 0 44 52 33 4 70 0 23 31 22 31 18 0 0 0 0 0 276 276 130 130 0 15 0 @ 0 0 2 1 0 0 0 90

[00:48:05]	[Recv]	sc_p 13 333 2557256 1 3000 0 0 0 44 52 33 4 70 0 23 31 22 31 18 0 0 0 0 0 276 276 130 130 0 15 0 @ 0 0 2 1 0 0 0 90

[00:48:05]	[Recv]	sc_p 14 333 2557255 1 3000 0 0 0 44 52 33 4 70 0 23 31 22 31 18 0 0 0 0 0 276 276 130 130 0 15 0 @ 0 0 2 1 0 0 0 90

[00:48:05]	[Recv]	sc_p 11 333 2557254 1 3000 0 0 0 32 40 27 4 70 0 18 31 17 31 13 0 0 0 0 0 156 156 10 10 0 15 0 @ 0 0 1 0 0 0 0 1

[00:48:05]	[Recv]	sc_p 9 333 2557253 1 3000 0 0 0 44 52 33 4 70 0 23 31 22 31 18 0 0 0 0 0 276 276 130 130 0 15 0 @ 0 0 2 1 0 0 0 90

[00:48:05]	[Recv]	sc_p 8 333 2557252 1 3000 0 0 0 44 52 33 4 70 0 23 31 22 31 18 0 0 0 0 0 276 276 130 130 0 15 0 @ 0 0 2 1 0 0 0 90

[00:48:05]	[Recv]	sc_p 7 333 2557251 1 3000 0 0 0 44 52 33 4 70 0 23 31 22 31 18 0 0 0 0 0 276 276 130 130 0 15 0 @ 0 0 2 1 0 0 0 90

[00:48:05]	[Recv]	sc_n 2 318 2557250 34 3000 9786 990.0.0 997.0.0 -1 -1 0 0 0 0 181 229 175 4 70 0 104 179 99 179 95 0 0 0 0 0 4271 4271 1417 1417 0 342960 @ -1 0 8230.0 1292.2 1293.2 0.0 0 0 0

[00:48:05]	[Recv]	sc_p 17 2762 2557249 96 0 8186581 0 0 689 859 663 25 110 0 374 554 341 554 302 3 65 65 80 60 42830 42830 3622 3622 1 84982200 0 @ 0 0 5 0 0 0 0 1

[00:48:05]	[Recv]	sc_p 5 333 2557248 1 3000 0 0 0 44 52 33 4 70 0 23 31 22 31 18 0 0 0 0 0 276 276 130 130 0 15 0 @ 0 0 2 1 0 0 0 90

[00:48:05]	[Recv]	sc_p 15 158 2557247 1 3000 0 2 0 71 157 70 2 70 0 17 34 19 34 17 1 80 -30 40 10 221 221 60 60 0 15 0 @ 0 0 2 0 0 0 0 1

[00:48:05]	[Recv]	sc_p 10 290 2557246 23 3000 3368 0 0 124 168 137 4 80 0 75 141 80 141 69 3 -30 50 80 -10 3305 3305 225 225 0 25680 0 @ 0 0 2 0 0 0 0 1

[00:48:05]	[Recv]	mv 2 40296 53 131 4

[00:48:05]	[Recv]	mv 2 40295 53 129 4

[00:48:05]	[Recv]	bf 1 6835325 0.4241.3000 96

[00:48:05]	[Recv]	sayi 1 6835325 20 26 3 4241 0 0 0

[00:48:05]	[Recv]	eff_t 2 2557249 1 6835325 4766

[00:48:06]	[Recv]	mv 2 40299 62 130 4

[00:48:06]	[Send]	sl 0
[00:48:06]	[Recv]	delay 5000 3 #sl^1 

[00:48:06]	[Send]	guri 2
[00:48:06]	[Send]	guri 5 1 6835325 0 3
[00:48:06]	[Recv]	mv 2 40298 59 129 4

[00:48:06]	[Recv]	mv 2 40297 59 129 4

[00:48:06]	[Recv]	gp 7 76 2633 -1 0 0

[00:48:06]	[Recv]	gp 60 120 4995 3 1 0

[00:48:06]	[Recv]	gp 111 126 2637 -1 2 0

[00:48:06]	[Recv]	gp 116 18 2640 -1 3 0

[00:48:06]	[Recv]	wp 105 114 90 4 85 99

[00:48:06]	[Recv]	in 2 3096 40312 42 75 3 100 100 11015 0 0 -1 1 0 -1 - 0 -1 0 0 0 0 0 0 0 0 0 0 0 0 0

[00:48:06]	[Recv]	shop 2 40312 1 5 48 Family Manager

[00:48:06]	[Recv]	in 2 3076 40311 43 50 6 100 100 11009 0 0 -1 1 0 -1 - 0 -1 0 0 0 0 0 0 0 0 0 0 0 0 0

[00:48:06]	[Recv]	shop 2 40311 1 0 88 Rune Workshop

[00:48:06]	[Recv]	in 2 3079 40310 76 43 2 100 100 11014 0 0 -1 1 0 -1 - 0 -1 0 0 0 0 0 0 0 0 0 0 0 0 0

[00:48:06]	[Recv]	shop 2 40310 1 0 87 Alchemy Shop

[00:48:06]	[Recv]	in 2 3070 40309 31 52 6 100 100 11008 0 0 -1 1 0 -1 - 0 -1 0 0 0 0 0 0 0 0 0 0 0 0 0

[00:48:06]	[Recv]	shop 2 40309 1 0 86 Supermarket

[00:48:06]	[Recv]	in 2 3097 40308 99 37 7 100 100 11020 0 0 -1 1 0 -1 - 0 -1 0 0 0 0 0 0 0 0 0 0 0 0 0

[00:48:06]	[Recv]	shop 2 40308 1 0 85 General Shop

[00:48:06]	[Recv]	in 2 3084 40307 46 49 6 100 100 11003 0 0 -1 1 0 -1 - 0 -1 0 0 0 0 0 0 0 0 0 0 0 0 0

[00:48:06]	[Recv]	shop 2 40307 1 0 84 Equipment Shop

[00:48:06]	[Recv]	in 2 3077 40306 71 42 2 100 100 11006 0 0 -1 1 0 -1 - 0 -1 0 0 0 0 0 0 0 0 0 0 0 0 0

[00:48:06]	[Recv]	shop 2 40306 1 0 83 Tattooist

[00:48:06]	[Recv]	in 2 3385 40305 37 52 6 100 100 571 0 0 -1 1 0 -1 - 0 -1 0 0 0 0 0 0 0 0 0 0 0 0 0

[00:48:06]	[Recv]	shop 2 40305 1 0 117 Shell Master

[00:48:06]	[Recv]	in 2 1579 40304 41 71 3 100 100 570 0 0 -1 1 0 -1 - 0 -1 0 0 0 0 0 0 0 0 0 0 0 0 0

[00:48:06]	[Recv]	shop 2 40304 1 0 116 Hardcore Raid Token Shop (Moritius)

[00:48:06]	[Recv]	in 2 3048 40303 153 84 3 100 100 11028 0 0 -1 1 0 -1 - 0 -1 0 0 0 0 0 0 0 0 0 0 0 0 0

[00:48:06]	[Recv]	shop 2 40303 1 0 92 Celestial Spire Guard

[00:48:06]	[Recv]	in 2 3081 40302 49 66 0 100 100 11030 0 0 -1 1 0 -1 - 0 -1 0 0 0 0 0 0 0 0 0 0 0 0 0

[00:48:06]	[Recv]	shop 2 40302 1 0 45 NosBazaar

[00:48:06]	[Recv]	in 2 3078 40301 119 30 7 100 100 11002 0 0 -1 1 0 -1 - 0 -1 0 0 0 0 0 0 0 0 0 0 0 0 0

[00:48:06]	[Recv]	shop 2 40301 1 0 82 Rainbow Shop

[00:48:06]	[Recv]	in 2 3115 40300 66 125 0 100 100 0 0 0 -1 1 0 -1 - 0 -1 0 0 0 0 0 0 0 0 0 0 0 0 0

[00:48:06]	[Recv]	in 2 3115 40299 62 130 0 100 100 0 0 0 -1 1 0 -1 - 0 -1 0 0 0 0 0 0 0 0 0 0 0 0 0

[00:48:06]	[Recv]	in 2 3115 40298 59 129 0 100 100 0 0 0 -1 1 0 -1 - 0 -1 0 0 0 0 0 0 0 0 0 0 0 0 0

[00:48:06]	[Recv]	in 2 3115 40297 59 129 0 100 100 0 0 0 -1 1 0 -1 - 0 -1 0 0 0 0 0 0 0 0 0 0 0 0 0

[00:48:06]	[Recv]	in 2 3115 40296 53 131 0 100 100 0 0 0 -1 1 0 -1 - 0 -1 0 0 0 0 0 0 0 0 0 0 0 0 0

[00:48:06]	[Recv]	in 2 3115 40295 53 129 0 100 100 0 0 0 -1 1 0 -1 - 0 -1 0 0 0 0 0 0 0 0 0 0 0 0 0

[00:48:06]	[Recv]	in 2 3115 40294 52 125 0 100 100 0 0 0 -1 1 0 -1 - 0 -1 0 0 0 0 0 0 0 0 0 0 0 0 0

[00:48:06]	[Recv]	in 2 3092 40293 117 40 0 100 100 0 0 0 -1 1 0 -1 - 0 -1 0 0 0 0 0 0 0 0 0 0 0 0 0

[00:48:06]	[Recv]	in 2 3091 40292 119 42 0 100 100 0 0 0 -1 1 0 -1 - 0 -1 0 0 0 0 0 0 0 0 0 0 0 0 0

[00:48:06]	[Recv]	in 2 3090 40291 126 55 3 100 100 11025 0 0 -1 1 0 -1 - 0 -1 0 0 0 0 0 0 0 0 0 0 0 0 0

[00:48:06]	[Recv]	in 2 3089 40290 126 57 3 100 100 11005 0 0 -1 1 0 -1 - 0 -1 0 0 0 0 0 0 0 0 0 0 0 0 0

[00:48:06]	[Send]	psl 0
[00:48:06]	[Recv]	in 2 3088 40289 120 112 3 100 100 0 0 0 -1 1 0 -1 - 0 -1 0 0 0 0 0 0 0 0 0 0 0 0 0

[00:48:06]	[Recv]	in 2 3087 40288 120 120 3 100 100 11001 0 0 -1 1 0 -1 - 0 -1 0 0 0 0 0 0 0 0 0 0 0 0 0

[00:48:06]	[Recv]	in 2 3083 40287 46 101 3 100 100 0 0 0 -1 1 0 -1 - 0 -1 0 0 0 0 0 0 0 0 0 0 0 0 0

[00:48:06]	[Recv]	in 2 3082 40286 30 107 1 100 100 0 0 0 -1 1 0 -1 - 0 -1 0 0 0 0 0 0 0 0 0 0 0 0 0

[00:48:06]	[Recv]	in 2 3080 40285 123 46 7 100 100 0 0 0 -1 1 0 -1 - 0 -1 0 0 0 0 0 0 0 0 0 0 0 0 0

[00:48:06]	[Recv]	in 2 3074 40284 52 90 0 100 100 11021 0 0 -1 1 0 -1 - 0 -1 0 0 0 0 0 0 0 0 0 0 0 0 0

[00:48:06]	[Recv]	in 2 3073 40283 33 89 5 100 100 11027 0 0 -1 1 0 -1 - 0 -1 0 0 0 0 0 0 0 0 0 0 0 0 0

[00:48:06]	[Recv]	in 2 3067 40282 82 99 0 100 100 11011 0 0 -1 1 0 -1 - 0 -1 0 0 0 0 0 0 0 0 0 0 0 0 0

[00:48:06]	[Recv]	in 2 3048 40281 116 35 2 100 100 0 0 0 -1 1 0 -1 - 0 -1 0 0 0 0 0 0 0 0 0 0 0 0 0

[00:48:06]	[Recv]	in 2 3048 40280 76 95 0 100 100 0 0 0 -1 1 0 -1 - 0 -1 0 0 0 0 0 0 0 0 0 0 0 0 0

[00:48:06]	[Recv]	in 2 3047 40279 152 81 3 100 100 0 0 0 -1 1 0 -1 - 0 -1 0 0 0 0 0 0 0 0 0 0 0 0 0

[00:48:06]	[Recv]	in 2 3047 40278 151 87 3 100 100 0 0 0 -1 1 0 -1 - 0 -1 0 0 0 0 0 0 0 0 0 0 0 0 0

[00:48:06]	[Recv]	in 2 3047 40277 136 78 3 100 100 0 0 0 -1 1 0 -1 - 0 -1 0 0 0 0 0 0 0 0 0 0 0 0 0

[00:48:06]	[Recv]	in 2 3047 40276 135 85 3 100 100 0 0 0 -1 1 0 -1 - 0 -1 0 0 0 0 0 0 0 0 0 0 0 0 0

[00:48:06]	[Recv]	in 2 3047 40275 109 33 2 100 100 0 0 0 -1 1 0 -1 - 0 -1 0 0 0 0 0 0 0 0 0 0 0 0 0

[00:48:06]	[Recv]	in 2 3047 40274 85 92 0 100 100 0 0 0 -1 1 0 -1 - 0 -1 0 0 0 0 0 0 0 0 0 0 0 0 0

[00:48:06]	[Recv]	in 2 3047 40273 19 66 1 100 100 0 0 0 -1 1 0 -1 - 0 -1 0 0 0 0 0 0 0 0 0 0 0 0 0

[00:48:06]	[Recv]	in 2 3047 40272 18 83 1 100 100 0 0 0 -1 1 0 -1 - 0 -1 0 0 0 0 0 0 0 0 0 0 0 0 0

[00:48:06]	[Recv]	in 2 2557 2443470 70 43 2 100 100 0 0 3 6916712 1 0 3206 @ 1 0 1 1880 1881 1882 4237 0 0 0 2723 0 1 0 0

[00:48:06]	[Recv]	in 2 1488 2443466 71 43 2 92 100 0 0 3 6916712 1 0 -1 @ 2 -1 0 0 0 0 0 0 0 0 0 0 0 6 0

[00:48:06]	[Recv]	in 1 kronyme - 6916712 70 45 2 0 1 3 5 2 221.4479.4451.4963.227.4131.8680.8682.8701.4443.8696 100 100 0 9 4 3 0 42 0 0 86 77 4268.918 GO-Pex-Zaby 25 0 0 0 0 97 3 0|0|0 0 0 100 57 9347

[00:48:06]	[Recv]	pst 2 2557262 0 73 100 24866 7013 0 0 0

[00:48:06]	[Recv]	pst 2 2557249 1 100 100 42830 3622 0 0 0

[00:48:06]	[Recv]	guri 2 1 6835325 0

[00:48:06]	[Recv]	mv 2 40296 55 131 4

[00:48:06]	[Recv]	pdelay 5000 3 #psl^1 

[00:48:06]	[Send]	guri 6
[00:48:06]	[Send]	guri 5 2 6835325 0 3
[00:48:06]	[Recv]	guri 2 2 2557262 0

[00:48:06]	[Recv]	mv 2 40294 54 127 4

[00:48:06]	[Recv]	stat 60808 60808 7914 12914 0 1316

[00:48:07]	[Recv]	mv 2 40300 66 126 4

[00:48:07]	[Recv]	mv 2 40299 63 131 4

[00:48:07]	[Send]	guri 5 1 6835325 20 3
[00:48:07]	[Recv]	mv 2 40298 59 130 4

[00:48:07]	[Recv]	mv 2 40297 60 129 4

[00:48:07]	[Recv]	pst 2 2557262 0 73 100 25042 7013 0 0 0

[00:48:07]	[Recv]	pst 2 2557249 1 100 100 42830 3622 0 0 0

[00:48:07]	[Recv]	mv 2 40295 54 130 4

[00:48:07]	[Send]	guri 5 2 2557262 20 3
[00:48:08]	[Recv]	mv 2 40300 66 124 4

[00:48:08]	[Send]	guri 5 1 6835325 40 3
[00:48:08]	[Recv]	mv 2 40297 59 130 4

[00:48:08]	[Recv]	in 2 2557 2523825 70 43 2 82 100 0 0 3 7107564 1 0 2379 @ 1 1 1 1602 1603 1604 0 0 0 0 2366 0 0 0 0

[00:48:08]	[Recv]	in 2 683 2523821 70 43 2 100 100 0 0 3 7107564 1 0 -1 @ 2 -1 0 0 0 0 0 0 0 0 0 0 0 5 0

[00:48:08]	[Recv]	in 1 Pimento - 7107564 69 45 2 0 1 1 9 2 4507.4954.4966.4963.4928.802.8680.8682.8701.4557.-1 100 100 0 9 4 3 0 0 0 27 66 68 4268.918 GO-Pex-Zaby 24 0 10 0 7 95 3 0|0|0 0 0 100 51 9440

[00:48:08]	[Recv]	pst 2 2557262 0 73 100 25042 7013 0 0 0

[00:48:08]	[Recv]	pst 2 2557249 1 100 100 42830 3622 0 0 0

[00:48:08]	[Send]	guri 5 2 2557262 40 3
[00:48:08]	[Recv]	mv 2 40294 53 128 4

[00:48:08]	[Recv]	rest 1 6916712 0

[00:48:08]	[Recv]	stat 60808 60808 7914 12914 0 1316

[00:48:08]	[Recv]	stat 60808 60808 8031 12914 0 1316

[00:48:09]	[Recv]	mv 2 40299 64 130 4

[00:48:09]	[Send]	guri 5 1 6835325 60 3
[00:48:09]	[Recv]	mv 2 40298 60 130 4

[00:48:09]	[Recv]	mv 2 40297 61 129 4

[00:48:09]	[Recv]	in 2 1613 2547953 46 53 2 100 140 0 0 3 7074610 1 0 -1 @ 1 0 0 0 0 0 0 0 0 0 0 0 0 0 0

[00:48:09]	[Recv]	in 2 1693 2547954 46 51 2 100 100 0 0 3 7074610 1 0 -1 @ 2 -1 0 0 0 0 0 0 0 0 0 0 0 6 0

[00:48:09]	[Recv]	in 1 SierzantPyrek - 7074610 46 52 2 0 0 1 7 2 8839.8831.8814.8822.8687.8674.8860.8862.8869.4531.8694 100 100 0 -1 4 3 0 59 0 0 76 83 5256.918 Strawhats 27 0 0 0 0 99 21 0|0|0 0 0 100 99 9468

[00:48:09]	[Recv]	pst 2 2557262 0 74 100 25218 7013 0 0 0

[00:48:09]	[Recv]	pst 2 2557249 1 100 100 42830 3622 0 0 0

[00:48:09]	[Send]	guri 5 2 2557262 60 3
[00:48:09]	[Recv]	mv 2 40296 56 130 4

[00:48:09]	[Send]	glist 0 0
[00:48:09]	[Recv]	gmbr 0 6291774|24033018|Dante†|99|2|0|9|0|97|24 6623637|24030120|•Asbestos•|99|2|1|0|1|93|0 5527355|24111119|SugmaDeek|99|3|1|0|1|99|0 7627166|24102222|SquaDuck|1|0|2|0|0|0|6264 7034868|25030421|Gaslighting|99|3|2|0|0|80|1296 7163132|25082918|†L0$_Veny†|99|2|2|0|0|92|0 6829335|24071618|Difsy*|99|2|2|0|0|99|0 6831671|24060116|•SiymiYaya•|99|1|2|0|1|90|0 7156884|25090918|Kinder´|99|3|2|0|1|99|0 6535970|25111621|#Olka|99|2|2|0|0|90|288 6313441|21022210|Danioooo|99|1|2|0|0|97|0 5664515|24010519|Vixerin|99|2|2|0|1|90|18 5635569|20020708|vladzio|99|2|3|1|0|99|0 7046131|26011212|Schuba|99|2|3|0|1|97|0 7877307|25081320|tytanowydragal|56|3|3|0|0|0|672 7161995|25072422|Ayanjokoji|99|3|3|0|1|96|0 6888430|25121002|Kurzeflöte|99|1|3|0|0|98|0 6864849|25080103|Taiza|99|2|3|0|1|99|0 6855203|26010718|NosGmbH|99|2|3|0|0|93|0 5662671|25083019|TylkoRozgaPL|99|3|3|0|0|90|240 5538172|25092520|SirKamilos|99|3|3|0|0|80|624 7057271|25082819|RoyalTs|99|2|3|0|0|93|0 6817880|25112521|«Geéxtch»|99|3|3|0|0|91|18 2990403|25111901|=?ElNaNo!=|99|2|3|0|1|90|1 6600984|25090319|amarenex|99|1|3|0|0|81|840 7155811|25110215|OKTEK|99|1|3|0|0|91|48 5598842|26012718|Korek302|99|3|3|0|0|83|0 7148449|25102520|Elixy~|99|3|3|0|0|80|0 3968311|25091310|¤Ichigo¤|99|1|3|0|0|99|0 5023167|25091121|Michéllé|99|1|3|0|0|91|0 7765077|25091303|†BrockLesnar†|99|1|3|0|0|99|0 2875523|25091401|Drodse~|99|2|3|0|0|93|5 7994813|25112214|Aeralyn|99|3|3|0|1|99|0 6666250|25100112|silentvoice|99|1|3|0|0|83|24 7593583|25120113|Fafaq™|99|3|3|0|0|80|960 4287280|25111111|Cioccolatino|95|1|3|0|0|68|0 8034728|25111919|~Tatakae~|99|4|3|0|0|90|288 5404199|25100123|selected|99|3|3|0|0|66|7 7995132|25111915|Sherry|99|1|3|0|0|90|0 7654640|25100700|hot16challenge|90|4|3|0|0|18|240 7761978|25110519|-Abgehoben|99|1|3|0|0|86|0 6867698|25102510|Luzia*|99|1|3|0|0|90|0 7088408|25111419|Foquita|99|4|3|0|1|99|16 6011629|25110500|Auruli|99|1|3|0|0|90|840 4934127|26020119|ADEVANED|99|2|3|0|0|99|0 7995449|25111915|Salazar**|99|1|3|0|0|66|0 6125139|25121101|ZajechanyZyga|99|3|3|0|0|91|792 4435528|25112319|Fiorellino3|99|1|3|0|0|90|936 7995313|25111916|JyuVioleGrace?|99|2|3|0|1|90|0 6951624|26013118|Türkenflöte|95|3|3|0|1|62|0 6680566|25111917|!xDD!|99|2|3|0|0|90|48 2883250|25112905|†KiiBiKi™†|99|3|3|0|1|98|0 6631365|25120500|Mantellina|99|3|3|0|0|84|840 7994837|25121014|!Noxin|99|1|3|0|1|93|6 7995882|25121014|Hobbit|99|3|3|0|1|93|6 7994525|25111922|Moshky|99|3|3|0|1|90|0 2421514|25122818|~~*nova*~~|99|1|3|0|1|90|0 7156600|25120500|TurRi*|99|2|3|0|0|90|216 8001660|25120616|Boluferio|99|2|3|0|0|97|2 6667416|25112520|-OldManStark-|99|1|3|0|0|96|0 8000410|25120600|JackieCola|99|1|3|0|0|94|0 8003191|25120118|ColaKorn|99|3|3|0|0|94|0 8103474|25120718|*ArT*|99|1|3|0|1|96|5 7877530|26010314|Miryal|99|4|3|0|0|90|0 6578284|25112522|Sheedess|99|3|3|0|0|97|3 7794528|25120617|«Zangetsu»|99|1|3|0|0|93|0 7063721|25121616|Khabibkebabos|99|3|3|0|0|90|240 6692289|25121801|SowuS99|86|1|3|0|0|10|600 7056766|26011915|Hammer_Head|89|1|3|0|0|33|240 6802440|25120902|NateXY|99|2|3|0|0|90|456 5655173|25120817|Gellox|99|3|3|0|1|86|7 7381140|25120816|Eisbär|99|2|3|0|1|99|0 2905750|26012101|!Kyo|99|3|3|0|1|93|6 7847589|26012621|~Cupido~|99|2|3|0|0|90|0 6959399|26011122|*Albedo*|95|1|3|0|0|57|264 8109992|25122217|Holy~Buff2~|65|3|3|0|0|0|528 8108629|25122217|WK~Buff~|65|2|3|0|0|0|528 7053538|26011402|KRUKonWK|92|2|3|0|0|46|240 5041970|26011622|Nanami_Kento|99|2|3|0|0|90|1 8008068|25122820|Erys|99|2|3|0|0|99|288 8097316|25123017|MocnyKondzio04|99|2|3|0|0|88|216 8116500|26010721|LevabolliTop|65|1|3|0|0|0|384 8096674|26012716|holeczkare|79|3|3|0|1|0|48 7998783|26011116|»•¤†Muzan†¤•«|99|2|3|0|0|91|0 7675829|25122913|SmirnoffVodka|99|3|3|0|1|99|21 8116494|26010722|ElFarmacista|81|2|3|0|0|0|72 7003669|26012800|~Yoasobi|99|2|3|0|1|80|0 7765746|25123112|MalanÐrin0|99|1|3|0|0|99|0 7049610|25123100|KRUKon~|99|2|3|0|0|90|240 8120928|26011623|Nalinek|56|2|3|0|0|0|360 6926310|26011519|Kar1k|99|1|3|0|0|83|0 2037274|26011302|•†¤Ban¤†•|99|2|3|0|0|89|0 7678185|26010923|Dermoos|99|4|3|0|0|99|16 7841794|26011920|~Godan~|96|2|3|0|1|65|0 7769582|26011101|Valek|99|2|3|0|0|98|0 7184132|26011920|~Dardy~|99|1|3|0|1|99|0 7163270|26011722|Länged|99|3|3|0|0|99|0 6689478|26012719|CiezkiChlopiec|99|1|3|0|0|95|0 2989356|26012602|–•¤†Odin†¤•–|88|4|3|0|0|22|48 6431564|24033018|LuLoski|99|3|3|0|0|67|96

[00:48:09]	[Recv]	gmbr 6866129|25092222|Amnesya92|99|3|3|0|1|99|0 7185809|24052821|†Madkus†|99|2|3|0|0|75|3024 7130280|26011418|Rentaro†|99|2|3|0|0|90|0 2871709|25121403|Breeakz|99|1|3|0|0|96|0 3881143|24072115|boss95Ban|99|2|3|0|0|99|0 8120929|26011623|finkein|56|2|3|0|0|0|360 2600196|26011921|?Moön!|99|2|3|0|1|98|0 7023267|24110722|xFreshy00|99|3|3|0|0|90|2760 7341392|25112520|MarnotrawnySyn|99|3|3|0|1|99|0 7149018|24072915|-Hëllboy-|99|1|3|0|0|93|72 7583560|25090719|Lrwky†|99|2|3|0|0|94|0 6751264|24092917|-Jutuber99_|99|3|3|0|0|93|0 2935756|26012421|Tyto115|99|2|3|0|0|90|0 6691442|24090920|Shinti|99|2|3|0|0|80|3816 7015402|26011318|ugabuga666|93|2|3|0|0|57|0 2459498|25091302|NaateDíaaz|99|2|3|0|0|99|17 613441|24101621|ADuckOnQuack|99|3|3|0|0|95|0 6411149|24110918|Querro|99|1|3|0|0|81|96 6210849|24111422|Skeejt|99|2|3|0|0|91|1 8122532|26012716|PosAer|79|3|3|0|1|0|48 6542041|24111120|Kodzirro531|99|2|3|0|0|92|0 7130370|25073121|Kumu-|99|2|3|0|0|91|0 6593976|25120523|Spacy90|99|2|3|0|0|90|1320 7715556|26011123|ThaiRed|99|1|3|0|0|90|0 6991685|25051816|T0bi_|99|3|3|0|0|96|0 8019640|25121318|Zodil|99|3|3|0|0|90|408 5653221|24111818|Aleida|99|3|3|0|0|98|0 5643213|25082918|†Rosy_Veny†|99|1|3|0|0|80|0 7147040|25101014|QWDEPOJKASDA|99|2|3|0|0|90|216 7015398|26011217|TurboDieselV8|99|1|3|0|0|83|0 7076740|25041812|Vejn|99|2|3|0|0|94|0 8100070|26011423|FilipekDaily2|65|1|3|0|0|0|264 6831142|24122420|LaskaWanilii|92|2|3|0|0|37|1 7158213|26013002|Thynne|99|3|3|0|1|90|0 7845169|25111017|Wojuhsigma|81|1|3|0|0|0|264 8019293|25112319|Fiorellino0|99|1|3|0|0|90|936 1184060|25101519|Daren°|99|2|3|0|0|90|24 7166727|25071820|JIMMI|99|1|3|0|0|80|936 1702927|25101110|Ariteus|90|1|3|0|0|34|0 2331968|25091302|<~DarKray~>|99|2|3|0|0|99|4 6161289|25101515|Night_Stalker|99|1|3|0|0|49|192 7149833|25061418|Vistrooo|99|2|3|0|0|92|1 7780419|25062520|†Makus†|99|2|3|0|0|80|3000 7775769|26011101|KemsiakWojek|99|1|3|0|0|99|0 7981121|25102702|†Aysu†|56|2|3|0|0|0|2112 6982857|25070500|†»Michibiku«†™|99|1|3|0|0|98|48 5070940|25122417|S4M0UK|99|2|3|0|0|93|240 7776242|25062417|Vistroo|99|1|3|0|0|90|960 5423382|25070413|Indrath“|99|2|3|0|0|90|48 4599097|26011901|Czesio525;]|99|1|3|0|0|83|17 4291830|25082016|»Sheogorath•|99|1|3|0|0|91|7 4051237|25113017|Alkast|99|3|3|0|0|99|0 3778577|25072717|onecrew|99|3|3|0|0|95|1 7778313|25062500|~DonNxTSimon|99|1|3|0|0|82|24 8109667|25122321|Sader~Buff|65|1|3|0|0|0|528 6838864|25073016|cSneaky|99|2|3|0|0|90|1 2879917|25071023|•VIP|99|3|3|0|0|90|240 7768432|25062518|*Saito|99|3|3|0|0|91|2 7344010|25062623|OlafMaltanczyk|93|2|3|0|0|60|2760 7368742|25111612|~Camellia~|99|2|3|0|0|88|0 8007313|26010920|~Berlinguer|99|1|3|0|0|90|0 7339159|25090419|TR-Eizen|99|2|3|0|0|90|744 4038466|25062921|*Boss95*|99|3|3|0|0|82|0 7147044|25082818|dmuchankov2|99|2|3|0|1|92|0 7004097|25070402|Nelyo|99|2|3|0|1|99|1 7886233|25102622|Runpelt3|65|2|3|0|0|0|360 6899328|25071118|_Krul_|99|4|3|0|0|99|0 3517702|25080310|ExrÐ?a|99|2|3|0|0|90|264 4322462|25111622|DeathLok|99|2|3|0|0|99|0 7995933|25112322|*Hiraga|99|1|3|0|0|90|720 5650090|24081320|Yoru_Sutoka|99|4|3|0|0|95|48 6697986|25051220|Danio|93|2|3|0|0|45|0 2921810|26011016|Sylkanna|99|3|3|0|1|91|0 7173785|24120320|DwayneSynJana|99|1|3|0|0|65|408 7176874|26011918|Bloodwraith|99|2|3|0|0|91|0 5664993|26011715|Skull_Archer™|99|2|3|0|0|84|0 7149709|25110115|ArrowSticina™|99|2|3|0|0|90|912 5601686|24053018|ZielonyGroszek|99|3|3|0|0|99|0 7174237|25021512|JanTataDwayna|92|2|3|0|0|32|144 7039689|25101209|Vrlken†|99|1|3|0|0|80|0 6602303|24063015|DonDibolo|99|1|3|0|0|95|0 7655018|25103023|PancakeNinja|99|2|3|0|0|90|240 8100069|26011423|FilipekDaily1|65|3|3|0|0|0|264 6470399|24090922|Joey|99|2|3|0|0|99|0 5255948|24082317|Zoro1|99|1|3|0|0|97|0 7762565|25120317|Titiiii|99|3|3|0|0|92|24 6552036|24063021|Laevateinn|99|4|3|0|0|92|19 7660670|25070319|PVE=XD|99|2|3|0|0|99|0 4553465|25042821|Siusiu-Majtek|99|3|3|0|0|90|72 6835325|25111516|milkers|99|1|3|0|1|91|0 3673490|25111622|Kylo_Ren|99|1|3|0|0|99|21 7038889|25090719|Trmmey†|99|3|3|0|0|95|0 7032842|24120716|Freszh3|99|1|3|0|0|80|2760

[00:48:09]	[Recv]	gmsg 6291774|WTBWoondine'sEssence 6623637|japierdole 5527355|Vixerin 7627166|Skladki/Fees 7034868|ez 7163132|:)( 6829335|butwhy?penguin 6831671|Kindernup 7156884|Kurwaniepisze 6535970|SIUUUUUUUUUUUUUUUUUUUUUUUUUUUUUUUUUUUUUUUUUUUUUUUU 6313441| 5664515|. 5635569|bumbum 7046131| 7877307| 7161995|::::::::::::: 6888430|rtsar 6864849| 6855203| 5662671|TungTungTungSahur 5538172|AltMichelle 7057271| 6817880| 2990403| 6600984|Bartkaalt 7155811| 5598842| 7148449| 3968311| 5023167| 7765077| 2875523| 7994813| 6666250| 7593583|nupekVistro 4287280|boss95swordalt 8034728| 5404199|DonDiboloNup 7995132| 7654640|aleidnup 7761978|. 6867698| 7088408| 6011629| 4934127| 7995449| 6125139| 4435528| 7995313|Ayanokojialt 6951624| 6680566| 2883250| 6631365| 7994837| 7995882| 7994525| 2421514| 7156600| 8001660| 6667416| 8000410| 8003191|1 8103474| 7877530| 6578284| 7794528|¤Ichigo¤'salt 7063721| 6692289| 7056766| 6802440|Drachenlord 5655173|MojpoprzedninickGellox 7381140|:DAyandusau 2905750| 7847589| 6959399|aleidnup 8109992| 8108629| 7053538| 5041970| 8008068| 8097316| 8116500| 8096674|Aeralyn 7998783| 7675829| 8116494| 7003669|ilovechina+10000socialcredit 7765746| 7049610| 8120928| 6926310| 2037274| 7678185| 7841794|DARDYALT 7769582| 7184132|hiii 7163270| 6689478| 2989356| 6431564|DanteAlt

[00:48:09]	[Recv]	gmsg 6866129| 7185809|ifelllikearockstar 7130280| 2871709| 3881143|:') 8120929| 2600196| 7023267|s 7341392| 7149018| 7583560|Tommeyalt 6751264| 2935756| 6691442| 7015402| 2459498| 613441|inactivebit 6411149|Dantealt 6210849|:DDD 8122532|Aeralyn 6542041| 7130370| 6593976| 7715556| 6991685|SzukamKompanaDoExpaAkt10!!!!!!!!!!!!!!!!!!!! 8019640| 5653221|otoczonyoceanem 5643213|Altfrigusia 7147040| 7015398| 7076740| 8100070|aleid 6831142|KindDeeralt 7158213| 7845169|silentvoice-alt 8019293| 1184060|inactivetillfebruary 7166727|LFDUO/TRIOA9PW 1702927| 2331968| 6161289|GoldMakerYoru 7149833|https://www.twitch.tv/vistroooprimedlawidzaaok 7780419| 7775769| 7981121|dawajhajs 6982857| 5070940| 7776242|BratVistro 5423382|Nelyonup 4599097| 4291830| 4051237| 3778577| 7778313|Needabreakforsomereasonprivate:/ 8109667| 6838864| 2879917| 7768432|ALTSKEJTA 7344010|PiesFresza 7368742| 8007313| 7339159|!Arda/!N007myalts 4038466| 7147044| 7004097| 7886233|LaevateinnNup 6899328| 3517702| 4322462| 7995933|ALTSKEJTA 5650090| 6697986| 2921810| 7173785|Dante 7176874| 5664993| 7149709| 5601686| 7174237|DanteAlt 7039689| 6602303|Aznaszlegendeoniemymmichalku? 7655018| 8100069|aleid 6470399| 5255948| 7762565| 6552036| 7660670| 4553465|NupZoro1 6835325|g 3673490|DeathLokalt 7038889|MishkyandLowkyalts 7032842|BratFresza

[00:48:09]	[Recv]	gexp 6291774|26319950 6623637|53277740 5527355|16768356 7627166|0 7034868|1549395 7163132|4211800 6829335|24479730 6831671|24993898 7156884|12208702 6535970|136200 6313441|81480298 5664515|32342724 5635569|54897712 7046131|0 7877307|5800 7161995|3069826 6888430|714400 6864849|5709763 6855203|219000 5662671|1716800 5538172|200 7057271|6304600 6817880|1455013 2990403|1838200 6600984|212483 7155811|147300 5598842|0 7148449|2572200 3968311|4867440 5023167|1524110 7765077|2910725 2875523|506400 7994813|2662000 6666250|792903 7593583|0 4287280|188800 8034728|172000 5404199|1820 7995132|545200 7654640|3800 7761978|49200 6867698|4390200 7088408|1376806 6011629|859785 4934127|0 7995449|11000 6125139|3000 4435528|1679400 7995313|78200 6951624|400 6680566|1300 2883250|161400 6631365|54200 7994837|3247000 7995882|3226200 7994525|831400 2421514|727000 7156600|66200 8001660|323228 6667416|1141200 8000410|47200 8003191|633200 8103474|6000 7877530|4160612 6578284|871547 7794528|467200 7063721|0 6692289|200 7056766|1800 6802440|100666 5655173|284873 7381140|1753556 2905750|364600 7847589|400 6959399|800 8109992|3000 8108629|3000 7053538|0 5041970|1499997 8008068|64600 8097316|0 8116500|3400 8096674|1400 7998783|888974 7675829|285600 8116494|3600 7003669|1000 7765746|1158200 7049610|0 8120928|0 6926310|262200 2037274|559413 7678185|667200 7841794|2400 7769582|319200 7184132|135261 7163270|595100 6689478|283800 2989356|400 6431564|6545600 6866129|3497896 7185809|796319 7130280|22200 2871709|71200 3881143|16666805 8120929|0 2600196|398800 7023267|12967560 7341392|6198200 7149018|6819329 7583560|2972600 6751264|3655964 2935756|294000 6691442|104800 7015402|5000 2459498|2520600 613441|5839834 6411149|7971400 6210849|10518000 8122532|1400 6542041|3432200 7130370|3936900 6593976|130000 7715556|1041400 6991685|8182234 8019640|6200 5653221|13215286 5643213|1152000 7147040|0 7015398|663400 7076740|2408810 8100070|3000 6831142|772200 7158213|30000 7845169|0 8019293|1908200 1184060|183939 7166727|1944475 1702927|200 2331968|2649739 6161289|19632 7149833|2854777 7780419|0 7775769|371400 7981121|0 6982857|10005884 5070940|0 7776242|1117781 5423382|129830 4599097|300400 4291830|2206200 4051237|772000 3778577|6017222 7778313|886726 8109667|3000 6838864|1200236 2879917|3500987 7768432|3590200 7344010|36600 7368742|6558200 8007313|192000 7339159|3469200 4038466|2947990 7147044|480027 7004097|1717335 7886233|6600 6899328|7160563 3517702|2782200 4322462|1247400 7995933|350200 5650090|14278790 6697986|976400 2921810|1528000 7173785|2403030 7176874|64400 5664993|491600 7149709|375830 5601686|28924385 7174237|85200 7039689|109600 6602303|5658333 7655018|45030 8100069|3000 6470399|20021249 5255948|14369881 7762565|9400 6552036|7064752 7660670|7438691 4553465|453193 6835325|1174110 3673490|3200 7038889|3381000 7032842|5822000

[00:48:10]	[Recv]	mv 2 40300 65 125 4

[00:48:10]	[Send]	guri 5 1 6835325 80 3
[00:48:10]	[Recv]	pst 2 2557262 0 74 100 25218 7013 0 0 0

[00:48:10]	[Recv]	pst 2 2557249 1 100 100 42830 3622 0 0 0

[00:48:10]	[Send]	guri 5 2 2557262 80 3
[00:48:10]	[Recv]	mv 2 40294 53 127 4

[00:48:10]	[Recv]	stat 60808 60808 8031 12914 0 1316

[00:48:11]	[Recv]	mv 2 40300 66 126 4

[00:48:11]	[Send]	guri 5 1 6835325 100 3
[00:48:11]	[Send]	#sl^1
[00:48:11]	[Recv]	mv 2 40298 61 130 4

[00:48:11]	[Recv]	pst 2 2557262 0 74 100 25394 7013 0 0 0

[00:48:11]	[Recv]	pst 2 2557249 1 100 100 42830 3622 0 0 0

[00:48:11]	[Recv]	vb 861 0 0

[00:48:11]	[Recv]	vb 862 0 0

[00:48:11]	[Recv]	vb 863 0 0

[00:48:11]	[Recv]	vb 340 0 0

[00:48:11]	[Recv]	vb 339 0 0

[00:48:11]	[Recv]	vb 472 0 0

[00:48:11]	[Recv]	vb 1440 0 0

[00:48:11]	[Recv]	vb 471 0 0

[00:48:11]	[Recv]	vb 634 0 0

[00:48:11]	[Recv]	vb 635 0 0

[00:48:11]	[Recv]	bf 1 6835325 0.4241.0 99

[00:48:11]	[Recv]	cond 1 6835325 0 0 14

[00:48:11]	[Recv]	sc 0 7 4136 4278 1894 37 415 1 8 4111 4311 2101 43 405 7 2246 1268 2064 1268 1784 91 88 127 138

[00:48:11]	[Recv]	stat 60808 75191 8031 17265 1 1316

[00:48:11]	[Recv]	c_mode 1 6835325 10 20 37 0 100 8151

[00:48:11]	[Recv]	ski 0 889 889 889 890 891 892 893 894 895 896 897 898 899 1781 1783 694|6 702|6 22 26 38 46 50 54 60 90 106 107 108 109 111 112 103 104 105 130 131 124 133

[00:48:11]	[Recv]	qslot 0 1.1.2 1.1.1 1.1.6 1.1.7 1.1.5 1.1.9 1.1.10 0.2.13 1.3.11 0.2.5 1.1.-1 1.1.8 1.1.3 1.1.4 0.1.-1 1.1.42 1.1.41 1.1.39 1.1.38 0.2.4 0.1.3 0.1.4 0.1.15 0.1.7 1.3.12 0.1.5 0.1.2 0.1.47 0.-1.-1 0.2.3

[00:48:11]	[Recv]	qslot 1 1.3.11 0.1.45 0.1.39 0.-1.-1 0.1.-1 0.-1.-1 7.-1.-1 0.-1.-1 0.-1.-1 0.-1.-1 0.1.16 0.1.31 0.1.25 0.-1.-1 0.-1.-1 7.-1.-1 7.-1.-1 7.-1.-1 7.-1.-1 7.-1.-1 0.2.6 0.2.7 0.1.6 0.-1.-1 1.3.12 7.-1.-1 7.-1.-1 7.-1.-1 7.-1.-1 7.-1.-1

[00:48:11]	[Recv]	sp 670090 1000000 9772 10000

[00:48:11]	[Recv]	lev 99 0 99 0 2140719000 5991794 13364600 200 881816047 91 967912450 0

[00:48:11]	[Recv]	stat 60808 75191 8031 17265 1 1316

[00:48:11]	[Recv]	food 0

[00:48:11]	[Recv]	ftpt -1
[00:48:11]	[Recv]	eff 1 6835325 196

[00:48:11]	[Recv]	guri 6 1 6835325 0 0

[00:48:11]	[Recv]	mv 2 40295 53 130 4

[00:48:11]	[Send]	guri 5 2 2557262 100 3
[00:48:11]	[Send]	#psl^1
[00:48:11]	[Recv]	mv 2 40294 52 127 4

[00:48:11]	[Recv]	cond 2 2557262 0 0 16

[00:48:11]	[Recv]	c_mode 2 2557262 2789 0 0

[00:48:11]	[Recv]	pski 307 308 309

[00:48:11]	[Recv]	sc_n 1 1493 2557262 99 3000 428143800 4778.3.0 4781.8.4 4038.0.5 4043.0.5 0 0 1 0 1228 1348 1030 20 220 4 1298 1314 1393 1314 1270 2 79 100 71 94 25394 34166 7013 7013 1 428143800 @ 2789 1 8582.100 307.7 308.7 309.7 2646 0 19

[00:48:11]	[Recv]	out 2 2557262

[00:48:11]	[Recv]	in 2 1493 2557262 78 71 2 74 100 0 0 3 6835325 1 0 2789 @ 1 1 1 307 308 309 4237 4238 4239 0 2646 0 0 0 0

[00:48:11]	[Recv]	pinit 2 2|2557262|0|99|@|-1|2789|1|2646|0|0 2|2557249|1|96|@|-1|2762|0|0|0|0


[00:48:11]	[Recv]	eff 2 2557262 196

[00:48:11]	[Recv]	guri 6 2 2557262 10 0

[00:48:11]	[Recv]	bf 1 6835325 0.4241.3000 96

[00:48:11]	[Recv]	sayi 1 6835325 20 26 3 4241 0 0 0

[00:48:11]	[Recv]	eff_t 2 2557249 1 6835325 4766

[00:48:11]	[Recv]	bf 1 6835325 0.3062.3000 99

[00:48:11]	[Recv]	sayi 1 6835325 20 26 3 3062 0 0 0

[00:48:11]	[Recv]	eff_t 2 2557262 1 6835325 4766

[00:48:11]	[Send]	u_i 1 6835325 1 15 0 0 
[00:48:12]	[Recv]	mv 2 40300 65 125 4

[00:48:12]	[Recv]	mv 2 40299 63 130 4

[00:48:12]	[Recv]	delay 3000 3 #u_i^1^6835325^1^15^2

[00:48:12]	[Send]	guri 2
[00:48:12]	[Send]	guri 5 1 6835325 0 3
[00:48:12]	[Recv]	guri 2 1 6835325 0

[00:48:12]	[Recv]	pst 2 2557262 0 74 100 25394 7013 0 0 0

[00:48:12]	[Recv]	pst 2 2557249 1 100 100 42830 3622 0 0 0

[00:48:12]	[Recv]	mv 2 40295 54 129 4

[00:48:12]	[Recv]	mv 2 40294 54 125 4

[00:48:12]	[Recv]	stat 60984 75191 8031 17265 0 1316

[00:48:12]	[Recv]	stat 60984 75191 8148 17265 0 1316

[00:48:13]	[Send]	guri 5 1 6835325 33 3
[00:48:13]	[Recv]	mv 2 40300 66 125 4

[00:48:13]	[Recv]	mv 2 40299 65 132 4

[00:48:13]	[Recv]	mv 2 40297 59 131 4

[00:48:13]	[Recv]	pst 2 2557262 0 74 100 25570 7013 0 0 0

[00:48:13]	[Recv]	pst 2 2557249 1 100 100 42830 3622 0 0 0

[00:48:13]	[Recv]	mv 2 40296 54 132 4

[00:48:13]	[Recv]	mv 2 40295 56 129 4

[00:48:13]	[Recv]	mv 2 40294 55 126 4

[00:48:13]	[Recv]	bf 1 6835325 0.4234.3000 99

[00:48:13]	[Recv]	sayi 1 6835325 20 26 3 4234 0 0 0

[00:48:13]	[Recv]	cond 1 6835325 0 0 15

[00:48:13]	[Recv]	sayi 1 6835325 20 23 3 4234 0 0 0

[00:48:14]	[Send]	guri 5 1 6835325 66 3
[00:48:14]	[Recv]	mv 2 40300 66 126 4

[00:48:14]	[Recv]	mv 2 40299 63 131 4

[00:48:14]	[Recv]	mv 2 40298 59 130 4

[00:48:14]	[Recv]	mv 2 40297 57 132 4

[00:48:14]	[Recv]	pst 2 2557262 0 74 100 25570 7013 0 0 0

[00:48:14]	[Recv]	pst 2 2557249 1 100 100 42830 3622 0 0 0

[00:48:14]	[Recv]	finfo 2366457.0.©~Rtólö~© 1675106.0.Utepils 2405078.0.Mago(Zeref) 6804683.0.DunkinD 7988543.0.Kejza 6623637.1.K?nder 6982857.0.†»Michibiku«†™ 7769284.0.mommys 6161087.0.Spajder1330 5052737.0.Holy5469 7799120.0.Naeroxx 6557807.0.Mencc 7052207.0.MrnokrTyLe 6928836.0.DemiHimo 7363058.0.Senti0 7638588.0.Nero† 6453536.0.Polinka 957916.0.lusikill

[00:48:14]	[Recv]	mv 2 40296 55 132 4

[00:48:14]	[Recv]	stat 61160 75191 8148 17265 0 1316

[00:48:15]	[Recv]	mv 2 40300 65 127 4

[00:48:15]	[Recv]	mv 2 40299 61 131 4

[00:48:15]	[Send]	guri 5 1 6835325 100 3
[00:48:15]	[Send]	#u_i^1^6835325^1^15^2
[00:48:15]	[Recv]	mv 2 40298 59 129 4

[00:48:15]	[Recv]	mv 2 40297 59 132 4

[00:48:15]	[Recv]	pst 2 2557262 0 75 100 25746 7013 0 0 0

[00:48:15]	[Recv]	pst 2 2557249 1 100 100 42830 3622 0 0 0

[00:48:15]	[Recv]	bf 1 6835325 0.1438.30000 99

[00:48:15]	[Recv]	sayi 1 6835325 20 26 3 1438 0 0 0

[00:48:15]	[Recv]	out 2 2557262

[00:48:15]	[Recv]	out 2 2557249

[00:48:15]	[Recv]	eff 1 6835325 196

[00:48:15]	[Recv]	pinit 2 2|2557262|0|99|@|-1|2789|1|2646|0|0 2|2557249|1|96|@|-1|2762|0|0|0|0

[00:48:15]	[Recv]	c_mode 1 6835325 3728 0 0 0 100 8151

[00:48:15]	[Recv]	dpski 1 

[00:48:15]	[Recv]	petski -3

[00:48:15]	[Recv]	cond 1 6835325 0 0 25

[00:48:15]	[Recv]	mv 2 40295 57 130 4

[00:48:15]	[Send]	walk 78 77 0 25
[00:48:15]	[Recv]	mv 2 40294 56 128 4

[00:48:15]	[Send]	walk 78 78 0 25
[00:48:15]	[Send]	walk 78 80 0 25
[00:48:16]	[Recv]	mv 2 40299 61 130 4

[00:48:16]	[Recv]	mv 2 40298 61 129 4

[00:48:16]	[Recv]	mv 2 40297 57 133 4

[00:48:16]	[Recv]	pst 2 2557262 0 75 100 25746 7013 0 0 0

[00:48:16]	[Recv]	pst 2 2557249 1 100 100 42830 3622 0 0 0

[00:48:16]	[Recv]	mv 2 40295 56 128 4

[00:48:16]	[Recv]	qnamli2 100 #rl 1646 11 3027 ~Dardy~

[00:48:16]	[Send]	walk 78 88 1 25
[00:48:16]	[Recv]	mv 2 40294 54 126 4

[00:48:16]	[Recv]	stat 61336 75191 8148 17265 0 1316

[00:48:16]	[Recv]	stat 61336 75191 8265 17265 0 1316

[00:48:16]	[Send]	walk 78 93 0 25
[00:48:17]	[Recv]	mv 2 40300 65 128 4

[00:48:17]	[Recv]	mv 2 40299 63 132 4

[00:48:17]	[Send]	ncif 2 40282
[00:48:17]	[Recv]	pst 2 2557262 0 75 100 25922 7013 0 0 0

[00:48:17]	[Recv]	pst 2 2557249 1 100 100 42830 3622 0 0 0

[00:48:17]	[Send]	walk 79 96 1 25
[00:48:17]	[Recv]	st 2 40282 90 0 100 100 19775 2775 19775 2775 0

[00:48:17]	[Recv]	mv 2 40294 52 126 4

[00:48:18]	[Recv]	mv 2 40299 62 132 4

[00:48:18]	[Send]	ncif 2 40282
[00:48:18]	[Recv]	mv 2 40298 59 128 4

[00:48:18]	[Recv]	pst 2 2557262 0 75 100 25922 7013 0 0 0

[00:48:18]	[Recv]	pst 2 2557249 1 100 100 42830 3622 0 0 0

[00:48:18]	[Send]	walk 80 97 0 25
[00:48:18]	[Recv]	st 2 40282 90 0 100 100 19775 2775 19775 2775 0

[00:48:18]	[Send]	npc_req 2 40282
[00:48:18]	[Recv]	npc_req 2 40282 11011

[00:48:18]	[Recv]	mv 2 40294 54 126 4

[00:48:18]	[Recv]	stat 61512 75191 8265 17265 0 1316

[00:48:19]	[Send]	walk 87 92 0 25
[00:48:19]	[Recv]	mv 2 40299 63 131 4

[00:48:19]	[Send]	walk 89 92 1 25
[00:48:19]	[Recv]	mv 2 40298 59 126 4

[00:48:19]	[Recv]	pst 2 2557262 0 76 100 26098 7013 0 0 0

[00:48:19]	[Recv]	pst 2 2557249 1 100 100 42830 3622 0 0 0

[00:48:19]	[Send]	walk 90 92 0 25
[00:48:19]	[Recv]	mv 2 40296 54 132 4

[00:48:19]	[Send]	walk 93 92 0 25
[00:48:20]	[Recv]	mv 2 40299 62 132 4

[00:48:20]	[Recv]	mv 2 40298 61 128 4

[00:48:20]	[Recv]	mv 2 40297 58 132 4

[00:48:20]	[Recv]	pst 2 2557262 0 76 100 26098 7013 0 0 0

[00:48:20]	[Recv]	pst 2 2557249 1 100 100 42830 3622 0 0 0

[00:48:20]	[Recv]	mv 2 40296 56 131 4

[00:48:20]	[Send]	walk 101 96 0 25
[00:48:20]	[Recv]	stat 61688 75191 8265 17265 0 1316

[00:48:20]	[Recv]	stat 61688 75191 8382 17265 0 1316

[00:48:20]	[Send]	walk 102 96 0 25
[00:48:21]	[Recv]	mv 2 40300 64 127 4

[00:48:21]	[Send]	walk 101 101 1 25
[00:48:21]	[Recv]	mv 2 40297 60 133 4

[00:48:21]	[Recv]	pst 2 2557262 0 76 100 26274 7013 0 0 0

[00:48:21]	[Recv]	pst 2 2557249 1 100 100 42830 3622 0 0 0

[00:48:21]	[Recv]	mv 2 40295 55 128 4

[00:48:21]	[Recv]	mv 2 40294 54 124 4

[00:48:21]	[Send]	walk 106 104 0 25
[00:48:22]	[Recv]	mv 2 40297 60 132 4

[00:48:22]	[Recv]	pst 2 2557262 0 76 100 26274 7013 0 0 0

[00:48:22]	[Recv]	pst 2 2557249 1 100 100 42830 3622 0 0 0

[00:48:22]	[Recv]	mv 2 40295 57 130 4

[00:48:22]	[Recv]	mv 2 40294 53 125 4

[00:48:22]	[Recv]	stat 61864 75191 8382 17265 0 1316

[00:48:22]	[Send]	walk 113 111 0 25
[00:48:23]	[Send]	ncif 2 40288
[00:48:23]	[Recv]	mv 2 40300 65 126 4

[00:48:23]	[Recv]	mv 2 40299 63 130 4

[00:48:23]	[Recv]	st 2 40288 90 0 100 100 19775 2775 19775 2775 0

[00:48:23]	[Send]	walk 115 115 0 25
[00:48:23]	[Recv]	mv 2 40298 61 126 4

[00:48:23]	[Recv]	pst 2 2557262 0 77 100 26450 7013 0 0 0

[00:48:23]	[Recv]	pst 2 2557249 1 100 100 42830 3622 0 0 0

[00:48:23]	[Recv]	mv 2 40296 56 132 4

[00:48:24]	[Recv]	mv 2 40300 66 125 4

[00:48:24]	[Recv]	mv 2 40299 64 132 4

[00:48:24]	[Send]	ncif 2 40288
[00:48:24]	[Recv]	st 2 40288 90 0 100 100 19775 2775 19775 2775 0

[00:48:24]	[Recv]	mv 2 40298 59 126 4

[00:48:24]	[Recv]	mv 2 40297 59 130 4

[00:48:24]	[Recv]	pst 2 2557262 0 77 100 26450 7013 0 0 0

[00:48:24]	[Recv]	pst 2 2557249 1 100 100 42830 3622 0 0 0

[00:48:24]	[Send]	walk 118 118 0 25
[00:48:24]	[Send]	walk 117 117 0 25
[00:48:24]	[Recv]	mv 2 40296 57 131 4

[00:48:24]	[Recv]	mv 2 40295 55 128 4

[00:48:24]	[Send]	walk 118 118 0 25
[00:48:24]	[Recv]	mv 2 40294 54 126 4

[00:48:24]	[Send]	npc_req 2 40288
[00:48:24]	[Recv]	stat 62040 75191 8382 17265 0 1316

[00:48:24]	[Recv]	stat 62040 75191 8499 17265 0 1316

[00:48:24]	[Recv]	npc_req 2 40288 11001

[00:48:25]	[Send]	ncif 2 40288
[00:48:25]	[Send]	walk 115 114 1 25
[00:48:25]	[Recv]	mv 2 40298 59 127 4

[00:48:25]	[Recv]	mv 2 40297 60 130 4

[00:48:25]	[Recv]	pst 2 2557262 0 77 100 26626 7013 0 0 0

[00:48:25]	[Recv]	pst 2 2557249 1 100 100 42830 3622 0 0 0

[00:48:25]	[Recv]	st 2 40288 90 0 100 100 19775 2775 19775 2775 0

[00:48:25]	[Recv]	mv 2 40295 57 129 4

[00:48:25]	[Send]	walk 116 106 0 25
[00:48:25]	[Send]	walk 112 103 0 25
[00:48:26]	[Recv]	mv 2 40300 67 125 4

[00:48:26]	[Recv]	mv 2 40299 63 133 4

[00:48:26]	[Recv]	mv 2 40297 59 129 4

[00:48:26]	[Recv]	pst 2 2557262 0 77 100 26626 7013 0 0 0

[00:48:26]	[Recv]	pst 2 2557249 1 100 100 42830 3622 0 0 0

[00:48:26]	[Send]	walk 110 101 1 25
[00:48:26]	[Send]	walk 109 99 1 25
[00:48:26]	[Recv]	mv 2 40295 56 130 4

[00:48:26]	[Recv]	stat 62216 75191 8499 17265 0 1316

[00:48:26]	[Send]	walk 108 97 1 25
[00:48:27]	[Recv]	mv 2 40298 59 126 4

[00:48:27]	[Recv]	pst 2 2557262 0 78 100 26802 7013 0 0 0

[00:48:27]	[Recv]	pst 2 2557249 1 100 100 42830 3622 0 0 0

[00:48:27]	[Recv]	mv 2 40296 56 132 4

[00:48:27]	[Recv]	mv 2 40295 57 128 4

[00:48:27]	[Send]	walk 108 88 1 25
[00:48:27]	[Send]	walk 108 87 0 25
[00:48:28]	[Send]	walk 108 85 1 25
[00:48:28]	[Recv]	mv 2 40299 61 133 4

[00:48:28]	[Recv]	mv 2 40298 60 128 4

[00:48:28]	[Recv]	pst 2 2557262 0 78 100 26802 7013 0 0 0

[00:48:28]	[Recv]	pst 2 2557249 1 100 100 42830 3622 0 0 0

[00:48:28]	[Recv]	mv 2 40295 57 130 4

[00:48:28]	[Recv]	mv 2 40294 52 127 4

[00:48:28]	[Recv]	stat 62392 75191 8499 17265 0 1316

[00:48:28]	[Recv]	stat 62392 75191 8616 17265 0 1316

[00:48:28]	[Send]	walk 108 76 1 25
[00:48:29]	[Recv]	mv 2 40300 66 124 4

[00:48:29]	[Recv]	mv 2 40299 63 131 4

[00:48:29]	[Recv]	mv 2 40298 60 127 4

[00:48:29]	[Recv]	pst 2 2557262 0 78 100 26978 7013 0 0 0

[00:48:29]	[Recv]	pst 2 2557249 1 100 100 42830 3622 0 0 0

[00:48:29]	[Recv]	mv 2 40295 57 129 4

[00:48:29]	[Recv]	mv 2 40294 53 126 4

[00:48:29]	[Send]	walk 108 67 1 25
[00:48:30]	[Recv]	mv 2 40298 58 128 4

[00:48:30]	[Recv]	mv 2 40297 59 130 4

[00:48:30]	[Recv]	pst 2 2557262 0 78 100 26978 7013 0 0 0

[00:48:30]	[Recv]	pst 2 2557249 1 100 100 42830 3622 0 0 0

[00:48:30]	[Recv]	mv 2 40294 55 126 4

[00:48:30]	[Recv]	stat 62568 75191 8616 17265 0 1316

[00:48:30]	[Send]	walk 108 58 1 25
[00:48:31]	[Recv]	mv 2 40300 66 125 4

[00:48:31]	[Recv]	mv 2 40298 59 128 4

[00:48:31]	[Recv]	pst 2 2557262 0 79 100 27154 7013 0 0 0

[00:48:31]	[Recv]	pst 2 2557249 1 100 100 42830 3622 0 0 0

[00:48:31]	[Recv]	mv 2 40294 56 126 4

[00:48:31]	[Send]	walk 116 54 0 25
[00:48:31]	[Send]	ncif 2 40290
[00:48:31]	[Recv]	drop 2464 8019848 71 46 17 0 0

[00:48:32]	[Recv]	mv 2 40300 67 126 4

[00:48:32]	[Recv]	mv 2 40299 64 132 4

[00:48:32]	[Recv]	st 2 40290 90 0 100 100 19775 2775 19775 2775 0

[00:48:32]	[Send]	walk 121 53 0 25
[00:48:32]	[Recv]	mv 2 40298 58 128 4

[00:48:32]	[Recv]	pst 2 2557262 0 79 100 27154 7013 0 0 0

[00:48:32]	[Recv]	pst 2 2557249 1 100 100 42830 3622 0 0 0

[00:48:32]	[Recv]	mv 2 40295 56 130 4

[00:48:32]	[Recv]	mv 2 40294 54 126 4

[00:48:32]	[Send]	walk 126 54 0 25
[00:48:32]	[Recv]	stat 62744 75191 8616 17265 0 1316

[00:48:32]	[Recv]	stat 62744 75191 8733 17265 0 1316

[00:48:32]	[Recv]	mv 1 7107564 70 45 17

[00:48:32]	[Send]	ncif 2 40290
[00:48:33]	[Recv]	mv 2 40300 66 128 4

[00:48:33]	[Recv]	mv 2 40299 64 130 4

[00:48:33]	[Recv]	st 2 40290 90 0 100 100 19775 2775 19775 2775 0

[00:48:33]	[Recv]	get 1 7107564 8019848 0

[00:48:33]	[Send]	walk 123 54 0 25
[00:48:33]	[Recv]	pst 2 2557262 0 79 100 27330 7013 0 0 0

[00:48:33]	[Recv]	pst 2 2557249 1 100 100 42830 3622 0 0 0

[00:48:33]	[Send]	walk 124 55 0 25
[00:48:33]	[Send]	npc_req 2 40290
[00:48:33]	[Recv]	mv 2 40294 54 125 4

[00:48:33]	[Recv]	npc_req 2 40290 11005

[00:48:33]	[Send]	ncif 2 40290
[00:48:34]	[Recv]	st 2 40290 90 0 100 100 19775 2775 19775 2775 0

[00:48:34]	[Recv]	mv 2 40298 60 128 4

[00:48:34]	[Recv]	mv 2 40297 60 132 4

[00:48:34]	[Recv]	pst 2 2557262 0 79 100 27330 7013 0 0 0

[00:48:34]	[Recv]	pst 2 2557249 1 100 100 42830 3622 0 0 0

[00:48:34]	[Recv]	mv 2 40296 56 130 4

[00:48:34]	[Send]	walk 118 49 0 25
[00:48:34]	[Recv]	mv 2 40294 55 125 4

[00:48:34]	[Recv]	stat 62920 75191 8733 17265 0 1316

[00:48:34]	[Send]	ncif 2 40290
[00:48:35]	[Recv]	mv 2 40300 66 127 4

[00:48:35]	[Recv]	st 2 40290 90 0 100 100 19775 2775 19775 2775 0

[00:48:35]	[Send]	walk 117 44 0 25
[00:48:35]	[Recv]	mv 2 40298 58 130 4

[00:48:35]	[Recv]	mv 2 40297 59 131 4

[00:48:35]	[Recv]	pst 2 2557262 0 80 100 27506 7013 0 0 0

[00:48:35]	[Recv]	pst 2 2557249 1 100 100 42830 3622 0 0 0

[00:48:35]	[Recv]	mv 2 40296 55 132 4

[00:48:35]	[Recv]	mv 2 40295 56 131 4

[00:48:35]	[Send]	walk 116 38 1 25
[00:48:35]	[Send]	ncif 2 40301
[00:48:35]	[Recv]	st 2 40301 90 0 100 100 19775 2775 19775 2775 0

[00:48:35]	[Send]	walk 116 35 1 25
[00:48:36]	[Recv]	mv 2 40299 63 130 4

[00:48:36]	[Recv]	mv 2 40298 60 129 4

[00:48:36]	[Recv]	pst 2 2557262 0 80 100 27506 7013 0 0 0

[00:48:36]	[Recv]	pst 2 2557249 1 100 100 42830 3622 0 0 0

[00:48:36]	[Recv]	mv 2 40295 56 132 4

[00:48:36]	[Recv]	msgi2 0 905 14 •Sarah 2514 

[00:48:36]	[Recv]	mv 2 40294 56 124 4

[00:48:36]	[Recv]	stat 63096 75191 8733 17265 0 1316

[00:48:36]	[Recv]	stat 63096 75191 8850 17265 0 1316

[00:48:36]	[Send]	ncif 2 40301
[00:48:36]	[Recv]	st 2 40301 90 0 100 100 19775 2775 19775 2775 0

[00:48:36]	[Send]	walk 117 32 0 25
[00:48:37]	[Recv]	pst 2 2557262 0 81 100 27682 7013 0 0 0

[00:48:37]	[Recv]	pst 2 2557249 1 100 100 42830 3622 0 0 0

[00:48:37]	[Send]	npc_req 2 40301
[00:48:37]	[Recv]	npc_req 2 40301 11002

[00:48:37]	[Recv]	mv 2 40294 54 124 4

[00:48:37]	[Send]	ncif 2 40301
[00:48:37]	[Recv]	st 2 40301 90 0 100 100 19775 2775 19775 2775 0

[00:48:38]	[Recv]	mv 2 40299 62 131 4

[00:48:38]	[Recv]	mv 2 40298 58 130 4

[00:48:38]	[Recv]	mv 2 40297 60 131 4

[00:48:38]	[Recv]	pst 2 2557262 0 81 100 27682 7013 0 0 0

[00:48:38]	[Recv]	pst 2 2557249 1 100 100 42830 3622 0 0 0

[00:48:38]	[Recv]	mv 2 40295 55 131 4

[00:48:38]	[Send]	n_run 14 118 2 40301
[00:48:38]	[Recv]	mv 2 40294 56 125 4

[00:48:38]	[Recv]	m_list 2 5746 3233 3234 3235 441 2362 4445 9352 9781 5350 -100

[00:48:38]	[Recv]	wopen  27 0 0 0

[00:48:38]	[Recv]	stat 63272 75191 8850 17265 0 1316

[00:48:38]	[Send]	ncif 2 40301
[00:48:38]	[Recv]	st 2 40301 90 0 100 100 19775 2775 19775 2775 0

[00:48:39]	[Recv]	mv 2 40300 66 128 4

[00:48:39]	[Recv]	mv 2 40299 64 132 4

[00:48:39]	[Send]	pdtse 1 441
[00:48:39]	[Recv]	pst 2 2557262 0 81 100 27858 7013 0 0 0

[00:48:39]	[Recv]	pst 2 2557249 1 100 100 42830 3622 0 0 0

[00:48:39]	[Recv]	m_list 3 1 2361 50 0
[00:48:39]	[Send]	pdtse 1 5350
[00:48:39]	[Recv]	mv 2 40294 55 126 4

[00:48:39]	[Recv]	m_list 3 1 2361 9 0
[00:48:39]	[Send]	ncif 2 40301
[00:48:39]	[Send]	pdtse 1 9781
[00:48:39]	[Recv]	st 2 40301 90 0 100 100 19775 2775 19775 2775 0

[00:48:40]	[Recv]	mv 2 40300 67 128 4

[00:48:40]	[Recv]	m_list 3 1 2361 40 0
[00:48:40]	[Send]	pdtse 1 3235
[00:48:40]	[Recv]	mv 2 40298 59 130 4

[00:48:40]	[Recv]	mv 2 40297 60 129 4

[00:48:40]	[Recv]	pst 2 2557262 0 81 100 27858 7013 0 0 0

[00:48:40]	[Recv]	pst 2 2557249 1 100 100 42830 3622 0 0 0

[00:48:40]	[Recv]	m_list 3 1 2361 7 0
[00:48:40]	[Recv]	mv 2 40296 53 130 4

[00:48:40]	[Send]	pdtse 1 3234
[00:48:40]	[Recv]	mv 2 40294 53 128 4

[00:48:40]	[Recv]	m_list 3 1 2361 5 0
[00:48:40]	[Recv]	stat 63448 75191 8850 17265 0 1316

[00:48:40]	[Recv]	stat 63448 75191 8967 17265 0 1316

[00:48:40]	[Send]	ncif 2 40301
[00:48:40]	[Send]	pdtse 1 9352
[00:48:40]	[Recv]	rest 1 6916712 0

[00:48:41]	[Recv]	mv 2 40300 65 126 4

[00:48:41]	[Recv]	mv 2 40299 63 131 4

[00:48:41]	[Recv]	st 2 40301 90 0 100 100 19775 2775 19775 2775 0

[00:48:41]	[Recv]	m_list 3 1 2361 100 0
[00:48:41]	[Recv]	mv 2 40298 59 129 4

[00:48:41]	[Recv]	pst 2 2557262 0 82 100 28034 7013 0 0 0

[00:48:41]	[Recv]	pst 2 2557249 1 100 100 42830 3622 0 0 0

[00:48:41]	[Send]	pdtse 1 4445
[00:48:41]	[Recv]	m_list 3 1 2361 200 0
[00:48:41]	[Recv]	mv 2 40294 54 128 4

[00:48:41]	[Send]	pdtse 1 3233
[00:48:41]	[Send]	ncif 2 40301
[00:48:41]	[Recv]	m_list 3 1 2361 3 0
[00:48:42]	[Send]	pdtse 1 5746
[00:48:42]	[Recv]	mv 2 40300 63 125 4

[00:48:42]	[Recv]	mv 2 40299 62 130 4

[00:48:42]	[Recv]	st 2 40301 90 0 100 100 19775 2775 19775 2775 0

[00:48:42]	[Recv]	m_list 3 1 2361 3 0
[00:48:42]	[Send]	pdtse 1 2362
[00:48:42]	[Recv]	pst 2 2557262 0 82 100 28034 7013 0 0 0

[00:48:42]	[Recv]	pst 2 2557249 1 100 100 42830 3622 0 0 0

[00:48:42]	[Recv]	m_list 3 1 2361 60 0
[00:48:42]	[Recv]	mv 2 40294 54 127 4

[00:48:42]	[Recv]	stat 63624 75191 8967 17265 0 1316

[00:48:42]	[Send]	pdtclose
[00:48:42]	[Send]	ncif 2 40301
[00:48:43]	[Recv]	st 2 40301 90 0 100 100 19775 2775 19775 2775 0

[00:48:43]	[Send]	npc_req 2 40301
[00:48:43]	[Recv]	mv 2 40298 61 130 4

[00:48:43]	[Recv]	mv 2 40297 59 130 4

[00:48:43]	[Recv]	pst 2 2557262 0 82 100 28210 7013 0 0 0

[00:48:43]	[Recv]	pst 2 2557249 1 100 100 42830 3622 0 0 0

[00:48:43]	[Recv]	npc_req 2 40301 11002

[00:48:43]	[Recv]	mv 2 40296 55 132 4

[00:48:43]	[Recv]	mv 2 40294 54 128 4

[00:48:43]	[Send]	ncif 2 40301
[00:48:44]	[Recv]	mv 2 40300 64 126 4

[00:48:44]	[Recv]	mv 2 40299 64 132 4

[00:48:44]	[Recv]	st 2 40301 90 0 100 100 19775 2775 19775 2775 0

[00:48:44]	[Send]	walk 111 38 0 25
[00:48:44]	[Recv]	pst 2 2557262 0 82 100 28210 7013 0 0 0

[00:48:44]	[Recv]	pst 2 2557249 1 100 100 42830 3622 0 0 0

[00:48:44]	[Send]	walk 108 38 0 25
[00:48:44]	[Recv]	mv 2 40296 54 131 4

[00:48:44]	[Recv]	mv 2 40295 53 129 4

[00:48:44]	[Send]	walk 106 38 0 25
[00:48:44]	[Recv]	stat 63800 75191 8967 17265 0 1316

[00:48:44]	[Recv]	stat 63800 75191 9084 17265 0 1316

[00:48:44]	[Send]	walk 105 38 0 25
[00:48:44]	[Send]	ncif 2 40301
[00:48:44]	[Send]	walk 103 38 0 25
[00:48:45]	[Recv]	st 2 40301 90 0 100 100 19775 2775 19775 2775 0

[00:48:45]	[Send]	walk 100 40 0 25
[00:48:45]	[Recv]	mv 2 40298 60 129 4

[00:48:45]	[Recv]	mv 2 40297 57 129 4

[00:48:45]	[Recv]	pst 2 2557262 0 83 100 28386 7013 0 0 0

[00:48:45]	[Recv]	pst 2 2557249 1 100 100 42830 3622 0 0 0

[00:48:45]	[Send]	walk 99 41 0 25
[00:48:45]	[Send]	walk 99 40 1 25
[00:48:45]	[Recv]	mv 2 40294 56 126 4

[00:48:46]	[Send]	walk 95 42 0 25
[00:48:46]	[Recv]	mv 2 40299 64 130 4

[00:48:46]	[Recv]	mv 2 40298 59 127 4

[00:48:46]	[Recv]	pst 2 2557262 0 83 100 28386 7013 0 0 0

[00:48:46]	[Recv]	pst 2 2557249 1 100 100 42830 3622 0 0 0

[00:48:46]	[Send]	walk 93 43 1 25
[00:48:46]	[Recv]	mv 2 40296 56 132 4

[00:48:46]	[Send]	ncif 2 40308
[00:48:46]	[Recv]	mv 2 40294 55 124 4

[00:48:46]	[Recv]	st 2 40308 90 0 100 100 19775 2775 19775 2775 0

[00:48:46]	[Send]	walk 98 35 1 25
[00:48:46]	[Recv]	stat 63976 75191 9084 17265 0 1316

[00:48:46]	[Send]	walk 96 40 1 25
[00:48:46]	[Send]	walk 97 39 1 25
[00:48:47]	[Send]	npc_req 2 40308
[00:48:47]	[Recv]	mv 2 40298 60 129 4

[00:48:47]	[Recv]	mv 2 40297 57 131 4

[00:48:47]	[Recv]	pst 2 2557262 0 83 100 28562 7013 0 0 0

[00:48:47]	[Recv]	pst 2 2557249 1 100 100 42830 3622 0 0 0

[00:48:47]	[Recv]	npc_req 2 40308 11020

[00:48:47]	[Recv]	mv 2 40296 54 131 4

[00:48:47]	[Recv]	mv 2 40295 54 130 4

[00:48:47]	[Send]	ncif 2 40308
[00:48:47]	[Recv]	st 2 40308 90 0 100 100 19775 2775 19775 2775 0

[00:48:47]	[Send]	shopping 0 0 2 40308
[00:48:47]	[Recv]	n_inv 2 40308 0 100 0.0.4515.0.0.80000 0.1.4516.0.0.80000 0.2.4519.0.0.80000 0.3.4520.0.0.80000 0.4.4523.0.0.80000 0.5.4524.0.0.80000 2.6.2050.-1.400 2.7.2051.-1.400 2.8.2052.-1.400 2.9.2053.-1.400 2.10.2054.-1.400 2.11.2055.-1.400 2.12.2056.-1.400 2.13.2057.-1.400 2.14.2058.-1.400

[00:48:48]	[Send]	shopclose
[00:48:48]	[Recv]	mv 2 40298 62 128 4

[00:48:48]	[Recv]	mv 2 40297 58 132 4

[00:48:48]	[Recv]	pst 2 2557262 0 83 100 28562 7013 0 0 0

[00:48:48]	[Recv]	pst 2 2557249 1 100 100 42830 3622 0 0 0

[00:48:48]	[Send]	walk 88 41 0 25
[00:48:48]	[Recv]	mv 2 40295 56 132 4

[00:48:48]	[Send]	walk 86 41 1 25
[00:48:48]	[Send]	walk 85 41 0 25
[00:48:48]	[Recv]	stat 64152 75191 9084 17265 0 1316

[00:48:48]	[Recv]	stat 64152 75191 9201 17265 0 1316

[00:48:49]	[Recv]	mv 2 40300 63 126 4

[00:48:49]	[Recv]	mv 2 40299 62 132 4

[00:48:49]	[Recv]	mv 2 40297 60 130 4

[00:48:49]	[Recv]	pst 2 2557262 0 84 100 28738 7013 0 0 0

[00:48:49]	[Recv]	pst 2 2557249 1 100 100 42830 3622 0 0 0

[00:48:49]	[Send]	walk 80 44 1 25
[00:48:49]	[Send]	ncif 2 40310
[00:48:49]	[Recv]	mv 2 40294 54 124 4

[00:48:49]	[Recv]	st 2 40310 90 0 100 100 19775 2775 19775 2775 0

[00:48:49]	[Recv]	eff 1 7107564 870

[00:48:49]	[Send]	walk 79 44 0 25
[00:48:50]	[Recv]	mv 2 40298 60 128 4

[00:48:50]	[Recv]	mv 2 40297 59 131 4

[00:48:50]	[Recv]	pst 2 2557262 0 84 100 28738 7013 0 0 0

[00:48:50]	[Recv]	pst 2 2557249 1 100 100 42830 3622 0 0 0

[00:48:50]	[Send]	npc_req 2 40310
[00:48:50]	[Recv]	mv 2 40295 56 130 4

[00:48:50]	[Recv]	npc_req 2 40310 11014

[00:48:50]	[Send]	ncif 2 40310
[00:48:50]	[Recv]	st 2 40310 90 0 100 100 19775 2775 19775 2775 0

[00:48:50]	[Recv]	stat 64328 75191 9201 17265 0 1316

[00:48:50]	[Send]	shopping 0 0 2 40310
[00:48:51]	[Recv]	mv 2 40300 64 126 4

[00:48:51]	[Recv]	mv 2 40299 63 133 4

[00:48:51]	[Recv]	n_inv 2 40310 0 100 2.0.2070.-1.300 2.1.2071.-1.600 2.2.2072.-1.400 2.3.2089.-1.2500 2.4.2329.-1.2500 2.5.2664.-1.5000 2.6.2665.-1.5000 2.7.2170.-1.25000 2.8.2156.-1.90000 1.9.1072.-1.5000 1.10.1036.-1.500 1.11.1037.-1.500 1.12.1038.-1.500 2.13.2085.-1.230 2.14.2087.-1.1200 2.15.2030.-1.1000 2.16.2098.-1.100 2.17.2102.-1.120 2.18.2029.-1.500 2.19.2097.-1.100 1.20.9257.-1.5000000 1.21.9248.-1.1000 1.22.9249.-1.1000 1.23.9250.-1.1000 1.24.9251.-1.1000 1.25.9252.-1.1000 1.26.9258.-1.1000 1.27.9259.-1.1000 2.28.2718.-1.1000

[00:48:51]	[Recv]	mv 2 40297 57 131 4

[00:48:51]	[Recv]	pst 2 2557262 0 84 100 28914 7013 0 0 0

[00:48:51]	[Recv]	pst 2 2557249 1 100 100 42830 3622 0 0 0

[00:48:51]	[Recv]	mv 2 40296 56 131 4

[00:48:51]	[Recv]	mv 2 40295 54 131 4

[00:48:51]	[Send]	ncif 2 40310
[00:48:51]	[Recv]	mv 2 40294 54 125 4

[00:48:51]	[Recv]	st 2 40310 90 0 100 100 19775 2775 19775 2775 0

[00:48:52]	[Recv]	mv 2 40300 65 124 4

[00:48:52]	[Recv]	mv 2 40299 62 131 4

[00:48:52]	[Send]	n_run 12 8 2 40310
[00:48:52]	[Recv]	mv 2 40298 61 127 4

[00:48:52]	[Recv]	mv 2 40297 59 132 4

[00:48:52]	[Recv]	pst 2 2557262 0 84 100 28914 7013 0 0 0

[00:48:52]	[Recv]	pst 2 2557249 1 100 100 42830 3622 0 0 0

[00:48:52]	[Recv]	wopen  8 0 0 0

[00:48:52]	[Recv]	mv 2 40296 56 130 4

[00:48:52]	[Send]	n_run 14 17 2 40310
[00:48:52]	[Recv]	m_list 2 5763 5764 1003 1004 1006 1007 180 181 2127 1242 1243 1244 -100

[00:48:52]	[Recv]	wopen  27 0 0 0

[00:48:52]	[Send]	ncif 2 40310
[00:48:52]	[Recv]	mv 2 40294 52 126 4

[00:48:52]	[Recv]	stat 64504 75191 9201 17265 0 1316

[00:48:52]	[Recv]	stat 64504 75191 9318 17265 0 1316

[00:48:52]	[Recv]	st 2 40310 90 0 100 100 19775 2775 19775 2775 0

[00:48:52]	[Send]	n_run 12 9 2 40310
[00:48:52]	[Recv]	wopen  9 0 0 0

[00:48:52]	[Send]	pdtclose
[00:48:53]	[Recv]	mv 2 40299 63 131 4

[00:48:53]	[Recv]	mv 2 40298 62 128 4

[00:48:53]	[Recv]	mv 2 40297 61 133 4

[00:48:53]	[Recv]	pst 2 2557262 0 85 100 29090 7013 0 0 0

[00:48:53]	[Recv]	pst 2 2557249 1 100 100 42830 3622 0 0 0

[00:48:53]	[Send]	n_run 14 17 2 40310
[00:48:53]	[Recv]	mv 2 40296 55 131 4

[00:48:53]	[Recv]	mv 2 40295 54 130 4

[00:48:53]	[Recv]	m_list 2 5763 5764 1003 1004 1006 1007 180 181 2127 1242 1243 1244 -100

[00:48:53]	[Recv]	wopen  27 0 0 0

[00:48:53]	[Send]	ncif 2 40310
[00:48:53]	[Recv]	mv 2 40294 54 125 4

[00:48:53]	[Recv]	st 2 40310 90 0 100 100 19775 2775 19775 2775 0

[00:48:53]	[Send]	pdtse 1 5763
[00:48:54]	[Recv]	mv 2 40300 67 124 4

[00:48:54]	[Recv]	m_list 3 1 2029 1 2098 30 2097 15 2402 20 0
[00:48:54]	[Send]	pdtse 1 5764
[00:48:54]	[Recv]	mv 2 40297 59 132 4

[00:48:54]	[Recv]	pst 2 2557262 0 85 100 29090 7013 0 0 0

[00:48:54]	[Recv]	pst 2 2557249 1 100 100 42830 3622 0 0 0

[00:48:54]	[Recv]	m_list 3 1 5763 2 2098 20 2097 10 0
[00:48:54]	[Recv]	mv 2 40295 56 128 4

[00:48:54]	[Send]	ncif 2 40310
[00:48:54]	[Recv]	eff 1 7107564 870

[00:48:54]	[Send]	pdtse 1 1003
[00:48:54]	[Recv]	stat 64680 75191 9318 17265 0 1316

[00:48:54]	[Recv]	st 2 40310 90 0 100 100 19775 2775 19775 2775 0

[00:48:54]	[Recv]	m_list 3 10 2029 5 2097 8 2098 15 2099 10 0
[00:48:55]	[Send]	pdtse 1 1004
[00:48:55]	[Recv]	pst 2 2557262 0 85 100 29266 7013 0 0 0

[00:48:55]	[Recv]	pst 2 2557249 1 100 100 42830 3622 0 0 0

[00:48:55]	[Recv]	m_list 3 10 2029 10 2097 10 2098 20 2099 18 0
[00:48:55]	[Recv]	mv 2 40296 57 133 4

[00:48:55]	[Send]	pdtse 1 1006
[00:48:55]	[Recv]	mv 2 40294 53 124 4

[00:48:55]	[Recv]	m_list 3 10 2029 5 2097 8 2098 15 2100 10 0
[00:48:55]	[Send]	ncif 2 40310
[00:48:55]	[Recv]	st 2 40310 90 0 100 100 19775 2775 19775 2775 0

[00:48:55]	[Send]	pdtse 1 1242
[00:48:56]	[Recv]	mv 2 40300 65 125 4

[00:48:56]	[Recv]	mv 2 40299 65 131 4

[00:48:56]	[Recv]	m_list 3 10 1011 30 2029 20 2097 20 2196 3 0
[00:48:56]	[Recv]	drop 2413 8020498 71 44 1 0 0

[00:48:56]	[Send]	pdtse 1 2127
[00:48:56]	[Recv]	mv 2 40298 60 126 4

[00:48:56]	[Recv]	pst 2 2557262 0 85 100 29266 7013 0 0 0

[00:48:56]	[Recv]	pst 2 2557249 1 100 100 42830 3622 0 0 0

[00:48:56]	[Recv]	m_list 3 1 2003 5 2032 4 2097 5 2099 5 0
[00:48:56]	[Recv]	get 1 7107564 8020498 0

[00:48:56]	[Send]	pdtse 1 181
[00:48:56]	[Recv]	mv 2 40294 54 124 4

[00:48:56]	[Send]	ncif 2 40310
[00:48:56]	[Recv]	stat 64856 75191 9318 17265 0 1316

[00:48:56]	[Recv]	stat 64856 75191 9435 17265 0 1316

[00:48:56]	[Recv]	m_list 3 1 2010 2 2030 1 2101 1 0
[00:48:56]	[Recv]	st 2 40310 90 0 100 100 19775 2775 19775 2775 0

[00:48:56]	[Send]	pdtse 1 180
[00:48:57]	[Recv]	mv 2 40300 65 126 4

[00:48:57]	[Recv]	mv 2 40299 64 133 4

[00:48:57]	[Recv]	m_list 3 1 2010 2 2030 1 2101 1 0
[00:48:57]	[Recv]	mv 2 40298 62 128 4

[00:48:57]	[Recv]	pst 2 2557262 0 86 100 29442 7013 0 0 0

[00:48:57]	[Recv]	pst 2 2557249 1 100 100 42830 3622 0 0 0

[00:48:57]	[Send]	pdtse 1 1007
[00:48:57]	[Recv]	mv 2 40295 54 129 4

[00:48:57]	[Recv]	m_list 3 10 2029 10 2097 10 2098 20 2100 18 0
[00:48:57]	[Send]	ncif 2 40310
[00:48:57]	[Send]	pdtse 1 1243
[00:48:57]	[Recv]	st 2 40310 90 0 100 100 19775 2775 19775 2775 0

[00:48:57]	[Recv]	m_list 3 10 1011 20 2029 20 2097 20 2194 3 0
[00:48:58]	[Send]	pdtse 1 1244
[00:48:58]	[Recv]	m_list 3 10 1011 40 2029 20 2097 20 2193 3 2195 3 0
[00:48:58]	[Recv]	mv 2 40298 60 127 4

[00:48:58]	[Recv]	pst 2 2557262 0 86 100 29442 7013 0 0 0

[00:48:58]	[Recv]	pst 2 2557249 1 100 100 42830 3622 0 0 0

[00:48:58]	[Recv]	mv 2 40295 53 128 4

[00:48:58]	[Send]	n_run 12 9 2 40310
[00:48:58]	[Recv]	wopen  9 0 0 0

[00:48:58]	[Send]	pdtclose
[00:48:58]	[Send]	ncif 2 40310
[00:48:58]	[Recv]	stat 65032 75191 9435 17265 0 1316

[00:48:58]	[Recv]	st 2 40310 90 0 100 100 19775 2775 19775 2775 0

[00:48:58]	[Send]	n_run 12 41 2 40310
[00:48:59]	[Recv]	mv 2 40299 62 133 4

[00:48:59]	[Recv]	wopen  41 0 0 0

[00:48:59]	[Recv]	mv 2 40298 60 128 4

[00:48:59]	[Recv]	pst 2 2557262 0 86 100 29618 7013 0 0 0

[00:48:59]	[Recv]	pst 2 2557249 1 100 100 42830 3622 0 0 0

[00:48:59]	[Recv]	mv 2 40295 53 129 4

[00:48:59]	[Recv]	eff 1 7107564 870

[00:48:59]	[Send]	ncif 2 40310
[00:48:59]	[Recv]	st 2 40310 90 0 100 100 19775 2775 19775 2775 0

[00:48:59]	[Send]	n_run 12 93 2 40310
[00:48:59]	[Recv]	wopen  93 0 0 0

[00:49:00]	[Recv]	mv 2 40300 66 125 4

[00:49:00]	[Recv]	mv 2 40298 58 127 4

[00:49:00]	[Recv]	pst 2 2557262 0 86 100 29618 7013 0 0 0

[00:49:00]	[Recv]	pst 2 2557249 1 100 100 42830 3622 0 0 0

[00:49:00]	[Recv]	mv 2 40295 55 129 4

[00:49:00]	[Recv]	mv 2 40294 53 124 4

[00:49:00]	[Recv]	stat 65208 75191 9435 17265 0 1316

[00:49:00]	[Recv]	stat 65208 75191 9552 17265 0 1316

[00:49:00]	[Recv]	guri 2 1 7107564 0

[00:49:00]	[Send]	ncif 2 40306
[00:49:00]	[Recv]	st 2 40306 90 0 100 100 19775 2775 19775 2775 0

[00:49:00]	[Send]	walk 74 44 1 25
[00:49:01]	[Recv]	mv 2 40300 66 124 4

[00:49:01]	[Recv]	mv 2 40299 64 132 4

[00:49:01]	[Recv]	pst 2 2557262 0 87 100 29794 7013 0 0 0

[00:49:01]	[Recv]	pst 2 2557249 1 100 100 42830 3622 0 0 0

[00:49:01]	[Send]	npc_req 2 40306
[00:49:01]	[Recv]	npc_req 2 40306 11006

[00:49:01]	[Recv]	mv 2 40294 53 126 4

[00:49:01]	[Send]	ncif 2 40306
[00:49:01]	[Send]	n_run 14 119 2 40306
[00:49:01]	[Recv]	st 2 40306 90 0 100 100 19775 2775 19775 2775 0

[00:49:02]	[Recv]	m_list 2 5792 5793 5790 5791 9764 -100

[00:49:02]	[Recv]	wopen  27 0 0 0

[00:49:02]	[Recv]	mv 2 40298 60 128 4

[00:49:02]	[Recv]	mv 2 40297 58 133 4

[00:49:02]	[Recv]	pst 2 2557262 0 87 100 29794 7013 0 0 0

[00:49:02]	[Recv]	pst 2 2557249 1 100 100 42830 3622 0 0 0

[00:49:02]	[Recv]	mv 2 40295 55 128 4

[00:49:02]	[Send]	pdtse 1 5792
[00:49:02]	[Recv]	mv 2 40294 55 127 4

[00:49:02]	[Recv]	stat 65384 75191 9552 17265 0 1316

[00:49:02]	[Recv]	m_list 3 1 2411 10 2459 30 2416 50 2464 30 2413 1 0
[00:49:02]	[Send]	ncif 2 40306
[00:49:02]	[Recv]	st 2 40306 90 0 100 100 19775 2775 19775 2775 0

[00:49:03]	[Recv]	mv 2 40300 64 124 4

[00:49:03]	[Send]	pdtse 1 5793
[00:49:03]	[Recv]	pst 2 2557262 0 87 100 29970 7013 0 0 0

[00:49:03]	[Recv]	pst 2 2557249 1 100 100 42830 3622 0 0 0

[00:49:03]	[Recv]	m_list 3 1 2411 10 2459 30 2416 50 2466 30 2412 1 0
[00:49:03]	[Recv]	mv 2 40296 57 134 4

[00:49:03]	[Recv]	mv 2 40294 55 126 4

[00:49:03]	[Send]	pdtse 1 5790
[00:49:03]	[Send]	ncif 2 40306
[00:49:03]	[Recv]	m_list 3 1 2411 10 2459 30 2366 50 2406 30 2413 1 0
[00:49:03]	[Recv]	st 2 40306 90 0 100 100 19775 2775 19775 2775 0

[00:49:04]	[Recv]	mv 2 40299 65 131 4

[00:49:04]	[Send]	pdtse 1 5791
[00:49:04]	[Recv]	pst 2 2557262 0 87 100 29970 7013 0 0 0

[00:49:04]	[Recv]	pst 2 2557249 1 100 100 42830 3622 0 0 0

[00:49:04]	[Recv]	m_list 3 1 2411 10 2459 30 2410 50 5762 30 2412 1 0
[00:49:04]	[Send]	pulse 60 4
[00:49:04]	[Recv]	umi 5060.257 9028.376

[00:49:04]	[Recv]	eff 1 7107564 870

[00:49:04]	[Recv]	stat 65560 75191 9552 17265 0 1316

[00:49:04]	[Recv]	stat 65560 75191 9669 17265 0 1316

[00:49:04]	[Send]	pdtse 1 9764
[00:49:04]	[Send]	ncif 2 40306
[00:49:04]	[Recv]	m_list 3 1 2411 10 2483 80 2416 30 2484 1 2482 1 0
[00:49:04]	[Recv]	st 2 40306 90 0 100 100 19775 2775 19775 2775 0

[00:49:05]	[Recv]	mv 2 40300 63 125 4

[00:49:05]	[Recv]	mv 2 40298 61 129 4

[00:49:05]	[Recv]	mv 2 40297 60 131 4

[00:49:05]	[Recv]	pst 2 2557262 0 88 100 30146 7013 0 0 0

[00:49:05]	[Recv]	pst 2 2557249 1 100 100 42830 3622 0 0 0

[00:49:05]	[Send]	n_run 12 82 2 40306
[00:49:05]	[Recv]	mv 2 40294 55 127 4

[00:49:05]	[Recv]	wopen  82 0 0 0

[00:49:05]	[Send]	pdtclose
[00:49:05]	[Send]	ncif 2 40306
[00:49:05]	[Recv]	guri 6 1 7107564 0 0

[00:49:06]	[Recv]	mv 2 40299 64 131 4

[00:49:06]	[Recv]	st 2 40306 90 0 100 100 19775 2775 19775 2775 0

[00:49:06]	[Send]	n_run 12 81 2 40306
[00:49:06]	[Recv]	mv 2 40297 59 133 4

[00:49:06]	[Recv]	pst 2 2557262 0 88 100 30146 7013 0 0 0

[00:49:06]	[Recv]	pst 2 2557249 1 100 100 42830 3622 0 0 0

[00:49:06]	[Recv]	wopen  81 0 0 0

[00:49:06]	[Recv]	mv 2 40295 53 129 4

[00:49:06]	[Recv]	stat 65736 75191 9669 17265 0 1316

[00:49:06]	[Recv]	qnamli2 100 #rl 1646 11 2514 •Sarah

[00:49:06]	[Send]	ncif 2 40306
[00:49:07]	[Send]	walk 65 46 0 25
[00:49:07]	[Recv]	mv 2 40299 65 130 4

[00:49:07]	[Recv]	st 2 40306 90 0 100 100 19775 2775 19775 2775 0

[00:49:07]	[Recv]	pst 2 2557262 0 88 100 30322 7013 0 0 0

[00:49:07]	[Recv]	pst 2 2557249 1 100 100 42830 3622 0 0 0

[00:49:07]	[Send]	walk 64 47 0 25
[00:49:07]	[Send]	walk 62 47 1 25
[00:49:07]	[Recv]	mv 2 40295 54 128 4

[00:49:07]	[Send]	walk 61 47 0 25
[00:49:07]	[Send]	walk 59 47 1 25
[00:49:07]	[Send]	walk 57 47 0 25
[00:49:08]	[Recv]	mv 2 40300 65 126 4

[00:49:08]	[Recv]	guri 2 1 7074610 0

[00:49:08]	[Send]	walk 57 49 1 25
[00:49:08]	[Recv]	pst 2 2557262 0 88 100 30322 7013 0 0 0

[00:49:08]	[Recv]	pst 2 2557249 1 100 100 42830 3622 0 0 0

[00:49:08]	[Send]	walk 55 49 0 25
[00:49:08]	[Send]	walk 54 50 0 25
[00:49:08]	[Recv]	mv 2 40295 55 130 4

[00:49:08]	[Send]	walk 52 49 0 25
[00:49:08]	[Recv]	mv 2 40294 53 127 4

[00:49:08]	[Recv]	stat 65912 75191 9669 17265 0 1316

[00:49:08]	[Recv]	stat 65912 75191 9786 17265 0 1316

[00:49:08]	[Send]	walk 50 50 1 25
[00:49:08]	[Send]	walk 49 50 0 25
[00:49:09]	[Recv]	mv 2 40298 61 130 4

[00:49:09]	[Recv]	pst 2 2557262 0 89 100 30498 7013 0 0 0

[00:49:09]	[Recv]	pst 2 2557249 1 100 100 42830 3622 0 0 0

[00:49:09]	[Send]	walk 47 45 0 25
[00:49:09]	[Recv]	mv 2 40295 55 129 4

[00:49:09]	[Recv]	mv 2 40294 54 127 4

[00:49:09]	[Send]	walk 46 45 1 25
[00:49:10]	[Recv]	mv 2 40299 64 130 4

[00:49:10]	[Recv]	mv 2 40297 59 131 4

[00:49:10]	[Recv]	pst 2 2557262 0 89 100 30498 7013 0 0 0

[00:49:10]	[Recv]	pst 2 2557249 1 100 100 42830 3622 0 0 0

[00:49:10]	[Send]	ncif 2 40307
[00:49:10]	[Recv]	mv 2 40296 57 133 4

[00:49:10]	[Recv]	mv 2 40295 55 130 4

[00:49:10]	[Send]	walk 46 46 0 25
[00:49:10]	[Recv]	st 2 40307 90 0 100 100 19775 2775 19775 2775 0

[00:49:10]	[Recv]	msgi2 0 905 14 SKudo 2514 

[00:49:10]	[Send]	npc_req 2 40307
[00:49:10]	[Recv]	stat 66088 75191 9786 17265 0 1316

[00:49:10]	[Recv]	npc_req 2 40307 11003

[00:49:11]	[Recv]	pst 2 2557262 0 89 100 30674 7013 0 0 0

[00:49:11]	[Recv]	pst 2 2557249 1 100 100 42830 3622 0 0 0

[00:49:11]	[Send]	shopping 0 0 2 40307
[00:49:11]	[Send]	ncif 2 40307
[00:49:11]	[Recv]	mv 2 40296 56 131 4

[00:49:11]	[Recv]	mv 2 40295 56 129 4

[00:49:11]	[Recv]	n_inv 2 40307 0 100 2.0.2082.-1.300 2.1.2083.-1.120

[00:49:11]	[Recv]	st 2 40307 90 0 100 100 19775 2775 19775 2775 0

[00:49:12]	[Recv]	mv 2 40298 60 129 4

[00:49:12]	[Recv]	pst 2 2557262 0 89 100 30674 7013 0 0 0

[00:49:12]	[Recv]	pst 2 2557249 1 100 100 42830 3622 0 0 0

[00:49:12]	[Recv]	drop 5792 8020599 70 44 1 0 0

[00:49:12]	[Send]	n_run 14 120 2 40307
[00:49:12]	[Send]	ncif 2 40307
[00:49:12]	[Recv]	mv 2 40295 55 129 4

[00:49:12]	[Recv]	m_list 2 2430 -100

[00:49:12]	[Recv]	wopen  27 0 0 0

[00:49:12]	[Recv]	st 2 40307 90 0 100 100 19775 2775 19775 2775 0

[00:49:12]	[Recv]	get 1 6916712 8020599 0

[00:49:12]	[Recv]	stat 66264 75191 9786 17265 0 1316

[00:49:12]	[Recv]	stat 66264 75191 9903 17265 0 1316

[00:49:12]	[Send]	n_run 12 0 2 40307
[00:49:12]	[Recv]	wopen  0 0 0 0

[00:49:12]	[Send]	pdtclose
[00:49:13]	[Recv]	mv 2 40300 66 124 4

[00:49:13]	[Recv]	mv 2 40298 62 129 4

[00:49:13]	[Recv]	mv 2 40297 60 132 4

[00:49:13]	[Recv]	pst 2 2557262 0 90 100 30850 7013 0 0 0

[00:49:13]	[Recv]	pst 2 2557249 1 100 100 42830 3622 0 0 0

[00:49:13]	[Send]	n_run 14 120 2 40307
[00:49:13]	[Recv]	mv 2 40295 57 131 4

[00:49:13]	[Recv]	m_list 2 2430 -100

[00:49:13]	[Recv]	wopen  27 0 0 0

[00:49:13]	[Send]	ncif 2 40307
[00:49:13]	[Recv]	st 2 40307 90 0 100 100 19775 2775 19775 2775 0

[00:49:13]	[Send]	pdtse 1 2430
[00:49:13]	[Recv]	m_list 3 1 2417 30 2811 1 0
[00:49:14]	[Recv]	mv 2 40298 62 128 4

[00:49:14]	[Recv]	pst 2 2557262 0 90 100 30850 7013 0 0 0

[00:49:14]	[Recv]	pst 2 2557249 1 100 100 42830 3622 0 0 0

[00:49:14]	[Send]	pdtclose
[00:49:14]	[Recv]	mv 2 40296 55 131 4

[00:49:14]	[Recv]	mv 2 40295 55 132 4

[00:49:14]	[Send]	ncif 2 40307
[00:49:14]	[Recv]	st 2 40307 90 0 100 100 19775 2775 19775 2775 0

[00:49:14]	[Send]	walk 44 47 1 25
[00:49:14]	[Recv]	stat 66440 75191 9903 17265 0 1316

[00:49:15]	[Recv]	mv 2 40300 66 125 4

[00:49:15]	[Recv]	mv 2 40299 62 131 4

[00:49:15]	[Send]	ncif 2 40311
[00:49:15]	[Recv]	qnamli2 100 #rl 1646 11 2514 SKudo

[00:49:15]	[Send]	npc_req 2 40311
[00:49:15]	[Recv]	mv 2 40298 61 126 4

[00:49:15]	[Recv]	pst 2 2557262 0 90 100 31026 7013 0 0 0

[00:49:15]	[Recv]	pst 2 2557249 1 100 100 42830 3622 0 0 0

[00:49:15]	[Recv]	st 2 40311 90 0 100 100 19775 2775 19775 2775 0

[00:49:15]	[Recv]	npc_req 2 40311 11009

[00:49:15]	[Recv]	mv 2 40295 56 130 4

[00:49:15]	[Send]	n_run 12 83 2 40311
[00:49:15]	[Recv]	mv 2 40294 56 128 4

[00:49:15]	[Recv]	wopen  83 0 0 0

[00:49:15]	[Recv]	guri 2 1 7074610 0

[00:49:16]	[Recv]	mv 2 40300 64 126 4

[00:49:16]	[Send]	ncif 2 40311
[00:49:16]	[Recv]	mv 2 40298 59 128 4

[00:49:16]	[Recv]	mv 2 40297 59 132 4

[00:49:16]	[Recv]	pst 2 2557262 0 90 100 31026 7013 0 0 0

[00:49:16]	[Recv]	pst 2 2557249 1 100 100 42830 3622 0 0 0

[00:49:16]	[Recv]	st 2 40311 90 0 100 100 19775 2775 19775 2775 0

[00:49:16]	[Send]	n_run 2 0 2 40311
[00:49:16]	[Recv]	mv 2 40296 54 131 4

[00:49:16]	[Recv]	wopen  1 0 0 0

[00:49:16]	[Recv]	msgi2 0 905 14 Kajutanafiuta 2049 

[00:49:16]	[Recv]	stat 66616 75191 9903 17265 0 1316

[00:49:16]	[Recv]	stat 66616 75191 10020 17265 0 1316

[00:49:16]	[Send]	n_run 12 7 2 40311
[00:49:16]	[Recv]	wopen  7 0 0 0

[00:49:17]	[Send]	ncif 2 40311
[00:49:17]	[Recv]	mv 2 40298 60 126 4

[00:49:17]	[Recv]	pst 2 2557262 0 91 100 31202 7013 0 0 0

[00:49:17]	[Recv]	pst 2 2557249 1 100 100 42830 3622 0 0 0

[00:49:17]	[Recv]	st 2 40311 90 0 100 100 19775 2775 19775 2775 0

[00:49:17]	[Send]	npc_req 2 40311
[00:49:17]	[Recv]	npc_req 2 40311 11009

[00:49:18]	[Recv]	mv 2 40299 63 132 4

[00:49:18]	[Send]	ncif 2 40311
[00:49:18]	[Recv]	mv 2 40297 58 133 4

[00:49:18]	[Recv]	pst 2 2557262 0 91 100 31202 7013 0 0 0

[00:49:18]	[Recv]	pst 2 2557249 1 100 100 42830 3622 0 0 0

[00:49:18]	[Recv]	st 2 40311 90 0 100 100 19775 2775 19775 2775 0

[00:49:18]	[Send]	walk 38 50 1 25
[00:49:18]	[Recv]	mv 2 40294 54 127 4

[00:49:18]	[Send]	ncif 2 40305
[00:49:18]	[Recv]	stat 66792 75191 10020 17265 0 1316

[00:49:18]	[Send]	walk 40 49 0 25
[00:49:18]	[Recv]	st 2 40305 1 0 100 100 221 60 221 60 0

[00:49:18]	[Send]	walk 39 50 0 25
[00:49:19]	[Send]	walk 39 50 0 25
[00:49:19]	[Send]	npc_req 2 40305
[00:49:19]	[Recv]	mv 2 40298 62 128 4

[00:49:19]	[Recv]	pst 2 2557262 0 91 100 31378 7013 0 0 0

[00:49:19]	[Recv]	pst 2 2557249 1 100 100 42830 3622 0 0 0

[00:49:19]	[Recv]	npc_req 2 40305 571

[00:49:19]	[Send]	ncif 2 40305
[00:49:19]	[Recv]	mv 2 40295 55 128 4

[00:49:19]	[Recv]	st 2 40305 1 0 100 100 221 60 221 60 0

[00:49:19]	[Send]	n_run 14 161 2 40305 0
[00:49:19]	[Recv]	msgi2 0 905 14 ~Dardy~ 3027 

[00:49:19]	[Recv]	m_list 2 2723 2724 2725 2726 2727 -101

[00:49:19]	[Recv]	wopen  99 0 0 0

[00:49:19]	[Recv]	mv 1 7107564 64 45 17

[00:49:19]	[Recv]	mv 2 2523825 65 43 14

[00:49:19]	[Recv]	mv 2 2523821 66 43 12

[00:49:20]	[Recv]	mv 2 40300 66 126 4

[00:49:20]	[Recv]	mv 2 40299 61 133 4

[00:49:20]	[Recv]	mv 2 40298 61 129 4

[00:49:20]	[Recv]	mv 2 40297 58 132 4

[00:49:20]	[Recv]	pst 2 2557262 0 91 100 31378 7013 0 0 0

[00:49:20]	[Recv]	pst 2 2557249 1 100 100 42830 3622 0 0 0

[00:49:20]	[Send]	pdtse 1 2723
[00:49:20]	[Send]	ncif 2 40305
[00:49:20]	[Recv]	m_list 3 3 8760 1 0
[00:49:20]	[Recv]	st 2 40305 1 0 100 100 221 60 221 60 0

[00:49:20]	[Recv]	mv 2 2523821 62 43 12

[00:49:20]	[Recv]	stat 66968 75191 10020 17265 0 1316

[00:49:20]	[Recv]	stat 66968 75191 10137 17265 0 1316

[00:49:20]	[Recv]	mv 1 7107564 59 48 17

[00:49:20]	[Send]	pdtse 1 2724
[00:49:20]	[Recv]	m_list 3 10 8761 1 0
[00:49:20]	[Recv]	mv 2 2523825 61 45 14

[00:49:20]	[Recv]	mv 2 2523821 62 46 12

[00:49:21]	[Recv]	mv 2 40299 62 133 4

[00:49:21]	[Recv]	mv 1 7107564 58 49 17

[00:49:21]	[Recv]	mv 2 2523825 62 47 14

[00:49:21]	[Recv]	mv 2 2523821 61 45 12

[00:49:21]	[Send]	pdtse 1 2725
[00:49:21]	[Recv]	mv 2 40298 60 128 4

[00:49:21]	[Recv]	mv 2 40297 59 131 4

[00:49:21]	[Recv]	pst 2 2557262 0 92 100 31554 7013 0 0 0

[00:49:21]	[Recv]	pst 2 2557249 1 100 100 42830 3622 0 0 0

[00:49:21]	[Recv]	mv 1 7107564 56 50 17

[00:49:21]	[Recv]	m_list 3 50 8762 1 0
[00:49:21]	[Recv]	mv 2 2523825 60 47 14

[00:49:21]	[Recv]	mv 2 2523821 61 46 12

[00:49:21]	[Recv]	mv 2 2523825 59 46 14

[00:49:21]	[Recv]	mv 2 2523821 60 47 12

[00:49:21]	[Send]	ncif 2 40305
[00:49:21]	[Recv]	st 2 40305 1 0 100 100 221 60 221 60 0

[00:49:21]	[Recv]	mv 1 7107564 54 51 17

[00:49:21]	[Send]	pdtse 1 2726
[00:49:21]	[Recv]	mv 2 2523825 59 48 14

[00:49:21]	[Recv]	mv 2 2523821 58 46 12

[00:49:21]	[Recv]	m_list 3 60 8763 1 0
[00:49:21]	[Recv]	mv 2 2523825 57 49 14

[00:49:22]	[Send]	pdtse 1 2727
[00:49:22]	[Recv]	mv 2 40299 62 132 4

[00:49:22]	[Recv]	mv 1 7107564 54 53 17

[00:49:22]	[Recv]	m_list 3 1 1429 20 0
[00:49:22]	[Recv]	mv 2 2523825 58 50 14

[00:49:22]	[Recv]	mv 2 2523821 59 49 12

[00:49:22]	[Recv]	mv 2 40297 58 130 4

[00:49:22]	[Recv]	pst 2 2557262 0 92 100 31554 7013 0 0 0

[00:49:22]	[Recv]	pst 2 2557249 1 100 100 42830 3622 0 0 0

[00:49:22]	[Recv]	mv 1 7107564 58 51 17

[00:49:22]	[Recv]	mv 2 2523825 60 50 14

[00:49:22]	[Recv]	mv 2 2523821 60 49 12

[00:49:22]	[Recv]	mv 1 7107564 59 50 17

[00:49:22]	[Send]	ncif 2 40305
[00:49:22]	[Recv]	st 2 40305 1 0 100 100 221 60 221 60 0

[00:49:22]	[Recv]	mv 2 2523825 63 49 14

[00:49:22]	[Recv]	mv 2 2523821 61 48 12

[00:49:22]	[Recv]	mv 2 40294 52 126 4

[00:49:22]	[Recv]	mv 1 7107564 62 48 17

[00:49:22]	[Send]	n_run 12 104 2 40305 0 117
[00:49:22]	[Recv]	stat 67144 75191 10137 17265 0 1316

[00:49:22]	[Recv]	wopen  104 0 117 0

[00:49:22]	[Send]	pdtclose
[00:49:22]	[Recv]	mv 1 7107564 64 48 17

[00:49:22]	[Recv]	mv 2 2523825 63 47 14

[00:49:22]	[Recv]	mv 2 2523821 64 48 12

[00:49:22]	[Recv]	mv 1 7107564 65 48 17

[00:49:23]	[Recv]	mv 2 40300 66 128 4

[00:49:23]	[Recv]	mv 2 2523825 66 47 14

[00:49:23]	[Recv]	mv 1 7107564 67 48 17

[00:49:23]	[Recv]	mv 2 40298 61 128 4

[00:49:23]	[Recv]	pst 2 2557262 0 92 100 31730 7013 0 0 0

[00:49:23]	[Recv]	pst 2 2557249 1 100 100 42830 3622 0 0 0

[00:49:23]	[Recv]	guri 2 1 7074610 0

[00:49:23]	[Recv]	mv 2 2523825 67 49 14

[00:49:23]	[Recv]	mv 2 2523821 66 47 12

[00:49:23]	[Recv]	mv 1 7107564 68 47 17

[00:49:23]	[Send]	ncif 2 40305
[00:49:23]	[Recv]	mv 2 2523825 68 48 14

[00:49:23]	[Recv]	mv 2 2523821 67 47 12

[00:49:23]	[Recv]	st 2 40305 1 0 100 100 221 60 221 60 0

[00:49:23]	[Recv]	mv 1 7107564 69 47 17

[00:49:23]	[Recv]	mv 2 2523825 68 46 14

[00:49:23]	[Recv]	mv 2 2523821 68 47 12

[00:49:23]	[Recv]	mv 1 7107564 70 47 17

[00:49:23]	[Recv]	mv 2 2523825 71 47 14

[00:49:23]	[Recv]	mv 2 2523821 69 47 12

[00:49:23]	[Send]	walk 32 50 1 25
[00:49:24]	[Recv]	mv 2 40300 66 126 4

[00:49:24]	[Recv]	mv 1 7107564 71 46 17

[00:49:24]	[Recv]	mv 2 2523825 70 46 14

[00:49:24]	[Recv]	mv 2 2523821 70 47 12

[00:49:24]	[Send]	ncif 2 40309
[00:49:24]	[Recv]	mv 2 40298 62 129 4

[00:49:24]	[Recv]	mv 2 40297 57 130 4

[00:49:24]	[Recv]	pst 2 2557262 0 92 100 31730 7013 0 0 0

[00:49:24]	[Recv]	pst 2 2557249 1 100 100 42830 3622 0 0 0

[00:49:24]	[Recv]	st 2 40309 90 0 100 100 19775 2775 19775 2775 0

[00:49:24]	[Recv]	mv 2 40296 53 130 4

[00:49:24]	[Recv]	mv 2 2523821 72 46 12

[00:49:24]	[Send]	npc_req 2 40309
[00:49:24]	[Recv]	stat 67320 75191 10137 17265 0 1316

[00:49:24]	[Recv]	stat 67320 75191 10254 17265 0 1316

[00:49:24]	[Recv]	npc_req 2 40309 11008

[00:49:25]	[Recv]	mv 2 40300 66 125 4

[00:49:25]	[Recv]	mv 2 40299 63 132 4

[00:49:25]	[Send]	shopping 0 0 2 40309
[00:49:25]	[Send]	ncif 2 40309
[00:49:25]	[Recv]	mv 2 40298 60 129 4

[00:49:25]	[Recv]	pst 2 2557262 0 93 100 31906 7013 0 0 0

[00:49:25]	[Recv]	pst 2 2557249 1 100 100 42830 3622 0 0 0

[00:49:25]	[Recv]	n_inv 2 40309 0 100 2.0.2018.-1.400 1.1.1375.-1.5000 1.2.1376.-1.10000 2.3.2028.-1.300 2.4.2077.-1.300 2.5.2078.-1.1000 2.6.2663.-1.6000 2.7.2079.-1.1500 2.8.2088.-1.5000 2.9.2295.-1.750 2.10.2467.-1.500 2.11.2123.-1.470 2.12.2294.-1.200

[00:49:25]	[Recv]	st 2 40309 90 0 100 100 19775 2775 19775 2775 0

[00:49:25]	[Recv]	mv 2 40296 54 130 4

[00:49:25]	[Recv]	mv 2 40294 53 125 4

[00:49:26]	[Recv]	mv 2 40300 66 126 4

[00:49:26]	[Recv]	mv 2 40299 62 133 4

[00:49:26]	[Send]	n_run 14 18 2 40309
[00:49:26]	[Send]	ncif 2 40309
[00:49:26]	[Recv]	mv 2 40298 62 129 4

[00:49:26]	[Recv]	pst 2 2557262 0 93 100 31906 7013 0 0 0

[00:49:26]	[Recv]	pst 2 2557249 1 100 100 42830 3622 0 0 0

[00:49:26]	[Recv]	m_list 2 2472 2473 2365 2403 2402 -100

[00:49:26]	[Recv]	wopen  27 0 0 0

[00:49:26]	[Recv]	st 2 40309 90 0 100 100 19775 2775 19775 2775 0

[00:49:26]	[Recv]	mv 2 40296 55 130 4

[00:49:26]	[Recv]	stat 67496 75191 10254 17265 0 1316

[00:49:27]	[Send]	pdtse 1 2472
[00:49:27]	[Recv]	mv 2 40300 66 124 4

[00:49:27]	[Recv]	m_list 3 5 2463 5 2295 5 0
[00:49:27]	[Send]	ncif 2 40309
[00:49:27]	[Recv]	mv 2 40298 60 128 4

[00:49:27]	[Recv]	mv 2 40297 59 130 4

[00:49:27]	[Recv]	pst 2 2557262 0 93 100 32082 7013 0 0 0

[00:49:27]	[Recv]	pst 2 2557249 1 100 100 42830 3622 0 0 0

[00:49:27]	[Recv]	st 2 40309 90 0 100 100 19775 2775 19775 2775 0

[00:49:27]	[Recv]	mv 2 40295 54 129 4

[00:49:27]	[Send]	pdtse 1 2473
[00:49:27]	[Recv]	mv 2 40294 52 125 4

[00:49:27]	[Recv]	m_list 3 10 2465 10 2123 3 2295 2 0
[00:49:27]	[Send]	pdtse 1 2365
[00:49:27]	[Recv]	m_list 3 10 2363 5 2467 5 2294 1 0
[00:49:28]	[Recv]	mv 2 40300 64 124 4

[00:49:28]	[Recv]	mv 2 40299 64 133 4

[00:49:28]	[Send]	ncif 2 40309
[00:49:28]	[Send]	pdtse 1 2403
[00:49:28]	[Recv]	mv 2 40298 58 126 4

[00:49:28]	[Recv]	mv 2 40297 57 131 4

[00:49:28]	[Recv]	pst 2 2557262 0 93 100 32082 7013 0 0 0

[00:49:28]	[Recv]	pst 2 2557249 1 100 100 42830 3622 0 0 0

[00:49:28]	[Recv]	st 2 40309 90 0 100 100 19775 2775 19775 2775 0

[00:49:28]	[Recv]	mv 2 40296 54 131 4

[00:49:28]	[Recv]	mv 2 40295 55 130 4

[00:49:28]	[Recv]	m_list 3 5 2402 5 2295 5 2467 5 0
[00:49:28]	[Send]	pdtse 1 2402
[00:49:28]	[Recv]	mv 2 40294 53 124 4

[00:49:28]	[Recv]	stat 67672 75191 10254 17265 0 1316

[00:49:28]	[Recv]	stat 67672 75191 10371 17265 0 1316

[00:49:28]	[Recv]	m_list 3 1 2398 5 0
[00:49:28]	[Send]	pdtclose
[00:49:29]	[Send]	walk 32 55 0 25
[00:49:29]	[Recv]	mv 2 40299 62 132 4

[00:49:29]	[Send]	walk 32 57 0 25
[00:49:29]	[Recv]	mv 2 40298 59 126 4

[00:49:29]	[Recv]	pst 2 2557262 0 94 100 32258 7013 0 0 0

[00:49:29]	[Recv]	pst 2 2557249 1 100 100 42830 3622 0 0 0

[00:49:29]	[Send]	walk 32 58 0 25
[00:49:29]	[Send]	walk 33 60 0 25
[00:49:29]	[Send]	walk 34 61 0 25
[00:49:30]	[Recv]	mv 2 40299 63 133 4

[00:49:30]	[Send]	walk 37 64 0 25
[00:49:30]	[Recv]	mv 2 40298 61 126 4

[00:49:30]	[Recv]	pst 2 2557262 0 94 100 32258 7013 0 0 0

[00:49:30]	[Recv]	pst 2 2557249 1 100 100 42830 3622 0 0 0

[00:49:30]	[Send]	walk 40 66 1 25
[00:49:30]	[Recv]	mv 2 40296 55 130 4

[00:49:30]	[Send]	walk 41 68 1 25
[00:49:30]	[Recv]	drop 2460 8021923 70 47 100 0 0

[00:49:30]	[Send]	walk 41 69 0 25
[00:49:30]	[Recv]	stat 67848 75191 10371 17265 0 1316

[00:49:30]	[Recv]	guri 2 1 7074610 0

[00:49:30]	[Send]	walk 41 70 0 25
[00:49:31]	[Recv]	mv 2 40300 65 125 4

[00:49:31]	[Recv]	mv 2 40299 65 134 4

[00:49:31]	[Recv]	mv 1 6916712 70 46 14

[00:49:31]	[Send]	ncif 2 40304
[00:49:31]	[Recv]	mv 2 40297 58 132 4

[00:49:31]	[Recv]	pst 2 2557262 0 94 100 32434 7013 0 0 0

[00:49:31]	[Recv]	pst 2 2557249 1 100 100 42830 3622 0 0 0

[00:49:31]	[Recv]	st 2 40304 0 0 100 100 205 52 205 52 0

[00:49:31]	[Recv]	get 1 6916712 8021923 0

[00:49:31]	[Recv]	mv 2 40296 53 131 4

[00:49:31]	[Recv]	mv 2 40295 54 130 4

[00:49:31]	[Send]	npc_req 2 40304
[00:49:31]	[Recv]	mv 2 40294 55 126 4

[00:49:31]	[Recv]	npc_req 2 40304 570

[00:49:31]	[Send]	n_run 14 155 2 40304 0
[00:49:32]	[Recv]	mv 2 40299 64 132 4

[00:49:32]	[Recv]	m_list 2 13404 13306 13307 13308 13309 13310 13311 13312 13313 13314 13315 13316 13317 9906 2720 2721 2722 -100

[00:49:32]	[Recv]	wopen  27 0 0 0

[00:49:32]	[Send]	ncif 2 40304
[00:49:32]	[Recv]	mv 2 40298 59 127 4

[00:49:32]	[Recv]	pst 2 2557262 0 94 100 32434 7013 0 0 0

[00:49:32]	[Recv]	pst 2 2557249 1 100 100 42830 3622 0 0 0

[00:49:32]	[Recv]	st 2 40304 0 0 100 100 205 52 205 52 0

[00:49:32]	[Recv]	mv 2 40296 55 131 4

[00:49:32]	[Recv]	stat 68024 75191 10371 17265 0 1316

[00:49:32]	[Recv]	stat 68024 75191 10488 17265 0 1316

[00:49:32]	[Send]	pdtse 1 13309
[00:49:32]	[Recv]	m_list 3 1 13301 1 13302 1 13303 1 13304 1 13305 1 0
[00:49:32]	[Recv]	mv 1 6916712 70 45 14

[00:49:33]	[Recv]	mv 2 40300 63 125 4

[00:49:33]	[Recv]	mv 2 40299 63 131 4

[00:49:33]	[Send]	ncif 2 40304
[00:49:33]	[Send]	pdtse 1 13308
[00:49:33]	[Recv]	pst 2 2557262 0 95 100 32610 7013 0 0 0

[00:49:33]	[Recv]	pst 2 2557249 1 100 100 42830 3622 0 0 0

[00:49:33]	[Recv]	st 2 40304 0 0 100 100 205 52 205 52 0

[00:49:33]	[Recv]	mv 2 40296 54 132 4

[00:49:33]	[Recv]	m_list 3 1 13301 1 13302 1 13303 1 13304 1 13305 1 0
[00:49:33]	[Recv]	mv 2 40294 55 127 4

[00:49:33]	[Send]	pdtse 1 13307
[00:49:33]	[Recv]	m_list 3 1 13301 2 13302 2 13303 2 13304 2 13305 2 0
[00:49:34]	[Recv]	mv 2 40300 65 126 4

[00:49:34]	[Recv]	mv 2 40299 62 130 4

[00:49:34]	[Send]	pdtse 1 13306
[00:49:34]	[Send]	ncif 2 40304
[00:49:34]	[Recv]	mv 2 40297 60 131 4

[00:49:34]	[Recv]	pst 2 2557262 0 95 100 32610 7013 0 0 0

[00:49:34]	[Recv]	pst 2 2557249 1 100 100 42830 3622 0 0 0

[00:49:34]	[Recv]	m_list 3 1 13301 3 13302 3 13303 3 13304 3 13305 3 0
[00:49:34]	[Recv]	st 2 40304 0 0 100 100 205 52 205 52 0

[00:49:34]	[Recv]	mv 2 40296 55 130 4

[00:49:34]	[Recv]	mv 2 40295 54 132 4

[00:49:34]	[Send]	pdtse 1 13404
[00:49:34]	[Recv]	m_list 3 5 13301 1 13302 1 13303 1 13304 1 13305 1 0
[00:49:34]	[Recv]	stat 68200 75191 10488 17265 0 1316

[00:49:34]	[Send]	pdtse 1 13310
[00:49:34]	[Recv]	m_list 3 1 13301 1 13302 1 13303 1 13304 1 13305 1 0
[00:49:35]	[Recv]	mv 2 40300 63 124 4

[00:49:35]	[Send]	pdtse 1 13311
[00:49:35]	[Send]	ncif 2 40304
[00:49:35]	[Recv]	mv 2 40298 61 127 4

[00:49:35]	[Recv]	pst 2 2557262 0 95 100 32786 7013 0 0 0

[00:49:35]	[Recv]	pst 2 2557249 1 100 100 42830 3622 0 0 0

[00:49:35]	[Recv]	m_list 3 1 13301 1 13302 1 13303 1 13304 1 13305 1 0
[00:49:35]	[Recv]	mv 2 40296 53 131 4

[00:49:35]	[Recv]	st 2 40304 0 0 100 100 205 52 205 52 0

[00:49:35]	[Send]	pdtse 1 13312
[00:49:35]	[Recv]	mv 2 40294 56 126 4

[00:49:35]	[Recv]	m_list 3 1 13301 1 13302 1 13303 1 13304 1 13305 1 0
[00:49:35]	[Recv]	eff 1 7074610 3005

[00:49:35]	[Send]	pdtse 1 13313
[00:49:36]	[Recv]	mv 2 40300 63 125 4

[00:49:36]	[Recv]	mv 2 40299 64 131 4

[00:49:36]	[Recv]	m_list 3 1 13301 1 13302 1 13303 1 13304 1 13305 1 0
[00:49:36]	[Recv]	pst 2 2557262 0 95 100 32786 7013 0 0 0

[00:49:36]	[Recv]	pst 2 2557249 1 100 100 42830 3622 0 0 0

[00:49:36]	[Send]	ncif 2 40304
[00:49:36]	[Send]	pdtse 1 13314
[00:49:36]	[Recv]	st 2 40304 0 0 100 100 205 52 205 52 0

[00:49:36]	[Recv]	m_list 3 1 13301 1 13302 1 13303 1 13304 1 13305 1 0
[00:49:36]	[Send]	pdtse 1 2720
[00:49:36]	[Recv]	stat 68376 75191 10488 17265 0 1316

[00:49:36]	[Recv]	stat 68376 75191 10605 17265 0 1316

[00:49:36]	[Recv]	m_list 3 1 13301 30 13302 30 13303 30 13304 30 13305 30 0
[00:49:37]	[Recv]	mv 2 40300 65 126 4

[00:49:37]	[Send]	pdtse 1 9906
[00:49:37]	[Recv]	mv 1 7107564 65 46 17

[00:49:37]	[Recv]	mv 2 40298 62 129 4

[00:49:37]	[Recv]	mv 2 40297 61 129 4

[00:49:37]	[Recv]	pst 2 2557262 0 96 100 32962 7013 0 0 0

[00:49:37]	[Recv]	pst 2 2557249 1 100 100 42830 3622 0 0 0

[00:49:37]	[Recv]	m_list 3 1 13301 1 13302 1 13303 1 13304 1 13305 1 0
[00:49:37]	[Recv]	mv 2 2523825 65 46 14

[00:49:37]	[Recv]	mv 2 2523821 68 46 12

[00:49:37]	[Send]	ncif 2 40304
[00:49:37]	[Recv]	mv 2 40296 55 132 4

[00:49:37]	[Recv]	st 2 40304 0 0 100 100 205 52 205 52 0

[00:49:37]	[Recv]	mv 1 7107564 63 46 17

[00:49:37]	[Send]	pdtse 1 13317
[00:49:37]	[Recv]	m_list 3 1 13301 1 13302 1 13303 1 13304 1 13305 1 0
[00:49:37]	[Recv]	mv 2 2523825 64 47 14

[00:49:37]	[Recv]	mv 2 2523821 67 46 12

[00:49:37]	[Recv]	mv 2 40294 55 126 4

[00:49:37]	[Recv]	mv 1 7107564 62 50 17

[00:49:37]	[Recv]	mv 2 2523825 62 49 14

[00:49:37]	[Recv]	mv 2 2523821 66 47 12

[00:49:37]	[Recv]	mv 1 7107564 60 51 17

[00:49:37]	[Send]	pdtse 1 13316
[00:49:37]	[Recv]	mv 2 2523825 62 50 14

[00:49:37]	[Recv]	mv 2 2523821 64 46 12

[00:49:38]	[Recv]	mv 2 40299 63 132 4

[00:49:38]	[Recv]	m_list 3 1 13301 1 13302 1 13303 1 13304 1 13305 1 0
[00:49:38]	[Recv]	mv 2 2523825 61 50 14

[00:49:38]	[Recv]	mv 2 2523821 64 48 12

[00:49:38]	[Send]	pdtse 1 13315
[00:49:38]	[Recv]	mv 2 40298 60 129 4

[00:49:38]	[Recv]	pst 2 2557262 0 96 100 32962 7013 0 0 0

[00:49:38]	[Recv]	pst 2 2557249 1 100 100 42830 3622 0 0 0

[00:49:38]	[Send]	ncif 2 40304
[00:49:38]	[Recv]	m_list 3 1 13301 1 13302 1 13303 1 13304 1 13305 1 0
[00:49:38]	[Recv]	mv 2 40295 55 131 4

[00:49:38]	[Recv]	st 2 40304 0 0 100 100 205 52 205 52 0

[00:49:38]	[Recv]	mv 1 7107564 57 50 17

[00:49:38]	[Send]	pdtse 1 2721
[00:49:38]	[Recv]	mv 2 40294 54 126 4

[00:49:38]	[Recv]	mv 2 2523825 59 50 14

[00:49:38]	[Recv]	mv 2 2523821 61 47 12

[00:49:38]	[Recv]	stat 68552 75191 10605 17265 0 1316

[00:49:38]	[Recv]	m_list 3 1 13301 30 13302 30 13303 30 13304 30 13305 30 0
[00:49:38]	[Recv]	mv 1 7107564 55 52 17

[00:49:38]	[Recv]	mv 2 2523825 58 51 14

[00:49:38]	[Recv]	mv 2 2523821 60 47 12

[00:49:38]	[Recv]	mv 1 7107564 55 53 17

[00:49:38]	[Send]	pdtse 1 2722
[00:49:39]	[Recv]	mv 2 2523825 57 50 14

[00:49:39]	[Recv]	mv 2 2523821 60 49 12

[00:49:39]	[Recv]	m_list 3 1 13301 40 13302 40 13303 40 13304 40 13305 40 0
[00:49:39]	[Recv]	mv 1 7107564 55 55 17

[00:49:39]	[Recv]	mv 2 40297 59 130 4

[00:49:39]	[Recv]	pst 2 2557262 0 96 100 33138 7013 0 0 0

[00:49:39]	[Recv]	pst 2 2557249 1 100 100 42830 3622 0 0 0

[00:49:39]	[Recv]	mv 2 2523825 58 53 14

[00:49:39]	[Recv]	mv 2 2523821 59 50 12

[00:49:39]	[Send]	ncif 2 40304
[00:49:39]	[Send]	pdtclose
[00:49:39]	[Recv]	mv 2 40296 54 131 4

[00:49:39]	[Recv]	st 2 40304 0 0 100 100 205 52 205 52 0

[00:49:39]	[Recv]	mv 1 7107564 54 56 17

[00:49:39]	[Recv]	mv 2 2523821 60 51 12

[00:49:39]	[Recv]	eff 1 7107564 870

[00:49:39]	[Recv]	mv 1 7107564 54 58 17

[00:49:39]	[Recv]	mv 2 2523825 58 54 14

[00:49:39]	[Recv]	mv 2 2523821 61 52 12

[00:49:39]	[Recv]	mv 1 7107564 53 59 17

[00:49:39]	[Recv]	mv 2 2523825 58 55 14

[00:49:39]	[Recv]	mv 2 2523821 60 53 12

[00:49:40]	[Recv]	mv 2 40299 63 134 4

[00:49:40]	[Recv]	mv 1 7107564 54 61 17

[00:49:40]	[Recv]	mv 2 2523825 58 58 14

[00:49:40]	[Recv]	mv 2 2523821 60 54 12

[00:49:40]	[Recv]	mv 2 40298 62 128 4

[00:49:40]	[Recv]	pst 2 2557262 0 96 100 33138 7013 0 0 0

[00:49:40]	[Recv]	pst 2 2557249 1 100 100 42830 3622 0 0 0

[00:49:40]	[Send]	ncif 2 40312
[00:49:40]	[Send]	walk 41 72 0 25
[00:49:40]	[Recv]	mv 2 40296 54 132 4

[00:49:40]	[Recv]	st 2 40312 90 0 100 100 19775 2775 19775 2775 0

[00:49:40]	[Recv]	mv 1 7107564 52 63 17

[00:49:40]	[Send]	npc_req 2 40312
[00:49:40]	[Recv]	mv 2 40294 56 126 4

[00:49:40]	[Recv]	mv 2 2523825 57 59 14

[00:49:40]	[Recv]	mv 2 2523821 60 56 12

[00:49:40]	[Recv]	stat 68728 75191 10605 17265 0 1316

[00:49:40]	[Recv]	stat 68728 75191 10722 17265 0 1316

[00:49:40]	[Recv]	npc_req 2 40312 11015

[00:49:41]	[Recv]	mv 2 40300 67 128 4

[00:49:41]	[Recv]	mv 1 7107564 51 64 17

[00:49:41]	[Recv]	mv 1 7107564 52 63 17

[00:49:41]	[Recv]	mv 2 40298 61 130 4

[00:49:41]	[Recv]	mv 2 40297 57 131 4

[00:49:41]	[Recv]	pst 2 2557262 0 97 100 33314 7013 0 0 0

[00:49:41]	[Recv]	pst 2 2557249 1 100 100 42830 3622 0 0 0

[00:49:41]	[Send]	ncif 2 40312
[00:49:41]	[Recv]	mv 1 7107564 51 64 17

[00:49:41]	[Recv]	st 2 40312 90 0 100 100 19775 2775 19775 2775 0

[00:49:41]	[Recv]	mv 2 2523821 57 59 12

[00:49:41]	[Send]	walk 34 77 0 25
[00:49:41]	[Recv]	mv 2 2523825 54 62 14

[00:49:41]	[Send]	walk 34 78 1 25
[00:49:41]	[Send]	walk 34 79 0 25
[00:49:42]	[Recv]	mv 2 40299 61 133 4

[00:49:42]	[Recv]	mv 2 2523825 51 65 14

[00:49:42]	[Send]	walk 36 80 0 25
[00:49:42]	[Recv]	mv 2 40298 59 130 4

[00:49:42]	[Recv]	pst 2 2557262 0 97 100 33314 7013 0 0 0

[00:49:42]	[Recv]	pst 2 2557249 1 100 100 42830 3622 0 0 0

[00:49:42]	[Recv]	mv 2 2523821 54 62 12

[00:49:42]	[Send]	walk 38 82 0 25
[00:49:42]	[Recv]	mv 2 40295 55 130 4

[00:49:42]	[Send]	walk 38 84 0 25
[00:49:42]	[Recv]	mv 2 40294 54 124 4

[00:49:42]	[Send]	walk 40 86 0 25
[00:49:42]	[Recv]	stat 68904 75191 10722 17265 0 1316

[00:49:42]	[Send]	walk 40 88 0 25
[00:49:42]	[Recv]	mv 2 2523825 49 67 14

[00:49:43]	[Recv]	mv 2 40299 63 132 4

[00:49:43]	[Send]	walk 40 90 1 25
[00:49:43]	[Recv]	mv 2 2523821 51 65 12

[00:49:43]	[Recv]	mv 2 40298 60 128 4

[00:49:43]	[Recv]	mv 2 40297 57 133 4

[00:49:43]	[Recv]	pst 2 2557262 0 98 100 33490 7013 0 0 0

[00:49:43]	[Recv]	pst 2 2557249 1 100 100 42830 3622 0 0 0

[00:49:43]	[Send]	walk 39 91 1 25
[00:49:43]	[Send]	walk 39 93 0 25
[00:49:43]	[Recv]	mv 2 40294 55 126 4

[00:49:43]	[Send]	walk 46 89 0 25
[00:49:43]	[Recv]	mv 2 2523821 49 67 12

[00:49:44]	[Recv]	mv 2 40300 65 127 4

[00:49:44]	[Recv]	mv 2 40299 63 130 4

[00:49:44]	[Recv]	pst 2 2557262 0 98 100 33490 7013 0 0 0

[00:49:44]	[Recv]	pst 2 2557249 1 100 100 42830 3622 0 0 0

[00:49:44]	[Recv]	mv 2 40295 57 131 4

[00:49:44]	[Send]	walk 49 84 1 25
[00:49:44]	[Recv]	stat 69080 75191 10722 17265 0 1316

[00:49:44]	[Recv]	stat 69080 75191 10839 17265 0 1316

[00:49:45]	[Recv]	mv 2 40300 63 125 4

[00:49:45]	[Send]	walk 52 78 1 25
[00:49:45]	[Recv]	mv 2 40298 58 130 4

[00:49:45]	[Recv]	mv 2 40297 57 131 4

[00:49:45]	[Recv]	pst 2 2557262 0 98 100 33666 7013 0 0 0

[00:49:45]	[Recv]	pst 2 2557249 1 100 100 42830 3622 0 0 0

[00:49:45]	[Recv]	mv 2 40295 55 130 4

[00:49:46]	[Send]	walk 59 71 1 25
[00:49:46]	[Recv]	mv 2 40298 59 130 4

[00:49:46]	[Recv]	mv 2 40297 59 129 4

[00:49:46]	[Recv]	pst 2 2557262 0 98 100 33666 7013 0 0 0

[00:49:46]	[Recv]	pst 2 2557249 1 100 100 42830 3622 0 0 0

[00:49:46]	[Recv]	mv 2 40296 55 131 4

[00:49:46]	[Recv]	mv 2 40294 56 128 4

[00:49:46]	[Recv]	stat 69256 75191 10839 17265 0 1316

[00:49:47]	[Send]	walk 66 64 1 25
[00:49:47]	[Recv]	mv 2 40298 61 129 4

[00:49:47]	[Recv]	mv 2 40297 58 129 4

[00:49:47]	[Recv]	pst 2 2557262 0 99 100 33842 7013 0 0 0

[00:49:47]	[Recv]	pst 2 2557249 1 100 100 42830 3622 0 0 0

[00:49:47]	[Recv]	mv 2 40296 53 132 4

[00:49:47]	[Recv]	mv 2 40295 54 129 4

[00:49:47]	[Recv]	mv 2 40294 54 127 4

[00:49:48]	[Recv]	mv 2 40300 65 125 4

[00:49:48]	[Recv]	mv 2 40299 63 132 4

[00:49:48]	[Send]	walk 73 57 1 25
[00:49:48]	[Recv]	mv 2 40297 59 130 4

[00:49:48]	[Recv]	pst 2 2557262 0 99 100 33842 7013 0 0 0

[00:49:48]	[Recv]	pst 2 2557249 1 100 100 42830 3622 0 0 0

[00:49:48]	[Recv]	mv 2 40296 53 131 4

[00:49:48]	[Recv]	mv 2 40294 54 126 4

[00:49:48]	[Recv]	stat 69432 75191 10839 17265 0 1316

[00:49:48]	[Recv]	stat 69432 75191 10956 17265 0 1316

[00:49:49]	[Recv]	mv 2 40300 63 125 4

[00:49:49]	[Recv]	mv 2 40299 63 133 4

[00:49:49]	[Recv]	mv 1 7107564 54 59 17

[00:49:49]	[Send]	walk 80 50 1 25
[00:49:49]	[Recv]	mv 2 40298 60 130 4

[00:49:49]	[Recv]	pst 2 2557262 0 99 100 34018 7013 0 0 0

[00:49:49]	[Recv]	pst 2 2557249 1 100 100 42830 3622 0 0 0

[00:49:49]	[Recv]	mv 2 2523825 50 63 14

[00:49:49]	[Recv]	mv 2 2523821 50 63 12

[00:49:49]	[Recv]	mv 1 7107564 55 58 17

[00:49:49]	[Recv]	mv 2 40295 53 130 4

[00:49:49]	[Recv]	mv 2 2523825 52 62 14

[00:49:49]	[Recv]	mv 2 2523821 50 62 12

[00:49:49]	[Recv]	mv 2 40294 54 125 4

[00:49:49]	[Recv]	mv 1 7107564 59 58 17

[00:49:50]	[Recv]	mv 2 40300 65 127 4

[00:49:50]	[Recv]	mv 2 2523825 55 62 14

[00:49:50]	[Recv]	mv 2 2523821 53 63 12

[00:49:50]	[Recv]	mv 1 7107564 60 57 17

[00:49:50]	[Send]	walk 87 43 1 25
[00:49:50]	[Recv]	pst 2 2557262 0 99 100 34018 7013 0 0 0

[00:49:50]	[Recv]	pst 2 2557249 1 100 100 42830 3622 0 0 0

[00:49:50]	[Recv]	mv 2 2523825 57 62 14

[00:49:50]	[Recv]	mv 2 2523821 54 62 12

[00:49:50]	[Recv]	mv 1 7107564 62 58 17

[00:49:50]	[Recv]	mv 2 40296 54 132 4

[00:49:50]	[Recv]	mv 2 2523825 58 63 14

[00:49:50]	[Recv]	mv 2 2523821 55 63 12

[00:49:50]	[Recv]	mv 2 40294 53 127 4

[00:49:50]	[Recv]	mv 1 7107564 63 58 17

[00:49:50]	[Recv]	stat 69608 75191 10956 17265 0 1316

[00:49:50]	[Recv]	mv 2 2523825 58 61 14

[00:49:50]	[Recv]	mv 2 2523821 56 63 12

[00:49:50]	[Recv]	mv 1 7107564 64 57 17

[00:49:50]	[Recv]	mv 2 2523825 59 61 14

[00:49:50]	[Recv]	mv 2 2523821 57 63 12

[00:49:51]	[Recv]	mv 2 40300 63 127 4

[00:49:51]	[Recv]	mv 1 7107564 65 58 17

[00:49:51]	[Recv]	mv 2 2523825 61 63 14

[00:49:51]	[Recv]	mv 2 2523821 58 63 12

[00:49:51]	[Send]	walk 92 38 1 25
[00:49:51]	[Recv]	mv 2 40298 61 130 4

[00:49:51]	[Recv]	pst 2 2557262 0 100 100 34166 7013 0 0 0

[00:49:51]	[Recv]	pst 2 2557249 1 100 100 42830 3622 0 0 0

[00:49:51]	[Recv]	mv 1 7107564 68 53 17

[00:49:51]	[Recv]	mv 2 2523825 61 59 14

[00:49:51]	[Recv]	mv 2 2523821 60 62 12

[00:49:51]	[Recv]	mv 1 7107564 67 52 17

[00:49:51]	[Recv]	mv 2 2523825 62 57 14

[00:49:51]	[Recv]	mv 2 2523821 60 60 12

[00:49:52]	[Recv]	mv 2 40300 63 126 4

[00:49:52]	[Send]	walk 99 43 1 25
[00:49:52]	[Recv]	mv 2 40298 62 130 4

[00:49:52]	[Recv]	mv 2 40297 58 130 4

[00:49:52]	[Recv]	pst 2 2557262 0 100 100 34166 7013 0 0 0

[00:49:52]	[Recv]	pst 2 2557249 1 100 100 42830 3622 0 0 0

[00:49:52]	[Recv]	mv 2 40296 53 130 4

[00:49:52]	[Send]	walk 104 39 0 25
[00:49:52]	[Recv]	qnamli2 100 #rl 1646 11 3027 ~Dardy~

[00:49:52]	[Recv]	mv 2 2523821 63 57 12

[00:49:52]	[Recv]	stat 69784 75191 10956 17265 0 1316

[00:49:52]	[Recv]	stat 69784 75191 11073 17265 0 1316

[00:49:52]	[Recv]	mv 1 7107564 71 48 17

[00:49:52]	[Recv]	mv 2 2523825 65 54 14

[00:49:53]	[Recv]	mv 2 40299 63 132 4

[00:49:53]	[Send]	walk 109 39 1 25
[00:49:53]	[Recv]	mv 2 40297 57 129 4

[00:49:53]	[Recv]	pst 2 2557262 0 100 100 34166 7013 0 0 0

[00:49:53]	[Recv]	pst 2 2557249 1 100 100 42830 3622 0 0 0

[00:49:53]	[Send]	walk 109 33 1 25
[00:49:53]	[Recv]	mv 2 40296 55 131 4

[00:49:53]	[Recv]	mv 2 2523821 66 54 12

[00:49:53]	[Recv]	mv 2 2523825 68 51 14

[00:49:54]	[Recv]	mv 2 40300 64 128 4

[00:49:54]	[Recv]	mv 2 40299 62 130 4

[00:49:54]	[Recv]	mv 2 40298 60 128 4

[00:49:54]	[Recv]	mv 2 40297 58 130 4

[00:49:54]	[Recv]	pst 2 2557262 0 100 100 34166 7013 0 0 0

[00:49:54]	[Recv]	pst 2 2557249 1 100 100 42830 3622 0 0 0

[00:49:54]	[Send]	walk 112 25 0 25
[00:49:54]	[Recv]	mv 2 40295 54 130 4

[00:49:54]	[Recv]	mv 2 2523825 71 48 14

[00:49:54]	[Recv]	mv 2 2523821 69 51 12

[00:49:54]	[Recv]	mv 2 40294 55 127 4

[00:49:54]	[Recv]	stat 69960 75191 11073 17265 0 1316

[00:49:55]	[Recv]	mv 2 40299 63 131 4

[00:49:55]	[Recv]	mv 2 2523825 72 47 14

[00:49:55]	[Recv]	mv 2 40298 58 126 4

[00:49:55]	[Recv]	mv 2 40297 59 130 4

[00:49:55]	[Recv]	pst 2 2557262 0 100 100 34166 7013 0 0 0

[00:49:55]	[Recv]	pst 2 2557249 1 100 100 42830 3622 0 0 0

[00:49:55]	[Send]	walk 116 18 0 25
[00:49:55]	[Recv]	mv 2 2523821 71 49 12

[00:49:55]	[Recv]	mv 2 40296 54 132 4

[00:49:55]	[Recv]	mv 2 40294 54 128 4

[00:49:56]	[Recv]	mv 2 40299 63 133 4

[00:49:56]	[Send]	preq
[00:49:56]	[Recv]	mv 2 40297 60 131 4

[00:49:56]	[Recv]	pst 2 2557262 0 100 100 34166 7013 0 0 0

[00:49:56]	[Recv]	pst 2 2557249 1 100 100 42830 3622 0 0 0

[00:49:56]	[Recv]	c_map 0 2628 0

[00:49:56]	[Recv]	mapout

[00:49:56]	[Send]	c_close 1
[00:49:56]	[Send]	c_close 0
[00:49:56]	[Send]	f_stash_end 
[00:49:56]	[Send]	c_close 1
[00:49:56]	[Recv]	c_info milkers - -1 3739.918 Sanguinarius 6835325 0 0 1 5 1 27 0 10 0 0 0 0 8151 9

[00:49:56]	[Send]	mall 50
[00:49:56]	[Send]	c_close 1
[00:49:56]	[Recv]	c_mode 1 6835325 3728 0 0 0 100 8151

[00:49:56]	[Recv]	equip 73 78 0.8628.3.7.0.8.82 1.8643.8.7.0.2.82 2.8689.0.0.0.0.0 3.8653.0.2.0.0.0 4.8655.0.0.0.0.0 5.8636.7.8.0.0.82 6.4657.0.0.0.0.0 7.4653.0.0.0.0.0 8.4647.0.0.0.0.0 9.8687.0.0.0.0.0 10.8674.9.0.0.0.0 12.909.0.20.100.0.0 13.8680.0.0.0.0.0 14.8566.0.0.0.0.0 15.8598.0.0.0.0.0 16.8568.0.0.0.0.0 17.8801.0.0.0.0.0

[00:49:56]	[Recv]	lev 99 0 99 0 2140719000 5991794 13364600 200 881816047 91 967912450 0

[00:49:56]	[Recv]	stat 69960 75191 11073 17265 0 1316

[00:49:56]	[Recv]	at 6835325 2640 75 176 2 0 117 1 -1

[00:49:56]	[Recv]	cond 1 6835325 0 0 25

[00:49:56]	[Recv]	cond 1 6835325 0 0 25

[00:49:56]	[Recv]	titinfo 1 6835325 9468 9468

[00:49:56]	[Recv]	eq 6835325 0 0 1 5 1 8689.8643.8628.8636.8687.8674.8680.8566.8598.8568.8801 73 78 100

[00:49:56]	[Recv]	c_map 0 2640 1

[00:49:56]	[Recv]	sc 0 7 4136 4278 1894 37 415 1 8 4111 4311 2101 43 405 7 2246 1268 2064 1268 1784 91 88 127 138

[00:49:56]	[Recv]	char_sc 1 6835325 100

[00:49:56]	[Recv]	gidx 1 6835325 3739.918 Sanguinarius 27 0|0|1

[00:49:56]	[Recv]	rsfp 0 -1

[00:49:56]	[Recv]	pairy 1 6835325 4 3 129 59

[00:49:56]	[Recv]	minipet 1 6835325 8801

[00:49:56]	[Recv]	act6 

[00:49:56]	[Recv]	pinit 2 2|2557262|0|99|@|-1|2789|1|2646|0|0 2|2557249|1|96|@|-1|2762|0|0|0|0


[00:49:56]	[Recv]	food 0

[00:49:56]	[Recv]	mv 3 41151 70 166 9

[00:49:56]	[Recv]	mv 3 41125 83 27 9

[00:49:56]	[Recv]	mv 3 41113 38 54 9

[00:49:56]	[Recv]	mv 3 41104 96 21 9

[00:49:56]	[Recv]	mv 3 41098 80 18 9

[00:49:56]	[Recv]	mv 3 41091 55 70 9

[00:49:56]	[Recv]	mv 3 41082 24 44 9

[00:49:56]	[Recv]	mv 3 41147 61 21 9

[00:49:56]	[Recv]	mv 3 41145 56 38 9

[00:49:56]	[Recv]	mv 3 41144 53 110 9

[00:49:56]	[Recv]	mv 3 41132 26 13 9

[00:49:56]	[Recv]	mv 3 41130 17 170 9

[00:49:56]	[Recv]	mv 3 41117 53 66 9

[00:49:56]	[Recv]	mv 3 41114 42 68 9

[00:49:56]	[Recv]	mv 3 41105 12 70 9

[00:49:56]	[Recv]	mv 3 41097 79 114 9

[00:49:56]	[Recv]	mv 3 41095 77 22 9

[00:49:56]	[Recv]	stat 70136 75191 11073 17265 0 1316

[00:49:56]	[Recv]	stat 70136 75191 11190 17265 0 1316

[00:49:56]	[Recv]	mv 3 41168 54 67 8

[00:49:56]	[Recv]	mv 3 41158 86 162 9

[00:49:56]	[Recv]	mv 3 41143 49 90 9

[00:49:56]	[Recv]	mv 3 41141 43 162 9

[00:49:56]	[Recv]	mv 3 41137 32 30 9

[00:49:56]	[Recv]	mv 3 41134 29 57 9

[00:49:56]	[Recv]	mv 3 41129 14 50 9

[00:49:56]	[Recv]	mv 3 41127 13 79 9

[00:49:56]	[Recv]	mv 3 41089 51 30 9

[00:49:56]	[Recv]	mv 3 41086 44 96 9

[00:49:56]	[Recv]	mv 3 41081 20 70 9

[00:49:56]	[Recv]	mv 3 41075 12 111 9

[00:49:56]	[Recv]	mv 3 41072 4 117 9

[00:49:56]	[Recv]	gp 24 2 2641 -1 0 0

[00:49:56]	[Recv]	gp 75 176 2628 -1 1 0

[00:49:56]	[Recv]	gp 84 172 1261 -1 2 0

[00:49:56]	[Recv]	in 3 3023 41171 84 113 2 100 100 0 0 0 -1 1 0 -1 - 0 -1 0 0 0 0 0 0 0 0 0 0 0 0 0

[00:49:56]	[Recv]	in 3 3023 41170 85 23 2 100 100 0 0 0 -1 1 0 -1 - 0 -1 0 0 0 0 0 0 0 0 0 0 0 0 0

[00:49:56]	[Recv]	in 3 3023 41169 78 70 2 100 100 0 0 0 -1 1 0 -1 - 0 -1 0 0 0 0 0 0 0 0 0 0 0 0 0

[00:49:56]	[Recv]	in 3 3023 41168 54 67 2 100 100 0 0 0 -1 1 0 -1 - 0 -1 0 0 0 0 0 0 0 0 0 0 0 0 0

[00:49:56]	[Recv]	in 3 3023 41167 51 19 2 100 100 0 0 0 -1 1 0 -1 - 0 -1 0 0 0 0 0 0 0 0 0 0 0 0 0

[00:49:56]	[Recv]	in 3 3023 41166 50 114 2 100 100 0 0 0 -1 1 0 -1 - 0 -1 0 0 0 0 0 0 0 0 0 0 0 0 0

[00:49:56]	[Recv]	in 3 3023 41165 26 35 2 100 100 0 0 0 -1 1 0 -1 - 0 -1 0 0 0 0 0 0 0 0 0 0 0 0 0

[00:49:56]	[Recv]	in 3 3023 41164 15 59 2 100 100 0 0 0 -1 1 0 -1 - 0 -1 0 0 0 0 0 0 0 0 0 0 0 0 0

[00:49:56]	[Recv]	in 3 3023 41163 10 163 2 100 100 0 0 0 -1 1 0 -1 - 0 -1 0 0 0 0 0 0 0 0 0 0 0 0 0

[00:49:56]	[Recv]	in 3 3023 41162 9 115 2 100 100 0 0 0 -1 1 0 -1 - 0 -1 0 0 0 0 0 0 0 0 0 0 0 0 0

[00:49:56]	[Recv]	in 3 3009 41161 57 131 2 63 100 0 0 0 -1 1 0 -1 - 0 -1 0 0 0 0 0 0 0 0 0 0 0 0 0

[00:49:56]	[Recv]	in 3 3009 41160 90 25 2 100 100 0 0 0 -1 1 0 -1 - 0 -1 0 0 0 0 0 0 0 0 0 0 0 0 0

[00:49:56]	[Recv]	in 3 3009 41159 87 150 2 100 100 0 0 0 -1 1 0 -1 - 0 -1 0 0 0 0 0 0 0 0 0 0 0 0 0

[00:49:56]	[Recv]	in 3 3009 41158 86 162 2 100 100 0 0 0 -1 1 0 -1 - 0 -1 0 0 0 0 0 0 0 0 0 0 0 0 0

[00:49:56]	[Recv]	in 3 3009 41157 85 119 2 100 100 0 0 0 -1 1 0 -1 - 0 -1 0 0 0 0 0 0 0 0 0 0 0 0 0

[00:49:56]	[Recv]	in 3 3009 41156 85 13 2 100 100 0 0 0 -1 1 0 -1 - 0 -1 0 0 0 0 0 0 0 0 0 0 0 0 0

[00:49:56]	[Recv]	in 3 3009 41155 81 109 2 100 100 0 0 0 -1 1 0 -1 - 0 -1 0 0 0 0 0 0 0 0 0 0 0 0 0

[00:49:56]	[Recv]	in 3 3009 41154 78 64 2 100 100 0 0 0 -1 1 0 -1 - 0 -1 0 0 0 0 0 0 0 0 0 0 0 0 0

[00:49:56]	[Recv]	in 3 3009 41153 77 151 2 100 100 0 0 0 -1 1 0 -1 - 0 -1 0 0 0 0 0 0 0 0 0 0 0 0 0

[00:49:56]	[Recv]	in 3 3009 41152 76 76 2 100 100 0 0 0 -1 1 0 -1 - 0 -1 0 0 0 0 0 0 0 0 0 0 0 0 0

[00:49:56]	[Recv]	in 3 3009 41151 70 166 2 100 100 0 0 0 -1 1 0 -1 - 0 -1 0 0 0 0 0 0 0 0 0 0 0 0 0

[00:49:56]	[Recv]	in 3 3009 41150 67 32 2 100 100 0 0 0 -1 1 0 -1 - 0 -1 0 0 0 0 0 0 0 0 0 0 0 0 0

[00:49:56]	[Recv]	in 3 3009 41149 65 55 2 100 100 0 0 0 -1 1 0 -1 - 0 -1 0 0 0 0 0 0 0 0 0 0 0 0 0

[00:49:56]	[Recv]	in 3 3009 41148 61 86 2 100 100 0 0 0 -1 1 0 -1 - 0 -1 0 0 0 0 0 0 0 0 0 0 0 0 0

[00:49:56]	[Recv]	in 3 3009 41147 61 21 2 100 100 0 0 0 -1 1 0 -1 - 0 -1 0 0 0 0 0 0 0 0 0 0 0 0 0

[00:49:56]	[Recv]	in 3 3009 41146 58 13 2 100 100 0 0 0 -1 1 0 -1 - 0 -1 0 0 0 0 0 0 0 0 0 0 0 0 0

[00:49:56]	[Recv]	in 3 3009 41145 56 38 2 100 100 0 0 0 -1 1 0 -1 - 0 -1 0 0 0 0 0 0 0 0 0 0 0 0 0

[00:49:56]	[Recv]	in 3 3009 41144 53 110 2 100 100 0 0 0 -1 1 0 -1 - 0 -1 0 0 0 0 0 0 0 0 0 0 0 0 0

[00:49:56]	[Recv]	in 3 3009 41143 49 90 2 43 100 0 0 0 -1 1 0 -1 - 0 -1 0 0 0 0 0 0 0 0 0 0 0 0 0

[00:49:56]	[Recv]	in 3 3009 41142 46 152 2 100 100 0 0 0 -1 1 0 -1 - 0 -1 0 0 0 0 0 0 0 0 0 0 0 0 0

[00:49:56]	[Recv]	in 3 3009 41141 43 162 2 100 100 0 0 0 -1 1 0 -1 - 0 -1 0 0 0 0 0 0 0 0 0 0 0 0 0

[00:49:56]	[Recv]	in 3 3009 41140 42 54 2 100 100 0 0 0 -1 1 0 -1 - 0 -1 0 0 0 0 0 0 0 0 0 0 0 0 0

[00:49:56]	[Recv]	in 3 3009 41139 42 20 2 100 100 0 0 0 -1 1 0 -1 - 0 -1 0 0 0 0 0 0 0 0 0 0 0 0 0

[00:49:56]	[Recv]	in 3 3009 41138 39 97 2 100 100 0 0 0 -1 1 0 -1 - 0 -1 0 0 0 0 0 0 0 0 0 0 0 0 0

[00:49:56]	[Recv]	in 3 3009 41137 32 30 2 100 100 0 0 0 -1 1 0 -1 - 0 -1 0 0 0 0 0 0 0 0 0 0 0 0 0

[00:49:56]	[Recv]	in 3 3009 41136 32 77 2 100 100 0 0 0 -1 1 0 -1 - 0 -1 0 0 0 0 0 0 0 0 0 0 0 0 0

[00:49:56]	[Recv]	in 3 3009 41135 33 45 2 100 100 0 0 0 -1 1 0 -1 - 0 -1 0 0 0 0 0 0 0 0 0 0 0 0 0

[00:49:56]	[Recv]	in 3 3009 41134 29 57 2 100 100 0 0 0 -1 1 0 -1 - 0 -1 0 0 0 0 0 0 0 0 0 0 0 0 0

[00:49:56]	[Recv]	in 3 3009 41133 27 159 2 100 100 0 0 0 -1 1 0 -1 - 0 -1 0 0 0 0 0 0 0 0 0 0 0 0 0

[00:49:56]	[Recv]	in 3 3009 41132 26 13 2 100 100 0 0 0 -1 1 0 -1 - 0 -1 0 0 0 0 0 0 0 0 0 0 0 0 0

[00:49:56]	[Recv]	in 3 3009 41131 23 102 2 100 100 0 0 0 -1 1 0 -1 - 0 -1 0 0 0 0 0 0 0 0 0 0 0 0 0

[00:49:56]	[Recv]	in 3 3009 41130 17 170 2 100 100 0 0 0 -1 1 0 -1 - 0 -1 0 0 0 0 0 0 0 0 0 0 0 0 0

[00:49:56]	[Recv]	in 3 3009 41129 14 50 2 100 100 0 0 0 -1 1 0 -1 - 0 -1 0 0 0 0 0 0 0 0 0 0 0 0 0

[00:49:56]	[Recv]	in 3 3009 41128 13 119 2 100 100 0 0 0 -1 1 0 -1 - 0 -1 0 0 0 0 0 0 0 0 0 0 0 0 0

[00:49:56]	[Recv]	in 3 3009 41127 13 79 2 100 100 0 0 0 -1 1 0 -1 - 0 -1 0 0 0 0 0 0 0 0 0 0 0 0 0

[00:49:56]	[Recv]	in 3 3008 41126 90 112 2 100 100 0 0 0 -1 1 0 -1 - 0 -1 0 0 0 0 0 0 0 0 0 0 0 0 0

[00:49:56]	[Recv]	in 3 3008 41125 83 27 2 100 100 0 0 0 -1 1 0 -1 - 0 -1 0 0 0 0 0 0 0 0 0 0 0 0 0

[00:49:56]	[Recv]	in 3 3008 41124 80 161 2 100 100 0 0 0 -1 1 0 -1 - 0 -1 0 0 0 0 0 0 0 0 0 0 0 0 0

[00:49:56]	[Recv]	in 3 3008 41123 80 68 2 100 100 0 0 0 -1 1 0 -1 - 0 -1 0 0 0 0 0 0 0 0 0 0 0 0 0

[00:49:56]	[Recv]	in 3 3008 41122 79 126 2 100 100 0 0 0 -1 1 0 -1 - 0 -1 0 0 0 0 0 0 0 0 0 0 0 0 0

[00:49:56]	[Recv]	in 3 3008 41121 61 153 2 100 100 0 0 0 -1 1 0 -1 - 0 -1 0 0 0 0 0 0 0 0 0 0 0 0 0

[00:49:56]	[Recv]	in 3 3008 41120 62 81 2 100 100 0 0 0 -1 1 0 -1 - 0 -1 0 0 0 0 0 0 0 0 0 0 0 0 0

[00:49:56]	[Recv]	in 3 3008 41119 55 28 2 100 100 0 0 0 -1 1 0 -1 - 0 -1 0 0 0 0 0 0 0 0 0 0 0 0 0

[00:49:56]	[Recv]	in 3 3008 41118 54 14 2 100 100 0 0 0 -1 1 0 -1 - 0 -1 0 0 0 0 0 0 0 0 0 0 0 0 0

[00:49:56]	[Recv]	in 3 3008 41117 53 66 2 100 100 0 0 0 -1 1 0 -1 - 0 -1 0 0 0 0 0 0 0 0 0 0 0 0 0

[00:49:56]	[Recv]	in 3 3008 41116 48 155 2 100 100 0 0 0 -1 1 0 -1 - 0 -1 0 0 0 0 0 0 0 0 0 0 0 0 0

[00:49:56]	[Recv]	in 3 3008 41115 46 110 2 100 100 0 0 0 -1 1 0 -1 - 0 -1 0 0 0 0 0 0 0 0 0 0 0 0 0

[00:49:56]	[Recv]	in 3 3008 41114 42 68 2 100 100 0 0 0 -1 1 0 -1 - 0 -1 0 0 0 0 0 0 0 0 0 0 0 0 0

[00:49:56]	[Recv]	in 3 3008 41113 38 54 2 100 100 0 0 0 -1 1 0 -1 - 0 -1 0 0 0 0 0 0 0 0 0 0 0 0 0

[00:49:56]	[Recv]	in 3 3008 41112 37 36 2 100 100 0 0 0 -1 1 0 -1 - 0 -1 0 0 0 0 0 0 0 0 0 0 0 0 0

[00:49:56]	[Recv]	in 3 3008 41111 25 53 2 100 100 0 0 0 -1 1 0 -1 - 0 -1 0 0 0 0 0 0 0 0 0 0 0 0 0

[00:49:56]	[Recv]	in 3 3008 41110 22 21 2 100 100 0 0 0 -1 1 0 -1 - 0 -1 0 0 0 0 0 0 0 0 0 0 0 0 0

[00:49:56]	[Recv]	in 3 3008 41109 24 90 2 100 100 0 0 0 -1 1 0 -1 - 0 -1 0 0 0 0 0 0 0 0 0 0 0 0 0

[00:49:56]	[Recv]	in 3 3008 41108 18 36 2 100 100 0 0 0 -1 1 0 -1 - 0 -1 0 0 0 0 0 0 0 0 0 0 0 0 0

[00:49:56]	[Recv]	in 3 3008 41107 18 161 2 100 100 0 0 0 -1 1 0 -1 - 0 -1 0 0 0 0 0 0 0 0 0 0 0 0 0

[00:49:56]	[Recv]	in 3 3008 41106 16 111 2 100 100 0 0 0 -1 1 0 -1 - 0 -1 0 0 0 0 0 0 0 0 0 0 0 0 0

[00:49:56]	[Recv]	in 3 3008 41105 12 70 2 100 100 0 0 0 -1 1 0 -1 - 0 -1 0 0 0 0 0 0 0 0 0 0 0 0 0

[00:49:56]	[Recv]	in 3 3007 41104 96 21 2 100 100 0 0 0 -1 1 0 -1 - 0 -1 0 0 0 0 0 0 0 0 0 0 0 0 0

[00:49:56]	[Recv]	in 3 3007 41103 90 121 2 100 100 0 0 0 -1 1 0 -1 - 0 -1 0 0 0 0 0 0 0 0 0 0 0 0 0

[00:49:56]	[Recv]	in 3 3007 41102 87 117 2 100 100 0 0 0 -1 1 0 -1 - 0 -1 0 0 0 0 0 0 0 0 0 0 0 0 0

[00:49:56]	[Recv]	in 3 3007 41101 84 30 2 100 100 0 0 0 -1 1 0 -1 - 0 -1 0 0 0 0 0 0 0 0 0 0 0 0 0

[00:49:56]	[Recv]	in 3 3007 41100 85 107 2 100 100 0 0 0 -1 1 0 -1 - 0 -1 0 0 0 0 0 0 0 0 0 0 0 0 0

[00:49:56]	[Recv]	in 3 3007 41099 83 67 2 100 100 0 0 0 -1 1 0 -1 - 0 -1 0 0 0 0 0 0 0 0 0 0 0 0 0

[00:49:56]	[Recv]	in 3 3007 41098 80 18 2 100 100 0 0 0 -1 1 0 -1 - 0 -1 0 0 0 0 0 0 0 0 0 0 0 0 0

[00:49:56]	[Recv]	in 3 3007 41097 79 114 2 100 100 0 0 0 -1 1 0 -1 - 0 -1 0 0 0 0 0 0 0 0 0 0 0 0 0

[00:49:56]	[Recv]	in 3 3007 41096 77 76 2 100 100 0 0 0 -1 1 0 -1 - 0 -1 0 0 0 0 0 0 0 0 0 0 0 0 0

[00:49:56]	[Recv]	in 3 3007 41095 77 22 2 100 100 0 0 0 -1 1 0 -1 - 0 -1 0 0 0 0 0 0 0 0 0 0 0 0 0

[00:49:56]	[Recv]	in 3 3007 41094 61 160 2 100 100 0 0 0 -1 1 0 -1 - 0 -1 0 0 0 0 0 0 0 0 0 0 0 0 0

[00:49:56]	[Recv]	in 3 3007 41093 80 13 7 100 100 0 0 0 -1 1 0 -1 - 0 -1 0 0 0 0 0 0 0 0 0 0 0 0 0

[00:49:56]	[Recv]	in 3 3007 41091 55 70 2 100 100 0 0 0 -1 1 0 -1 - 0 -1 0 0 0 0 0 0 0 0 0 0 0 0 0

[00:49:56]	[Recv]	in 3 3007 41090 53 59 2 100 100 0 0 0 -1 1 0 -1 - 0 -1 0 0 0 0 0 0 0 0 0 0 0 0 0

[00:49:56]	[Recv]	in 3 3007 41089 51 30 2 100 100 0 0 0 -1 1 0 -1 - 0 -1 0 0 0 0 0 0 0 0 0 0 0 0 0

[00:49:56]	[Recv]	in 3 3007 41088 47 67 2 100 100 0 0 0 -1 1 0 -1 - 0 -1 0 0 0 0 0 0 0 0 0 0 0 0 0

[00:49:56]	[Recv]	in 3 3007 41087 46 76 2 100 100 0 0 0 -1 1 0 -1 - 0 -1 0 0 0 0 0 0 0 0 0 0 0 0 0

[00:49:56]	[Recv]	in 3 3007 41086 44 96 2 100 100 0 0 0 -1 1 0 -1 - 0 -1 0 0 0 0 0 0 0 0 0 0 0 0 0

[00:49:56]	[Recv]	in 3 3007 41085 41 106 2 100 100 0 0 0 -1 1 0 -1 - 0 -1 0 0 0 0 0 0 0 0 0 0 0 0 0

[00:49:56]	[Recv]	in 3 3007 41084 40 44 2 100 100 0 0 0 -1 1 0 -1 - 0 -1 0 0 0 0 0 0 0 0 0 0 0 0 0

[00:49:56]	[Recv]	in 3 3007 41083 25 26 2 100 100 0 0 0 -1 1 0 -1 - 0 -1 0 0 0 0 0 0 0 0 0 0 0 0 0

[00:49:56]	[Recv]	in 3 3007 41082 24 44 2 100 100 0 0 0 -1 1 0 -1 - 0 -1 0 0 0 0 0 0 0 0 0 0 0 0 0

[00:49:56]	[Recv]	in 3 3007 41081 20 70 2 100 100 0 0 0 -1 1 0 -1 - 0 -1 0 0 0 0 0 0 0 0 0 0 0 0 0

[00:49:56]	[Recv]	in 3 3007 41080 19 172 2 100 100 0 0 0 -1 1 0 -1 - 0 -1 0 0 0 0 0 0 0 0 0 0 0 0 0

[00:49:56]	[Recv]	in 3 3007 41079 19 151 2 100 100 0 0 0 -1 1 0 -1 - 0 -1 0 0 0 0 0 0 0 0 0 0 0 0 0

[00:49:56]	[Recv]	in 3 3007 41078 17 28 2 100 100 0 0 0 -1 1 0 -1 - 0 -1 0 0 0 0 0 0 0 0 0 0 0 0 0

[00:49:56]	[Recv]	in 3 3007 41077 16 103 2 100 100 0 0 0 -1 1 0 -1 - 0 -1 0 0 0 0 0 0 0 0 0 0 0 0 0

[00:49:56]	[Recv]	in 3 3007 41076 14 34 2 100 100 0 0 0 -1 1 0 -1 - 0 -1 0 0 0 0 0 0 0 0 0 0 0 0 0

[00:49:56]	[Recv]	in 3 3007 41075 12 111 2 100 100 0 0 0 -1 1 0 -1 - 0 -1 0 0 0 0 0 0 0 0 0 0 0 0 0

[00:49:56]	[Recv]	in 3 3007 41074 6 163 2 100 100 0 0 0 -1 1 0 -1 - 0 -1 0 0 0 0 0 0 0 0 0 0 0 0 0

[00:49:56]	[Recv]	in 3 3007 41073 8 152 2 100 100 0 0 0 -1 1 0 -1 - 0 -1 0 0 0 0 0 0 0 0 0 0 0 0 0

[00:49:56]	[Recv]	in 3 3007 41072 4 117 2 100 100 0 0 0 -1 1 0 -1 - 0 -1 0 0 0 0 0 0 0 0 0 0 0 0 0

[00:49:56]	[Recv]	in 2 3050 41172 36 126 0 100 100 11023 0 0 -1 1 0 -1 - 0 -1 0 0 0 0 0 0 0 0 0 0 0 0 0

[00:49:56]	[Recv]	pst 2 2557262 0 100 100 34166 7013 0 0 0

[00:49:56]	[Recv]	pst 2 2557249 1 100 100 42830 3622 0 0 0

[00:49:57]	[Recv]	mv 3 41160 90 24 9

[00:49:57]	[Recv]	mv 3 41154 79 64 9

[00:49:57]	[Recv]	mv 3 41152 76 74 9

[00:49:57]	[Recv]	mv 3 41150 68 32 9

[00:49:57]	[Recv]	mv 3 41136 33 76 9

[00:49:57]	[Recv]	mv 3 41133 29 160 9

[00:49:57]	[Recv]	mv 3 41126 90 111 9

[00:49:57]	[Recv]	mv 3 41119 53 28 9

[00:49:57]	[Recv]	mv 3 41118 52 13 9

[00:49:57]	[Recv]	mv 3 41110 21 20 9

[00:49:57]	[Recv]	mv 3 41100 85 106 9

[00:49:57]	[Recv]	mv 3 41085 42 108 9

[00:49:57]	[Recv]	mv 3 41083 24 24 9

[00:49:57]	[Recv]	mv 3 41079 17 151 9

[00:49:57]	[Recv]	mv 3 41076 13 36 9

[00:49:57]	[Recv]	mv 3 41073 9 153 9

[00:49:57]	[Recv]	mv 3 41171 84 114 8

[00:49:57]	[Recv]	mv 3 41170 85 22 8

[00:49:57]	[Recv]	mv 3 41156 83 13 9

[00:49:57]	[Recv]	mv 3 41155 82 110 9

[00:49:57]	[Recv]	mv 3 41140 40 53 9

[00:49:57]	[Recv]	mv 3 41124 81 160 9

[00:49:57]	[Recv]	mv 3 41123 79 67 9

[00:49:57]	[Recv]	mv 3 41122 79 124 9

[00:49:57]	[Recv]	mv 3 41108 20 36 9

[00:49:57]	[Recv]	mv 3 41102 89 118 9

[00:49:57]	[Recv]	mv 3 41096 79 78 9

[00:49:57]	[Recv]	mv 3 41087 46 75 9

[00:49:57]	[Recv]	mv 3 41074 7 161 9

[00:49:57]	[Recv]	mv 3 41165 27 34 8

[00:49:57]	[Recv]	mv 3 41163 11 163 8

[00:49:57]	[Recv]	mv 3 41157 84 119 9

[00:49:57]	[Recv]	mv 3 41151 71 164 9

[00:49:57]	[Recv]	mv 3 41149 67 56 9

[00:49:57]	[Recv]	mv 3 41120 61 82 9

[00:49:57]	[Recv]	mv 3 41113 39 54 9

[00:49:57]	[Recv]	mv 3 41104 96 22 9

[00:49:57]	[Recv]	mv 3 41098 81 17 9

[00:49:57]	[Recv]	mv 3 41091 53 71 9

[00:49:57]	[Recv]	mv 3 41082 25 45 9

[00:49:57]	[Recv]	mv 3 41148 61 85 9

[00:49:57]	[Recv]	mv 3 41147 63 21 9

[00:49:57]	[Recv]	mv 3 41145 55 39 9

[00:49:57]	[Recv]	mv 3 41144 53 111 9

[00:49:57]	[Recv]	mv 3 41139 41 19 9

[00:49:57]	[Recv]	mv 3 41121 60 155 9

[00:49:57]	[Recv]	mv 3 41117 52 64 9

[00:49:57]	[Recv]	mv 3 41105 14 69 9

[00:49:57]	[Recv]	mv 3 41097 78 114 9

[00:49:57]	[Recv]	mv 3 41093 80 14 9

[00:49:57]	[Recv]	mv 3 41084 39 44 9

[00:49:57]	[Recv]	mv 3 41080 17 172 9

[00:49:57]	[Recv]	mv 3 41168 53 65 8

[00:49:57]	[Recv]	mv 3 41166 50 115 8

[00:49:57]	[Recv]	mv 3 41164 17 61 8

[00:49:57]	[Recv]	mv 3 41158 85 160 9

[00:49:57]	[Recv]	mv 3 41143 50 89 9

[00:49:57]	[Recv]	mv 3 41141 42 160 9

[00:49:57]	[Recv]	mv 3 41138 40 98 9

[00:49:57]	[Recv]	mv 3 41137 31 28 9

[00:49:57]	[Recv]	mv 3 41129 13 48 9

[00:49:57]	[Recv]	mv 3 41099 83 68 9

[00:49:57]	[Recv]	mv 3 41090 55 57 9

[00:49:57]	[Recv]	mv 3 41081 22 70 9

[00:49:57]	[Recv]	mv 3 41075 14 110 9

[00:49:57]	[Recv]	pst 2 2557262 0 100 100 34166 7013 0 0 0

[00:49:57]	[Recv]	pst 2 2557249 1 100 100 42830 3622 0 0 0

[00:49:58]	[Send]	walk 75 167 0 25
[00:49:58]	[Recv]	mv 3 41154 80 63 9

[00:49:58]	[Recv]	mv 3 41152 77 74 9

[00:49:58]	[Recv]	mv 3 41150 70 31 9

[00:49:58]	[Recv]	mv 3 41133 28 162 9

[00:49:58]	[Recv]	mv 3 41119 55 28 9

[00:49:58]	[Recv]	mv 3 41118 52 12 9

[00:49:58]	[Recv]	mv 3 41106 17 112 9

[00:49:58]	[Recv]	mv 3 41100 86 105 9

[00:49:58]	[Recv]	mv 3 41085 42 107 9

[00:49:58]	[Recv]	mv 3 41171 82 113 8

[00:49:58]	[Recv]	mv 3 41169 79 72 8

[00:49:58]	[Recv]	mv 3 41159 89 149 9

[00:49:58]	[Recv]	mv 3 41156 82 15 9

[00:49:58]	[Recv]	mv 3 41140 41 54 9

[00:49:58]	[Recv]	mv 3 41135 31 45 9

[00:49:58]	[Recv]	mv 3 41124 79 158 9

[00:49:58]	[Recv]	mv 3 41116 47 156 9

[00:49:58]	[Recv]	mv 3 41112 36 38 9

[00:49:58]	[Recv]	mv 3 41111 23 53 9

[00:49:58]	[Recv]	mv 3 41108 20 34 9

[00:49:58]	[Recv]	mv 3 41102 88 117 9

[00:49:58]	[Recv]	mv 3 41088 46 65 9

[00:49:58]	[Recv]	mv 3 41087 44 73 9

[00:49:58]	[Recv]	mv 3 41074 5 161 9

[00:49:58]	[Recv]	mv 3 41163 11 162 8

[00:49:58]	[Recv]	mv 3 41157 86 121 9

[00:49:58]	[Recv]	mv 3 41153 76 150 9

[00:49:58]	[Recv]	mv 3 41149 67 57 9

[00:49:58]	[Recv]	mv 3 41115 45 110 9

[00:49:58]	[Recv]	mv 3 41113 38 52 9

[00:49:58]	[Recv]	mv 3 41147 62 19 9

[00:49:58]	[Recv]	mv 3 41145 57 37 9

[00:49:58]	[Recv]	mv 3 41114 41 66 9

[00:49:58]	[Recv]	mv 3 41097 77 116 9

[00:49:58]	[Recv]	mv 3 41093 79 16 9

[00:49:58]	[Recv]	mv 3 41084 41 43 9

[00:49:58]	[Send]	walk 80 171 0 25
[00:49:58]	[Recv]	stat 70312 75191 11190 17265 0 1316

[00:49:58]	[Send]	walk 79 172 0 25
[00:49:58]	[Recv]	mv 3 41168 55 66 8

[00:49:58]	[Recv]	mv 3 41167 53 21 8

[00:49:58]	[Recv]	mv 3 41166 51 114 8

[00:49:58]	[Recv]	mv 3 41164 18 60 8

[00:49:58]	[Recv]	mv 3 41158 86 160 9

[00:49:58]	[Recv]	mv 3 41142 48 150 9

[00:49:58]	[Recv]	mv 3 41134 30 57 9

[00:49:58]	[Recv]	mv 3 41128 13 120 9

[00:49:58]	[Recv]	mv 3 41109 24 88 9

[00:49:58]	[Recv]	mv 3 41099 85 68 9

[00:49:58]	[Recv]	mv 3 41090 54 56 9

[00:49:58]	[Recv]	mv 3 41089 52 32 9

[00:49:58]	[Recv]	mv 3 41086 45 96 9

[00:49:58]	[Recv]	mv 3 41081 21 71 9

[00:49:58]	[Recv]	mv 3 41077 17 103 9

[00:49:58]	[Recv]	mv 3 41075 12 110 9

[00:49:58]	[Recv]	mv 3 41072 5 115 9

[00:49:58]	[Recv]	pst 2 2557262 0 100 100 34166 7013 0 0 0

[00:49:58]	[Recv]	pst 2 2557249 1 100 100 42830 3622 0 0 0

[00:49:58]	[Send]	walk 77 175 0 25
[00:49:59]	[Recv]	mv 3 41162 10 114 8

[00:49:59]	[Recv]	mv 3 41154 81 61 9

[00:49:59]	[Recv]	mv 3 41118 54 12 9

[00:49:59]	[Recv]	mv 3 41107 16 160 9

[00:49:59]	[Recv]	mv 3 41106 16 114 9

[00:49:59]	[Recv]	mv 3 41100 87 107 9

[00:49:59]	[Recv]	mv 3 41085 42 108 9

[00:49:59]	[Recv]	mv 3 41079 19 149 9

[00:49:59]	[Recv]	mv 3 41078 17 26 9

[00:49:59]	[Recv]	mv 3 41076 11 38 9

[00:49:59]	[Recv]	mv 3 41073 9 151 9

[00:49:59]	[Send]	walk 76 175 0 25
[00:49:59]	[Recv]	mv 3 41171 84 114 8

[00:49:59]	[Recv]	mv 3 41169 79 73 8

[00:49:59]	[Recv]	mv 3 41155 82 109 9

[00:49:59]	[Recv]	mv 3 41140 42 55 9

[00:49:59]	[Recv]	mv 3 41124 80 159 9

[00:49:59]	[Recv]	mv 3 41122 80 123 9

[00:49:59]	[Recv]	mv 3 41112 35 37 9

[00:49:59]	[Recv]	mv 3 41111 24 51 9

[00:49:59]	[Recv]	mv 3 41108 18 35 9

[00:49:59]	[Recv]	mv 3 41102 87 115 9

[00:49:59]	[Recv]	mv 3 41096 77 76 9

[00:49:59]	[Recv]	mv 3 41094 61 159 9

[00:49:59]	[Recv]	mv 3 41088 47 67 9

[00:49:59]	[Recv]	mv 3 41087 44 75 9

[00:49:59]	[Recv]	mv 3 41074 5 163 9

[00:49:59]	[Recv]	mv 3 41163 12 163 8

[00:49:59]	[Recv]	mv 3 41157 85 120 9

[00:49:59]	[Recv]	mv 3 41149 66 55 9

[00:49:59]	[Recv]	mv 3 41131 21 100 9

[00:49:59]	[Recv]	mv 3 41125 83 28 9

[00:49:59]	[Recv]	mv 3 41120 59 82 9

[00:49:59]	[Recv]	mv 3 41113 36 53 9

[00:49:59]	[Recv]	mv 3 41104 96 21 9

[00:49:59]	[Recv]	mv 3 41091 54 73 9

[00:49:59]	[Recv]	mv 3 41082 23 46 9

[00:49:59]	[Send]	preq
[00:49:59]	[Recv]	mv 3 41145 55 39 9

[00:49:59]	[Recv]	mv 3 41130 19 170 9

[00:49:59]	[Recv]	mv 3 41121 60 154 9

[00:49:59]	[Recv]	mv 3 41117 50 66 9

[00:49:59]	[Recv]	mv 3 41114 40 66 9

[00:49:59]	[Recv]	mv 3 41097 77 115 9

[00:49:59]	[Recv]	mv 3 41095 78 24 9

[00:49:59]	[Recv]	mv 3 41093 79 14 9

[00:49:59]	[Recv]	c_map 0 2640 0

[00:49:59]	[Recv]	mapout

[00:49:59]	[Send]	c_close 1
[00:49:59]	[Send]	c_close 0
[00:49:59]	[Send]	f_stash_end 
[00:49:59]	[Send]	c_close 1
[00:49:59]	[Recv]	c_info milkers - -1 3739.918 Sanguinarius 6835325 0 0 1 5 1 27 0 10 0 0 0 0 8151 9

[00:49:59]	[Send]	mall 50
[00:49:59]	[Send]	c_close 1
[00:49:59]	[Recv]	c_mode 1 6835325 3728 0 0 0 100 8151

[00:49:59]	[Recv]	equip 73 78 0.8628.3.7.0.8.82 1.8643.8.7.0.2.82 2.8689.0.0.0.0.0 3.8653.0.2.0.0.0 4.8655.0.0.0.0.0 5.8636.7.8.0.0.82 6.4657.0.0.0.0.0 7.4653.0.0.0.0.0 8.4647.0.0.0.0.0 9.8687.0.0.0.0.0 10.8674.9.0.0.0.0 12.909.0.20.100.0.0 13.8680.0.0.0.0.0 14.8566.0.0.0.0.0 15.8598.0.0.0.0.0 16.8568.0.0.0.0.0 17.8801.0.0.0.0.0

[00:49:59]	[Recv]	lev 99 0 99 0 2140719000 5991794 13364600 200 881816047 91 967912450 0

[00:49:59]	[Recv]	stat 70312 75191 11190 17265 0 1316

[00:49:59]	[Recv]	at 6835325 2628 116 18 2 0 115 1 -1

[00:49:59]	[Recv]	cond 1 6835325 0 0 25

[00:49:59]	[Recv]	cond 1 6835325 0 0 25

[00:49:59]	[Recv]	titinfo 1 6835325 9468 9468

[00:49:59]	[Recv]	eq 6835325 0 0 1 5 1 8689.8643.8628.8636.8687.8674.8680.8566.8598.8568.8801 73 78 100

[00:49:59]	[Recv]	c_map 0 2628 1

[00:49:59]	[Recv]	sc 0 7 4136 4278 1894 37 415 1 8 4111 4311 2101 43 405 7 2246 1268 2064 1268 1784 91 88 127 138

[00:49:59]	[Recv]	char_sc 1 6835325 100

[00:49:59]	[Recv]	gidx 1 6835325 3739.918 Sanguinarius 27 0|0|1

[00:49:59]	[Recv]	rsfp 0 -1

[00:49:59]	[Recv]	pairy 1 6835325 4 3 129 59

[00:49:59]	[Recv]	minipet 1 6835325 8801

[00:49:59]	[Recv]	act6 

[00:49:59]	[Recv]	pinit 2 2|2557262|0|99|@|-1|2789|1|2646|0|0 2|2557249|1|96|@|-1|2762|0|0|0|0


[00:49:59]	[Recv]	food 0

[00:50:00]	[Recv]	mv 2 40300 65 125 4

[00:50:00]	[Recv]	gp 7 76 2633 -1 0 0

[00:50:00]	[Recv]	gp 60 120 4995 3 1 0

[00:50:00]	[Recv]	gp 111 126 2637 -1 2 0

[00:50:00]	[Recv]	gp 116 18 2640 -1 3 0

[00:50:00]	[Recv]	wp 105 114 90 4 85 99

[00:50:00]	[Recv]	in 2 3096 40312 42 75 3 100 100 11015 0 0 -1 1 0 -1 - 0 -1 0 0 0 0 0 0 0 0 0 0 0 0 0

[00:50:00]	[Recv]	shop 2 40312 1 5 48 Family Manager

[00:50:00]	[Recv]	in 2 3076 40311 43 50 6 100 100 11009 0 0 -1 1 0 -1 - 0 -1 0 0 0 0 0 0 0 0 0 0 0 0 0

[00:50:00]	[Recv]	shop 2 40311 1 0 88 Rune Workshop

[00:50:00]	[Recv]	in 2 3079 40310 76 43 2 100 100 11014 0 0 -1 1 0 -1 - 0 -1 0 0 0 0 0 0 0 0 0 0 0 0 0

[00:50:00]	[Recv]	shop 2 40310 1 0 87 Alchemy Shop

[00:50:00]	[Recv]	in 2 3070 40309 31 52 6 100 100 11008 0 0 -1 1 0 -1 - 0 -1 0 0 0 0 0 0 0 0 0 0 0 0 0

[00:50:00]	[Recv]	shop 2 40309 1 0 86 Supermarket

[00:50:00]	[Recv]	in 2 3097 40308 99 37 7 100 100 11020 0 0 -1 1 0 -1 - 0 -1 0 0 0 0 0 0 0 0 0 0 0 0 0

[00:50:00]	[Recv]	shop 2 40308 1 0 85 General Shop

[00:50:00]	[Recv]	in 2 3084 40307 46 49 6 100 100 11003 0 0 -1 1 0 -1 - 0 -1 0 0 0 0 0 0 0 0 0 0 0 0 0

[00:50:00]	[Recv]	shop 2 40307 1 0 84 Equipment Shop

[00:50:00]	[Recv]	in 2 3077 40306 71 42 2 100 100 11006 0 0 -1 1 0 -1 - 0 -1 0 0 0 0 0 0 0 0 0 0 0 0 0

[00:50:00]	[Recv]	shop 2 40306 1 0 83 Tattooist

[00:50:00]	[Recv]	in 2 3385 40305 37 52 6 100 100 571 0 0 -1 1 0 -1 - 0 -1 0 0 0 0 0 0 0 0 0 0 0 0 0

[00:50:00]	[Recv]	shop 2 40305 1 0 117 Shell Master

[00:50:00]	[Recv]	in 2 1579 40304 41 71 3 100 100 570 0 0 -1 1 0 -1 - 0 -1 0 0 0 0 0 0 0 0 0 0 0 0 0

[00:50:00]	[Recv]	shop 2 40304 1 0 116 Hardcore Raid Token Shop (Moritius)

[00:50:00]	[Recv]	in 2 3048 40303 153 84 3 100 100 11028 0 0 -1 1 0 -1 - 0 -1 0 0 0 0 0 0 0 0 0 0 0 0 0

[00:50:00]	[Recv]	shop 2 40303 1 0 92 Celestial Spire Guard

[00:50:00]	[Recv]	in 2 3081 40302 49 66 0 100 100 11030 0 0 -1 1 0 -1 - 0 -1 0 0 0 0 0 0 0 0 0 0 0 0 0

[00:50:00]	[Recv]	shop 2 40302 1 0 45 NosBazaar

[00:50:00]	[Recv]	in 2 3078 40301 119 30 7 100 100 11002 0 0 -1 1 0 -1 - 0 -1 0 0 0 0 0 0 0 0 0 0 0 0 0

[00:50:00]	[Recv]	shop 2 40301 1 0 82 Rainbow Shop

[00:50:00]	[Recv]	in 2 3115 40300 65 125 0 100 100 0 0 0 -1 1 0 -1 - 0 -1 0 0 0 0 0 0 0 0 0 0 0 0 0

[00:50:00]	[Recv]	in 2 3115 40299 61 132 0 100 100 0 0 0 -1 1 0 -1 - 0 -1 0 0 0 0 0 0 0 0 0 0 0 0 0

[00:50:00]	[Recv]	in 2 3115 40298 60 128 0 100 100 0 0 0 -1 1 0 -1 - 0 -1 0 0 0 0 0 0 0 0 0 0 0 0 0

[00:50:00]	[Recv]	in 2 3115 40297 59 131 0 100 100 0 0 0 -1 1 0 -1 - 0 -1 0 0 0 0 0 0 0 0 0 0 0 0 0

[00:50:00]	[Recv]	in 2 3115 40296 54 132 0 100 100 0 0 0 -1 1 0 -1 - 0 -1 0 0 0 0 0 0 0 0 0 0 0 0 0

[00:50:00]	[Recv]	in 2 3115 40295 56 130 0 100 100 0 0 0 -1 1 0 -1 - 0 -1 0 0 0 0 0 0 0 0 0 0 0 0 0

[00:50:00]	[Recv]	in 2 3115 40294 54 128 0 100 100 0 0 0 -1 1 0 -1 - 0 -1 0 0 0 0 0 0 0 0 0 0 0 0 0

[00:50:00]	[Recv]	in 2 3092 40293 117 40 0 100 100 0 0 0 -1 1 0 -1 - 0 -1 0 0 0 0 0 0 0 0 0 0 0 0 0

[00:50:00]	[Recv]	in 2 3091 40292 119 42 0 100 100 0 0 0 -1 1 0 -1 - 0 -1 0 0 0 0 0 0 0 0 0 0 0 0 0

[00:50:00]	[Recv]	in 2 3090 40291 126 55 3 100 100 11025 0 0 -1 1 0 -1 - 0 -1 0 0 0 0 0 0 0 0 0 0 0 0 0

[00:50:00]	[Recv]	in 2 3089 40290 126 57 3 100 100 11005 0 0 -1 1 0 -1 - 0 -1 0 0 0 0 0 0 0 0 0 0 0 0 0

[00:50:00]	[Recv]	in 2 3088 40289 120 112 3 100 100 0 0 0 -1 1 0 -1 - 0 -1 0 0 0 0 0 0 0 0 0 0 0 0 0

[00:50:00]	[Recv]	in 2 3087 40288 120 120 3 100 100 11001 0 0 -1 1 0 -1 - 0 -1 0 0 0 0 0 0 0 0 0 0 0 0 0

[00:50:00]	[Recv]	in 2 3083 40287 46 101 3 100 100 0 0 0 -1 1 0 -1 - 0 -1 0 0 0 0 0 0 0 0 0 0 0 0 0

[00:50:00]	[Recv]	in 2 3082 40286 30 107 1 100 100 0 0 0 -1 1 0 -1 - 0 -1 0 0 0 0 0 0 0 0 0 0 0 0 0

[00:50:00]	[Recv]	in 2 3080 40285 123 46 7 100 100 0 0 0 -1 1 0 -1 - 0 -1 0 0 0 0 0 0 0 0 0 0 0 0 0

[00:50:00]	[Recv]	in 2 3074 40284 52 90 0 100 100 11021 0 0 -1 1 0 -1 - 0 -1 0 0 0 0 0 0 0 0 0 0 0 0 0

[00:50:00]	[Recv]	in 2 3073 40283 33 89 5 100 100 11027 0 0 -1 1 0 -1 - 0 -1 0 0 0 0 0 0 0 0 0 0 0 0 0

[00:50:00]	[Recv]	in 2 3067 40282 82 99 0 100 100 11011 0 0 -1 1 0 -1 - 0 -1 0 0 0 0 0 0 0 0 0 0 0 0 0

[00:50:00]	[Recv]	in 2 3048 40281 116 35 2 100 100 0 0 0 -1 1 0 -1 - 0 -1 0 0 0 0 0 0 0 0 0 0 0 0 0

[00:50:00]	[Recv]	in 2 3048 40280 76 95 0 100 100 0 0 0 -1 1 0 -1 - 0 -1 0 0 0 0 0 0 0 0 0 0 0 0 0

[00:50:00]	[Recv]	in 2 3047 40279 152 81 3 100 100 0 0 0 -1 1 0 -1 - 0 -1 0 0 0 0 0 0 0 0 0 0 0 0 0

[00:50:00]	[Recv]	in 2 3047 40278 151 87 3 100 100 0 0 0 -1 1 0 -1 - 0 -1 0 0 0 0 0 0 0 0 0 0 0 0 0

[00:50:00]	[Recv]	in 2 3047 40277 136 78 3 100 100 0 0 0 -1 1 0 -1 - 0 -1 0 0 0 0 0 0 0 0 0 0 0 0 0

[00:50:00]	[Recv]	in 2 3047 40276 135 85 3 100 100 0 0 0 -1 1 0 -1 - 0 -1 0 0 0 0 0 0 0 0 0 0 0 0 0

[00:50:00]	[Recv]	in 2 3047 40275 109 33 2 100 100 0 0 0 -1 1 0 -1 - 0 -1 0 0 0 0 0 0 0 0 0 0 0 0 0

[00:50:00]	[Recv]	in 2 3047 40274 85 92 0 100 100 0 0 0 -1 1 0 -1 - 0 -1 0 0 0 0 0 0 0 0 0 0 0 0 0

[00:50:00]	[Recv]	in 2 3047 40273 19 66 1 100 100 0 0 0 -1 1 0 -1 - 0 -1 0 0 0 0 0 0 0 0 0 0 0 0 0

[00:50:00]	[Recv]	in 2 3047 40272 18 83 1 100 100 0 0 0 -1 1 0 -1 - 0 -1 0 0 0 0 0 0 0 0 0 0 0 0 0

[00:50:00]	[Recv]	in 2 2557 2443470 70 43 2 100 100 0 0 3 6916712 1 0 3206 @ 1 0 1 1880 1881 1882 4237 0 0 0 2723 0 1 0 0

[00:50:00]	[Recv]	in 2 1488 2443466 71 43 2 100 100 0 0 3 6916712 1 0 -1 @ 2 -1 0 0 0 0 0 0 0 0 0 0 0 6 0

[00:50:00]	[Recv]	in 1 kronyme - 6916712 70 45 2 0 1 3 5 2 221.4479.4451.4963.227.4131.8680.8682.8701.4443.8696 100 100 0 9 4 3 0 42 0 0 86 77 4268.918 GO-Pex-Zaby 25 0 0 0 0 97 3 0|0|0 0 0 100 57 9347

[00:50:00]	[Recv]	pst 2 2557262 0 100 100 34166 7013 0 0 0

[00:50:00]	[Recv]	pst 2 2557249 1 100 100 42830 3622 0 0 0

[00:50:00]	[Recv]	mv 2 40297 60 129 4

[00:50:00]	[Send]	walk 114 18 0 25
[00:50:00]	[Recv]	mv 2 40296 54 131 4

[00:50:00]	[Recv]	mv 2 40294 55 128 4

[00:50:00]	[Recv]	stat 70488 75191 11190 17265 0 1316

[00:50:00]	[Recv]	stat 70488 75191 11307 17265 0 1316

[00:50:00]	[Send]	walk 116 18 0 25
[00:50:01]	[Recv]	pst 2 2557262 0 100 100 34166 7013 0 0 0

[00:50:01]	[Recv]	pst 2 2557249 1 100 100 42830 3622 0 0 0

[00:50:01]	[Send]	preq
[00:50:01]	[Recv]	mv 2 40298 59 130 4

[00:50:01]	[Recv]	sayi 1 6835325 10 94 0 0 0 0 0

[00:50:01]	[Recv]	mv 2 40296 56 132 4

[00:50:02]	[Send]	walk 117 19 1 25
[00:50:02]	[Recv]	in 2 2557 2523825 72 47 2 100 100 0 0 3 7107564 1 0 2379 @ 1 1 1 1602 1603 1604 0 0 0 0 2366 0 0 0 0

[00:50:02]	[Recv]	in 2 683 2523821 71 49 2 100 100 0 0 3 7107564 1 0 -1 @ 2 -1 0 0 0 0 0 0 0 0 0 0 0 5 0

[00:50:02]	[Recv]	in 1 Pimento - 7107564 71 48 2 0 1 1 9 2 4507.4954.4966.4963.4928.802.8680.8682.8701.4557.-1 100 100 0 9 4 3 0 0 0 27 66 68 4268.918 GO-Pex-Zaby 24 0 10 0 7 95 3 0|0|0 0 0 100 51 9440

[00:50:02]	[Recv]	pst 2 2557262 0 100 100 34166 7013 0 0 0

[00:50:02]	[Recv]	pst 2 2557249 1 100 100 42830 3622 0 0 0

[00:50:02]	[Recv]	mv 2 40298 59 128 4

[00:50:02]	[Recv]	mv 2 40297 59 131 4

[00:50:02]	[Send]	preq
[00:50:02]	[Recv]	mv 2 40295 55 132 4

[00:50:02]	[Recv]	sayi 1 6835325 10 94 0 0 0 0 0

[00:50:02]	[Recv]	stat 70664 75191 11307 17265 0 1316

[00:50:03]	[Send]	walk 116 18 0 25
[00:50:03]	[Recv]	mv 2 40300 64 126 4

[00:50:03]	[Recv]	mv 2 40299 62 133 4

[00:50:03]	[Recv]	mv 1 6916712 70 47 14

[00:50:03]	[Recv]	in 2 1613 2547953 46 53 2 100 140 0 0 3 7074610 1 0 -1 @ 1 0 0 0 0 0 0 0 0 0 0 0 0 0 0

[00:50:03]	[Recv]	in 2 1693 2547954 46 51 2 100 100 0 0 3 7074610 1 0 -1 @ 2 -1 0 0 0 0 0 0 0 0 0 0 0 6 0

[00:50:03]	[Recv]	in 1 SierzantPyrek - 7074610 46 52 2 0 0 1 7 2 8839.8831.8814.8822.8687.8674.8860.8862.8869.4531.8694 100 100 0 -1 4 3 0 59 0 0 76 83 5256.918 Strawhats 27 0 0 0 0 99 21 0|0|0 0 0 100 99 9468

[00:50:03]	[Recv]	pst 2 2557262 0 100 100 34166 7013 0 0 0

[00:50:03]	[Recv]	pst 2 2557249 1 100 100 42830 3622 0 0 0

[00:50:03]	[Recv]	mv 2 2443470 69 48 15

[00:50:03]	[Recv]	mv 2 2443466 71 46 13

[00:50:03]	[Send]	preq
[00:50:03]	[Recv]	c_map 0 2628 0

[00:50:03]	[Recv]	mapout

[00:50:03]	[Send]	c_close 1
[00:50:03]	[Send]	c_close 0
[00:50:03]	[Send]	f_stash_end 
[00:50:03]	[Send]	c_close 1
[00:50:03]	[Recv]	c_info milkers - -1 3739.918 Sanguinarius 6835325 0 0 1 5 1 27 0 10 0 0 0 0 8151 9

[00:50:03]	[Send]	mall 50
[00:50:03]	[Send]	c_close 1
[00:50:03]	[Recv]	c_mode 1 6835325 3728 0 0 0 100 8151

[00:50:03]	[Recv]	equip 73 78 0.8628.3.7.0.8.82 1.8643.8.7.0.2.82 2.8689.0.0.0.0.0 3.8653.0.2.0.0.0 4.8655.0.0.0.0.0 5.8636.7.8.0.0.82 6.4657.0.0.0.0.0 7.4653.0.0.0.0.0 8.4647.0.0.0.0.0 9.8687.0.0.0.0.0 10.8674.9.0.0.0.0 12.909.0.20.100.0.0 13.8680.0.0.0.0.0 14.8566.0.0.0.0.0 15.8598.0.0.0.0.0 16.8568.0.0.0.0.0 17.8801.0.0.0.0.0

[00:50:03]	[Recv]	lev 99 0 99 0 2140719000 5991794 13364600 200 881816047 91 967912450 0

[00:50:03]	[Recv]	stat 70664 75191 11307 17265 0 1316

[00:50:03]	[Recv]	at 6835325 2640 75 176 2 0 117 1 -1

[00:50:03]	[Recv]	cond 1 6835325 0 0 25

[00:50:03]	[Recv]	cond 1 6835325 0 0 25

[00:50:03]	[Recv]	titinfo 1 6835325 9468 9468

[00:50:03]	[Recv]	eq 6835325 0 0 1 5 1 8689.8643.8628.8636.8687.8674.8680.8566.8598.8568.8801 73 78 100

[00:50:03]	[Recv]	c_map 0 2640 1

[00:50:03]	[Recv]	sc 0 7 4136 4278 1894 37 415 1 8 4111 4311 2101 43 405 7 2246 1268 2064 1268 1784 91 88 127 138

[00:50:03]	[Recv]	char_sc 1 6835325 100

[00:50:03]	[Recv]	gidx 1 6835325 3739.918 Sanguinarius 27 0|0|1

[00:50:03]	[Recv]	rsfp 0 -1

[00:50:03]	[Recv]	pairy 1 6835325 4 3 129 59

[00:50:03]	[Recv]	minipet 1 6835325 8801

[00:50:03]	[Recv]	act6 

[00:50:03]	[Recv]	pinit 2 2|2557262|0|99|@|-1|2789|1|2646|0|0 2|2557249|1|96|@|-1|2762|0|0|0|0


[00:50:03]	[Recv]	food 0

[00:50:03]	[Recv]	mv 3 41171 85 113 8

[00:50:03]	[Recv]	mv 3 41164 18 61 8

[00:50:03]	[Recv]	mv 3 41156 84 15 9

[00:50:03]	[Recv]	mv 3 41153 74 150 9

[00:50:03]	[Recv]	mv 3 41142 47 153 9

[00:50:03]	[Recv]	mv 3 41140 40 53 9

[00:50:03]	[Recv]	mv 3 41123 78 66 9

[00:50:03]	[Recv]	mv 3 41112 36 39 9

[00:50:03]	[Recv]	mv 3 41107 17 159 9

[00:50:03]	[Recv]	mv 3 41088 47 66 9

[00:50:03]	[Recv]	mv 3 41079 19 150 9

[00:50:03]	[Recv]	mv 3 41076 13 36 9

[00:50:03]	[Recv]	mv 3 41074 7 163 9

[00:50:03]	[Recv]	mv 3 41170 85 21 8

[00:50:03]	[Recv]	mv 3 41167 53 20 8

[00:50:03]	[Recv]	mv 3 41159 89 148 9

[00:50:03]	[Recv]	mv 3 41145 56 38 9

[00:50:03]	[Recv]	mv 3 41117 52 66 9

[00:50:03]	[Recv]	mv 3 41101 85 29 9

[00:50:03]	[Recv]	mv 3 41094 60 160 9

[00:50:03]	[Recv]	mv 3 41087 44 77 9

[00:50:03]	[Recv]	mv 3 41083 26 24 9

[00:50:03]	[Recv]	mv 3 41166 51 114 8

[00:50:03]	[Recv]	mv 3 41163 12 162 8

[00:50:03]	[Recv]	mv 3 41158 85 162 9

[00:50:03]	[Recv]	mv 3 41138 37 97 9

[00:50:03]	[Recv]	mv 3 41125 83 27 9

[00:50:03]	[Recv]	mv 3 41095 76 22 9

[00:50:03]	[Recv]	mv 3 41093 79 15 9

[00:50:03]	[Recv]	mv 3 41090 53 56 9

[00:50:03]	[Recv]	mv 3 41085 43 106 9

[00:50:03]	[Recv]	mv 3 41075 10 108 9

[00:50:03]	[Recv]	gp 24 2 2641 -1 0 0

[00:50:03]	[Recv]	gp 75 176 2628 -1 1 0

[00:50:03]	[Recv]	gp 84 172 1261 -1 2 0

[00:50:03]	[Recv]	in 3 3023 41171 85 113 2 100 100 0 0 0 -1 1 0 -1 - 0 -1 0 0 0 0 0 0 0 0 0 0 0 0 0

[00:50:03]	[Recv]	in 3 3023 41170 85 21 2 100 100 0 0 0 -1 1 0 -1 - 0 -1 0 0 0 0 0 0 0 0 0 0 0 0 0

[00:50:03]	[Recv]	in 3 3023 41169 80 72 2 100 100 0 0 0 -1 1 0 -1 - 0 -1 0 0 0 0 0 0 0 0 0 0 0 0 0

[00:50:03]	[Recv]	in 3 3023 41168 56 68 2 100 100 0 0 0 -1 1 0 -1 - 0 -1 0 0 0 0 0 0 0 0 0 0 0 0 0

[00:50:03]	[Recv]	in 3 3023 41167 53 20 2 100 100 0 0 0 -1 1 0 -1 - 0 -1 0 0 0 0 0 0 0 0 0 0 0 0 0

[00:50:03]	[Recv]	in 3 3023 41166 51 114 2 100 100 0 0 0 -1 1 0 -1 - 0 -1 0 0 0 0 0 0 0 0 0 0 0 0 0

[00:50:03]	[Recv]	in 3 3023 41165 27 34 2 100 100 0 0 0 -1 1 0 -1 - 0 -1 0 0 0 0 0 0 0 0 0 0 0 0 0

[00:50:03]	[Recv]	in 3 3023 41164 18 61 2 100 100 0 0 0 -1 1 0 -1 - 0 -1 0 0 0 0 0 0 0 0 0 0 0 0 0

[00:50:03]	[Recv]	in 3 3023 41163 12 162 2 100 100 0 0 0 -1 1 0 -1 - 0 -1 0 0 0 0 0 0 0 0 0 0 0 0 0

[00:50:03]	[Recv]	in 3 3023 41162 10 114 2 100 100 0 0 0 -1 1 0 -1 - 0 -1 0 0 0 0 0 0 0 0 0 0 0 0 0

[00:50:03]	[Recv]	in 3 3009 41161 57 131 2 63 100 0 0 0 -1 1 0 -1 - 0 -1 0 0 0 0 0 0 0 0 0 0 0 0 0

[00:50:03]	[Recv]	in 3 3009 41160 90 25 2 100 100 0 0 0 -1 1 0 -1 - 0 -1 0 0 0 0 0 0 0 0 0 0 0 0 0

[00:50:03]	[Recv]	in 3 3009 41159 89 148 2 100 100 0 0 0 -1 1 0 -1 - 0 -1 0 0 0 0 0 0 0 0 0 0 0 0 0

[00:50:03]	[Recv]	in 3 3009 41158 85 162 2 100 100 0 0 0 -1 1 0 -1 - 0 -1 0 0 0 0 0 0 0 0 0 0 0 0 0

[00:50:03]	[Recv]	in 3 3009 41157 85 120 2 100 100 0 0 0 -1 1 0 -1 - 0 -1 0 0 0 0 0 0 0 0 0 0 0 0 0

[00:50:03]	[Recv]	in 3 3009 41156 84 15 2 100 100 0 0 0 -1 1 0 -1 - 0 -1 0 0 0 0 0 0 0 0 0 0 0 0 0

[00:50:03]	[Recv]	in 3 3009 41155 82 109 2 100 100 0 0 0 -1 1 0 -1 - 0 -1 0 0 0 0 0 0 0 0 0 0 0 0 0

[00:50:03]	[Recv]	in 3 3009 41154 81 61 2 100 100 0 0 0 -1 1 0 -1 - 0 -1 0 0 0 0 0 0 0 0 0 0 0 0 0

[00:50:03]	[Recv]	in 3 3009 41153 74 150 2 100 100 0 0 0 -1 1 0 -1 - 0 -1 0 0 0 0 0 0 0 0 0 0 0 0 0

[00:50:03]	[Recv]	in 3 3009 41152 77 75 2 100 100 0 0 0 -1 1 0 -1 - 0 -1 0 0 0 0 0 0 0 0 0 0 0 0 0

[00:50:03]	[Recv]	in 3 3009 41151 71 164 2 100 100 0 0 0 -1 1 0 -1 - 0 -1 0 0 0 0 0 0 0 0 0 0 0 0 0

[00:50:03]	[Recv]	in 3 3009 41150 70 30 2 100 100 0 0 0 -1 1 0 -1 - 0 -1 0 0 0 0 0 0 0 0 0 0 0 0 0

[00:50:03]	[Recv]	in 3 3009 41149 66 55 2 100 100 0 0 0 -1 1 0 -1 - 0 -1 0 0 0 0 0 0 0 0 0 0 0 0 0

[00:50:03]	[Recv]	in 3 3009 41148 61 85 2 100 100 0 0 0 -1 1 0 -1 - 0 -1 0 0 0 0 0 0 0 0 0 0 0 0 0

[00:50:03]	[Recv]	in 3 3009 41147 62 19 2 100 100 0 0 0 -1 1 0 -1 - 0 -1 0 0 0 0 0 0 0 0 0 0 0 0 0

[00:50:03]	[Recv]	in 3 3009 41146 58 13 2 100 100 0 0 0 -1 1 0 -1 - 0 -1 0 0 0 0 0 0 0 0 0 0 0 0 0

[00:50:03]	[Recv]	in 3 3009 41145 56 38 2 100 100 0 0 0 -1 1 0 -1 - 0 -1 0 0 0 0 0 0 0 0 0 0 0 0 0

[00:50:03]	[Recv]	in 3 3009 41144 53 111 2 100 100 0 0 0 -1 1 0 -1 - 0 -1 0 0 0 0 0 0 0 0 0 0 0 0 0

[00:50:03]	[Recv]	in 3 3009 41143 48 89 2 43 100 0 0 0 -1 1 0 -1 - 0 -1 0 0 0 0 0 0 0 0 0 0 0 0 0

[00:50:03]	[Recv]	in 3 3009 41142 47 153 2 100 100 0 0 0 -1 1 0 -1 - 0 -1 0 0 0 0 0 0 0 0 0 0 0 0 0

[00:50:03]	[Recv]	in 3 3009 41141 44 161 2 100 100 0 0 0 -1 1 0 -1 - 0 -1 0 0 0 0 0 0 0 0 0 0 0 0 0

[00:50:03]	[Recv]	in 3 3009 41140 40 53 2 100 100 0 0 0 -1 1 0 -1 - 0 -1 0 0 0 0 0 0 0 0 0 0 0 0 0

[00:50:03]	[Recv]	in 3 3009 41139 41 19 2 100 100 0 0 0 -1 1 0 -1 - 0 -1 0 0 0 0 0 0 0 0 0 0 0 0 0

[00:50:03]	[Recv]	in 3 3009 41138 37 97 2 100 100 0 0 0 -1 1 0 -1 - 0 -1 0 0 0 0 0 0 0 0 0 0 0 0 0

[00:50:03]	[Recv]	in 3 3009 41137 30 30 2 100 100 0 0 0 -1 1 0 -1 - 0 -1 0 0 0 0 0 0 0 0 0 0 0 0 0

[00:50:03]	[Recv]	in 3 3009 41136 33 76 2 100 100 0 0 0 -1 1 0 -1 - 0 -1 0 0 0 0 0 0 0 0 0 0 0 0 0

[00:50:03]	[Recv]	in 3 3009 41135 31 45 2 100 100 0 0 0 -1 1 0 -1 - 0 -1 0 0 0 0 0 0 0 0 0 0 0 0 0

[00:50:03]	[Recv]	in 3 3009 41134 30 57 2 100 100 0 0 0 -1 1 0 -1 - 0 -1 0 0 0 0 0 0 0 0 0 0 0 0 0

[00:50:03]	[Recv]	in 3 3009 41133 28 162 2 100 100 0 0 0 -1 1 0 -1 - 0 -1 0 0 0 0 0 0 0 0 0 0 0 0 0

[00:50:03]	[Recv]	in 3 3009 41132 26 13 2 100 100 0 0 0 -1 1 0 -1 - 0 -1 0 0 0 0 0 0 0 0 0 0 0 0 0

[00:50:03]	[Recv]	in 3 3009 41131 21 100 2 100 100 0 0 0 -1 1 0 -1 - 0 -1 0 0 0 0 0 0 0 0 0 0 0 0 0

[00:50:03]	[Recv]	in 3 3009 41130 19 170 2 100 100 0 0 0 -1 1 0 -1 - 0 -1 0 0 0 0 0 0 0 0 0 0 0 0 0

[00:50:03]	[Recv]	in 3 3009 41129 14 47 2 100 100 0 0 0 -1 1 0 -1 - 0 -1 0 0 0 0 0 0 0 0 0 0 0 0 0

[00:50:03]	[Recv]	in 3 3009 41128 13 120 2 100 100 0 0 0 -1 1 0 -1 - 0 -1 0 0 0 0 0 0 0 0 0 0 0 0 0

[00:50:03]	[Recv]	in 3 3009 41127 13 81 2 100 100 0 0 0 -1 1 0 -1 - 0 -1 0 0 0 0 0 0 0 0 0 0 0 0 0

[00:50:03]	[Recv]	in 3 3008 41126 90 111 2 100 100 0 0 0 -1 1 0 -1 - 0 -1 0 0 0 0 0 0 0 0 0 0 0 0 0

[00:50:03]	[Recv]	in 3 3008 41125 83 27 2 100 100 0 0 0 -1 1 0 -1 - 0 -1 0 0 0 0 0 0 0 0 0 0 0 0 0

[00:50:03]	[Recv]	in 3 3008 41124 80 159 2 100 100 0 0 0 -1 1 0 -1 - 0 -1 0 0 0 0 0 0 0 0 0 0 0 0 0

[00:50:03]	[Recv]	in 3 3008 41123 78 66 2 100 100 0 0 0 -1 1 0 -1 - 0 -1 0 0 0 0 0 0 0 0 0 0 0 0 0

[00:50:03]	[Recv]	in 3 3008 41122 78 124 2 100 100 0 0 0 -1 1 0 -1 - 0 -1 0 0 0 0 0 0 0 0 0 0 0 0 0

[00:50:03]	[Recv]	in 3 3008 41121 60 154 2 100 100 0 0 0 -1 1 0 -1 - 0 -1 0 0 0 0 0 0 0 0 0 0 0 0 0

[00:50:03]	[Recv]	in 3 3008 41120 59 82 2 100 100 0 0 0 -1 1 0 -1 - 0 -1 0 0 0 0 0 0 0 0 0 0 0 0 0

[00:50:03]	[Recv]	in 3 3008 41119 56 28 2 100 100 0 0 0 -1 1 0 -1 - 0 -1 0 0 0 0 0 0 0 0 0 0 0 0 0

[00:50:03]	[Recv]	in 3 3008 41118 54 12 2 100 100 0 0 0 -1 1 0 -1 - 0 -1 0 0 0 0 0 0 0 0 0 0 0 0 0

[00:50:03]	[Recv]	in 3 3008 41117 52 66 2 100 100 0 0 0 -1 1 0 -1 - 0 -1 0 0 0 0 0 0 0 0 0 0 0 0 0

[00:50:03]	[Recv]	in 3 3008 41116 47 156 2 100 100 0 0 0 -1 1 0 -1 - 0 -1 0 0 0 0 0 0 0 0 0 0 0 0 0

[00:50:03]	[Recv]	in 3 3008 41115 45 110 2 100 100 0 0 0 -1 1 0 -1 - 0 -1 0 0 0 0 0 0 0 0 0 0 0 0 0

[00:50:03]	[Recv]	in 3 3008 41114 40 66 2 100 100 0 0 0 -1 1 0 -1 - 0 -1 0 0 0 0 0 0 0 0 0 0 0 0 0

[00:50:03]	[Recv]	in 3 3008 41113 36 53 2 100 100 0 0 0 -1 1 0 -1 - 0 -1 0 0 0 0 0 0 0 0 0 0 0 0 0

[00:50:03]	[Recv]	in 3 3008 41112 36 39 2 100 100 0 0 0 -1 1 0 -1 - 0 -1 0 0 0 0 0 0 0 0 0 0 0 0 0

[00:50:03]	[Recv]	in 3 3008 41111 24 51 2 100 100 0 0 0 -1 1 0 -1 - 0 -1 0 0 0 0 0 0 0 0 0 0 0 0 0

[00:50:03]	[Recv]	in 3 3008 41110 21 18 2 100 100 0 0 0 -1 1 0 -1 - 0 -1 0 0 0 0 0 0 0 0 0 0 0 0 0

[00:50:03]	[Recv]	in 3 3008 41109 22 87 2 100 100 0 0 0 -1 1 0 -1 - 0 -1 0 0 0 0 0 0 0 0 0 0 0 0 0

[00:50:03]	[Recv]	in 3 3008 41108 18 35 2 100 100 0 0 0 -1 1 0 -1 - 0 -1 0 0 0 0 0 0 0 0 0 0 0 0 0

[00:50:03]	[Recv]	in 3 3008 41107 17 159 2 100 100 0 0 0 -1 1 0 -1 - 0 -1 0 0 0 0 0 0 0 0 0 0 0 0 0

[00:50:03]	[Recv]	in 3 3008 41106 14 114 2 100 100 0 0 0 -1 1 0 -1 - 0 -1 0 0 0 0 0 0 0 0 0 0 0 0 0

[00:50:03]	[Recv]	in 3 3008 41105 14 69 2 100 100 0 0 0 -1 1 0 -1 - 0 -1 0 0 0 0 0 0 0 0 0 0 0 0 0

[00:50:03]	[Recv]	in 3 3007 41104 96 21 2 100 100 0 0 0 -1 1 0 -1 - 0 -1 0 0 0 0 0 0 0 0 0 0 0 0 0

[00:50:03]	[Recv]	in 3 3007 41103 92 121 2 100 100 0 0 0 -1 1 0 -1 - 0 -1 0 0 0 0 0 0 0 0 0 0 0 0 0

[00:50:03]	[Recv]	in 3 3007 41102 87 115 2 100 100 0 0 0 -1 1 0 -1 - 0 -1 0 0 0 0 0 0 0 0 0 0 0 0 0

[00:50:03]	[Recv]	in 3 3007 41101 85 29 2 100 100 0 0 0 -1 1 0 -1 - 0 -1 0 0 0 0 0 0 0 0 0 0 0 0 0

[00:50:03]	[Recv]	in 3 3007 41100 86 106 2 100 100 0 0 0 -1 1 0 -1 - 0 -1 0 0 0 0 0 0 0 0 0 0 0 0 0

[00:50:03]	[Recv]	in 3 3007 41099 83 69 2 100 100 0 0 0 -1 1 0 -1 - 0 -1 0 0 0 0 0 0 0 0 0 0 0 0 0

[00:50:03]	[Recv]	in 3 3007 41098 81 17 2 100 100 0 0 0 -1 1 0 -1 - 0 -1 0 0 0 0 0 0 0 0 0 0 0 0 0

[00:50:03]	[Recv]	in 3 3007 41097 77 115 2 100 100 0 0 0 -1 1 0 -1 - 0 -1 0 0 0 0 0 0 0 0 0 0 0 0 0

[00:50:03]	[Recv]	in 3 3007 41096 78 75 2 100 100 0 0 0 -1 1 0 -1 - 0 -1 0 0 0 0 0 0 0 0 0 0 0 0 0

[00:50:03]	[Recv]	in 3 3007 41095 76 22 2 100 100 0 0 0 -1 1 0 -1 - 0 -1 0 0 0 0 0 0 0 0 0 0 0 0 0

[00:50:03]	[Recv]	in 3 3007 41094 60 160 2 100 100 0 0 0 -1 1 0 -1 - 0 -1 0 0 0 0 0 0 0 0 0 0 0 0 0

[00:50:03]	[Recv]	in 3 3007 41093 79 15 7 100 100 0 0 0 -1 1 0 -1 - 0 -1 0 0 0 0 0 0 0 0 0 0 0 0 0

[00:50:03]	[Recv]	in 3 3007 41091 54 73 2 100 100 0 0 0 -1 1 0 -1 - 0 -1 0 0 0 0 0 0 0 0 0 0 0 0 0

[00:50:03]	[Recv]	in 3 3007 41090 53 56 2 100 100 0 0 0 -1 1 0 -1 - 0 -1 0 0 0 0 0 0 0 0 0 0 0 0 0

[00:50:03]	[Recv]	in 3 3007 41089 52 32 2 100 100 0 0 0 -1 1 0 -1 - 0 -1 0 0 0 0 0 0 0 0 0 0 0 0 0

[00:50:03]	[Recv]	in 3 3007 41088 47 66 2 100 100 0 0 0 -1 1 0 -1 - 0 -1 0 0 0 0 0 0 0 0 0 0 0 0 0

[00:50:03]	[Recv]	in 3 3007 41087 44 77 2 100 100 0 0 0 -1 1 0 -1 - 0 -1 0 0 0 0 0 0 0 0 0 0 0 0 0

[00:50:03]	[Recv]	in 3 3007 41086 45 96 2 100 100 0 0 0 -1 1 0 -1 - 0 -1 0 0 0 0 0 0 0 0 0 0 0 0 0

[00:50:03]	[Recv]	in 3 3007 41085 43 106 2 100 100 0 0 0 -1 1 0 -1 - 0 -1 0 0 0 0 0 0 0 0 0 0 0 0 0

[00:50:03]	[Recv]	in 3 3007 41084 41 43 2 100 100 0 0 0 -1 1 0 -1 - 0 -1 0 0 0 0 0 0 0 0 0 0 0 0 0

[00:50:03]	[Recv]	in 3 3007 41083 26 24 2 100 100 0 0 0 -1 1 0 -1 - 0 -1 0 0 0 0 0 0 0 0 0 0 0 0 0

[00:50:03]	[Recv]	in 3 3007 41082 23 46 2 100 100 0 0 0 -1 1 0 -1 - 0 -1 0 0 0 0 0 0 0 0 0 0 0 0 0

[00:50:03]	[Recv]	in 3 3007 41081 21 71 2 100 100 0 0 0 -1 1 0 -1 - 0 -1 0 0 0 0 0 0 0 0 0 0 0 0 0

[00:50:03]	[Recv]	in 3 3007 41080 17 172 2 100 100 0 0 0 -1 1 0 -1 - 0 -1 0 0 0 0 0 0 0 0 0 0 0 0 0

[00:50:03]	[Recv]	in 3 3007 41079 19 150 2 100 100 0 0 0 -1 1 0 -1 - 0 -1 0 0 0 0 0 0 0 0 0 0 0 0 0

[00:50:03]	[Recv]	in 3 3007 41078 17 26 2 100 100 0 0 0 -1 1 0 -1 - 0 -1 0 0 0 0 0 0 0 0 0 0 0 0 0

[00:50:03]	[Recv]	in 3 3007 41077 17 103 2 100 100 0 0 0 -1 1 0 -1 - 0 -1 0 0 0 0 0 0 0 0 0 0 0 0 0

[00:50:03]	[Recv]	in 3 3007 41076 13 36 2 100 100 0 0 0 -1 1 0 -1 - 0 -1 0 0 0 0 0 0 0 0 0 0 0 0 0

[00:50:03]	[Recv]	in 3 3007 41075 10 108 2 100 100 0 0 0 -1 1 0 -1 - 0 -1 0 0 0 0 0 0 0 0 0 0 0 0 0

[00:50:03]	[Recv]	in 3 3007 41074 7 163 2 100 100 0 0 0 -1 1 0 -1 - 0 -1 0 0 0 0 0 0 0 0 0 0 0 0 0

[00:50:03]	[Recv]	in 3 3007 41073 9 151 2 100 100 0 0 0 -1 1 0 -1 - 0 -1 0 0 0 0 0 0 0 0 0 0 0 0 0

[00:50:03]	[Recv]	in 3 3007 41072 5 115 2 100 100 0 0 0 -1 1 0 -1 - 0 -1 0 0 0 0 0 0 0 0 0 0 0 0 0

[00:50:03]	[Recv]	in 2 3050 41172 36 126 0 100 100 11023 0 0 -1 1 0 -1 - 0 -1 0 0 0 0 0 0 0 0 0 0 0 0 0

[00:50:03]	[Recv]	pst 2 2557262 0 100 100 34166 7013 0 0 0

[00:50:03]	[Recv]	pst 2 2557249 1 100 100 42830 3622 0 0 0

[00:50:04]	[Recv]	mv 3 41157 86 121 9

[00:50:04]	[Recv]	mv 3 41150 68 30 9

[00:50:04]	[Recv]	mv 3 41147 64 19 9

[00:50:04]	[Recv]	mv 3 41132 27 13 9

[00:50:04]	[Recv]	mv 3 41127 12 79 9

[00:50:04]	[Recv]	mv 3 41122 80 123 9

[00:50:04]	[Recv]	mv 3 41121 62 155 9

[00:50:04]	[Recv]	mv 3 41113 38 51 9

[00:50:04]	[Recv]	mv 3 41106 14 113 9

[00:50:04]	[Recv]	mv 3 41102 89 114 9

[00:50:04]	[Recv]	mv 3 41100 84 105 9

[00:50:04]	[Send]	walk 75 167 0 25
[00:50:04]	[Recv]	mv 3 41169 79 71 8

[00:50:04]	[Recv]	mv 3 41168 56 67 8

[00:50:04]	[Recv]	mv 3 41160 88 23 9

[00:50:04]	[Recv]	mv 3 41141 45 162 9

[00:50:04]	[Recv]	mv 3 41137 31 29 9

[00:50:04]	[Recv]	mv 3 41136 33 77 9

[00:50:04]	[Recv]	mv 3 41130 20 170 9

[00:50:04]	[Recv]	mv 3 41129 15 49 9

[00:50:04]	[Recv]	mv 3 41110 23 19 9

[00:50:04]	[Recv]	mv 3 41099 83 67 9

[00:50:04]	[Recv]	mv 3 41096 79 76 9

[00:50:04]	[Recv]	mv 3 41080 19 173 9

[00:50:04]	[Recv]	mv 3 41078 15 25 9

[00:50:04]	[Recv]	mv 3 41073 8 153 9

[00:50:04]	[Recv]	mv 3 41171 83 113 8

[00:50:04]	[Recv]	mv 3 41164 19 63 8

[00:50:04]	[Recv]	mv 3 41156 84 16 9

[00:50:04]	[Recv]	mv 3 41153 76 151 9

[00:50:04]	[Recv]	mv 3 41146 57 14 9

[00:50:04]	[Recv]	mv 3 41134 29 58 9

[00:50:04]	[Recv]	mv 3 41128 12 118 9

[00:50:04]	[Recv]	mv 3 41123 79 67 9

[00:50:04]	[Recv]	mv 3 41118 52 13 9

[00:50:04]	[Recv]	mv 3 41116 47 157 9

[00:50:04]	[Recv]	mv 3 41112 37 38 9

[00:50:04]	[Recv]	mv 3 41107 18 161 9

[00:50:04]	[Recv]	mv 3 41088 48 66 9

[00:50:04]	[Recv]	mv 3 41079 21 151 9

[00:50:04]	[Recv]	mv 3 41076 14 34 9

[00:50:04]	[Recv]	mv 3 41074 6 161 9

[00:50:04]	[Recv]	umi 5060.257 9028.376

[00:50:04]	[Recv]	mv 3 41167 53 21 8

[00:50:04]	[Recv]	mv 3 41162 8 116 8

[00:50:04]	[Recv]	mv 3 41154 82 63 9

[00:50:04]	[Recv]	mv 3 41145 55 39 9

[00:50:04]	[Recv]	mv 3 41133 27 161 9

[00:50:04]	[Recv]	mv 3 41126 88 112 9

[00:50:04]	[Recv]	mv 3 41111 25 50 9

[00:50:04]	[Recv]	mv 3 41101 87 27 9

[00:50:04]	[Recv]	mv 3 41098 80 18 9

[00:50:04]	[Recv]	mv 3 41094 62 160 9

[00:50:04]	[Recv]	mv 3 41087 43 76 9

[00:50:04]	[Recv]	mv 3 41084 39 45 9

[00:50:04]	[Recv]	mv 3 41083 24 24 9

[00:50:04]	[Send]	pulse 120 0
[00:50:04]	[Recv]	stat 70840 75191 11307 17265 0 1316

[00:50:04]	[Recv]	stat 70840 75191 11424 17265 0 1316

[00:50:04]	[Recv]	mv 3 41163 11 164 8

[00:50:04]	[Recv]	mv 3 41155 80 110 9

[00:50:04]	[Recv]	mv 3 41151 69 165 9

[00:50:04]	[Recv]	mv 3 41149 67 55 9

[00:50:04]	[Recv]	mv 3 41144 53 109 9

[00:50:04]	[Recv]	mv 3 41135 29 46 9

[00:50:04]	[Recv]	mv 3 41120 59 81 9

[00:50:04]	[Recv]	mv 3 41115 45 109 9

[00:50:04]	[Recv]	mv 3 41114 41 67 9

[00:50:04]	[Recv]	mv 3 41105 12 67 9

[00:50:04]	[Recv]	mv 3 41095 74 21 9

[00:50:04]	[Recv]	mv 3 41089 53 32 9

[00:50:04]	[Recv]	mv 3 41085 42 108 9

[00:50:04]	[Recv]	mv 3 41077 18 104 9

[00:50:04]	[Recv]	mv 3 41075 12 110 9

[00:50:04]	[Recv]	pst 2 2557262 0 100 100 34166 7013 0 0 0

[00:50:04]	[Recv]	pst 2 2557249 1 100 100 42830 3622 0 0 0

[00:50:04]	[Send]	walk 73 160 0 25
[00:50:05]	[Recv]	mv 3 41157 85 119 9

[00:50:05]	[Recv]	mv 3 41150 69 31 9

[00:50:05]	[Recv]	mv 3 41147 63 17 9

[00:50:05]	[Recv]	mv 3 41132 27 15 9

[00:50:05]	[Recv]	mv 3 41127 12 80 9

[00:50:05]	[Recv]	mv 3 41122 80 124 9

[00:50:05]	[Recv]	mv 3 41121 63 156 9

[00:50:05]	[Recv]	mv 3 41113 39 51 9

[00:50:05]	[Recv]	mv 3 41102 90 115 9

[00:50:05]	[Recv]	mv 3 41081 20 70 9

[00:50:05]	[Send]	walk 71 158 1 25
[00:50:05]	[Recv]	mv 3 41168 55 67 8

[00:50:05]	[Recv]	mv 3 41152 78 76 9

[00:50:05]	[Recv]	mv 3 41143 50 87 9

[00:50:05]	[Recv]	mv 3 41141 45 161 9

[00:50:05]	[Recv]	mv 3 41139 42 17 9

[00:50:05]	[Recv]	mv 3 41136 31 77 9

[00:50:05]	[Recv]	mv 3 41130 20 169 9

[00:50:05]	[Recv]	mv 3 41129 13 47 9

[00:50:05]	[Recv]	mv 3 41119 54 29 9

[00:50:05]	[Recv]	mv 3 41110 22 20 9

[00:50:05]	[Recv]	mv 3 41103 91 121 9

[00:50:05]	[Recv]	mv 3 41099 82 68 9

[00:50:05]	[Recv]	mv 3 41086 44 98 9

[00:50:05]	[Recv]	mv 3 41080 19 172 9

[00:50:05]	[Recv]	mv 3 41072 4 117 9

[00:50:05]	[Send]	walk 75 155 0 25
[00:50:05]	[Recv]	mv 3 41171 85 115 8

[00:50:05]	[Recv]	mv 3 41153 77 149 9

[00:50:05]	[Recv]	mv 3 41123 80 66 9

[00:50:05]	[Recv]	mv 3 41118 54 11 9

[00:50:05]	[Recv]	mv 3 41116 49 159 9

[00:50:05]	[Recv]	mv 3 41112 37 36 9

[00:50:05]	[Recv]	mv 3 41088 46 64 9

[00:50:05]	[Recv]	mv 3 41076 14 35 9

[00:50:05]	[Send]	walk 75 153 0 25
[00:50:05]	[Recv]	mv 3 41170 83 23 8

[00:50:05]	[Recv]	mv 3 41167 52 19 8

[00:50:05]	[Recv]	mv 3 41162 8 117 8

[00:50:05]	[Recv]	mv 3 41159 90 149 9

[00:50:05]	[Recv]	mv 3 41154 82 62 9

[00:50:05]	[Recv]	mv 3 41145 54 39 9

[00:50:05]	[Recv]	mv 3 41126 90 112 9

[00:50:05]	[Recv]	mv 3 41111 25 52 9

[00:50:05]	[Recv]	mv 3 41098 81 17 9

[00:50:05]	[Recv]	mv 3 41087 45 75 9

[00:50:05]	[Recv]	mv 3 41084 39 44 9

[00:50:05]	[Recv]	mv 3 41166 53 116 8

[00:50:05]	[Recv]	mv 3 41158 86 161 9

[00:50:05]	[Recv]	mv 3 41155 78 111 9

[00:50:05]	[Recv]	mv 3 41151 69 166 9

[00:50:05]	[Recv]	mv 3 41144 52 110 9

[00:50:05]	[Recv]	mv 3 41125 82 29 9

[00:50:05]	[Recv]	mv 3 41120 60 79 9

[00:50:05]	[Recv]	mv 3 41115 47 109 9

[00:50:05]	[Recv]	mv 3 41114 43 68 9

[00:50:05]	[Recv]	mv 3 41109 23 88 9

[00:50:05]	[Recv]	mv 3 41105 11 68 9

[00:50:05]	[Recv]	mv 3 41095 75 23 9

[00:50:05]	[Recv]	mv 3 41091 55 74 9

[00:50:05]	[Recv]	mv 3 41090 51 56 9

[00:50:05]	[Recv]	mv 3 41089 53 34 9

[00:50:05]	[Recv]	pst 2 2557262 0 100 100 34166 7013 0 0 0

[00:50:05]	[Recv]	pst 2 2557249 1 100 100 42830 3622 0 0 0

[00:50:06]	[Recv]	mv 3 41157 87 120 9

[00:50:06]	[Recv]	mv 3 41150 67 30 9

[00:50:06]	[Recv]	mv 3 41147 61 19 9

[00:50:06]	[Recv]	mv 3 41132 28 17 9

[00:50:06]	[Recv]	mv 3 41131 22 101 9

[00:50:06]	[Recv]	mv 3 41102 89 114 9

[00:50:06]	[Recv]	mv 3 41100 85 107 9

[00:50:06]	[Recv]	mv 3 41097 75 114 9

[00:50:06]	[Recv]	mv 3 41081 21 72 9

[00:50:06]	[Recv]	mv 3 41168 54 66 8

[00:50:06]	[Recv]	mv 3 41141 43 159 9

[00:50:06]	[Recv]	mv 3 41139 40 17 9

[00:50:06]	[Recv]	mv 3 41137 32 30 9

[00:50:06]	[Recv]	mv 3 41130 20 170 9

[00:50:06]	[Recv]	mv 3 41129 13 49 9

[00:50:06]	[Recv]	mv 3 41124 81 161 9

[00:50:06]	[Recv]	mv 3 41119 55 27 9

[00:50:06]	[Recv]	mv 3 41099 83 70 9

[00:50:06]	[Recv]	mv 3 41096 78 75 9

[00:50:06]	[Recv]	mv 3 41086 42 98 9

[00:50:06]	[Recv]	mv 3 41078 15 27 9

[00:50:06]	[Recv]	mv 3 41073 8 151 9

[00:50:06]	[Send]	walk 70 146 0 25
[00:50:06]	[Recv]	mv 3 41171 84 116 8

[00:50:06]	[Recv]	mv 3 41164 17 62 8

[00:50:06]	[Recv]	mv 3 41156 84 14 9

[00:50:06]	[Recv]	mv 3 41142 47 152 9

[00:50:06]	[Recv]	mv 3 41140 39 52 9

[00:50:06]	[Recv]	mv 3 41128 13 117 9

[00:50:06]	[Recv]	mv 3 41123 80 65 9

[00:50:06]	[Recv]	mv 3 41108 19 36 9

[00:50:06]	[Recv]	mv 3 41107 17 160 9

[00:50:06]	[Recv]	mv 3 41088 44 63 9

[00:50:06]	[Send]	walk 65 149 1 25
[00:50:06]	[Recv]	mv 3 41170 85 21 8

[00:50:06]	[Recv]	mv 3 41167 51 19 8

[00:50:06]	[Recv]	mv 3 41165 28 33 8

[00:50:06]	[Recv]	mv 3 41162 8 116 8

[00:50:06]	[Recv]	mv 3 41159 90 151 9

[00:50:06]	[Recv]	mv 3 41145 55 38 9

[00:50:06]	[Recv]	mv 3 41133 25 162 9

[00:50:06]	[Recv]	mv 3 41111 27 50 9

[00:50:06]	[Recv]	mv 3 41101 86 28 9

[00:50:06]	[Recv]	mv 3 41098 82 19 9

[00:50:06]	[Recv]	mv 3 41087 46 77 9

[00:50:06]	[Recv]	mv 3 41084 40 44 9

[00:50:06]	[Recv]	mv 3 41083 26 26 9

[00:50:06]	[Recv]	stat 71016 75191 11424 17265 0 1316

[00:50:06]	[Recv]	mv 3 41166 53 114 8

[00:50:06]	[Recv]	mv 3 41163 10 162 8

[00:50:06]	[Recv]	mv 3 41158 87 161 9

[00:50:06]	[Recv]	mv 3 41151 68 165 9

[00:50:06]	[Recv]	mv 3 41149 65 55 9

[00:50:06]	[Recv]	mv 3 41144 50 111 9

[00:50:06]	[Recv]	mv 3 41138 39 96 9

[00:50:06]	[Recv]	mv 3 41125 84 28 9

[00:50:06]	[Recv]	mv 3 41115 45 110 9

[00:50:06]	[Recv]	mv 3 41114 41 67 9

[00:50:06]	[Recv]	mv 3 41104 97 22 9

[00:50:06]	[Recv]	mv 3 41095 76 25 9

[00:50:06]	[Recv]	mv 3 41091 55 72 9

[00:50:06]	[Recv]	mv 3 41090 53 58 9

[00:50:06]	[Recv]	mv 3 41077 16 105 9

[00:50:06]	[Recv]	mv 3 41075 13 112 9

[00:50:06]	[Recv]	pst 2 2557262 0 100 100 34166 7013 0 0 0

[00:50:06]	[Recv]	pst 2 2557249 1 100 100 42830 3622 0 0 0

[00:50:07]	[Recv]	mv 3 41157 86 120 9

[00:50:07]	[Recv]	mv 3 41150 68 32 9

[00:50:07]	[Recv]	mv 3 41131 23 101 9

[00:50:07]	[Recv]	mv 3 41113 38 52 9

[00:50:07]	[Recv]	mv 3 41102 87 115 9

[00:50:07]	[Recv]	mv 3 41100 83 106 9

[00:50:07]	[Recv]	mv 3 41097 76 116 9

[00:50:07]	[Recv]	mv 3 41160 90 25 9

[00:50:07]	[Recv]	mv 3 41141 41 161 9

[00:50:07]	[Recv]	mv 3 41139 41 19 9

[00:50:07]	[Recv]	mv 3 41137 31 28 9

[00:50:07]	[Recv]	mv 3 41136 31 76 9

[00:50:07]	[Recv]	mv 3 41119 54 25 9

[00:50:07]	[Recv]	mv 3 41103 91 120 9

[00:50:07]	[Recv]	mv 3 41099 81 69 9

[00:50:07]	[Recv]	mv 3 41096 77 74 9

[00:50:07]	[Recv]	mv 3 41086 44 97 9

[00:50:07]	[Recv]	mv 3 41080 18 170 9

[00:50:07]	[Recv]	mv 3 41078 17 27 9

[00:50:07]	[Recv]	mv 3 41073 8 153 9

[00:50:07]	[Recv]	mv 3 41171 83 117 8

[00:50:07]	[Recv]	mv 3 41164 15 61 8

[00:50:07]	[Recv]	mv 3 41156 82 14 9

[00:50:07]	[Recv]	mv 3 41148 62 84 9

[00:50:07]	[Recv]	mv 3 41142 48 152 9

[00:50:07]	[Recv]	mv 3 41134 29 60 9

[00:50:07]	[Recv]	mv 3 41128 15 118 9

[00:50:07]	[Recv]	mv 3 41123 80 67 9

[00:50:07]	[Recv]	mv 3 41112 38 38 9

[00:50:07]	[Recv]	mv 3 41108 21 36 9

[00:50:07]	[Recv]	mv 3 41107 15 159 9

[00:50:07]	[Recv]	mv 3 41088 45 63 9

[00:50:07]	[Recv]	mv 3 41079 20 150 9

[00:50:07]	[Recv]	mv 3 41074 7 162 9

[00:50:07]	[Send]	walk 58 145 0 25
[00:50:07]	[Recv]	mv 3 41170 86 19 8

[00:50:07]	[Recv]	mv 3 41165 30 35 8

[00:50:07]	[Recv]	mv 3 41162 8 118 8

[00:50:07]	[Recv]	mv 3 41145 57 39 9

[00:50:07]	[Recv]	mv 3 41133 26 160 9

[00:50:07]	[Recv]	mv 3 41117 50 65 9

[00:50:07]	[Recv]	mv 3 41098 82 17 9

[00:50:07]	[Recv]	mv 3 41094 63 161 9

[00:50:07]	[Recv]	mv 3 41087 47 76 9

[00:50:07]	[Recv]	mv 3 41083 24 27 9

[00:50:07]	[Recv]	mv 3 41082 23 45 9

[00:50:07]	[Recv]	mv 3 41166 51 115 8

[00:50:07]	[Recv]	mv 3 41163 12 162 8

[00:50:07]	[Recv]	mv 3 41138 39 97 9

[00:50:07]	[Recv]	mv 3 41120 58 80 9

[00:50:07]	[Recv]	mv 3 41115 46 108 9

[00:50:07]	[Recv]	mv 3 41114 39 66 9

[00:50:07]	[Recv]	mv 3 41109 24 89 9

[00:50:07]	[Recv]	mv 3 41105 12 67 9

[00:50:07]	[Recv]	mv 3 41104 95 22 9

[00:50:07]	[Recv]	mv 3 41093 80 14 9

[00:50:07]	[Recv]	mv 3 41091 54 73 9

[00:50:07]	[Recv]	mv 3 41089 52 33 9

[00:50:07]	[Recv]	pst 2 2557262 0 100 100 34166 7013 0 0 0

[00:50:07]	[Recv]	pst 2 2557249 1 100 100 42830 3622 0 0 0

[00:50:08]	[Send]	walk 60 145 1 25
[00:50:08]	[Recv]	mv 3 41157 85 122 9

[00:50:08]	[Recv]	mv 3 41127 11 81 9

[00:50:08]	[Recv]	mv 3 41122 78 122 9

[00:50:08]	[Recv]	mv 3 41121 64 157 9

[00:50:08]	[Recv]	mv 3 41106 16 111 9

[00:50:08]	[Recv]	mv 3 41102 88 115 9

[00:50:08]	[Recv]	mv 3 41097 76 114 9

[00:50:08]	[Recv]	mv 3 41081 22 71 9

[00:50:08]	[Recv]	mv 3 41143 51 88 9

[00:50:08]	[Recv]	mv 3 41141 43 160 9

[00:50:08]	[Recv]	mv 3 41139 41 17 9

[00:50:08]	[Recv]	mv 3 41136 32 75 9

[00:50:08]	[Recv]	mv 3 41124 82 159 9

[00:50:08]	[Recv]	mv 3 41110 23 19 9

[00:50:08]	[Recv]	mv 3 41099 81 67 9

[00:50:08]	[Recv]	mv 3 41086 45 98 9

[00:50:08]	[Recv]	mv 3 41080 19 171 9

[00:50:08]	[Recv]	mv 3 41171 85 116 8

[00:50:08]	[Recv]	mv 3 41156 84 15 9

[00:50:08]	[Recv]	mv 3 41153 76 151 9

[00:50:08]	[Recv]	mv 3 41140 40 52 9

[00:50:08]	[Recv]	mv 3 41134 30 60 9

[00:50:08]	[Recv]	mv 3 41128 13 117 9

[00:50:08]	[Recv]	mv 3 41123 78 66 9

[00:50:08]	[Recv]	mv 3 41116 49 157 9

[00:50:08]	[Recv]	mv 3 41108 19 35 9

[00:50:08]	[Recv]	mv 3 41107 15 158 9

[00:50:08]	[Recv]	mv 3 41079 18 152 9

[00:50:08]	[Recv]	mv 3 41076 13 36 9

[00:50:08]	[Recv]	mv 3 41074 6 164 9

[00:50:08]	[Send]	walk 54 142 1 25
[00:50:08]	[Recv]	mv 3 41167 52 20 8

[00:50:08]	[Recv]	mv 3 41162 9 116 8

[00:50:08]	[Recv]	mv 3 41159 89 152 9

[00:50:08]	[Recv]	mv 3 41145 55 38 9

[00:50:08]	[Recv]	mv 3 41133 25 161 9

[00:50:08]	[Recv]	mv 3 41117 51 65 9

[00:50:08]	[Recv]	mv 3 41111 25 51 9

[00:50:08]	[Recv]	mv 3 41094 62 163 9

[00:50:08]	[Recv]	mv 3 41087 46 77 9

[00:50:08]	[Recv]	stat 71192 75191 11424 17265 0 1316

[00:50:08]	[Recv]	stat 71192 75191 11541 17265 0 1316

[00:50:08]	[Send]	walk 50 143 1 25
[00:50:08]	[Recv]	mv 3 41158 87 163 9

[00:50:08]	[Recv]	mv 3 41151 70 166 9

[00:50:08]	[Recv]	mv 3 41149 67 54 9

[00:50:08]	[Recv]	mv 3 41138 39 99 9

[00:50:08]	[Recv]	mv 3 41135 30 45 9

[00:50:08]	[Recv]	mv 3 41120 60 82 9

[00:50:08]	[Recv]	mv 3 41109 23 87 9

[00:50:08]	[Recv]	mv 3 41104 97 23 9

[00:50:08]	[Recv]	mv 3 41095 75 25 9

[00:50:08]	[Recv]	mv 3 41091 53 73 9

[00:50:08]	[Recv]	mv 3 41085 42 106 9

[00:50:08]	[Recv]	pst 2 2557262 0 100 100 34166 7013 0 0 0

[00:50:08]	[Recv]	pst 2 2557249 1 100 100 42830 3622 0 0 0

[00:50:08]	[Send]	walk 49 144 1 25
[00:50:09]	[Recv]	mv 3 41157 86 121 9

[00:50:09]	[Recv]	mv 3 41132 27 17 9

[00:50:09]	[Recv]	mv 3 41127 13 80 9

[00:50:09]	[Recv]	mv 3 41121 62 155 9

[00:50:09]	[Recv]	mv 3 41113 40 52 9

[00:50:09]	[Recv]	mv 3 41100 85 106 9

[00:50:09]	[Recv]	mv 3 41097 75 115 9

[00:50:09]	[Send]	walk 47 143 1 25
[00:50:09]	[Recv]	mv 3 41168 52 68 8

[00:50:09]	[Recv]	mv 3 41152 77 74 9

[00:50:09]	[Recv]	mv 3 41137 31 29 9

[00:50:09]	[Recv]	mv 3 41136 31 77 9

[00:50:09]	[Recv]	mv 3 41129 13 47 9

[00:50:09]	[Recv]	mv 3 41124 81 161 9

[00:50:09]	[Recv]	mv 3 41110 25 18 9

[00:50:09]	[Recv]	mv 3 41103 93 122 9

[00:50:09]	[Recv]	mv 3 41099 82 69 9

[00:50:09]	[Recv]	mv 3 41086 44 97 9

[00:50:09]	[Recv]	mv 3 41073 7 154 9

[00:50:09]	[Recv]	mv 3 41171 86 114 8

[00:50:09]	[Recv]	mv 3 41156 85 13 9

[00:50:09]	[Recv]	mv 3 41140 41 52 9

[00:50:09]	[Recv]	mv 3 41118 52 11 9

[00:50:09]	[Recv]	mv 3 41116 49 155 9

[00:50:09]	[Recv]	mv 3 41088 44 65 9

[00:50:09]	[Recv]	mv 3 41079 17 151 9

[00:50:09]	[Recv]	mv 3 41076 12 35 9

[00:50:09]	[Recv]	mv 3 41074 7 164 9

[00:50:09]	[Recv]	mv 3 41170 84 20 8

[00:50:09]	[Recv]	mv 3 41162 10 114 8

[00:50:09]	[Recv]	mv 3 41159 89 151 9

[00:50:09]	[Recv]	mv 3 41154 80 60 9

[00:50:09]	[Recv]	mv 3 41133 27 162 9

[00:50:09]	[Recv]	mv 3 41126 90 110 9

[00:50:09]	[Recv]	mv 3 41117 52 63 9

[00:50:09]	[Recv]	mv 3 41101 85 29 9

[00:50:09]	[Recv]	mv 3 41094 63 162 9

[00:50:09]	[Recv]	mv 3 41083 25 26 9

[00:50:09]	[Recv]	mv 3 41082 21 44 9

[00:50:09]	[Send]	walk 49 136 0 25
[00:50:09]	[Recv]	mv 3 41166 53 116 8

[00:50:09]	[Recv]	mv 3 41163 12 161 8

[00:50:09]	[Recv]	mv 3 41149 65 53 9

[00:50:09]	[Recv]	mv 3 41138 37 98 9

[00:50:09]	[Recv]	mv 3 41135 30 46 9

[00:50:09]	[Recv]	mv 3 41120 59 83 9

[00:50:09]	[Recv]	mv 3 41115 47 107 9

[00:50:09]	[Recv]	mv 3 41109 22 88 9

[00:50:09]	[Recv]	mv 3 41105 13 69 9

[00:50:09]	[Recv]	mv 3 41104 96 24 9

[00:50:09]	[Recv]	mv 3 41095 76 23 9

[00:50:09]	[Recv]	mv 3 41093 79 13 9

[00:50:09]	[Recv]	mv 3 41090 52 56 9

[00:50:09]	[Recv]	mv 3 41089 54 31 9

[00:50:09]	[Recv]	mv 3 41085 43 105 9

[00:50:09]	[Recv]	mv 3 41075 12 110 9

[00:50:09]	[Recv]	pst 2 2557262 0 100 100 34166 7013 0 0 0

[00:50:09]	[Recv]	pst 2 2557249 1 100 100 42830 3622 0 0 0

[00:50:09]	[Send]	walk 47 133 0 25
[00:50:10]	[Recv]	mv 3 41157 87 119 9

[00:50:10]	[Recv]	mv 3 41150 69 30 9

[00:50:10]	[Recv]	mv 3 41147 63 21 9

[00:50:10]	[Recv]	mv 3 41131 24 102 9

[00:50:10]	[Recv]	mv 3 41113 38 53 9

[00:50:10]	[Recv]	mv 3 41106 16 113 9

[00:50:10]	[Recv]	mv 3 41102 87 115 9

[00:50:10]	[Send]	walk 45 132 0 25
[00:50:10]	[Recv]	mv 3 41152 78 75 9

[00:50:10]	[Recv]	mv 3 41143 51 90 9

[00:50:10]	[Recv]	mv 3 41139 42 18 9

[00:50:10]	[Recv]	mv 3 41137 31 30 9

[00:50:10]	[Recv]	mv 3 41130 19 170 9

[00:50:10]	[Recv]	mv 3 41103 91 121 9

[00:50:10]	[Recv]	mv 3 41099 84 68 9

[00:50:10]	[Recv]	mv 3 41096 78 76 9

[00:50:10]	[Recv]	mv 3 41086 43 98 9

[00:50:10]	[Recv]	mv 3 41080 20 170 9

[00:50:10]	[Recv]	mv 3 41072 5 116 9

[00:50:10]	[Send]	walk 44 131 1 25
[00:50:10]	[Recv]	mv 3 41171 84 114 8

[00:50:10]	[Recv]	mv 3 41156 84 13 9

[00:50:10]	[Recv]	mv 3 41153 78 152 9

[00:50:10]	[Recv]	mv 3 41148 61 85 9

[00:50:10]	[Recv]	mv 3 41142 47 153 9

[00:50:10]	[Recv]	mv 3 41134 28 60 9

[00:50:10]	[Recv]	mv 3 41128 15 118 9

[00:50:10]	[Recv]	mv 3 41123 79 64 9

[00:50:10]	[Recv]	mv 3 41116 48 156 9

[00:50:10]	[Recv]	mv 3 41112 37 39 9

[00:50:10]	[Recv]	mv 3 41108 18 36 9

[00:50:10]	[Recv]	mv 3 41079 19 149 9

[00:50:10]	[Recv]	mv 3 41076 13 36 9

[00:50:10]	[Recv]	mv 3 41074 7 163 9

[00:50:10]	[Recv]	mv 3 41167 53 18 8

[00:50:10]	[Recv]	mv 3 41165 29 35 8

[00:50:10]	[Recv]	mv 3 41162 8 115 8

[00:50:10]	[Recv]	mv 3 41159 90 151 9

[00:50:10]	[Recv]	mv 3 41145 55 39 9

[00:50:10]	[Recv]	mv 3 41133 26 161 9

[00:50:10]	[Recv]	mv 3 41126 89 111 9

[00:50:10]	[Recv]	mv 3 41117 50 63 9

[00:50:10]	[Recv]	mv 3 41101 84 28 9

[00:50:10]	[Recv]	mv 3 41098 81 15 9

[00:50:10]	[Recv]	mv 3 41084 40 43 9

[00:50:10]	[Recv]	mv 3 41083 24 26 9

[00:50:10]	[Recv]	stat 71368 75191 11541 17265 0 1316

[00:50:10]	[Recv]	mv 3 41155 80 110 9

[00:50:10]	[Recv]	mv 3 41151 69 168 9

[00:50:10]	[Recv]	mv 3 41144 51 109 9

[00:50:10]	[Recv]	mv 3 41138 38 99 9

[00:50:10]	[Recv]	mv 3 41125 85 26 9

[00:50:10]	[Recv]	mv 3 41120 59 82 9

[00:50:10]	[Recv]	mv 3 41115 47 106 9

[00:50:10]	[Recv]	mv 3 41104 96 23 9

[00:50:10]	[Recv]	mv 3 41093 77 14 9

[00:50:10]	[Recv]	mv 3 41090 53 57 9

[00:50:10]	[Recv]	mv 3 41089 54 32 9

[00:50:10]	[Recv]	mv 3 41085 41 106 9

[00:50:10]	[Recv]	mv 3 41077 16 104 9

[00:50:10]	[Recv]	mv 3 41075 14 110 9

[00:50:10]	[Recv]	pst 2 2557262 0 100 100 34166 7013 0 0 0

[00:50:10]	[Recv]	pst 2 2557249 1 100 100 42830 3622 0 0 0

[00:50:11]	[Recv]	mv 3 41157 85 120 9

[00:50:11]	[Recv]	mv 3 41150 71 28 9

[00:50:11]	[Recv]	mv 3 41131 22 102 9

[00:50:11]	[Recv]	mv 3 41127 11 79 9

[00:50:11]	[Recv]	mv 3 41122 79 123 9

[00:50:11]	[Recv]	mv 3 41121 61 155 9

[00:50:11]	[Recv]	mv 3 41113 38 51 9

[00:50:11]	[Recv]	mv 3 41102 87 116 9

[00:50:11]	[Recv]	mv 3 41081 23 72 9

[00:50:11]	[Recv]	mv 3 41169 80 71 8

[00:50:11]	[Recv]	mv 3 41160 90 26 9

[00:50:11]	[Recv]	mv 3 41136 32 76 9

[00:50:11]	[Recv]	mv 3 41130 19 172 9

[00:50:11]	[Recv]	mv 3 41129 15 48 9

[00:50:11]	[Recv]	mv 3 41124 79 160 9

[00:50:11]	[Recv]	mv 3 41119 53 25 9

[00:50:11]	[Recv]	mv 3 41110 24 19 9

[00:50:11]	[Recv]	mv 3 41103 90 120 9

[00:50:11]	[Recv]	mv 3 41099 83 70 9

[00:50:11]	[Recv]	mv 3 41096 76 75 9

[00:50:11]	[Recv]	mv 3 41086 45 98 9

[00:50:11]	[Recv]	mv 3 41080 19 171 9

[00:50:11]	[Recv]	mv 3 41078 19 27 9

[00:50:11]	[Recv]	mv 3 41073 5 152 9

[00:50:11]	[Recv]	mv 3 41072 4 114 9

[00:50:11]	[Send]	walk 41 123 0 25
[00:50:11]	[Recv]	mv 3 41171 85 113 8

[00:50:11]	[Recv]	mv 3 41164 17 61 8

[00:50:11]	[Recv]	mv 3 41156 85 13 9

[00:50:11]	[Recv]	mv 3 41148 62 86 9

[00:50:11]	[Recv]	mv 3 41140 43 53 9

[00:50:11]	[Recv]	mv 3 41128 15 117 9

[00:50:11]	[Recv]	mv 3 41112 36 37 9

[00:50:11]	[Recv]	mv 3 41088 46 63 9

[00:50:11]	[Recv]	mv 3 41074 6 163 9

[00:50:11]	[Recv]	mv 3 41170 84 22 8

[00:50:11]	[Recv]	mv 3 41167 52 19 8

[00:50:11]	[Recv]	mv 3 41165 28 33 8

[00:50:11]	[Recv]	mv 3 41162 9 114 8

[00:50:11]	[Recv]	mv 3 41159 90 149 9

[00:50:11]	[Recv]	mv 3 41154 79 61 9

[00:50:11]	[Recv]	mv 3 41145 56 39 9

[00:50:11]	[Recv]	mv 3 41126 88 112 9

[00:50:11]	[Recv]	mv 3 41117 50 64 9

[00:50:11]	[Recv]	mv 3 41111 26 52 9

[00:50:11]	[Recv]	mv 3 41101 84 27 9

[00:50:11]	[Recv]	mv 3 41098 83 17 9

[00:50:11]	[Recv]	mv 3 41084 40 45 9

[00:50:11]	[Recv]	mv 3 41082 23 42 9

[00:50:11]	[Recv]	mv 3 41151 70 166 9

[00:50:11]	[Recv]	mv 3 41144 53 110 9

[00:50:11]	[Recv]	mv 3 41138 37 97 9

[00:50:11]	[Recv]	mv 3 41135 31 45 9

[00:50:11]	[Recv]	mv 3 41115 46 107 9

[00:50:11]	[Recv]	mv 3 41095 74 23 9

[00:50:11]	[Recv]	mv 3 41091 55 74 9

[00:50:11]	[Recv]	mv 3 41090 53 59 9

[00:50:11]	[Recv]	mv 3 41089 52 30 9

[00:50:11]	[Recv]	mv 3 41085 43 104 9

[00:50:11]	[Recv]	mv 3 41077 17 102 9

[00:50:11]	[Recv]	pst 2 2557262 0 100 100 34166 7013 0 0 0

[00:50:11]	[Recv]	pst 2 2557249 1 100 100 42830 3622 0 0 0

[00:50:12]	[Recv]	mv 3 41147 65 20 9

[00:50:12]	[Recv]	mv 3 41132 25 15 9

[00:50:12]	[Recv]	mv 3 41131 21 101 9

[00:50:12]	[Recv]	mv 3 41127 10 79 9

[00:50:12]	[Recv]	mv 3 41121 62 157 9

[00:50:12]	[Recv]	mv 3 41106 14 112 9

[00:50:12]	[Recv]	mv 3 41102 89 116 9

[00:50:12]	[Recv]	mv 3 41100 86 105 9

[00:50:12]	[Recv]	mv 3 41081 21 71 9

[00:50:12]	[Send]	walk 36 116 0 25
[00:50:12]	[Recv]	mv 3 41160 90 24 9

[00:50:12]	[Recv]	mv 3 41141 44 159 9

[00:50:12]	[Recv]	mv 3 41136 30 74 9

[00:50:12]	[Recv]	mv 3 41129 14 46 9

[00:50:12]	[Recv]	mv 3 41103 92 120 9

[00:50:12]	[Recv]	mv 3 41096 76 76 9

[00:50:12]	[Recv]	mv 3 41080 21 173 9

[00:50:12]	[Recv]	mv 3 41078 18 29 9

[00:50:12]	[Recv]	mv 3 41073 7 154 9

[00:50:12]	[Recv]	mv 3 41164 17 60 8

[00:50:12]	[Recv]	mv 3 41156 86 14 9

[00:50:12]	[Recv]	mv 3 41128 14 117 9

[00:50:12]	[Recv]	mv 3 41118 54 13 9

[00:50:12]	[Recv]	mv 3 41088 47 63 9

[00:50:12]	[Recv]	mv 3 41076 15 35 9

[00:50:12]	[Recv]	mv 3 41170 83 21 8

[00:50:12]	[Recv]	mv 3 41162 10 116 8

[00:50:12]	[Recv]	mv 3 41159 90 150 9

[00:50:12]	[Recv]	mv 3 41154 80 61 9

[00:50:12]	[Recv]	mv 3 41145 57 37 9

[00:50:12]	[Recv]	mv 3 41133 25 160 9

[00:50:12]	[Recv]	mv 3 41111 25 50 9

[00:50:12]	[Recv]	mv 3 41094 61 163 9

[00:50:12]	[Recv]	mv 3 41087 46 75 9

[00:50:12]	[Recv]	mv 3 41083 26 28 9

[00:50:12]	[Recv]	stat 71544 75191 11541 17265 0 1316

[00:50:12]	[Recv]	stat 71544 75191 11658 17265 0 1316

[00:50:12]	[Recv]	mv 3 41163 10 162 8

[00:50:12]	[Recv]	mv 3 41158 86 161 9

[00:50:12]	[Recv]	mv 3 41155 82 112 9

[00:50:12]	[Recv]	mv 3 41149 65 54 9

[00:50:12]	[Recv]	mv 3 41144 52 108 9

[00:50:12]	[Recv]	mv 3 41135 32 43 9

[00:50:12]	[Recv]	mv 3 41120 60 82 9

[00:50:12]	[Recv]	mv 3 41114 41 66 9

[00:50:12]	[Recv]	mv 3 41109 22 89 9

[00:50:12]	[Recv]	mv 3 41095 75 25 9

[00:50:12]	[Recv]	mv 3 41093 79 14 9

[00:50:12]	[Recv]	mv 3 41090 54 59 9

[00:50:12]	[Recv]	mv 3 41085 41 104 9

[00:50:12]	[Recv]	mv 3 41075 13 109 9

[00:50:12]	[Recv]	pst 2 2557262 0 100 100 34166 7013 0 0 0

[00:50:12]	[Recv]	pst 2 2557249 1 100 100 42830 3622 0 0 0

[00:50:13]	[Recv]	mv 3 41147 63 19 9

[00:50:13]	[Recv]	mv 3 41131 22 99 9

[00:50:13]	[Recv]	mv 3 41106 14 113 9

[00:50:13]	[Recv]	mv 3 41102 91 117 9

[00:50:13]	[Recv]	mv 3 41100 85 105 9

[00:50:13]	[Recv]	mv 3 41097 77 117 9

[00:50:13]	[Recv]	mv 3 41081 22 71 9

[00:50:13]	[Send]	walk 32 108 0 25
[00:50:13]	[Recv]	mv 3 41160 89 24 9

[00:50:13]	[Recv]	mv 3 41152 77 76 9

[00:50:13]	[Recv]	mv 3 41143 49 90 9

[00:50:13]	[Recv]	mv 3 41141 45 160 9

[00:50:13]	[Recv]	mv 3 41139 42 17 9

[00:50:13]	[Recv]	mv 3 41137 31 28 9

[00:50:13]	[Recv]	mv 3 41136 32 75 9

[00:50:13]	[Recv]	mv 3 41119 54 25 9

[00:50:13]	[Recv]	mv 3 41096 75 76 9

[00:50:13]	[Recv]	mv 3 41080 20 172 9

[00:50:13]	[Recv]	mv 3 41073 9 153 9

[00:50:13]	[Recv]	mv 3 41156 85 15 9

[00:50:13]	[Recv]	mv 3 41134 27 60 9

[00:50:13]	[Recv]	mv 3 41128 15 119 9

[00:50:13]	[Recv]	mv 3 41116 48 155 9

[00:50:13]	[Recv]	mv 3 41112 38 35 9

[00:50:13]	[Recv]	mv 3 41108 19 38 9

[00:50:13]	[Recv]	mv 3 41074 8 163 9

[00:50:13]	[Recv]	mv 3 41170 85 19 8

[00:50:13]	[Recv]	mv 3 41165 26 33 8

[00:50:13]	[Recv]	mv 3 41133 27 158 9

[00:50:13]	[Recv]	mv 3 41126 86 113 9

[00:50:13]	[Recv]	mv 3 41117 51 65 9

[00:50:13]	[Recv]	mv 3 41111 24 52 9

[00:50:13]	[Recv]	mv 3 41082 21 43 9

[00:50:13]	[Recv]	mv 3 41163 11 163 8

[00:50:13]	[Recv]	mv 3 41158 85 162 9

[00:50:13]	[Recv]	mv 3 41155 80 112 9

[00:50:13]	[Recv]	mv 3 41144 53 109 9

[00:50:13]	[Recv]	mv 3 41138 39 96 9

[00:50:13]	[Recv]	mv 3 41135 31 43 9

[00:50:13]	[Recv]	mv 3 41120 59 81 9

[00:50:13]	[Recv]	mv 3 41115 44 107 9

[00:50:13]	[Recv]	mv 3 41105 11 67 9

[00:50:13]	[Recv]	mv 3 41104 94 25 9

[00:50:13]	[Recv]	mv 3 41095 77 25 9

[00:50:13]	[Recv]	mv 3 41093 81 14 9

[00:50:13]	[Recv]	mv 3 41091 55 73 9

[00:50:13]	[Recv]	mv 3 41085 42 105 9

[00:50:13]	[Recv]	mv 3 41077 17 104 9

[00:50:13]	[Recv]	mv 3 41075 13 110 9

[00:50:13]	[Recv]	pst 2 2557262 0 100 100 34166 7013 0 0 0

[00:50:13]	[Recv]	pst 2 2557249 1 100 100 42830 3622 0 0 0

[00:50:14]	[Recv]	mv 3 41157 86 120 9

[00:50:14]	[Recv]	mv 3 41150 70 29 9

[00:50:14]	[Recv]	mv 3 41131 24 101 9

[00:50:14]	[Recv]	mv 3 41127 12 77 9

[00:50:14]	[Recv]	mv 3 41122 78 123 9

[00:50:14]	[Recv]	mv 3 41113 40 53 9

[00:50:14]	[Recv]	mv 3 41106 14 112 9

[00:50:14]	[Recv]	mv 3 41102 90 117 9

[00:50:14]	[Recv]	mv 3 41100 87 105 9

[00:50:14]	[Recv]	mv 3 41097 75 115 9

[00:50:14]	[Send]	walk 30 99 0 25
[00:50:14]	[Recv]	mv 3 41168 54 67 8

[00:50:14]	[Recv]	mv 3 41160 90 25 9

[00:50:14]	[Recv]	mv 3 41152 76 75 9

[00:50:14]	[Recv]	mv 3 41137 31 30 9

[00:50:14]	[Recv]	mv 3 41130 17 170 9

[00:50:14]	[Recv]	mv 3 41110 25 18 9

[00:50:14]	[Recv]	mv 3 41096 76 76 9

[00:50:14]	[Recv]	mv 3 41086 44 97 9

[00:50:14]	[Recv]	mv 3 41073 8 151 9

[00:50:14]	[Recv]	mv 3 41072 3 114 9

[00:50:14]	[Recv]	mv 3 41171 84 114 8

[00:50:14]	[Recv]	mv 3 41164 19 61 8

[00:50:14]	[Recv]	mv 3 41156 85 17 9

[00:50:14]	[Recv]	mv 3 41153 78 151 9

[00:50:14]	[Recv]	mv 3 41148 63 84 9

[00:50:14]	[Recv]	mv 3 41123 81 66 9

[00:50:14]	[Recv]	mv 3 41118 56 11 9

[00:50:14]	[Recv]	mv 3 41116 46 157 9

[00:50:14]	[Recv]	mv 3 41112 39 35 9

[00:50:14]	[Recv]	mv 3 41108 19 37 9

[00:50:14]	[Recv]	mv 3 41107 17 157 9

[00:50:14]	[Recv]	mv 3 41088 46 64 9

[00:50:14]	[Recv]	mv 3 41079 17 151 9

[00:50:14]	[Recv]	mv 3 41074 9 164 9

[00:50:14]	[Recv]	mv 3 41170 85 20 8

[00:50:14]	[Recv]	mv 3 41167 51 18 8

[00:50:14]	[Recv]	mv 3 41165 28 35 8

[00:50:14]	[Recv]	mv 3 41162 8 114 8

[00:50:14]	[Recv]	mv 3 41117 52 66 9

[00:50:14]	[Recv]	mv 3 41111 23 52 9

[00:50:14]	[Recv]	mv 3 41101 85 27 9

[00:50:14]	[Recv]	mv 3 41098 84 17 9

[00:50:14]	[Recv]	stat 71720 75191 11658 17265 0 1316

[00:50:14]	[Recv]	mv 3 41166 53 115 8

[00:50:14]	[Recv]	mv 3 41158 85 160 9

[00:50:14]	[Recv]	mv 3 41155 80 111 9

[00:50:14]	[Recv]	mv 3 41151 72 166 9

[00:50:14]	[Recv]	mv 3 41149 65 53 9

[00:50:14]	[Recv]	mv 3 41138 39 98 9

[00:50:14]	[Recv]	mv 3 41135 31 45 9

[00:50:14]	[Recv]	mv 3 41115 46 108 9

[00:50:14]	[Recv]	mv 3 41114 41 67 9

[00:50:14]	[Recv]	mv 3 41109 24 90 9

[00:50:14]	[Recv]	mv 3 41104 95 23 9

[00:50:14]	[Recv]	mv 3 41095 77 23 9

[00:50:14]	[Recv]	mv 3 41089 52 32 9

[00:50:14]	[Recv]	mv 3 41085 44 106 9

[00:50:14]	[Recv]	mv 3 41077 15 103 9

[00:50:14]	[Recv]	pst 2 2557262 0 100 100 34166 7013 0 0 0

[00:50:14]	[Recv]	pst 2 2557249 1 100 100 42830 3622 0 0 0

[00:50:15]	[Recv]	mv 3 41150 70 31 9

[00:50:15]	[Recv]	mv 3 41132 24 15 9

[00:50:15]	[Recv]	mv 3 41131 23 102 9

[00:50:15]	[Recv]	mv 3 41122 77 125 9

[00:50:15]	[Recv]	mv 3 41121 64 155 9

[00:50:15]	[Recv]	mv 3 41113 40 54 9

[00:50:15]	[Recv]	mv 3 41106 16 111 9

[00:50:15]	[Recv]	mv 3 41102 89 117 9

[00:50:15]	[Recv]	mv 3 41100 85 103 9

[00:50:15]	[Recv]	mv 3 41081 20 70 9

[00:50:15]	[Send]	walk 30 90 0 25
[00:50:15]	[Recv]	mv 3 41168 56 67 8

[00:50:15]	[Recv]	mv 3 41143 48 89 9

[00:50:15]	[Recv]	mv 3 41139 43 17 9

[00:50:15]	[Recv]	mv 3 41137 30 30 9

[00:50:15]	[Recv]	mv 3 41136 31 77 9

[00:50:15]	[Recv]	mv 3 41130 19 172 9

[00:50:15]	[Recv]	mv 3 41129 12 47 9

[00:50:15]	[Recv]	mv 3 41119 55 27 9

[00:50:15]	[Recv]	mv 3 41086 43 97 9

[00:50:15]	[Recv]	mv 3 41080 18 170 9

[00:50:15]	[Recv]	mv 3 41073 7 153 9

[00:50:15]	[Recv]	mv 3 41164 17 61 8

[00:50:15]	[Recv]	mv 3 41156 85 16 9

[00:50:15]	[Recv]	mv 3 41153 77 150 9

[00:50:15]	[Recv]	mv 3 41148 61 85 9

[00:50:15]	[Recv]	mv 3 41142 48 152 9

[00:50:15]	[Recv]	mv 3 41140 41 53 9

[00:50:15]	[Recv]	mv 3 41134 27 59 9

[00:50:15]	[Recv]	mv 3 41128 13 120 9

[00:50:15]	[Recv]	mv 3 41123 79 64 9

[00:50:15]	[Recv]	mv 3 41118 54 11 9

[00:50:15]	[Recv]	mv 3 41116 47 156 9

[00:50:15]	[Recv]	mv 3 41112 37 36 9

[00:50:15]	[Recv]	mv 3 41088 47 64 9

[00:50:15]	[Recv]	mv 3 41079 19 151 9

[00:50:15]	[Recv]	mv 3 41076 14 35 9

[00:50:15]	[Recv]	mv 3 41074 7 164 9

[00:50:15]	[Recv]	mv 3 41170 83 19 8

[00:50:15]	[Recv]	mv 3 41167 50 19 8

[00:50:15]	[Recv]	mv 3 41165 29 36 8

[00:50:15]	[Recv]	mv 3 41162 10 116 8

[00:50:15]	[Recv]	mv 3 41159 89 152 9

[00:50:15]	[Recv]	mv 3 41154 80 63 9

[00:50:15]	[Recv]	mv 3 41145 55 39 9

[00:50:15]	[Recv]	mv 3 41117 53 64 9

[00:50:15]	[Recv]	mv 3 41098 83 15 9

[00:50:15]	[Recv]	mv 3 41084 40 46 9

[00:50:15]	[Recv]	mv 3 41166 52 114 8

[00:50:15]	[Recv]	mv 3 41163 10 161 8

[00:50:15]	[Recv]	mv 3 41155 82 110 9

[00:50:15]	[Recv]	mv 3 41149 66 54 9

[00:50:15]	[Recv]	mv 3 41144 54 111 9

[00:50:15]	[Recv]	mv 3 41138 38 96 9

[00:50:15]	[Recv]	mv 3 41135 33 47 9

[00:50:15]	[Recv]	mv 3 41125 84 25 9

[00:50:15]	[Recv]	mv 3 41115 44 106 9

[00:50:15]	[Recv]	mv 3 41114 42 67 9

[00:50:15]	[Recv]	mv 3 41109 24 89 9

[00:50:15]	[Recv]	mv 3 41105 12 69 9

[00:50:15]	[Recv]	mv 3 41095 76 22 9

[00:50:15]	[Recv]	mv 3 41090 54 58 9

[00:50:15]	[Recv]	pst 2 2557262 0 100 100 34166 7013 0 0 0

[00:50:15]	[Recv]	pst 2 2557249 1 100 100 42830 3622 0 0 0

[00:50:15]	[Send]	walk 30 81 0 25
[00:50:16]	[Recv]	mv 3 41150 69 32 9

[00:50:16]	[Recv]	mv 3 41131 22 100 9

[00:50:16]	[Recv]	mv 3 41122 78 124 9

[00:50:16]	[Recv]	mv 3 41121 62 154 9

[00:50:16]	[Recv]	mv 3 41113 38 53 9

[00:50:16]	[Recv]	mv 3 41106 16 112 9

[00:50:16]	[Recv]	mv 3 41102 91 115 9

[00:50:16]	[Recv]	mv 3 41097 76 116 9

[00:50:16]	[Recv]	mv 3 41081 22 70 9

[00:50:16]	[Recv]	mv 3 41169 79 72 8

[00:50:16]	[Recv]	mv 3 41168 55 68 8

[00:50:16]	[Recv]	mv 3 41139 41 18 9

[00:50:16]	[Recv]	mv 3 41137 32 31 9

[00:50:16]	[Recv]	mv 3 41136 29 77 9

[00:50:16]	[Recv]	mv 3 41130 20 170 9

[00:50:16]	[Recv]	mv 3 41129 14 47 9

[00:50:16]	[Recv]	mv 3 41119 54 25 9

[00:50:16]	[Recv]	mv 3 41171 85 114 8

[00:50:16]	[Recv]	mv 3 41164 19 62 8

[00:50:16]	[Recv]	mv 3 41148 63 83 9

[00:50:16]	[Recv]	mv 3 41146 58 14 9

[00:50:16]	[Recv]	mv 3 41112 35 35 9

[00:50:16]	[Recv]	mv 3 41088 47 65 9

[00:50:16]	[Recv]	mv 3 41076 14 36 9

[00:50:16]	[Recv]	mv 3 41074 6 162 9

[00:50:16]	[Recv]	mv 3 41170 83 21 8

[00:50:16]	[Recv]	mv 3 41167 52 20 8

[00:50:16]	[Recv]	mv 3 41165 29 35 8

[00:50:16]	[Recv]	mv 3 41162 9 115 8

[00:50:16]	[Recv]	mv 3 41159 87 150 9

[00:50:16]	[Recv]	mv 3 41133 27 160 9

[00:50:16]	[Recv]	mv 3 41126 88 113 9

[00:50:16]	[Recv]	mv 3 41111 24 54 9

[00:50:16]	[Recv]	mv 3 41098 84 17 9

[00:50:16]	[Recv]	mv 3 41094 62 161 9

[00:50:16]	[Recv]	mv 3 41087 47 76 9

[00:50:16]	[Recv]	mv 3 41084 39 44 9

[00:50:16]	[Recv]	mv 3 41082 23 45 9

[00:50:16]	[Recv]	stat 71896 75191 11658 17265 0 1316

[00:50:16]	[Recv]	stat 71896 75191 11775 17265 0 1316

[00:50:16]	[Recv]	mv 3 41158 87 160 9

[00:50:16]	[Recv]	mv 3 41155 82 112 9

[00:50:16]	[Recv]	mv 3 41144 53 111 9

[00:50:16]	[Recv]	mv 3 41138 40 98 9

[00:50:16]	[Recv]	mv 3 41125 85 26 9

[00:50:16]	[Recv]	mv 3 41120 59 80 9

[00:50:16]	[Recv]	mv 3 41104 97 24 9

[00:50:16]	[Recv]	mv 3 41091 54 71 9

[00:50:16]	[Recv]	mv 3 41075 13 109 9

[00:50:16]	[Recv]	pst 2 2557262 0 100 100 34166 7013 0 0 0

[00:50:16]	[Recv]	pst 2 2557249 1 100 100 42830 3622 0 0 0

[00:50:16]	[Send]	walk 30 72 0 25
[00:50:17]	[Recv]	mv 3 41132 25 14 9

[00:50:17]	[Recv]	mv 3 41131 21 101 9

[00:50:17]	[Recv]	mv 3 41122 78 125 9

[00:50:17]	[Recv]	mv 3 41113 40 55 9

[00:50:17]	[Recv]	mv 3 41102 90 116 9

[00:50:17]	[Recv]	mv 3 41097 77 114 9

[00:50:17]	[Recv]	mv 3 41081 20 71 9

[00:50:17]	[Recv]	mv 3 41169 79 70 8

[00:50:17]	[Recv]	mv 3 41143 49 91 9

[00:50:17]	[Recv]	mv 3 41141 45 161 9

[00:50:17]	[Recv]	mv 3 41139 39 18 9

[00:50:17]	[Recv]	mv 3 41137 33 29 9

[00:50:17]	[Recv]	mv 3 41119 55 27 9

[00:50:17]	[Recv]	mv 3 41103 92 122 9

[00:50:17]	[Recv]	mv 3 41096 78 75 9

[00:50:17]	[Recv]	mv 3 41078 19 28 9

[00:50:17]	[Recv]	mv 3 41073 9 151 9

[00:50:17]	[Recv]	mv 3 41171 83 114 8

[00:50:17]	[Recv]	mv 3 41164 18 61 8

[00:50:17]	[Recv]	mv 3 41156 85 14 9

[00:50:17]	[Recv]	mv 3 41153 76 152 9

[00:50:17]	[Recv]	mv 3 41142 47 150 9

[00:50:17]	[Recv]	mv 3 41140 41 54 9

[00:50:17]	[Recv]	mv 3 41134 27 58 9

[00:50:17]	[Recv]	mv 3 41118 54 13 9

[00:50:17]	[Recv]	mv 3 41116 48 155 9

[00:50:17]	[Recv]	mv 3 41112 37 37 9

[00:50:17]	[Recv]	mv 3 41088 46 64 9

[00:50:17]	[Recv]	mv 3 41076 12 34 9

[00:50:17]	[Recv]	mv 3 41074 6 161 9

[00:50:17]	[Recv]	mv 3 41167 54 18 8

[00:50:17]	[Recv]	mv 3 41133 26 162 9

[00:50:17]	[Recv]	mv 3 41126 86 112 9

[00:50:17]	[Recv]	mv 3 41117 51 66 9

[00:50:17]	[Recv]	mv 3 41101 87 28 9

[00:50:17]	[Recv]	mv 3 41098 83 19 9

[00:50:17]	[Recv]	mv 3 41094 63 159 9

[00:50:17]	[Recv]	mv 3 41087 46 75 9

[00:50:17]	[Recv]	mv 3 41082 25 46 9

[00:50:17]	[Send]	walk 30 63 0 25
[00:50:17]	[Recv]	mv 3 41158 86 159 9

[00:50:17]	[Recv]	mv 3 41155 82 111 9

[00:50:17]	[Recv]	mv 3 41149 66 55 9

[00:50:17]	[Recv]	mv 3 41144 54 110 9

[00:50:17]	[Recv]	mv 3 41138 40 96 9

[00:50:17]	[Recv]	mv 3 41135 32 45 9

[00:50:17]	[Recv]	mv 3 41125 84 27 9

[00:50:17]	[Recv]	mv 3 41120 58 79 9

[00:50:17]	[Recv]	mv 3 41114 40 69 9

[00:50:17]	[Recv]	mv 3 41095 75 21 9

[00:50:17]	[Recv]	mv 3 41090 55 57 9

[00:50:17]	[Recv]	mv 3 41089 53 33 9

[00:50:17]	[Recv]	mv 3 41077 16 105 9

[00:50:17]	[Recv]	pst 2 2557262 0 100 100 34166 7013 0 0 0

[00:50:17]	[Recv]	pst 2 2557249 1 100 100 42830 3622 0 0 0

[00:50:18]	[Recv]	mv 3 41150 68 30 9

[00:50:18]	[Recv]	mv 3 41147 62 20 9

[00:50:18]	[Recv]	mv 3 41131 22 99 9

[00:50:18]	[Recv]	mv 3 41122 78 124 9

[00:50:18]	[Recv]	mv 3 41121 60 153 9

[00:50:18]	[Recv]	mv 3 41113 38 53 9

[00:50:18]	[Recv]	mv 3 41106 15 111 9

[00:50:18]	[Recv]	mv 3 41102 88 114 9

[00:50:18]	[Recv]	mv 3 41097 76 114 9

[00:50:18]	[Recv]	mv 3 41081 22 71 9

[00:50:18]	[Recv]	mv 3 41168 56 67 8

[00:50:18]	[Recv]	mv 3 41152 77 74 9

[00:50:18]	[Recv]	mv 3 41143 50 90 9

[00:50:18]	[Recv]	mv 3 41130 21 171 9

[00:50:18]	[Recv]	mv 3 41124 81 158 9

[00:50:18]	[Recv]	mv 3 41103 94 120 9

[00:50:18]	[Recv]	mv 3 41099 81 69 9

[00:50:18]	[Recv]	mv 3 41096 77 76 9

[00:50:18]	[Recv]	mv 3 41086 45 98 9

[00:50:18]	[Recv]	mv 3 41073 8 152 9

[00:50:18]	[Recv]	mv 3 41171 84 114 8

[00:50:18]	[Recv]	mv 3 41156 86 15 9

[00:50:18]	[Recv]	mv 3 41153 74 153 9

[00:50:18]	[Recv]	mv 3 41148 65 84 9

[00:50:18]	[Recv]	mv 3 41146 59 12 9

[00:50:18]	[Recv]	mv 3 41142 49 149 9

[00:50:18]	[Recv]	mv 3 41128 14 120 9

[00:50:18]	[Recv]	mv 3 41123 77 66 9

[00:50:18]	[Recv]	mv 3 41088 47 65 9

[00:50:18]	[Recv]	mv 3 41076 13 35 9

[00:50:18]	[Recv]	mv 3 41170 83 19 8

[00:50:18]	[Recv]	mv 3 41167 52 20 8

[00:50:18]	[Recv]	mv 3 41133 27 160 9

[00:50:18]	[Recv]	mv 3 41126 87 112 9

[00:50:18]	[Recv]	mv 3 41117 50 65 9

[00:50:18]	[Recv]	mv 3 41111 24 52 9

[00:50:18]	[Recv]	mv 3 41101 87 26 9

[00:50:18]	[Recv]	mv 3 41098 81 18 9

[00:50:18]	[Recv]	mv 3 41084 41 45 9

[00:50:18]	[Recv]	mv 3 41083 24 28 9

[00:50:18]	[Recv]	mv 3 41082 24 45 9

[00:50:18]	[Send]	walk 30 54 0 25
[00:50:18]	[Recv]	stat 72072 75191 11775 17265 0 1316

[00:50:18]	[Recv]	mv 3 41163 12 161 8

[00:50:18]	[Recv]	mv 3 41155 81 110 9

[00:50:18]	[Recv]	mv 3 41151 70 164 9

[00:50:18]	[Recv]	mv 3 41149 67 57 9

[00:50:18]	[Recv]	mv 3 41144 52 110 9

[00:50:18]	[Recv]	mv 3 41135 33 46 9

[00:50:18]	[Recv]	mv 3 41114 40 67 9

[00:50:18]	[Recv]	mv 3 41109 24 90 9

[00:50:18]	[Recv]	mv 3 41093 80 16 9

[00:50:18]	[Recv]	mv 3 41091 55 70 9

[00:50:18]	[Recv]	mv 3 41089 51 33 9

[00:50:18]	[Recv]	mv 3 41077 17 103 9

[00:50:18]	[Recv]	mv 3 41075 11 109 9

[00:50:18]	[Recv]	pst 2 2557262 0 100 100 34166 7013 0 0 0

[00:50:18]	[Recv]	pst 2 2557249 1 100 100 42830 3622 0 0 0

[00:50:19]	[Recv]	mv 3 41157 84 120 9

[00:50:19]	[Recv]	mv 3 41147 61 21 9

[00:50:19]	[Recv]	mv 3 41121 60 155 9

[00:50:19]	[Recv]	mv 3 41100 87 105 9

[00:50:19]	[Recv]	mv 3 41081 22 69 9

[00:50:19]	[Recv]	mv 3 41168 54 68 8

[00:50:19]	[Recv]	mv 3 41152 76 76 9

[00:50:19]	[Recv]	mv 3 41143 49 90 9

[00:50:19]	[Recv]	mv 3 41141 43 160 9

[00:50:19]	[Recv]	mv 3 41137 34 30 9

[00:50:19]	[Recv]	mv 3 41136 30 75 9

[00:50:19]	[Recv]	mv 3 41110 23 20 9

[00:50:19]	[Recv]	mv 3 41096 76 75 9

[00:50:19]	[Recv]	mv 3 41086 46 96 9

[00:50:19]	[Recv]	mv 3 41080 19 171 9

[00:50:19]	[Recv]	mv 3 41078 17 27 9

[00:50:19]	[Recv]	mv 3 41073 7 152 9

[00:50:19]	[Recv]	mv 3 41156 86 13 9

[00:50:19]	[Recv]	mv 3 41148 63 85 9

[00:50:19]	[Recv]	mv 3 41140 39 56 9

[00:50:19]	[Recv]	mv 3 41128 12 118 9

[00:50:19]	[Recv]	mv 3 41118 55 13 9

[00:50:19]	[Recv]	mv 3 41088 46 66 9

[00:50:19]	[Recv]	mv 3 41079 20 152 9

[00:50:19]	[Recv]	mv 3 41074 7 163 9

[00:50:19]	[Send]	walk 30 45 0 25
[00:50:19]	[Recv]	mv 3 41167 51 18 8

[00:50:19]	[Recv]	mv 3 41165 30 35 8

[00:50:19]	[Recv]	mv 3 41159 89 148 9

[00:50:19]	[Recv]	mv 3 41145 57 38 9

[00:50:19]	[Recv]	mv 3 41133 27 161 9

[00:50:19]	[Recv]	mv 3 41117 51 67 9

[00:50:19]	[Recv]	mv 3 41111 23 54 9

[00:50:19]	[Recv]	mv 3 41101 86 28 9

[00:50:19]	[Recv]	mv 3 41094 63 161 9

[00:50:19]	[Recv]	mv 3 41083 25 27 9

[00:50:19]	[Recv]	mv 3 41082 25 45 9

[00:50:19]	[Recv]	mv 3 41166 50 112 8

[00:50:19]	[Recv]	mv 3 41158 88 160 9

[00:50:19]	[Recv]	mv 3 41155 80 110 9

[00:50:19]	[Recv]	mv 3 41149 66 57 9

[00:50:19]	[Recv]	mv 3 41138 40 98 9

[00:50:19]	[Recv]	mv 3 41135 31 45 9

[00:50:19]	[Recv]	mv 3 41125 85 26 9

[00:50:19]	[Recv]	mv 3 41115 44 107 9

[00:50:19]	[Recv]	mv 3 41114 39 66 9

[00:50:19]	[Recv]	mv 3 41105 13 71 9

[00:50:19]	[Recv]	mv 3 41095 74 23 9

[00:50:19]	[Recv]	mv 3 41091 57 71 9

[00:50:19]	[Recv]	mv 3 41090 54 58 9

[00:50:19]	[Recv]	mv 3 41085 43 106 9

[00:50:19]	[Recv]	mv 3 41077 16 104 9

[00:50:19]	[Recv]	mv 3 41075 10 108 9

[00:50:19]	[Recv]	pst 2 2557262 0 100 100 34166 7013 0 0 0

[00:50:19]	[Recv]	pst 2 2557249 1 100 100 42830 3622 0 0 0

[00:50:20]	[Recv]	mv 3 41157 85 119 9

[00:50:20]	[Recv]	mv 3 41132 27 14 9

[00:50:20]	[Recv]	mv 3 41127 12 78 9

[00:50:20]	[Recv]	mv 3 41121 62 155 9

[00:50:20]	[Recv]	mv 3 41106 14 113 9

[00:50:20]	[Recv]	mv 3 41081 21 68 9

[00:50:20]	[Recv]	mv 3 41168 52 66 8

[00:50:20]	[Recv]	mv 3 41160 92 24 9

[00:50:20]	[Recv]	mv 3 41139 40 16 9

[00:50:20]	[Recv]	mv 3 41137 33 31 9

[00:50:20]	[Recv]	mv 3 41130 19 172 9

[00:50:20]	[Recv]	mv 3 41129 14 49 9

[00:50:20]	[Recv]	mv 3 41119 56 27 9

[00:50:20]	[Recv]	mv 3 41086 46 98 9

[00:50:20]	[Recv]	mv 3 41073 8 153 9

[00:50:20]	[Recv]	mv 3 41072 4 114 9

[00:50:20]	[Recv]	mv 3 41171 85 115 8

[00:50:20]	[Recv]	mv 3 41164 19 59 8

[00:50:20]	[Recv]	mv 3 41156 85 15 9

[00:50:20]	[Recv]	mv 3 41153 75 152 9

[00:50:20]	[Recv]	mv 3 41148 65 83 9

[00:50:20]	[Recv]	mv 3 41142 48 151 9

[00:50:20]	[Recv]	mv 3 41128 11 118 9

[00:50:20]	[Recv]	mv 3 41118 54 13 9

[00:50:20]	[Recv]	mv 3 41107 18 158 9

[00:50:20]	[Recv]	mv 3 41088 47 66 9

[00:50:20]	[Recv]	mv 3 41079 19 152 9

[00:50:20]	[Send]	walk 30 36 0 25
[00:50:20]	[Recv]	mv 3 41165 29 33 8

[00:50:20]	[Recv]	mv 3 41162 10 116 8

[00:50:20]	[Recv]	mv 3 41154 78 61 9

[00:50:20]	[Recv]	mv 3 41126 89 113 9

[00:50:20]	[Recv]	mv 3 41117 53 66 9

[00:50:20]	[Recv]	mv 3 41111 25 52 9

[00:50:20]	[Recv]	mv 3 41098 80 18 9

[00:50:20]	[Recv]	mv 3 41087 44 75 9

[00:50:20]	[Recv]	mv 3 41084 41 46 9

[00:50:20]	[Recv]	stat 72248 75191 11775 17265 0 1316

[00:50:20]	[Recv]	stat 72248 75191 11892 17265 0 1316

[00:50:20]	[Recv]	mv 3 41166 50 113 8

[00:50:20]	[Recv]	mv 3 41163 10 163 8

[00:50:20]	[Recv]	mv 3 41158 87 162 9

[00:50:20]	[Recv]	mv 3 41155 80 112 9

[00:50:20]	[Recv]	mv 3 41138 39 98 9

[00:50:20]	[Recv]	mv 3 41135 30 43 9

[00:50:20]	[Recv]	mv 3 41125 83 27 9

[00:50:20]	[Recv]	mv 3 41120 58 80 9

[00:50:20]	[Recv]	mv 3 41115 45 108 9

[00:50:20]	[Recv]	mv 3 41109 22 89 9

[00:50:20]	[Recv]	mv 3 41105 13 69 9

[00:50:20]	[Recv]	mv 3 41104 96 23 9

[00:50:20]	[Recv]	mv 3 41091 55 70 9

[00:50:20]	[Recv]	mv 3 41090 53 59 9

[00:50:20]	[Recv]	mv 3 41089 50 32 9

[00:50:20]	[Recv]	mv 3 41085 41 108 9

[00:50:20]	[Recv]	pst 2 2557262 0 100 100 34166 7013 0 0 0

[00:50:20]	[Recv]	pst 2 2557249 1 100 100 42830 3622 0 0 0

[00:50:21]	[Recv]	mv 3 41147 62 21 9

[00:50:21]	[Recv]	mv 3 41132 28 14 9

[00:50:21]	[Recv]	mv 3 41122 78 125 9

[00:50:21]	[Recv]	mv 3 41121 62 157 9

[00:50:21]	[Recv]	mv 3 41113 37 53 9

[00:50:21]	[Recv]	mv 3 41100 86 103 9

[00:50:21]	[Recv]	mv 3 41081 20 70 9

[00:50:21]	[Recv]	mv 3 41169 81 72 8

[00:50:21]	[Recv]	mv 3 41168 53 66 8

[00:50:21]	[Recv]	mv 3 41152 74 76 9

[00:50:21]	[Recv]	mv 3 41139 41 18 9

[00:50:21]	[Recv]	mv 3 41137 32 30 9

[00:50:21]	[Recv]	mv 3 41124 80 160 9

[00:50:21]	[Recv]	mv 3 41119 54 27 9

[00:50:21]	[Recv]	mv 3 41110 25 19 9

[00:50:21]	[Recv]	mv 3 41099 82 71 9

[00:50:21]	[Recv]	mv 3 41086 44 98 9

[00:50:21]	[Recv]	mv 3 41073 9 151 9

[00:50:21]	[Recv]	mv 3 41072 3 113 9

[00:50:21]	[Send]	walk 30 27 0 25
[00:50:21]	[Recv]	mv 3 41156 85 16 9

[00:50:21]	[Recv]	mv 3 41153 75 151 9

[00:50:21]	[Recv]	mv 3 41146 57 14 9

[00:50:21]	[Recv]	mv 3 41142 47 149 9

[00:50:21]	[Recv]	mv 3 41140 41 55 9

[00:50:21]	[Recv]	mv 3 41134 28 57 9

[00:50:21]	[Recv]	mv 3 41123 79 67 9

[00:50:21]	[Recv]	mv 3 41118 52 14 9

[00:50:21]	[Recv]	mv 3 41112 38 35 9

[00:50:21]	[Recv]	mv 3 41108 19 36 9

[00:50:21]	[Recv]	mv 3 41088 46 64 9

[00:50:21]	[Recv]	mv 3 41079 21 150 9

[00:50:21]	[Recv]	mv 3 41074 5 164 9

[00:50:21]	[Recv]	mv 3 41167 53 18 8

[00:50:21]	[Recv]	mv 3 41162 11 118 8

[00:50:21]	[Recv]	mv 3 41154 78 62 9

[00:50:21]	[Recv]	mv 3 41133 25 159 9

[00:50:21]	[Recv]	mv 3 41117 53 65 9

[00:50:21]	[Recv]	mv 3 41111 24 52 9

[00:50:21]	[Recv]	mv 3 41098 82 17 9

[00:50:21]	[Recv]	mv 3 41094 62 162 9

[00:50:21]	[Recv]	mv 3 41087 45 74 9

[00:50:21]	[Recv]	mv 3 41084 42 45 9

[00:50:21]	[Recv]	mv 3 41163 12 162 8

[00:50:21]	[Recv]	mv 3 41158 88 162 9

[00:50:21]	[Recv]	mv 3 41125 85 27 9

[00:50:21]	[Recv]	mv 3 41115 43 107 9

[00:50:21]	[Recv]	mv 3 41114 39 68 9

[00:50:21]	[Recv]	mv 3 41109 24 88 9

[00:50:21]	[Recv]	mv 3 41095 74 21 9

[00:50:21]	[Recv]	mv 3 41091 53 71 9

[00:50:21]	[Recv]	mv 3 41085 43 106 9

[00:50:21]	[Recv]	mv 3 41077 16 102 9

[00:50:21]	[Recv]	mv 3 41075 12 110 9

[00:50:21]	[Recv]	pst 2 2557262 0 100 100 34166 7013 0 0 0

[00:50:21]	[Recv]	pst 2 2557249 1 100 100 42830 3622 0 0 0

[00:50:22]	[Recv]	mv 3 41157 86 120 9

[00:50:22]	[Recv]	mv 3 41132 26 14 9

[00:50:22]	[Recv]	mv 3 41121 64 156 9

[00:50:22]	[Recv]	mv 3 41106 15 112 9

[00:50:22]	[Recv]	mv 3 41102 89 116 9

[00:50:22]	[Recv]	mv 3 41100 85 104 9

[00:50:22]	[Recv]	mv 3 41081 22 68 9

[00:50:22]	[Recv]	mv 3 41169 80 74 8

[00:50:22]	[Recv]	mv 3 41160 92 25 9

[00:50:22]	[Recv]	mv 3 41152 75 76 9

[00:50:22]	[Recv]	mv 3 41141 42 161 9

[00:50:22]	[Recv]	mv 3 41137 32 28 9

[00:50:22]	[Recv]	mv 3 41129 12 48 9

[00:50:22]	[Recv]	mv 3 41119 56 26 9

[00:50:22]	[Recv]	mv 3 41110 24 18 9

[00:50:22]	[Recv]	mv 3 41103 94 122 9

[00:50:22]	[Recv]	mv 3 41099 81 70 9

[00:50:22]	[Recv]	mv 3 41086 43 96 9

[00:50:22]	[Recv]	mv 3 41080 20 171 9

[00:50:22]	[Recv]	mv 3 41073 9 153 9

[00:50:22]	[Send]	walk 30 18 0 25
[00:50:22]	[Recv]	mv 3 41171 84 114 8

[00:50:22]	[Recv]	mv 3 41164 17 59 8

[00:50:22]	[Recv]	mv 3 41156 83 15 9

[00:50:22]	[Recv]	mv 3 41146 58 12 9

[00:50:22]	[Recv]	mv 3 41142 48 151 9

[00:50:22]	[Recv]	mv 3 41140 42 54 9

[00:50:22]	[Recv]	mv 3 41134 30 59 9

[00:50:22]	[Recv]	mv 3 41118 53 14 9

[00:50:22]	[Recv]	mv 3 41116 46 156 9

[00:50:22]	[Recv]	mv 3 41112 37 37 9

[00:50:22]	[Recv]	mv 3 41107 17 159 9

[00:50:22]	[Recv]	mv 3 41088 47 65 9

[00:50:22]	[Recv]	mv 3 41079 20 150 9

[00:50:22]	[Recv]	mv 3 41076 11 35 9

[00:50:22]	[Recv]	mv 3 41074 7 164 9

[00:50:22]	[Send]	walk 30 17 0 25
[00:50:22]	[Recv]	mv 3 41170 84 21 8

[00:50:22]	[Recv]	mv 3 41167 52 18 8

[00:50:22]	[Recv]	mv 3 41162 10 116 8

[00:50:22]	[Recv]	mv 3 41159 90 149 9

[00:50:22]	[Recv]	mv 3 41154 79 64 9

[00:50:22]	[Recv]	mv 3 41145 57 39 9

[00:50:22]	[Recv]	mv 3 41126 90 111 9

[00:50:22]	[Recv]	mv 3 41117 51 66 9

[00:50:22]	[Recv]	mv 3 41111 26 50 9

[00:50:22]	[Recv]	mv 3 41101 85 30 9

[00:50:22]	[Recv]	mv 3 41087 47 74 9

[00:50:22]	[Recv]	mv 3 41084 40 44 9

[00:50:22]	[Recv]	mv 3 41083 25 28 9

[00:50:22]	[Recv]	stat 72424 75191 11892 17265 0 1316

[00:50:22]	[Recv]	mv 3 41158 87 160 9

[00:50:22]	[Recv]	mv 3 41151 69 166 9

[00:50:22]	[Recv]	mv 3 41135 32 44 9

[00:50:22]	[Recv]	mv 3 41125 84 28 9

[00:50:22]	[Recv]	mv 3 41120 60 81 9

[00:50:22]	[Recv]	mv 3 41115 44 108 9

[00:50:22]	[Recv]	mv 3 41109 22 87 9

[00:50:22]	[Recv]	mv 3 41105 11 67 9

[00:50:22]	[Recv]	mv 3 41104 94 23 9

[00:50:22]	[Recv]	mv 3 41091 53 72 9

[00:50:22]	[Recv]	mv 3 41090 51 59 9

[00:50:22]	[Recv]	mv 3 41085 42 105 9

[00:50:22]	[Recv]	mv 3 41077 15 104 9

[00:50:22]	[Recv]	pst 2 2557262 0 100 100 34166 7013 0 0 0

[00:50:22]	[Recv]	pst 2 2557249 1 100 100 42830 3622 0 0 0

[00:50:23]	[Recv]	mv 3 41150 67 30 9

[00:50:23]	[Recv]	mv 3 41147 63 20 9

[00:50:23]	[Recv]	mv 3 41132 28 15 9

[00:50:23]	[Recv]	mv 3 41131 24 100 9

[00:50:23]	[Recv]	mv 3 41127 10 78 9

[00:50:23]	[Recv]	mv 3 41122 78 124 9

[00:50:23]	[Recv]	mv 3 41106 16 114 9

[00:50:23]	[Recv]	mv 3 41102 88 118 9

[00:50:23]	[Recv]	mv 3 41100 83 103 9

[00:50:23]	[Recv]	mv 3 41097 77 116 9

[00:50:23]	[Recv]	mv 3 41081 23 69 9

[00:50:23]	[Recv]	mv 3 41169 78 73 8

[00:50:23]	[Recv]	mv 3 41168 54 67 8

[00:50:23]	[Recv]	mv 3 41160 90 27 9

[00:50:23]	[Recv]	mv 3 41143 48 91 9

[00:50:23]	[Recv]	mv 3 41141 43 160 9

[00:50:23]	[Recv]	mv 3 41129 13 47 9

[00:50:23]	[Recv]	mv 3 41124 79 160 9

[00:50:23]	[Recv]	mv 3 41119 55 28 9

[00:50:23]	[Recv]	mv 3 41110 25 20 9

[00:50:23]	[Recv]	mv 3 41103 92 124 9

[00:50:23]	[Recv]	mv 3 41096 76 76 9

[00:50:23]	[Recv]	mv 3 41086 42 98 9

[00:50:23]	[Recv]	mv 3 41080 19 170 9

[00:50:23]	[Recv]	mv 3 41078 15 29 9

[00:50:23]	[Send]	walk 30 8 0 25
[00:50:23]	[Recv]	mv 3 41171 85 113 8

[00:50:23]	[Recv]	mv 3 41164 19 61 8

[00:50:23]	[Recv]	mv 3 41153 77 150 9

[00:50:23]	[Recv]	mv 3 41148 63 84 9

[00:50:23]	[Recv]	mv 3 41140 40 55 9

[00:50:23]	[Recv]	mv 3 41134 28 59 9

[00:50:23]	[Recv]	mv 3 41128 13 117 9

[00:50:23]	[Recv]	mv 3 41123 78 68 9

[00:50:23]	[Recv]	mv 3 41118 53 13 9

[00:50:23]	[Recv]	mv 3 41116 47 157 9

[00:50:23]	[Recv]	mv 3 41112 38 38 9

[00:50:23]	[Recv]	mv 3 41088 46 63 9

[00:50:23]	[Recv]	mv 3 41076 12 34 9

[00:50:23]	[Recv]	mv 3 41074 7 163 9

[00:50:23]	[Recv]	mv 3 41170 84 19 8

[00:50:23]	[Recv]	mv 3 41165 28 33 8

[00:50:23]	[Recv]	mv 3 41162 10 118 8

[00:50:23]	[Recv]	mv 3 41159 90 148 9

[00:50:23]	[Recv]	mv 3 41154 80 62 9

[00:50:23]	[Recv]	mv 3 41133 27 161 9

[00:50:23]	[Recv]	mv 3 41111 26 51 9

[00:50:23]	[Recv]	mv 3 41101 86 28 9

[00:50:23]	[Recv]	mv 3 41098 81 19 9

[00:50:23]	[Recv]	mv 3 41083 24 26 9

[00:50:23]	[Recv]	mv 3 41166 51 114 8

[00:50:23]	[Recv]	mv 3 41163 14 160 8

[00:50:23]	[Recv]	mv 3 41155 82 110 9

[00:50:23]	[Recv]	mv 3 41135 30 46 9

[00:50:23]	[Recv]	mv 3 41115 44 109 9

[00:50:23]	[Recv]	mv 3 41114 41 69 9

[00:50:23]	[Recv]	mv 3 41105 13 69 9

[00:50:23]	[Recv]	mv 3 41104 96 21 9

[00:50:23]	[Recv]	mv 3 41091 53 74 9

[00:50:23]	[Recv]	mv 3 41090 51 58 9

[00:50:23]	[Recv]	mv 3 41089 51 30 9

[00:50:23]	[Recv]	mv 3 41077 16 103 9

[00:50:23]	[Recv]	pst 2 2557262 0 100 100 34166 7013 0 0 0

[00:50:23]	[Recv]	pst 2 2557249 1 100 100 42830 3622 0 0 0

[00:50:24]	[Recv]	mv 3 41150 67 29 9

[00:50:24]	[Recv]	mv 3 41147 62 19 9

[00:50:24]	[Recv]	mv 3 41132 28 13 9

[00:50:24]	[Recv]	mv 3 41127 11 78 9

[00:50:24]	[Recv]	mv 3 41122 79 123 9

[00:50:24]	[Recv]	mv 3 41113 38 54 9

[00:50:24]	[Recv]	mv 3 41106 14 112 9

[00:50:24]	[Send]	walk 25 1 0 25
[00:50:24]	[Recv]	mv 3 41152 76 77 9

[00:50:24]	[Recv]	mv 3 41143 49 90 9

[00:50:24]	[Recv]	mv 3 41137 32 30 9

[00:50:24]	[Recv]	mv 3 41136 31 73 9

[00:50:24]	[Recv]	mv 3 41129 14 48 9

[00:50:24]	[Recv]	mv 3 41124 78 160 9

[00:50:24]	[Recv]	mv 3 41119 55 27 9

[00:50:24]	[Recv]	mv 3 41110 24 21 9

[00:50:24]	[Recv]	mv 3 41103 91 124 9

[00:50:24]	[Recv]	mv 3 41099 82 70 9

[00:50:24]	[Recv]	mv 3 41096 76 78 9

[00:50:24]	[Recv]	mv 3 41080 18 169 9

[00:50:24]	[Recv]	mv 3 41171 84 113 8

[00:50:24]	[Recv]	mv 3 41164 17 61 8

[00:50:24]	[Recv]	mv 3 41148 64 85 9

[00:50:24]	[Recv]	mv 3 41146 60 14 9

[00:50:24]	[Recv]	mv 3 41140 41 54 9

[00:50:24]	[Recv]	mv 3 41134 28 60 9

[00:50:24]	[Recv]	mv 3 41128 14 118 9

[00:50:24]	[Recv]	mv 3 41118 53 14 9

[00:50:24]	[Recv]	mv 3 41112 39 37 9

[00:50:24]	[Recv]	mv 3 41108 18 36 9

[00:50:24]	[Recv]	mv 3 41107 18 159 9

[00:50:24]	[Recv]	mv 3 41088 44 64 9

[00:50:24]	[Recv]	mv 3 41076 13 35 9

[00:50:24]	[Recv]	mv 3 41074 5 163 9

[00:50:24]	[Recv]	mv 3 41170 84 21 8

[00:50:24]	[Recv]	mv 3 41167 54 20 8

[00:50:24]	[Recv]	mv 3 41165 26 35 8

[00:50:24]	[Recv]	mv 3 41162 9 116 8

[00:50:24]	[Recv]	mv 3 41154 81 63 9

[00:50:24]	[Recv]	mv 3 41145 56 37 9

[00:50:24]	[Recv]	mv 3 41133 28 159 9

[00:50:24]	[Recv]	mv 3 41111 27 50 9

[00:50:24]	[Recv]	mv 3 41098 82 17 9

[00:50:24]	[Recv]	mv 3 41083 25 24 9

[00:50:24]	[Recv]	stat 72600 75191 11892 17265 0 1316

[00:50:24]	[Recv]	stat 72600 75191 12009 17265 0 1316

[00:50:24]	[Recv]	mv 3 41166 50 114 8

[00:50:24]	[Recv]	mv 3 41158 89 161 9

[00:50:24]	[Recv]	mv 3 41155 80 108 9

[00:50:24]	[Recv]	mv 3 41149 67 56 9

[00:50:24]	[Recv]	mv 3 41125 83 28 9

[00:50:24]	[Recv]	mv 3 41115 45 108 9

[00:50:24]	[Recv]	mv 3 41109 23 89 9

[00:50:24]	[Recv]	mv 3 41093 78 15 9

[00:50:24]	[Recv]	mv 3 41089 53 31 9

[00:50:24]	[Recv]	mv 3 41077 17 101 9

[00:50:24]	[Recv]	mv 3 41075 10 111 9

[00:50:24]	[Recv]	pst 2 2557262 0 100 100 34166 7013 0 0 0

[00:50:24]	[Recv]	pst 2 2557249 1 100 100 42830 3622 0 0 0

[00:50:25]	[Recv]	mv 3 41132 27 13 9

[00:50:25]	[Recv]	mv 3 41131 22 101 9

[00:50:25]	[Recv]	mv 3 41127 13 79 9

[00:50:25]	[Recv]	mv 3 41122 80 124 9

[00:50:25]	[Recv]	mv 3 41113 38 53 9

[00:50:25]	[Recv]	mv 3 41106 16 111 9

[00:50:25]	[Recv]	mv 3 41100 84 105 9

[00:50:25]	[Send]	preq
[00:50:25]	[Recv]	mv 3 41169 80 72 8

[00:50:25]	[Recv]	mv 3 41143 48 91 9

[00:50:25]	[Recv]	mv 3 41141 45 159 9

[00:50:25]	[Recv]	mv 3 41139 42 20 9

[00:50:25]	[Recv]	mv 3 41137 32 31 9

[00:50:25]	[Recv]	mv 3 41136 29 75 9

[00:50:25]	[Recv]	mv 3 41130 20 170 9

[00:50:25]	[Recv]	mv 3 41124 80 160 9

[00:50:25]	[Recv]	mv 3 41110 23 20 9

[00:50:25]	[Recv]	mv 3 41099 84 70 9

[00:50:25]	[Recv]	mv 3 41096 77 76 9

[00:50:25]	[Recv]	mv 3 41080 18 170 9

[00:50:25]	[Recv]	mv 3 41078 17 28 9

[00:50:25]	[Recv]	mv 3 41073 9 151 9

[00:50:25]	[Recv]	c_map 0 2640 0

[00:50:25]	[Recv]	mapout

[00:50:25]	[Send]	c_close 1
[00:50:25]	[Send]	c_close 0
[00:50:25]	[Send]	f_stash_end 
[00:50:25]	[Send]	c_close 1
[00:50:25]	[Recv]	c_info milkers - -1 3739.918 Sanguinarius 6835325 0 0 1 5 1 27 0 10 0 0 0 0 8151 9

[00:50:25]	[Send]	mall 50
[00:50:25]	[Send]	c_close 1
[00:50:25]	[Recv]	c_mode 1 6835325 3728 0 0 0 100 8151

[00:50:25]	[Recv]	equip 73 78 0.8628.3.7.0.8.82 1.8643.8.7.0.2.82 2.8689.0.0.0.0.0 3.8653.0.2.0.0.0 4.8655.0.0.0.0.0 5.8636.7.8.0.0.82 6.4657.0.0.0.0.0 7.4653.0.0.0.0.0 8.4647.0.0.0.0.0 9.8687.0.0.0.0.0 10.8674.9.0.0.0.0 12.909.0.20.100.0.0 13.8680.0.0.0.0.0 14.8566.0.0.0.0.0 15.8598.0.0.0.0.0 16.8568.0.0.0.0.0 17.8801.0.0.0.0.0

[00:50:25]	[Recv]	lev 99 0 99 0 2140719000 5991794 13364600 200 881816047 91 967912450 0

[00:50:25]	[Recv]	stat 72600 75191 12009 17265 0 1316

[00:50:25]	[Recv]	at 6835325 2641 31 176 2 0 117 1 -1

[00:50:25]	[Recv]	cond 1 6835325 0 0 25

[00:50:25]	[Recv]	cond 1 6835325 0 0 25

[00:50:25]	[Recv]	titinfo 1 6835325 9468 9468

[00:50:25]	[Recv]	eq 6835325 0 0 1 5 1 8689.8643.8628.8636.8687.8674.8680.8566.8598.8568.8801 73 78 100

[00:50:25]	[Recv]	c_map 0 2641 1

[00:50:25]	[Recv]	sc 0 7 4136 4278 1894 37 415 1 8 4111 4311 2101 43 405 7 2246 1268 2064 1268 1784 91 88 127 138

[00:50:25]	[Recv]	char_sc 1 6835325 100

[00:50:25]	[Recv]	gidx 1 6835325 3739.918 Sanguinarius 27 0|0|1

[00:50:25]	[Recv]	rsfp 0 -1

[00:50:25]	[Recv]	pairy 1 6835325 4 3 129 59

[00:50:25]	[Recv]	minipet 1 6835325 8801

[00:50:25]	[Recv]	act6 

[00:50:25]	[Recv]	pinit 2 2|2557262|0|99|@|-1|2789|1|2646|0|0 2|2557249|1|96|@|-1|2762|0|0|0|0


[00:50:25]	[Recv]	food 0

[00:50:25]	[Recv]	mv 2 2451716 44 76 14

[00:50:25]	[Recv]	mv 3 41310 47 80 12

[00:50:25]	[Recv]	mv 3 41281 78 144 8

[00:50:25]	[Recv]	mv 3 41269 25 105 8

[00:50:25]	[Recv]	mv 3 41268 21 137 8

[00:50:25]	[Recv]	mv 3 41251 61 124 9

[00:50:25]	[Recv]	mv 3 41237 40 135 9

[00:50:25]	[Recv]	mv 3 41235 37 143 9

[00:50:25]	[Recv]	mv 3 41229 31 11 9

[00:50:25]	[Recv]	mv 3 41227 25 114 9

[00:50:25]	[Recv]	mv 3 41218 11 125 9

[00:50:25]	[Recv]	mv 3 41189 53 152 9

[00:50:25]	[Recv]	mv 3 41182 38 33 9

[00:50:25]	[Recv]	get 2 2451716 8024209 0

[00:50:25]	[Recv]	mv 3 41306 96 75 9

[00:50:25]	[Recv]	mv 3 41299 83 39 9

[00:50:25]	[Recv]	mv 3 41291 32 29 9

[00:50:25]	[Recv]	mv 3 41277 64 102 8

[00:50:25]	[Recv]	mv 3 41272 39 16 8

[00:50:25]	[Recv]	mv 3 41267 12 117 8

[00:50:25]	[Recv]	mv 3 41265 89 114 9

[00:50:25]	[Recv]	mv 3 41253 66 129 9

[00:50:25]	[Recv]	mv 3 41252 63 145 9

[00:50:25]	[Recv]	mv 3 41241 45 150 9

[00:50:25]	[Recv]	mv 3 41233 31 58 9

[00:50:25]	[Recv]	mv 3 41230 24 152 9

[00:50:25]	[Recv]	mv 3 41220 17 124 9

[00:50:25]	[Recv]	mv 3 41216 87 36 9

[00:50:25]	[Recv]	mv 3 41203 67 10 9

[00:50:25]	[Recv]	mv 3 41201 66 29 9

[00:50:25]	[Recv]	mv 3 41200 67 16 9

[00:50:25]	[Recv]	mv 3 41198 61 23 9

[00:50:25]	[Recv]	mv 3 41195 54 36 9

[00:50:25]	[Recv]	mv 3 41192 39 104 9

[00:50:25]	[Recv]	mv 3 41190 46 28 9

[00:50:25]	[Recv]	mv 3 41185 94 82 9

[00:50:25]	[Recv]	mv 3 41177 26 22 9

[00:50:25]	[Recv]	gp 31 176 2640 -1 0 0

[00:50:25]	[Recv]	gp 21 169 1252 -1 1 0

[00:50:25]	[Recv]	wp 4 63 91 4 85 99

[00:50:25]	[Recv]	wp 97 84 97 4 85 99

[00:50:25]	[Recv]	in 3 3058 41331 74 158 7 88 100 0 0 0 -1 1 0 -1 - 0 -1 0 0 0 0 0 0 0 0 0 0 0 0 0

[00:50:25]	[Recv]	in 3 3058 41329 76 86 2 100 100 0 0 0 -1 1 0 -1 - 0 -1 0 0 0 0 0 0 0 0 0 0 0 0 0

[00:50:25]	[Recv]	in 3 3058 41328 63 135 2 100 100 0 0 0 -1 1 0 -1 - 0 -1 0 0 0 0 0 0 0 0 0 0 0 0 0

[00:50:25]	[Recv]	in 3 3058 41327 58 76 2 100 100 0 0 0 -1 1 0 -1 - 0 -1 0 0 0 0 0 0 0 0 0 0 0 0 0

[00:50:25]	[Recv]	in 3 3058 41326 55 96 2 100 100 0 0 0 -1 1 0 -1 - 0 -1 0 0 0 0 0 0 0 0 0 0 0 0 0

[00:50:25]	[Recv]	in 3 3058 41325 42 4 2 100 100 0 0 0 -1 1 0 -1 - 0 -1 0 0 0 0 0 0 0 0 0 0 0 0 0

[00:50:25]	[Recv]	in 3 3058 41324 41 84 2 100 100 0 0 0 -1 1 0 -1 - 0 -1 0 0 0 0 0 0 0 0 0 0 0 0 0

[00:50:25]	[Recv]	in 3 3058 41323 38 74 2 100 100 0 0 0 -1 1 0 -1 - 0 -1 0 0 0 0 0 0 0 0 0 0 0 0 0

[00:50:25]	[Recv]	in 3 3058 41322 27 22 2 100 100 0 0 0 -1 1 0 -1 - 0 -1 0 0 0 0 0 0 0 0 0 0 0 0 0

[00:50:25]	[Recv]	in 3 3058 41321 26 10 2 81 100 0 0 0 -1 1 0 -1 - 0 -1 0 0 0 0 0 0 0 0 0 0 0 0 0

[00:50:25]	[Recv]	in 3 3058 41320 24 120 2 83 100 0 0 0 -1 1 0 -1 - 0 -1 0 0 0 0 0 0 0 0 0 0 0 0 0

[00:50:25]	[Recv]	in 3 3058 41319 20 122 2 9 100 0 0 0 -1 1 0 -1 - 0 -1 0 0 0 0 0 0 0 0 0 0 0 0 0

[00:50:25]	[Recv]	in 3 3058 41318 18 67 2 88 100 0 0 0 -1 1 0 -1 - 0 -1 0 0 0 0 0 0 0 0 0 0 0 0 0

[00:50:25]	[Recv]	in 3 3058 41317 11 89 2 100 100 0 0 0 -1 1 0 -1 - 0 -1 0 0 0 0 0 0 0 0 0 0 0 0 0

[00:50:25]	[Recv]	in 3 3058 41316 76 39 4 6 100 0 0 0 -1 1 0 -1 - 0 -1 0 0 0 0 0 0 0 0 0 0 0 0 0

[00:50:25]	[Recv]	in 3 3024 41313 79 103 2 100 100 0 0 0 -1 1 0 -1 - 0 -1 0 0 0 0 0 0 0 0 0 0 0 0 0

[00:50:25]	[Recv]	in 3 3024 41312 69 136 2 100 100 0 0 0 -1 1 0 -1 - 0 -1 0 0 0 0 0 0 0 0 0 0 0 0 0

[00:50:25]	[Recv]	in 3 3024 41311 72 20 2 100 100 0 0 0 -1 1 0 -1 - 0 -1 0 0 0 0 0 0 0 0 0 0 0 0 0

[00:50:25]	[Recv]	in 3 3024 41310 47 80 2 100 100 0 0 0 -1 1 0 -1 - 0 -1 0 0 0 0 0 0 0 0 0 0 0 0 0

[00:50:25]	[Recv]	in 3 3024 41309 29 18 2 100 100 0 0 0 -1 1 0 -1 - 0 -1 0 0 0 0 0 0 0 0 0 0 0 0 0

[00:50:25]	[Recv]	in 3 3024 41308 13 120 2 100 100 0 0 0 -1 1 0 -1 - 0 -1 0 0 0 0 0 0 0 0 0 0 0 0 0

[00:50:25]	[Recv]	in 3 3024 41307 11 70 2 100 100 0 0 0 -1 1 0 -1 - 0 -1 0 0 0 0 0 0 0 0 0 0 0 0 0

[00:50:25]	[Recv]	in 3 3021 41306 96 75 2 100 100 0 0 0 -1 1 0 -1 - 0 -1 0 0 0 0 0 0 0 0 0 0 0 0 0

[00:50:25]	[Recv]	in 3 3021 41305 93 82 2 100 100 0 0 0 -1 1 0 -1 - 0 -1 0 0 0 0 0 0 0 0 0 0 0 0 0

[00:50:25]	[Recv]	in 3 3021 41303 89 61 2 100 100 0 0 0 -1 1 0 -1 - 0 -1 0 0 0 0 0 0 0 0 0 0 0 0 0

[00:50:25]	[Recv]	in 3 3021 41302 87 31 2 100 100 0 0 0 -1 1 0 -1 - 0 -1 0 0 0 0 0 0 0 0 0 0 0 0 0

[00:50:25]	[Recv]	in 3 3021 41301 86 74 2 100 100 0 0 0 -1 1 0 -1 - 0 -1 0 0 0 0 0 0 0 0 0 0 0 0 0

[00:50:25]	[Recv]	in 3 3021 41299 83 39 3 100 100 0 0 0 -1 1 0 -1 - 0 -1 0 0 0 0 0 0 0 0 0 0 0 0 0

[00:50:25]	[Recv]	in 3 3021 41296 70 27 2 100 100 0 0 0 -1 1 0 -1 - 0 -1 0 0 0 0 0 0 0 0 0 0 0 0 0

[00:50:25]	[Recv]	in 3 3021 41294 60 17 2 100 100 0 0 0 -1 1 0 -1 - 0 -1 0 0 0 0 0 0 0 0 0 0 0 0 0

[00:50:25]	[Recv]	in 3 3021 41293 56 43 2 100 100 0 0 0 -1 1 0 -1 - 0 -1 0 0 0 0 0 0 0 0 0 0 0 0 0

[00:50:25]	[Recv]	in 3 3021 41292 46 36 2 100 100 0 0 0 -1 1 0 -1 - 0 -1 0 0 0 0 0 0 0 0 0 0 0 0 0

[00:50:25]	[Recv]	in 3 3021 41291 32 29 2 100 100 0 0 0 -1 1 0 -1 - 0 -1 0 0 0 0 0 0 0 0 0 0 0 0 0

[00:50:25]	[Recv]	in 3 3021 41290 35 7 2 100 100 0 0 0 -1 1 0 -1 - 0 -1 0 0 0 0 0 0 0 0 0 0 0 0 0

[00:50:25]	[Recv]	in 3 3021 41287 24 58 2 100 100 0 0 0 -1 1 0 -1 - 0 -1 0 0 0 0 0 0 0 0 0 0 0 0 0

[00:50:25]	[Recv]	in 3 3021 41286 19 15 2 100 100 0 0 0 -1 1 0 -1 - 0 -1 0 0 0 0 0 0 0 0 0 0 0 0 0

[00:50:25]	[Recv]	in 3 3010 41285 88 98 2 100 100 0 0 0 -1 1 0 -1 - 0 -1 0 0 0 0 0 0 0 0 0 0 0 0 0

[00:50:25]	[Recv]	in 3 3010 41284 87 38 2 100 100 0 0 0 -1 1 0 -1 - 0 -1 0 0 0 0 0 0 0 0 0 0 0 0 0

[00:50:25]	[Recv]	in 3 3010 41283 69 112 3 100 100 0 0 0 -1 1 0 -1 - 0 -1 0 0 0 0 0 0 0 0 0 0 0 0 0

[00:50:25]	[Recv]	in 3 3010 41281 78 144 2 100 100 0 0 0 -1 1 0 -1 - 0 -1 0 0 0 0 0 0 0 0 0 0 0 0 0

[00:50:25]	[Recv]	in 3 3010 41280 74 105 2 100 100 0 0 0 -1 1 0 -1 - 0 -1 0 0 0 0 0 0 0 0 0 0 0 0 0

[00:50:25]	[Recv]	in 3 3010 41279 67 127 2 100 100 0 0 0 -1 1 0 -1 - 0 -1 0 0 0 0 0 0 0 0 0 0 0 0 0

[00:50:25]	[Recv]	in 3 3010 41278 67 26 2 100 100 0 0 0 -1 1 0 -1 - 0 -1 0 0 0 0 0 0 0 0 0 0 0 0 0

[00:50:25]	[Recv]	in 3 3010 41277 64 102 2 100 100 0 0 0 -1 1 0 -1 - 0 -1 0 0 0 0 0 0 0 0 0 0 0 0 0

[00:50:25]	[Recv]	in 3 3010 41276 51 153 2 100 100 0 0 0 -1 1 0 -1 - 0 -1 0 0 0 0 0 0 0 0 0 0 0 0 0

[00:50:25]	[Recv]	in 3 3010 41275 48 37 2 100 100 0 0 0 -1 1 0 -1 - 0 -1 0 0 0 0 0 0 0 0 0 0 0 0 0

[00:50:25]	[Recv]	in 3 3010 41274 48 88 2 100 100 0 0 0 -1 1 0 -1 - 0 -1 0 0 0 0 0 0 0 0 0 0 0 0 0

[00:50:25]	[Recv]	in 3 3010 41273 39 98 2 100 100 0 0 0 -1 1 0 -1 - 0 -1 0 0 0 0 0 0 0 0 0 0 0 0 0

[00:50:25]	[Recv]	in 3 3010 41272 39 16 2 100 100 0 0 0 -1 1 0 -1 - 0 -1 0 0 0 0 0 0 0 0 0 0 0 0 0

[00:50:25]	[Recv]	in 3 3010 41271 26 25 2 100 100 0 0 0 -1 1 0 -1 - 0 -1 0 0 0 0 0 0 0 0 0 0 0 0 0

[00:50:25]	[Recv]	in 3 3010 41270 25 51 2 100 100 0 0 0 -1 1 0 -1 - 0 -1 0 0 0 0 0 0 0 0 0 0 0 0 0

[00:50:25]	[Recv]	in 3 3010 41269 25 105 2 100 100 0 0 0 -1 1 0 -1 - 0 -1 0 0 0 0 0 0 0 0 0 0 0 0 0

[00:50:25]	[Recv]	in 3 3010 41268 21 137 2 100 100 0 0 0 -1 1 0 -1 - 0 -1 0 0 0 0 0 0 0 0 0 0 0 0 0

[00:50:25]	[Recv]	in 3 3010 41267 12 117 2 100 100 0 0 0 -1 1 0 -1 - 0 -1 0 0 0 0 0 0 0 0 0 0 0 0 0

[00:50:25]	[Recv]	in 3 3009 41266 92 105 2 100 100 0 0 0 -1 1 0 -1 - 0 -1 0 0 0 0 0 0 0 0 0 0 0 0 0

[00:50:25]	[Recv]	in 3 3009 41265 89 114 2 100 100 0 0 0 -1 1 0 -1 - 0 -1 0 0 0 0 0 0 0 0 0 0 0 0 0

[00:50:25]	[Recv]	in 3 3009 41264 83 138 2 100 100 0 0 0 -1 1 0 -1 - 0 -1 0 0 0 0 0 0 0 0 0 0 0 0 0

[00:50:25]	[Recv]	in 3 3009 41263 79 115 2 100 100 0 0 0 -1 1 0 -1 - 0 -1 0 0 0 0 0 0 0 0 0 0 0 0 0

[00:50:25]	[Recv]	in 3 3009 41262 77 145 2 100 100 0 0 0 -1 1 0 -1 - 0 -1 0 0 0 0 0 0 0 0 0 0 0 0 0

[00:50:25]	[Recv]	in 3 3009 41261 78 154 2 100 100 0 0 0 -1 1 0 -1 - 0 -1 0 0 0 0 0 0 0 0 0 0 0 0 0

[00:50:25]	[Recv]	in 3 3009 41260 78 133 2 100 100 0 0 0 -1 1 0 -1 - 0 -1 0 0 0 0 0 0 0 0 0 0 0 0 0

[00:50:25]	[Recv]	in 3 3009 41259 76 102 2 100 100 0 0 0 -1 1 0 -1 - 0 -1 0 0 0 0 0 0 0 0 0 0 0 0 0

[00:50:25]	[Recv]	in 3 3009 41258 74 95 2 100 100 0 0 0 -1 1 0 -1 - 0 -1 0 0 0 0 0 0 0 0 0 0 0 0 0

[00:50:25]	[Recv]	in 3 3009 41257 71 149 2 100 100 0 0 0 -1 1 0 -1 - 0 -1 0 0 0 0 0 0 0 0 0 0 0 0 0

[00:50:25]	[Recv]	in 3 3009 41256 70 84 2 100 100 0 0 0 -1 1 0 -1 - 0 -1 0 0 0 0 0 0 0 0 0 0 0 0 0

[00:50:25]	[Recv]	in 3 3009 41255 21 30 6 100 100 0 0 0 -1 1 0 -1 - 0 -1 0 0 0 0 0 0 0 0 0 0 0 0 0

[00:50:25]	[Recv]	in 3 3009 41253 66 129 2 100 100 0 0 0 -1 1 0 -1 - 0 -1 0 0 0 0 0 0 0 0 0 0 0 0 0

[00:50:25]	[Recv]	in 3 3009 41252 63 145 2 100 100 0 0 0 -1 1 0 -1 - 0 -1 0 0 0 0 0 0 0 0 0 0 0 0 0

[00:50:25]	[Recv]	in 3 3009 41251 61 124 2 100 100 0 0 0 -1 1 0 -1 - 0 -1 0 0 0 0 0 0 0 0 0 0 0 0 0

[00:50:25]	[Recv]	in 3 3009 41250 60 138 2 100 100 0 0 0 -1 1 0 -1 - 0 -1 0 0 0 0 0 0 0 0 0 0 0 0 0

[00:50:25]	[Recv]	in 3 3009 41249 82 28 1 100 100 0 0 0 -1 1 0 -1 - 0 -1 0 0 0 0 0 0 0 0 0 0 0 0 0

[00:50:25]	[Recv]	in 3 3009 41247 57 85 2 100 100 0 0 0 -1 1 0 -1 - 0 -1 0 0 0 0 0 0 0 0 0 0 0 0 0

[00:50:25]	[Recv]	in 3 3009 41246 53 131 2 100 100 0 0 0 -1 1 0 -1 - 0 -1 0 0 0 0 0 0 0 0 0 0 0 0 0

[00:50:25]	[Recv]	in 3 3009 41245 52 89 2 100 100 0 0 0 -1 1 0 -1 - 0 -1 0 0 0 0 0 0 0 0 0 0 0 0 0

[00:50:25]	[Recv]	in 3 3009 41244 75 113 3 100 100 0 0 0 -1 1 0 -1 - 0 -1 0 0 0 0 0 0 0 0 0 0 0 0 0

[00:50:25]	[Recv]	in 3 3009 41241 45 150 2 100 100 0 0 0 -1 1 0 -1 - 0 -1 0 0 0 0 0 0 0 0 0 0 0 0 0

[00:50:25]	[Recv]	in 3 3009 41240 44 105 2 100 100 0 0 0 -1 1 0 -1 - 0 -1 0 0 0 0 0 0 0 0 0 0 0 0 0

[00:50:25]	[Recv]	in 3 3009 41239 46 144 2 100 100 0 0 0 -1 1 0 -1 - 0 -1 0 0 0 0 0 0 0 0 0 0 0 0 0

[00:50:25]	[Recv]	in 3 3009 41237 40 135 2 100 100 0 0 0 -1 1 0 -1 - 0 -1 0 0 0 0 0 0 0 0 0 0 0 0 0

[00:50:25]	[Recv]	in 3 3009 41236 39 102 2 100 100 0 0 0 -1 1 0 -1 - 0 -1 0 0 0 0 0 0 0 0 0 0 0 0 0

[00:50:25]	[Recv]	in 3 3009 41235 37 143 2 100 100 0 0 0 -1 1 0 -1 - 0 -1 0 0 0 0 0 0 0 0 0 0 0 0 0

[00:50:25]	[Recv]	in 3 3009 41234 31 165 2 99 100 0 0 0 -1 1 0 -1 - 0 -1 0 0 0 0 0 0 0 0 0 0 0 0 0

[00:50:25]	[Recv]	in 3 3009 41233 31 58 2 100 100 0 0 0 -1 1 0 -1 - 0 -1 0 0 0 0 0 0 0 0 0 0 0 0 0

[00:50:25]	[Recv]	in 3 3009 41232 27 161 2 100 100 0 0 0 -1 1 0 -1 - 0 -1 0 0 0 0 0 0 0 0 0 0 0 0 0

[00:50:25]	[Recv]	in 3 3009 41231 24 144 2 100 100 0 0 0 -1 1 0 -1 - 0 -1 0 0 0 0 0 0 0 0 0 0 0 0 0

[00:50:25]	[Recv]	in 3 3009 41230 24 152 2 100 100 0 0 0 -1 1 0 -1 - 0 -1 0 0 0 0 0 0 0 0 0 0 0 0 0

[00:50:25]	[Recv]	in 3 3009 41229 31 11 2 100 100 0 0 0 -1 1 0 -1 - 0 -1 0 0 0 0 0 0 0 0 0 0 0 0 0

[00:50:25]	[Recv]	in 3 3009 41227 25 114 2 100 100 0 0 0 -1 1 0 -1 - 0 -1 0 0 0 0 0 0 0 0 0 0 0 0 0

[00:50:25]	[Recv]	in 3 3009 41226 23 74 2 100 100 0 0 0 -1 1 0 -1 - 0 -1 0 0 0 0 0 0 0 0 0 0 0 0 0

[00:50:25]	[Recv]	in 3 3009 41225 23 86 2 100 100 0 0 0 -1 1 0 -1 - 0 -1 0 0 0 0 0 0 0 0 0 0 0 0 0

[00:50:25]	[Recv]	in 3 3009 41224 18 94 2 100 100 0 0 0 -1 1 0 -1 - 0 -1 0 0 0 0 0 0 0 0 0 0 0 0 0

[00:50:25]	[Recv]	in 3 3009 41223 19 50 2 100 100 0 0 0 -1 1 0 -1 - 0 -1 0 0 0 0 0 0 0 0 0 0 0 0 0

[00:50:25]	[Recv]	in 3 3009 41222 19 143 2 100 100 0 0 0 -1 1 0 -1 - 0 -1 0 0 0 0 0 0 0 0 0 0 0 0 0

[00:50:25]	[Recv]	in 3 3009 41221 16 112 2 100 100 0 0 0 -1 1 0 -1 - 0 -1 0 0 0 0 0 0 0 0 0 0 0 0 0

[00:50:25]	[Recv]	in 3 3009 41220 17 124 2 100 100 0 0 0 -1 1 0 -1 - 0 -1 0 0 0 0 0 0 0 0 0 0 0 0 0

[00:50:25]	[Recv]	in 3 3009 41219 16 130 2 100 100 0 0 0 -1 1 0 -1 - 0 -1 0 0 0 0 0 0 0 0 0 0 0 0 0

[00:50:25]	[Recv]	in 3 3009 41218 11 125 2 100 100 0 0 0 -1 1 0 -1 - 0 -1 0 0 0 0 0 0 0 0 0 0 0 0 0

[00:50:25]	[Recv]	in 3 3008 41216 87 36 2 100 100 0 0 0 -1 1 0 -1 - 0 -1 0 0 0 0 0 0 0 0 0 0 0 0 0

[00:50:25]	[Recv]	in 3 3008 41212 87 66 2 100 100 0 0 0 -1 1 0 -1 - 0 -1 0 0 0 0 0 0 0 0 0 0 0 0 0

[00:50:25]	[Recv]	in 3 3008 41210 81 33 2 100 100 0 0 0 -1 1 0 -1 - 0 -1 0 0 0 0 0 0 0 0 0 0 0 0 0

[00:50:25]	[Recv]	in 3 3008 41206 77 23 2 100 100 0 0 0 -1 1 0 -1 - 0 -1 0 0 0 0 0 0 0 0 0 0 0 0 0

[00:50:25]	[Recv]	in 3 3008 41205 74 33 2 100 100 0 0 0 -1 1 0 -1 - 0 -1 0 0 0 0 0 0 0 0 0 0 0 0 0

[00:50:25]	[Recv]	in 3 3008 41203 67 10 2 100 100 0 0 0 -1 1 0 -1 - 0 -1 0 0 0 0 0 0 0 0 0 0 0 0 0

[00:50:25]	[Recv]	in 3 3008 41201 66 29 2 100 100 0 0 0 -1 1 0 -1 - 0 -1 0 0 0 0 0 0 0 0 0 0 0 0 0

[00:50:25]	[Recv]	in 3 3008 41200 67 16 2 100 100 0 0 0 -1 1 0 -1 - 0 -1 0 0 0 0 0 0 0 0 0 0 0 0 0

[00:50:25]	[Recv]	in 3 3008 41198 61 23 2 100 100 0 0 0 -1 1 0 -1 - 0 -1 0 0 0 0 0 0 0 0 0 0 0 0 0

[00:50:25]	[Recv]	in 3 3008 41196 45 78 2 100 100 0 0 0 -1 1 0 -1 - 0 -1 0 0 0 0 0 0 0 0 0 0 0 0 0

[00:50:25]	[Recv]	in 3 3008 41195 54 36 2 100 100 0 0 0 -1 1 0 -1 - 0 -1 0 0 0 0 0 0 0 0 0 0 0 0 0

[00:50:25]	[Recv]	in 3 3008 41193 51 41 2 100 100 0 0 0 -1 1 0 -1 - 0 -1 0 0 0 0 0 0 0 0 0 0 0 0 0

[00:50:25]	[Recv]	in 3 3008 41192 39 104 3 100 100 0 0 0 -1 1 0 -1 - 0 -1 0 0 0 0 0 0 0 0 0 0 0 0 0

[00:50:25]	[Recv]	in 3 3008 41190 46 28 2 100 100 0 0 0 -1 1 0 -1 - 0 -1 0 0 0 0 0 0 0 0 0 0 0 0 0

[00:50:25]	[Recv]	in 3 3008 41189 53 152 0 100 100 0 0 0 -1 1 0 -1 - 0 -1 0 0 0 0 0 0 0 0 0 0 0 0 0

[00:50:25]	[Recv]	in 3 3008 41186 43 30 2 100 100 0 0 0 -1 1 0 -1 - 0 -1 0 0 0 0 0 0 0 0 0 0 0 0 0

[00:50:25]	[Recv]	in 3 3008 41185 94 82 5 100 100 0 0 0 -1 1 0 -1 - 0 -1 0 0 0 0 0 0 0 0 0 0 0 0 0

[00:50:25]	[Recv]	in 3 3008 41183 38 13 2 100 100 0 0 0 -1 1 0 -1 - 0 -1 0 0 0 0 0 0 0 0 0 0 0 0 0

[00:50:25]	[Recv]	in 3 3008 41182 38 33 2 100 100 0 0 0 -1 1 0 -1 - 0 -1 0 0 0 0 0 0 0 0 0 0 0 0 0

[00:50:25]	[Recv]	in 3 3008 41181 32 18 2 100 100 0 0 0 -1 1 0 -1 - 0 -1 0 0 0 0 0 0 0 0 0 0 0 0 0

[00:50:25]	[Recv]	in 3 3008 41180 30 33 2 100 100 0 0 0 -1 1 0 -1 - 0 -1 0 0 0 0 0 0 0 0 0 0 0 0 0

[00:50:25]	[Recv]	in 3 3008 41179 27 122 4 100 100 0 0 0 -1 1 0 -1 - 0 -1 0 0 0 0 0 0 0 0 0 0 0 0 0

[00:50:25]	[Recv]	in 3 3008 41177 26 22 2 100 100 0 0 0 -1 1 0 -1 - 0 -1 0 0 0 0 0 0 0 0 0 0 0 0 0

[00:50:25]	[Recv]	in 3 3008 41176 25 5 2 100 100 0 0 0 -1 1 0 -1 - 0 -1 0 0 0 0 0 0 0 0 0 0 0 0 0

[00:50:25]	[Recv]	in 3 3008 41175 22 28 2 100 100 0 0 0 -1 1 0 -1 - 0 -1 0 0 0 0 0 0 0 0 0 0 0 0 0

[00:50:25]	[Recv]	in 3 3008 41174 17 19 2 100 100 0 0 0 -1 1 0 -1 - 0 -1 0 0 0 0 0 0 0 0 0 0 0 0 0

[00:50:25]	[Recv]	in 3 3008 41173 17 9 2 100 100 0 0 0 -1 1 0 -1 - 0 -1 0 0 0 0 0 0 0 0 0 0 0 0 0

[00:50:25]	[Recv]	in 2 3066 41334 4 70 0 0 100 0 0 0 -1 1 0 -1 - 0 -1 0 0 0 0 0 0 0 0 0 0 0 0 0

[00:50:25]	[Recv]	in 2 3060 41333 46 89 0 100 100 0 0 0 -1 1 0 -1 - 0 -1 0 0 0 0 0 0 0 0 0 0 0 0 0

[00:50:25]	[Recv]	in 2 3046 41332 74 173 1 100 100 11018 0 0 -1 1 0 -1 - 0 -1 0 0 0 0 0 0 0 0 0 0 0 0 0

[00:50:25]	[Recv]	pst 2 2557262 0 100 100 34166 7013 0 0 0

[00:50:25]	[Recv]	pst 2 2557249 1 100 100 42830 3622 0 0 0

[00:50:25]	[Recv]	mv 3 41302 85 29 9

[00:50:25]	[Recv]	mv 3 41290 34 6 9

[00:50:25]	[Recv]	mv 3 41280 73 105 8

[00:50:25]	[Recv]	mv 3 41273 41 98 8

[00:50:25]	[Recv]	mv 3 41260 79 131 9

[00:50:25]	[Recv]	mv 3 41246 52 130 9

[00:50:25]	[Recv]	mv 3 41231 24 145 9

[00:50:25]	[Recv]	mv 3 41183 39 13 9

[00:50:25]	[Recv]	mv 3 41179 28 122 9

[00:50:26]	[Recv]	mv 3 41313 80 105 8

[00:50:26]	[Recv]	mv 3 41296 72 29 9

[00:50:26]	[Recv]	mv 3 41285 87 99 8

[00:50:26]	[Recv]	mv 3 41271 27 26 8

[00:50:26]	[Recv]	mv 3 41270 27 53 8

[00:50:26]	[Recv]	mv 3 41266 90 106 9

[00:50:26]	[Recv]	mv 3 41258 75 95 9

[00:50:26]	[Recv]	mv 3 41223 21 49 9

[00:50:26]	[Recv]	mv 3 41181 31 16 9

[00:50:26]	[Send]	walk 33 175 1 25
[00:50:26]	[Recv]	mv 3 41309 28 18 8

[00:50:26]	[Recv]	mv 3 41292 47 35 9

[00:50:26]	[Recv]	mv 3 41287 24 59 9

[00:50:26]	[Recv]	mv 3 41278 66 28 8

[00:50:26]	[Recv]	mv 3 41257 72 150 9

[00:50:26]	[Recv]	mv 3 41256 72 85 9

[00:50:26]	[Recv]	mv 3 41239 45 145 9

[00:50:26]	[Recv]	mv 3 41236 38 102 9

[00:50:26]	[Recv]	mv 3 41232 25 161 9

[00:50:26]	[Recv]	mv 3 41225 22 85 9

[00:50:26]	[Recv]	mv 3 41212 87 68 9

[00:50:26]	[Recv]	mv 3 41175 23 26 9

[00:50:26]	[Recv]	mv 2 2451716 44 71 14

[00:50:26]	[Recv]	mv 3 41269 24 103 8

[00:50:26]	[Recv]	mv 3 41262 78 146 9

[00:50:26]	[Recv]	mv 3 41240 43 104 9

[00:50:26]	[Recv]	mv 3 41237 38 134 9

[00:50:26]	[Recv]	mv 3 41218 12 123 9

[00:50:26]	[Recv]	mv 3 41189 52 151 9

[00:50:26]	[Recv]	mv 3 41182 38 32 9

[00:50:26]	[Recv]	mv 3 41180 29 33 9

[00:50:26]	[Recv]	mv 3 41174 19 19 9

[00:50:26]	[Recv]	mv 3 41307 9 68 8

[00:50:26]	[Recv]	mv 3 41293 56 42 9

[00:50:26]	[Recv]	mv 3 41277 65 102 8

[00:50:26]	[Recv]	mv 3 41272 40 16 8

[00:50:26]	[Recv]	mv 3 41267 14 116 8

[00:50:26]	[Recv]	mv 3 41265 91 112 9

[00:50:26]	[Recv]	mv 3 41261 77 154 9

[00:50:26]	[Recv]	mv 3 41244 75 114 9

[00:50:26]	[Recv]	mv 3 41241 47 152 9

[00:50:26]	[Recv]	mv 3 41233 30 59 9

[00:50:26]	[Recv]	mv 3 41224 19 95 9

[00:50:26]	[Recv]	mv 3 41222 17 144 9

[00:50:26]	[Recv]	mv 3 41220 19 122 9

[00:50:26]	[Recv]	mv 3 41216 87 35 9

[00:50:26]	[Recv]	mv 3 41210 82 34 9

[00:50:26]	[Recv]	mv 3 41205 73 34 9

[00:50:26]	[Recv]	mv 3 41203 69 12 9

[00:50:26]	[Recv]	mv 3 41198 62 25 9

[00:50:26]	[Recv]	mv 3 41195 55 38 9

[00:50:26]	[Recv]	mv 3 41192 37 104 9

[00:50:26]	[Recv]	mv 3 41177 25 21 9

[00:50:26]	[Recv]	in 2 317 2451709 45 71 2 97 39 0 0 3 7642878 1 0 2789 @ 1 1 1 307 308 309 0 4238 0 0 2646 0 1 0 0

[00:50:26]	[Recv]	in 2 683 2451716 44 71 2 99 100 0 0 3 7642878 1 0 -1 @ 2 -1 0 0 0 0 0 0 0 0 0 0 0 5 0

[00:50:26]	[Recv]	in 1 alviiiiiin - 7642878 46 69 0 0 0 0 15 2 8016.4954.4966.4963.4610.8155.8564.8682.8550.8568.8720 100 68 0 -1 4 3 0 47 0 13 97 97 3445.916 Llamas-Oscuras 23 0 13 0 20 93 13 0|0|0 0 0 100 39 9400

[00:50:26]	[Recv]	pst 2 2557262 0 100 100 34166 7013 0 0 0

[00:50:26]	[Recv]	pst 2 2557249 1 100 100 42830 3622 0 0 0

[00:50:26]	[Recv]	stat 72776 75191 12009 17265 0 1316

[00:50:26]	[Send]	walk 31 176 0 25
[00:50:26]	[Recv]	mv 3 41308 11 122 8

[00:50:26]	[Recv]	mv 3 41302 86 30 9

[00:50:26]	[Recv]	mv 3 41290 34 8 9

[00:50:26]	[Recv]	mv 3 41284 86 36 8

[00:50:26]	[Recv]	mv 3 41280 71 106 8

[00:50:26]	[Recv]	mv 3 41260 77 130 9

[00:50:26]	[Recv]	mv 3 41250 59 136 9

[00:50:26]	[Recv]	mv 3 41247 57 86 9

[00:50:26]	[Recv]	mv 3 41193 49 39 9

[00:50:26]	[Recv]	mv 3 41179 26 124 9

[00:50:27]	[Send]	preq
[00:50:27]	[Recv]	mv 3 41312 71 135 8

[00:50:27]	[Recv]	mv 3 41311 70 20 8

[00:50:27]	[Recv]	mv 3 41303 91 59 9

[00:50:27]	[Recv]	mv 3 41296 71 27 9

[00:50:27]	[Recv]	mv 3 41276 51 154 8

[00:50:27]	[Recv]	mv 3 41271 25 27 8

[00:50:27]	[Recv]	mv 3 41270 27 52 8

[00:50:27]	[Recv]	mv 3 41266 89 107 9

[00:50:27]	[Recv]	mv 3 41255 22 32 9

[00:50:27]	[Recv]	mv 3 41223 20 50 9

[00:50:27]	[Recv]	mv 3 41181 29 16 9

[00:50:27]	[Recv]	mv 2 41332 75 174 4

[00:50:27]	[Recv]	mv 1 7642878 44 75 18

[00:50:27]	[Recv]	sayi 1 6835325 10 94 0 0 0 0 0

[00:50:27]	[Recv]	mv 2 2451709 44 76 17

[00:50:27]	[Recv]	mv 2 2451716 44 76 14

[00:50:27]	[Recv]	mv 3 41309 29 18 8

[00:50:27]	[Recv]	mv 3 41294 61 17 9

[00:50:27]	[Recv]	mv 3 41292 49 34 9

[00:50:27]	[Recv]	mv 3 41286 20 14 9

[00:50:27]	[Recv]	mv 3 41278 68 26 8

[00:50:27]	[Recv]	mv 3 41264 84 140 9

[00:50:27]	[Recv]	mv 3 41256 73 83 9

[00:50:27]	[Recv]	mv 3 41232 26 159 9

[00:50:27]	[Recv]	mv 3 41225 22 86 9

[00:50:27]	[Recv]	mv 3 41175 22 28 9

[00:50:27]	[Send]	walk 30 176 0 25
[00:50:27]	[Send]	preq
[00:50:27]	[Recv]	mv 3 41305 94 80 9

[00:50:27]	[Recv]	mv 3 41263 81 114 9

[00:50:27]	[Recv]	mv 3 41262 76 144 9

[00:50:27]	[Recv]	mv 3 41251 62 126 9

[00:50:27]	[Recv]	mv 3 41240 44 104 9

[00:50:27]	[Recv]	mv 3 41237 37 133 9

[00:50:27]	[Recv]	mv 3 41229 32 10 9

[00:50:27]	[Recv]	mv 3 41227 24 113 9

[00:50:27]	[Recv]	mv 3 41189 52 153 9

[00:50:27]	[Recv]	mv 3 41186 42 31 9

[00:50:27]	[Recv]	mv 3 41182 37 34 9

[00:50:27]	[Recv]	mv 3 41180 30 32 9

[00:50:27]	[Recv]	sayi 1 6835325 10 94 0 0 0 0 0

[00:50:27]	[Recv]	mv 3 41307 10 69 8

[00:50:27]	[Recv]	mv 3 41301 84 76 9

[00:50:27]	[Recv]	mv 3 41293 58 42 9

[00:50:27]	[Recv]	mv 3 41291 34 28 9

[00:50:27]	[Recv]	mv 3 41277 64 100 8

[00:50:27]	[Recv]	mv 3 41272 39 17 8

[00:50:27]	[Recv]	mv 3 41267 16 116 8

[00:50:27]	[Recv]	mv 3 41261 79 156 9

[00:50:27]	[Recv]	mv 3 41259 74 100 9

[00:50:27]	[Recv]	mv 3 41244 76 116 9

[00:50:27]	[Recv]	mv 3 41233 28 57 9

[00:50:27]	[Recv]	mv 3 41221 16 114 9

[00:50:27]	[Recv]	mv 3 41210 81 33 9

[00:50:27]	[Recv]	mv 3 41201 67 31 9

[00:50:27]	[Recv]	mv 3 41200 66 15 9

[00:50:27]	[Recv]	mv 3 41198 61 24 9

[00:50:27]	[Recv]	mv 3 41192 37 106 9

[00:50:27]	[Recv]	mv 3 41185 96 81 9

[00:50:27]	[Recv]	mv 3 41177 26 23 9

[00:50:27]	[Send]	walk 32 176 1 25
[00:50:27]	[Recv]	pst 2 2557262 0 100 100 34166 7013 0 0 0

[00:50:27]	[Recv]	pst 2 2557249 1 100 100 42830 3622 0 0 0

[00:50:27]	[Recv]	mv 3 41308 11 120 8

[00:50:27]	[Recv]	mv 3 41302 85 31 9

[00:50:27]	[Recv]	mv 3 41250 61 136 9

[00:50:27]	[Recv]	mv 3 41231 25 146 9

[00:50:27]	[Recv]	mv 3 41183 40 11 9

[00:50:27]	[Recv]	mv 3 41179 28 123 9

[00:50:27]	[Recv]	mv 3 41176 26 3 9

[00:50:27]	[Send]	preq
[00:50:27]	[Recv]	mv 1 7642878 43 77 18

[00:50:28]	[Recv]	mv 3 41312 71 134 8

[00:50:28]	[Recv]	mv 3 41303 91 60 9

[00:50:28]	[Recv]	mv 3 41296 69 28 9

[00:50:28]	[Recv]	mv 3 41276 49 153 8

[00:50:28]	[Recv]	mv 3 41271 27 26 8

[00:50:28]	[Recv]	mv 3 41270 25 51 8

[00:50:28]	[Recv]	mv 3 41255 21 31 9

[00:50:28]	[Recv]	mv 3 41249 83 30 9

[00:50:28]	[Recv]	mv 3 41223 19 50 9

[00:50:28]	[Recv]	mv 3 41181 31 16 9

[00:50:28]	[Recv]	mv 2 41332 73 173 4

[00:50:28]	[Recv]	sayi 1 6835325 10 94 0 0 0 0 0

[00:50:28]	[Recv]	mv 2 2451716 43 78 14

[00:50:28]	[Send]	walk 31 176 0 25
[00:50:28]	[Recv]	mv 3 41294 59 19 9

[00:50:28]	[Recv]	mv 3 41292 49 33 9

[00:50:28]	[Recv]	mv 3 41287 23 58 9

[00:50:28]	[Recv]	mv 3 41286 21 15 9

[00:50:28]	[Recv]	mv 3 41278 67 24 8

[00:50:28]	[Recv]	mv 3 41264 83 138 9

[00:50:28]	[Recv]	mv 3 41257 73 148 9

[00:50:28]	[Recv]	mv 3 41256 71 84 9

[00:50:28]	[Recv]	mv 3 41232 27 160 9

[00:50:28]	[Recv]	mv 3 41219 15 131 9

[00:50:28]	[Recv]	mv 3 41196 42 78 13

[00:50:28]	[Recv]	mv 3 41175 20 29 9

[00:50:28]	[Send]	preq
[00:50:28]	[Recv]	mv 3 41305 94 78 9

[00:50:28]	[Recv]	mv 3 41269 23 104 8

[00:50:28]	[Recv]	mv 3 41263 79 114 9

[00:50:28]	[Recv]	mv 3 41262 77 146 9

[00:50:28]	[Recv]	mv 3 41251 60 125 9

[00:50:28]	[Recv]	mv 3 41237 37 134 9

[00:50:28]	[Recv]	mv 3 41229 31 10 9

[00:50:28]	[Recv]	mv 3 41227 24 114 9

[00:50:28]	[Recv]	mv 3 41218 11 124 9

[00:50:28]	[Recv]	mv 3 41189 53 151 9

[00:50:28]	[Recv]	mv 3 41186 43 30 9

[00:50:28]	[Recv]	mv 3 41180 28 34 9

[00:50:28]	[Recv]	mv 3 41174 18 17 9

[00:50:28]	[Recv]	c_map 0 2641 0

[00:50:28]	[Recv]	mapout

[00:50:28]	[Send]	c_close 1
[00:50:28]	[Send]	c_close 0
[00:50:28]	[Send]	f_stash_end 
[00:50:28]	[Send]	c_close 1
[00:50:28]	[Recv]	c_info milkers - -1 3739.918 Sanguinarius 6835325 0 0 1 5 1 27 0 10 0 0 0 0 8151 9

[00:50:28]	[Send]	mall 50
[00:50:28]	[Send]	c_close 1
[00:50:28]	[Recv]	c_mode 1 6835325 3728 0 0 0 100 8151

[00:50:28]	[Recv]	equip 73 78 0.8628.3.7.0.8.82 1.8643.8.7.0.2.82 2.8689.0.0.0.0.0 3.8653.0.2.0.0.0 4.8655.0.0.0.0.0 5.8636.7.8.0.0.82 6.4657.0.0.0.0.0 7.4653.0.0.0.0.0 8.4647.0.0.0.0.0 9.8687.0.0.0.0.0 10.8674.9.0.0.0.0 12.909.0.20.100.0.0 13.8680.0.0.0.0.0 14.8566.0.0.0.0.0 15.8598.0.0.0.0.0 16.8568.0.0.0.0.0 17.8801.0.0.0.0.0

[00:50:28]	[Recv]	lev 99 0 99 0 2140719000 5991794 13364600 200 881816047 91 967912450 0

[00:50:28]	[Recv]	stat 72776 75191 12009 17265 0 1316

[00:50:28]	[Recv]	at 6835325 2640 24 2 2 0 117 1 -1

[00:50:28]	[Recv]	cond 1 6835325 0 0 25

[00:50:28]	[Recv]	cond 1 6835325 0 0 25

[00:50:28]	[Recv]	titinfo 1 6835325 9468 9468

[00:50:28]	[Recv]	eq 6835325 0 0 1 5 1 8689.8643.8628.8636.8687.8674.8680.8566.8598.8568.8801 73 78 100

[00:50:28]	[Recv]	c_map 0 2640 1

[00:50:28]	[Recv]	sc 0 7 4136 4278 1894 37 415 1 8 4111 4311 2101 43 405 7 2246 1268 2064 1268 1784 91 88 127 138

[00:50:28]	[Recv]	char_sc 1 6835325 100

[00:50:28]	[Recv]	gidx 1 6835325 3739.918 Sanguinarius 27 0|0|1

[00:50:28]	[Recv]	rsfp 0 -1

[00:50:28]	[Recv]	pairy 1 6835325 4 3 129 59

[00:50:28]	[Recv]	minipet 1 6835325 8801

[00:50:28]	[Recv]	act6 

[00:50:28]	[Recv]	pinit 2 2|2557262|0|99|@|-1|2789|1|2646|0|0 2|2557249|1|96|@|-1|2762|0|0|0|0


[00:50:28]	[Recv]	food 0

[00:50:28]	[Recv]	mv 3 41145 54 39 9

[00:50:28]	[Recv]	mv 3 41136 30 76 9

[00:50:28]	[Recv]	mv 3 41134 26 59 9

[00:50:28]	[Recv]	mv 3 41133 26 158 9

[00:50:28]	[Recv]	mv 3 41111 26 51 9

[00:50:28]	[Recv]	mv 3 41102 87 117 9

[00:50:28]	[Recv]	mv 3 41097 76 115 9

[00:50:28]	[Recv]	mv 3 41094 60 160 9

[00:50:28]	[Recv]	mv 3 41083 26 24 9

[00:50:28]	[Recv]	mv 3 41072 5 115 9

[00:50:28]	[Recv]	stat 72952 75191 12009 17265 0 1316

[00:50:28]	[Recv]	stat 72952 75191 12126 17265 0 1316

[00:50:28]	[Recv]	mv 3 41155 81 108 9

[00:50:28]	[Recv]	mv 3 41151 69 165 9

[00:50:28]	[Recv]	mv 3 41141 45 160 9

[00:50:28]	[Recv]	mv 3 41138 37 96 9

[00:50:28]	[Recv]	mv 3 41135 29 45 9

[00:50:28]	[Recv]	mv 3 41114 43 70 9

[00:50:28]	[Recv]	mv 3 41098 84 17 9

[00:50:28]	[Recv]	mv 3 41093 80 13 9

[00:50:28]	[Recv]	mv 3 41087 45 75 9

[00:50:28]	[Recv]	mv 3 41084 39 44 9

[00:50:28]	[Recv]	mv 3 41079 18 151 9

[00:50:28]	[Recv]	gp 24 2 2641 -1 0 0

[00:50:28]	[Recv]	gp 75 176 2628 -1 1 0

[00:50:28]	[Recv]	gp 84 172 1261 -1 2 0

[00:50:28]	[Recv]	in 3 3023 41171 84 113 2 100 100 0 0 0 -1 1 0 -1 - 0 -1 0 0 0 0 0 0 0 0 0 0 0 0 0

[00:50:28]	[Recv]	in 3 3023 41170 84 23 2 100 100 0 0 0 -1 1 0 -1 - 0 -1 0 0 0 0 0 0 0 0 0 0 0 0 0

[00:50:28]	[Recv]	in 3 3023 41169 80 72 2 100 100 0 0 0 -1 1 0 -1 - 0 -1 0 0 0 0 0 0 0 0 0 0 0 0 0

[00:50:28]	[Recv]	in 3 3023 41168 54 67 2 100 100 0 0 0 -1 1 0 -1 - 0 -1 0 0 0 0 0 0 0 0 0 0 0 0 0

[00:50:28]	[Recv]	in 3 3023 41167 54 19 2 100 100 0 0 0 -1 1 0 -1 - 0 -1 0 0 0 0 0 0 0 0 0 0 0 0 0

[00:50:28]	[Recv]	in 3 3023 41166 50 114 2 100 100 0 0 0 -1 1 0 -1 - 0 -1 0 0 0 0 0 0 0 0 0 0 0 0 0

[00:50:28]	[Recv]	in 3 3023 41165 27 37 2 100 100 0 0 0 -1 1 0 -1 - 0 -1 0 0 0 0 0 0 0 0 0 0 0 0 0

[00:50:28]	[Recv]	in 3 3023 41164 17 62 2 100 100 0 0 0 -1 1 0 -1 - 0 -1 0 0 0 0 0 0 0 0 0 0 0 0 0

[00:50:28]	[Recv]	in 3 3023 41163 14 160 2 100 100 0 0 0 -1 1 0 -1 - 0 -1 0 0 0 0 0 0 0 0 0 0 0 0 0

[00:50:28]	[Recv]	in 3 3023 41162 9 116 2 100 100 0 0 0 -1 1 0 -1 - 0 -1 0 0 0 0 0 0 0 0 0 0 0 0 0

[00:50:28]	[Recv]	in 3 3009 41161 57 131 2 63 100 0 0 0 -1 1 0 -1 - 0 -1 0 0 0 0 0 0 0 0 0 0 0 0 0

[00:50:28]	[Recv]	in 3 3009 41160 90 27 2 100 100 0 0 0 -1 1 0 -1 - 0 -1 0 0 0 0 0 0 0 0 0 0 0 0 0

[00:50:28]	[Recv]	in 3 3009 41159 90 148 2 100 100 0 0 0 -1 1 0 -1 - 0 -1 0 0 0 0 0 0 0 0 0 0 0 0 0

[00:50:28]	[Recv]	in 3 3009 41158 89 161 2 100 100 0 0 0 -1 1 0 -1 - 0 -1 0 0 0 0 0 0 0 0 0 0 0 0 0

[00:50:28]	[Recv]	in 3 3009 41157 86 120 2 100 100 0 0 0 -1 1 0 -1 - 0 -1 0 0 0 0 0 0 0 0 0 0 0 0 0

[00:50:28]	[Recv]	in 3 3009 41156 83 15 2 100 100 0 0 0 -1 1 0 -1 - 0 -1 0 0 0 0 0 0 0 0 0 0 0 0 0

[00:50:28]	[Recv]	in 3 3009 41155 81 108 2 100 100 0 0 0 -1 1 0 -1 - 0 -1 0 0 0 0 0 0 0 0 0 0 0 0 0

[00:50:28]	[Recv]	in 3 3009 41154 81 63 2 100 100 0 0 0 -1 1 0 -1 - 0 -1 0 0 0 0 0 0 0 0 0 0 0 0 0

[00:50:28]	[Recv]	in 3 3009 41153 76 152 2 100 100 0 0 0 -1 1 0 -1 - 0 -1 0 0 0 0 0 0 0 0 0 0 0 0 0

[00:50:28]	[Recv]	in 3 3009 41152 76 77 2 100 100 0 0 0 -1 1 0 -1 - 0 -1 0 0 0 0 0 0 0 0 0 0 0 0 0

[00:50:28]	[Recv]	in 3 3009 41151 69 165 2 100 100 0 0 0 -1 1 0 -1 - 0 -1 0 0 0 0 0 0 0 0 0 0 0 0 0

[00:50:28]	[Recv]	in 3 3009 41150 67 29 2 100 100 0 0 0 -1 1 0 -1 - 0 -1 0 0 0 0 0 0 0 0 0 0 0 0 0

[00:50:28]	[Recv]	in 3 3009 41149 69 55 2 100 100 0 0 0 -1 1 0 -1 - 0 -1 0 0 0 0 0 0 0 0 0 0 0 0 0

[00:50:28]	[Recv]	in 3 3009 41148 64 85 2 100 100 0 0 0 -1 1 0 -1 - 0 -1 0 0 0 0 0 0 0 0 0 0 0 0 0

[00:50:28]	[Recv]	in 3 3009 41147 63 18 2 100 100 0 0 0 -1 1 0 -1 - 0 -1 0 0 0 0 0 0 0 0 0 0 0 0 0

[00:50:28]	[Recv]	in 3 3009 41146 58 14 2 100 100 0 0 0 -1 1 0 -1 - 0 -1 0 0 0 0 0 0 0 0 0 0 0 0 0

[00:50:28]	[Recv]	in 3 3009 41145 54 39 2 100 100 0 0 0 -1 1 0 -1 - 0 -1 0 0 0 0 0 0 0 0 0 0 0 0 0

[00:50:28]	[Recv]	in 3 3009 41144 52 110 2 100 100 0 0 0 -1 1 0 -1 - 0 -1 0 0 0 0 0 0 0 0 0 0 0 0 0

[00:50:28]	[Recv]	in 3 3009 41143 48 91 2 43 100 0 0 0 -1 1 0 -1 - 0 -1 0 0 0 0 0 0 0 0 0 0 0 0 0

[00:50:28]	[Recv]	in 3 3009 41142 49 150 2 100 100 0 0 0 -1 1 0 -1 - 0 -1 0 0 0 0 0 0 0 0 0 0 0 0 0

[00:50:28]	[Recv]	in 3 3009 41141 45 160 2 100 100 0 0 0 -1 1 0 -1 - 0 -1 0 0 0 0 0 0 0 0 0 0 0 0 0

[00:50:28]	[Recv]	in 3 3009 41140 40 56 2 100 100 0 0 0 -1 1 0 -1 - 0 -1 0 0 0 0 0 0 0 0 0 0 0 0 0

[00:50:28]	[Recv]	in 3 3009 41139 42 20 2 100 100 0 0 0 -1 1 0 -1 - 0 -1 0 0 0 0 0 0 0 0 0 0 0 0 0

[00:50:28]	[Recv]	in 3 3009 41138 37 96 2 100 100 0 0 0 -1 1 0 -1 - 0 -1 0 0 0 0 0 0 0 0 0 0 0 0 0

[00:50:28]	[Recv]	in 3 3009 41137 32 31 2 100 100 0 0 0 -1 1 0 -1 - 0 -1 0 0 0 0 0 0 0 0 0 0 0 0 0

[00:50:28]	[Recv]	in 3 3009 41136 30 76 2 100 100 0 0 0 -1 1 0 -1 - 0 -1 0 0 0 0 0 0 0 0 0 0 0 0 0

[00:50:28]	[Recv]	in 3 3009 41135 29 45 2 100 100 0 0 0 -1 1 0 -1 - 0 -1 0 0 0 0 0 0 0 0 0 0 0 0 0

[00:50:28]	[Recv]	in 3 3009 41134 26 59 2 100 100 0 0 0 -1 1 0 -1 - 0 -1 0 0 0 0 0 0 0 0 0 0 0 0 0

[00:50:28]	[Recv]	in 3 3009 41133 26 158 2 100 100 0 0 0 -1 1 0 -1 - 0 -1 0 0 0 0 0 0 0 0 0 0 0 0 0

[00:50:28]	[Recv]	in 3 3009 41132 27 13 2 100 100 0 0 0 -1 1 0 -1 - 0 -1 0 0 0 0 0 0 0 0 0 0 0 0 0

[00:50:28]	[Recv]	in 3 3009 41131 24 100 2 100 100 0 0 0 -1 1 0 -1 - 0 -1 0 0 0 0 0 0 0 0 0 0 0 0 0

[00:50:28]	[Recv]	in 3 3009 41130 20 170 2 100 100 0 0 0 -1 1 0 -1 - 0 -1 0 0 0 0 0 0 0 0 0 0 0 0 0

[00:50:28]	[Recv]	in 3 3009 41129 14 48 2 100 100 0 0 0 -1 1 0 -1 - 0 -1 0 0 0 0 0 0 0 0 0 0 0 0 0

[00:50:28]	[Recv]	in 3 3009 41128 14 118 2 100 100 0 0 0 -1 1 0 -1 - 0 -1 0 0 0 0 0 0 0 0 0 0 0 0 0

[00:50:28]	[Recv]	in 3 3009 41127 13 79 2 100 100 0 0 0 -1 1 0 -1 - 0 -1 0 0 0 0 0 0 0 0 0 0 0 0 0

[00:50:28]	[Recv]	in 3 3008 41126 88 112 2 100 100 0 0 0 -1 1 0 -1 - 0 -1 0 0 0 0 0 0 0 0 0 0 0 0 0

[00:50:28]	[Recv]	in 3 3008 41125 83 28 2 100 100 0 0 0 -1 1 0 -1 - 0 -1 0 0 0 0 0 0 0 0 0 0 0 0 0

[00:50:28]	[Recv]	in 3 3008 41124 80 160 2 100 100 0 0 0 -1 1 0 -1 - 0 -1 0 0 0 0 0 0 0 0 0 0 0 0 0

[00:50:28]	[Recv]	in 3 3008 41123 78 68 2 100 100 0 0 0 -1 1 0 -1 - 0 -1 0 0 0 0 0 0 0 0 0 0 0 0 0

[00:50:28]	[Recv]	in 3 3008 41122 80 124 2 100 100 0 0 0 -1 1 0 -1 - 0 -1 0 0 0 0 0 0 0 0 0 0 0 0 0

[00:50:28]	[Recv]	in 3 3008 41121 62 155 2 100 100 0 0 0 -1 1 0 -1 - 0 -1 0 0 0 0 0 0 0 0 0 0 0 0 0

[00:50:28]	[Recv]	in 3 3008 41120 60 81 2 100 100 0 0 0 -1 1 0 -1 - 0 -1 0 0 0 0 0 0 0 0 0 0 0 0 0

[00:50:28]	[Recv]	in 3 3008 41119 55 27 2 100 100 0 0 0 -1 1 0 -1 - 0 -1 0 0 0 0 0 0 0 0 0 0 0 0 0

[00:50:28]	[Recv]	in 3 3008 41118 53 13 2 100 100 0 0 0 -1 1 0 -1 - 0 -1 0 0 0 0 0 0 0 0 0 0 0 0 0

[00:50:28]	[Recv]	in 3 3008 41117 51 66 2 100 100 0 0 0 -1 1 0 -1 - 0 -1 0 0 0 0 0 0 0 0 0 0 0 0 0

[00:50:28]	[Recv]	in 3 3008 41116 49 157 2 100 100 0 0 0 -1 1 0 -1 - 0 -1 0 0 0 0 0 0 0 0 0 0 0 0 0

[00:50:28]	[Recv]	in 3 3008 41115 45 108 2 100 100 0 0 0 -1 1 0 -1 - 0 -1 0 0 0 0 0 0 0 0 0 0 0 0 0

[00:50:28]	[Recv]	in 3 3008 41114 43 70 2 100 100 0 0 0 -1 1 0 -1 - 0 -1 0 0 0 0 0 0 0 0 0 0 0 0 0

[00:50:28]	[Recv]	in 3 3008 41113 38 53 2 100 100 0 0 0 -1 1 0 -1 - 0 -1 0 0 0 0 0 0 0 0 0 0 0 0 0

[00:50:28]	[Recv]	in 3 3008 41112 37 36 2 100 100 0 0 0 -1 1 0 -1 - 0 -1 0 0 0 0 0 0 0 0 0 0 0 0 0

[00:50:28]	[Recv]	in 3 3008 41111 26 51 2 100 100 0 0 0 -1 1 0 -1 - 0 -1 0 0 0 0 0 0 0 0 0 0 0 0 0

[00:50:28]	[Recv]	in 3 3008 41110 23 20 2 100 100 0 0 0 -1 1 0 -1 - 0 -1 0 0 0 0 0 0 0 0 0 0 0 0 0

[00:50:28]	[Recv]	in 3 3008 41109 23 89 2 100 100 0 0 0 -1 1 0 -1 - 0 -1 0 0 0 0 0 0 0 0 0 0 0 0 0

[00:50:28]	[Recv]	in 3 3008 41108 20 34 2 100 100 0 0 0 -1 1 0 -1 - 0 -1 0 0 0 0 0 0 0 0 0 0 0 0 0

[00:50:28]	[Recv]	in 3 3008 41107 18 159 2 100 100 0 0 0 -1 1 0 -1 - 0 -1 0 0 0 0 0 0 0 0 0 0 0 0 0

[00:50:28]	[Recv]	in 3 3008 41106 16 111 2 100 100 0 0 0 -1 1 0 -1 - 0 -1 0 0 0 0 0 0 0 0 0 0 0 0 0

[00:50:28]	[Recv]	in 3 3008 41105 13 69 2 100 100 0 0 0 -1 1 0 -1 - 0 -1 0 0 0 0 0 0 0 0 0 0 0 0 0

[00:50:28]	[Recv]	in 3 3007 41104 97 23 2 100 100 0 0 0 -1 1 0 -1 - 0 -1 0 0 0 0 0 0 0 0 0 0 0 0 0

[00:50:28]	[Recv]	in 3 3007 41103 91 124 2 100 100 0 0 0 -1 1 0 -1 - 0 -1 0 0 0 0 0 0 0 0 0 0 0 0 0

[00:50:28]	[Recv]	in 3 3007 41102 87 117 2 100 100 0 0 0 -1 1 0 -1 - 0 -1 0 0 0 0 0 0 0 0 0 0 0 0 0

[00:50:28]	[Recv]	in 3 3007 41101 84 30 2 100 100 0 0 0 -1 1 0 -1 - 0 -1 0 0 0 0 0 0 0 0 0 0 0 0 0

[00:50:28]	[Recv]	in 3 3007 41100 84 105 2 100 100 0 0 0 -1 1 0 -1 - 0 -1 0 0 0 0 0 0 0 0 0 0 0 0 0

[00:50:28]	[Recv]	in 3 3007 41099 84 70 2 100 100 0 0 0 -1 1 0 -1 - 0 -1 0 0 0 0 0 0 0 0 0 0 0 0 0

[00:50:28]	[Recv]	in 3 3007 41098 84 17 2 100 100 0 0 0 -1 1 0 -1 - 0 -1 0 0 0 0 0 0 0 0 0 0 0 0 0

[00:50:28]	[Recv]	in 3 3007 41097 76 115 2 100 100 0 0 0 -1 1 0 -1 - 0 -1 0 0 0 0 0 0 0 0 0 0 0 0 0

[00:50:28]	[Recv]	in 3 3007 41096 77 76 2 100 100 0 0 0 -1 1 0 -1 - 0 -1 0 0 0 0 0 0 0 0 0 0 0 0 0

[00:50:28]	[Recv]	in 3 3007 41095 74 21 2 100 100 0 0 0 -1 1 0 -1 - 0 -1 0 0 0 0 0 0 0 0 0 0 0 0 0

[00:50:28]	[Recv]	in 3 3007 41094 60 160 2 100 100 0 0 0 -1 1 0 -1 - 0 -1 0 0 0 0 0 0 0 0 0 0 0 0 0

[00:50:28]	[Recv]	in 3 3007 41093 80 13 7 100 100 0 0 0 -1 1 0 -1 - 0 -1 0 0 0 0 0 0 0 0 0 0 0 0 0

[00:50:28]	[Recv]	in 3 3007 41091 53 74 2 100 100 0 0 0 -1 1 0 -1 - 0 -1 0 0 0 0 0 0 0 0 0 0 0 0 0

[00:50:28]	[Recv]	in 3 3007 41090 51 58 2 100 100 0 0 0 -1 1 0 -1 - 0 -1 0 0 0 0 0 0 0 0 0 0 0 0 0

[00:50:28]	[Recv]	in 3 3007 41089 53 31 2 100 100 0 0 0 -1 1 0 -1 - 0 -1 0 0 0 0 0 0 0 0 0 0 0 0 0

[00:50:28]	[Recv]	in 3 3007 41088 44 64 2 100 100 0 0 0 -1 1 0 -1 - 0 -1 0 0 0 0 0 0 0 0 0 0 0 0 0

[00:50:28]	[Recv]	in 3 3007 41087 45 75 2 100 100 0 0 0 -1 1 0 -1 - 0 -1 0 0 0 0 0 0 0 0 0 0 0 0 0

[00:50:28]	[Recv]	in 3 3007 41086 42 98 2 100 100 0 0 0 -1 1 0 -1 - 0 -1 0 0 0 0 0 0 0 0 0 0 0 0 0

[00:50:28]	[Recv]	in 3 3007 41085 42 105 2 100 100 0 0 0 -1 1 0 -1 - 0 -1 0 0 0 0 0 0 0 0 0 0 0 0 0

[00:50:28]	[Recv]	in 3 3007 41084 39 44 2 100 100 0 0 0 -1 1 0 -1 - 0 -1 0 0 0 0 0 0 0 0 0 0 0 0 0

[00:50:28]	[Recv]	in 3 3007 41083 26 24 2 100 100 0 0 0 -1 1 0 -1 - 0 -1 0 0 0 0 0 0 0 0 0 0 0 0 0

[00:50:28]	[Recv]	in 3 3007 41082 25 45 2 100 100 0 0 0 -1 1 0 -1 - 0 -1 0 0 0 0 0 0 0 0 0 0 0 0 0

[00:50:28]	[Recv]	in 3 3007 41081 23 69 2 100 100 0 0 0 -1 1 0 -1 - 0 -1 0 0 0 0 0 0 0 0 0 0 0 0 0

[00:50:28]	[Recv]	in 3 3007 41080 17 169 2 100 100 0 0 0 -1 1 0 -1 - 0 -1 0 0 0 0 0 0 0 0 0 0 0 0 0

[00:50:28]	[Recv]	in 3 3007 41079 18 151 2 100 100 0 0 0 -1 1 0 -1 - 0 -1 0 0 0 0 0 0 0 0 0 0 0 0 0

[00:50:28]	[Recv]	in 3 3007 41078 17 28 2 100 100 0 0 0 -1 1 0 -1 - 0 -1 0 0 0 0 0 0 0 0 0 0 0 0 0

[00:50:28]	[Recv]	in 3 3007 41077 17 101 2 100 100 0 0 0 -1 1 0 -1 - 0 -1 0 0 0 0 0 0 0 0 0 0 0 0 0

[00:50:28]	[Recv]	in 3 3007 41076 13 36 2 100 100 0 0 0 -1 1 0 -1 - 0 -1 0 0 0 0 0 0 0 0 0 0 0 0 0

[00:50:28]	[Recv]	in 3 3007 41075 10 111 2 100 100 0 0 0 -1 1 0 -1 - 0 -1 0 0 0 0 0 0 0 0 0 0 0 0 0

[00:50:28]	[Recv]	in 3 3007 41074 6 164 2 100 100 0 0 0 -1 1 0 -1 - 0 -1 0 0 0 0 0 0 0 0 0 0 0 0 0

[00:50:28]	[Recv]	in 3 3007 41073 9 151 2 100 100 0 0 0 -1 1 0 -1 - 0 -1 0 0 0 0 0 0 0 0 0 0 0 0 0

[00:50:28]	[Recv]	in 3 3007 41072 5 115 2 100 100 0 0 0 -1 1 0 -1 - 0 -1 0 0 0 0 0 0 0 0 0 0 0 0 0

[00:50:28]	[Recv]	in 2 3050 41172 36 126 0 100 100 11023 0 0 -1 1 0 -1 - 0 -1 0 0 0 0 0 0 0 0 0 0 0 0 0

[00:50:28]	[Recv]	pst 2 2557262 0 100 100 34166 7013 0 0 0

[00:50:28]	[Recv]	pst 2 2557249 1 100 100 42830 3622 0 0 0

[00:50:29]	[Recv]	mv 3 41171 86 115 8

[00:50:29]	[Recv]	mv 3 41164 16 61 8

[00:50:29]	[Recv]	mv 3 41146 60 12 9

[00:50:29]	[Recv]	mv 3 41144 54 111 9

[00:50:29]	[Recv]	mv 3 41129 14 49 9

[00:50:29]	[Recv]	mv 3 41127 13 77 9

[00:50:29]	[Recv]	mv 3 41122 79 124 9

[00:50:29]	[Recv]	mv 3 41120 60 79 9

[00:50:29]	[Recv]	mv 3 41109 24 90 9

[00:50:29]	[Recv]	mv 3 41105 14 69 9

[00:50:29]	[Recv]	mv 3 41096 78 74 9

[00:50:29]	[Recv]	mv 3 41095 75 23 9

[00:50:29]	[Recv]	mv 3 41086 44 96 9

[00:50:29]	[Recv]	mv 3 41085 43 104 9

[00:50:29]	[Recv]	mv 3 41081 22 70 9

[00:50:29]	[Recv]	mv 3 41077 18 102 9

[00:50:29]	[Recv]	mv 3 41074 8 165 9

[00:50:29]	[Send]	walk 19 1 0 25
[00:50:29]	[Recv]	mv 3 41165 26 35 8

[00:50:29]	[Recv]	mv 3 41137 30 29 9

[00:50:29]	[Recv]	mv 3 41130 20 169 9

[00:50:29]	[Recv]	mv 3 41124 81 162 9

[00:50:29]	[Recv]	mv 3 41078 15 27 9

[00:50:29]	[Recv]	mv 3 41170 83 21 8

[00:50:29]	[Recv]	mv 3 41169 81 72 8

[00:50:29]	[Recv]	mv 3 41160 91 27 9

[00:50:29]	[Recv]	mv 3 41154 80 62 9

[00:50:29]	[Recv]	mv 3 41149 67 53 9

[00:50:29]	[Recv]	mv 3 41140 39 54 9

[00:50:29]	[Recv]	mv 3 41139 40 20 9

[00:50:29]	[Recv]	mv 3 41131 23 100 9

[00:50:29]	[Recv]	mv 3 41126 89 110 9

[00:50:29]	[Recv]	mv 3 41121 61 153 9

[00:50:29]	[Recv]	mv 3 41119 53 29 9

[00:50:29]	[Recv]	mv 3 41118 52 12 9

[00:50:29]	[Recv]	mv 3 41112 39 35 9

[00:50:29]	[Recv]	mv 3 41104 97 24 9

[00:50:29]	[Recv]	mv 3 41101 85 28 9

[00:50:29]	[Recv]	mv 3 41080 19 170 9

[00:50:29]	[Recv]	mv 3 41136 32 75 9

[00:50:29]	[Recv]	mv 3 41134 27 57 9

[00:50:29]	[Recv]	mv 3 41117 50 65 9

[00:50:29]	[Recv]	mv 3 41111 27 53 9

[00:50:29]	[Recv]	mv 3 41102 88 116 9

[00:50:29]	[Recv]	mv 3 41097 77 114 9

[00:50:29]	[Recv]	mv 3 41091 55 73 9

[00:50:29]	[Recv]	mv 3 41090 53 60 9

[00:50:29]	[Recv]	mv 3 41083 26 25 9

[00:50:29]	[Recv]	mv 3 41082 23 43 9

[00:50:29]	[Send]	u_i 1 6835325 1 15 0 0 
[00:50:29]	[Recv]	mv 3 41168 53 68 8

[00:50:29]	[Recv]	mv 3 41163 12 162 8

[00:50:29]	[Recv]	mv 3 41151 70 166 9

[00:50:29]	[Recv]	mv 3 41141 43 159 9

[00:50:29]	[Recv]	mv 3 41114 41 70 9

[00:50:29]	[Recv]	mv 3 41098 83 15 9

[00:50:29]	[Recv]	mv 3 41084 40 44 9

[00:50:29]	[Recv]	mv 3 41079 17 149 9

[00:50:29]	[Recv]	pst 2 2557262 0 100 100 34166 7013 0 0 0

[00:50:29]	[Recv]	pst 2 2557249 1 100 100 42830 3622 0 0 0

[00:50:29]	[Recv]	in 2 1493 2557262 20 1 2 100 100 0 0 3 6835325 1 0 2789 @ 1 1 1 307 308 309 4237 4238 4239 0 2646 0 0 0 0

[00:50:29]	[Recv]	cond 2 2557262 0 0 12

[00:50:29]	[Recv]	pski 307 308 309

[00:50:29]	[Recv]	in 2 2762 2557249 20 1 2 100 100 0 0 3 6835325 1 0 -1 @ 2 -1 0 0 0 0 0 0 0 0 0 0 0 5 0

[00:50:29]	[Recv]	cond 2 2557249 0 0 14

[00:50:29]	[Recv]	petski 1890 -1 -1

[00:50:29]	[Recv]	pet_cool2  0 0 0

[00:50:29]	[Recv]	pinit 2 2|2557262|0|99|@|-1|2789|1|2646|0|0 2|2557249|1|96|@|-1|2762|0|0|0|0

[00:50:29]	[Recv]	pinit 2 2|2557262|0|99|@|-1|2789|1|2646|0|0 2|2557249|1|96|@|-1|2762|0|0|0|0

[00:50:29]	[Recv]	c_mode 1 6835325 10 20 37 0 100 8151

[00:50:29]	[Recv]	sayi 1 6835325 10 25 3 1438 0 0 0

[00:50:29]	[Recv]	bf 1 6835325 0.1438.0 99

[00:50:29]	[Recv]	cond 1 6835325 0 0 15

[00:50:30]	[Recv]	mv 3 41171 85 114 8

[00:50:30]	[Recv]	mv 3 41164 15 62 8

[00:50:30]	[Recv]	mv 3 41153 77 152 9

[00:50:30]	[Recv]	mv 3 41152 75 76 9

[00:50:30]	[Recv]	mv 3 41146 59 14 9

[00:50:30]	[Recv]	mv 3 41144 52 110 9

[00:50:30]	[Recv]	mv 3 41129 12 48 9

[00:50:30]	[Recv]	mv 3 41127 14 79 9

[00:50:30]	[Recv]	mv 3 41122 79 125 9

[00:50:30]	[Recv]	mv 3 41113 40 52 9

[00:50:30]	[Recv]	mv 3 41109 22 90 9

[00:50:30]	[Recv]	mv 3 41107 18 160 9

[00:50:30]	[Recv]	mv 3 41105 13 71 9

[00:50:30]	[Recv]	mv 3 41096 76 75 9

[00:50:30]	[Recv]	mv 3 41095 75 24 9

[00:50:30]	[Recv]	mv 3 41089 54 32 9

[00:50:30]	[Recv]	mv 3 41086 45 95 9

[00:50:30]	[Recv]	mv 3 41081 21 72 9

[00:50:30]	[Recv]	mv 3 41167 53 21 8

[00:50:30]	[Recv]	mv 3 41157 84 121 9

[00:50:30]	[Recv]	mv 3 41150 69 29 9

[00:50:30]	[Recv]	mv 3 41148 63 84 9

[00:50:30]	[Recv]	mv 3 41137 32 28 9

[00:50:30]	[Recv]	mv 3 41132 25 14 9

[00:50:30]	[Recv]	mv 3 41130 20 170 9

[00:50:30]	[Recv]	mv 3 41123 77 66 9

[00:50:30]	[Recv]	mv 3 41100 84 106 9

[00:50:30]	[Recv]	mv 3 41170 83 23 8

[00:50:30]	[Recv]	mv 3 41162 11 114 8

[00:50:30]	[Recv]	mv 3 41156 83 17 9

[00:50:30]	[Recv]	mv 3 41147 64 20 9

[00:50:30]	[Recv]	mv 3 41140 40 56 9

[00:50:30]	[Recv]	mv 3 41126 87 110 9

[00:50:30]	[Recv]	mv 3 41108 21 36 9

[00:50:30]	[Recv]	mv 3 41104 96 24 9

[00:50:30]	[Recv]	mv 3 41134 26 58 9

[00:50:30]	[Recv]	mv 3 41133 25 160 9

[00:50:30]	[Recv]	mv 3 41117 51 67 9

[00:50:30]	[Recv]	mv 3 41102 87 118 9

[00:50:30]	[Recv]	mv 3 41097 79 116 9

[00:50:30]	[Recv]	mv 3 41091 55 74 9

[00:50:30]	[Recv]	mv 3 41090 51 60 9

[00:50:30]	[Recv]	mv 3 41082 21 44 9

[00:50:30]	[Send]	u_i 1 6835325 2 3 0 0 
[00:50:30]	[Recv]	stat 73128 75191 12126 17265 0 1316

[00:50:30]	[Recv]	dlgi #u_i^1^6835325^2^3^1 #u_i^1^6835325^2^3^2 1813 0 0

[00:50:30]	[Recv]	mv 3 41166 50 112 8

[00:50:30]	[Recv]	mv 3 41135 29 44 9

[00:50:30]	[Recv]	mv 3 41114 42 69 9

[00:50:30]	[Recv]	mv 3 41098 82 16 9

[00:50:30]	[Recv]	mv 3 41093 79 14 9

[00:50:30]	[Recv]	mv 3 41087 44 74 9

[00:50:30]	[Recv]	mv 3 41084 42 44 9

[00:50:30]	[Recv]	mv 3 41079 18 149 9

[00:50:30]	[Recv]	pst 2 2557262 0 100 100 34166 7013 0 0 0

[00:50:30]	[Recv]	pst 2 2557249 1 100 100 42830 3622 0 0 0

[00:50:31]	[Recv]	mv 3 41171 84 115 8

[00:50:31]	[Recv]	mv 3 41153 75 152 9

[00:50:31]	[Recv]	mv 3 41152 76 77 9

[00:50:31]	[Recv]	mv 3 41146 57 15 9

[00:50:31]	[Recv]	mv 3 41144 54 109 9

[00:50:31]	[Recv]	mv 3 41129 12 50 9

[00:50:31]	[Recv]	mv 3 41127 12 79 9

[00:50:31]	[Recv]	mv 3 41122 80 125 9

[00:50:31]	[Recv]	mv 3 41120 61 80 9

[00:50:31]	[Recv]	mv 3 41109 21 89 9

[00:50:31]	[Recv]	mv 3 41105 15 70 9

[00:50:31]	[Recv]	mv 3 41099 83 71 9

[00:50:31]	[Recv]	mv 3 41096 77 74 9

[00:50:31]	[Recv]	mv 3 41095 76 22 9

[00:50:31]	[Recv]	mv 3 41089 53 34 9

[00:50:31]	[Recv]	mv 3 41086 45 96 9

[00:50:31]	[Recv]	mv 3 41085 41 105 9

[00:50:31]	[Recv]	mv 3 41081 20 71 9

[00:50:31]	[Recv]	mv 3 41077 16 101 9

[00:50:31]	[Recv]	mv 3 41074 6 163 9

[00:50:31]	[Recv]	mv 3 41167 52 20 8

[00:50:31]	[Recv]	mv 3 41157 84 120 9

[00:50:31]	[Recv]	mv 3 41150 71 29 9

[00:50:31]	[Recv]	mv 3 41142 49 151 9

[00:50:31]	[Recv]	mv 3 41137 32 30 9

[00:50:31]	[Recv]	mv 3 41124 80 160 9

[00:50:31]	[Recv]	mv 3 41123 78 68 9

[00:50:31]	[Recv]	mv 3 41088 46 64 9

[00:50:31]	[Recv]	mv 3 41170 85 23 8

[00:50:31]	[Recv]	mv 3 41158 88 159 9

[00:50:31]	[Recv]	mv 3 41154 82 64 9

[00:50:31]	[Recv]	mv 3 41149 65 54 9

[00:50:31]	[Recv]	mv 3 41140 40 54 9

[00:50:31]	[Recv]	mv 3 41139 42 19 9

[00:50:31]	[Recv]	mv 3 41119 55 27 9

[00:50:31]	[Recv]	mv 3 41118 52 11 9

[00:50:31]	[Recv]	mv 3 41116 47 157 9

[00:50:31]	[Recv]	mv 3 41101 85 26 9

[00:50:31]	[Send]	#u_i^1^6835325^2^3^2
[00:50:31]	[Recv]	mv 3 41159 89 150 9

[00:50:31]	[Recv]	mv 3 41145 56 37 9

[00:50:31]	[Recv]	mv 3 41136 31 74 9

[00:50:31]	[Recv]	mv 3 41134 27 59 9

[00:50:31]	[Recv]	mv 3 41125 83 27 9

[00:50:31]	[Recv]	mv 3 41097 78 118 9

[00:50:31]	[Recv]	mv 3 41091 54 73 9

[00:50:31]	[Recv]	mv 3 41090 52 58 9

[00:50:31]	[Recv]	mv 3 41083 27 27 9

[00:50:31]	[Recv]	mv 3 41082 23 44 9

[00:50:31]	[Recv]	mv 3 41072 4 117 9

[00:50:31]	[Recv]	delay 5000 7 #u_i^1^6835325^2^3^4

[00:50:31]	[Send]	guri 2
[00:50:31]	[Send]	guri 5 1 6835325 0 7
[00:50:31]	[Recv]	mv 3 41166 51 114 8

[00:50:31]	[Recv]	mv 3 41151 68 167 9

[00:50:31]	[Recv]	mv 3 41141 42 158 9

[00:50:31]	[Recv]	mv 3 41138 38 98 9

[00:50:31]	[Recv]	mv 3 41135 31 44 9

[00:50:31]	[Recv]	mv 3 41098 80 17 9

[00:50:31]	[Recv]	mv 3 41087 43 75 9

[00:50:31]	[Recv]	pst 2 2557262 0 100 100 34166 7013 0 0 0

[00:50:31]	[Recv]	pst 2 2557249 1 100 100 42830 3622 0 0 0

[00:50:31]	[Recv]	guri 2 1 6835325 0

[00:50:32]	[Recv]	mv 3 41171 86 113 8

[00:50:32]	[Recv]	mv 3 41164 16 62 8

[00:50:32]	[Recv]	mv 3 41153 77 150 9

[00:50:32]	[Recv]	mv 3 41144 53 109 9

[00:50:32]	[Recv]	mv 3 41127 10 77 9

[00:50:32]	[Recv]	mv 3 41113 39 53 9

[00:50:32]	[Recv]	mv 3 41109 21 90 9

[00:50:32]	[Recv]	mv 3 41107 16 158 9

[00:50:32]	[Recv]	mv 3 41105 14 70 9

[00:50:32]	[Recv]	mv 3 41103 93 123 9

[00:50:32]	[Recv]	mv 3 41089 54 33 9

[00:50:32]	[Recv]	mv 3 41081 22 72 9

[00:50:32]	[Recv]	mv 3 41167 54 18 8

[00:50:32]	[Recv]	mv 3 41165 28 35 8

[00:50:32]	[Recv]	mv 3 41157 86 121 9

[00:50:32]	[Recv]	mv 3 41148 62 85 9

[00:50:32]	[Recv]	mv 3 41143 48 90 9

[00:50:32]	[Recv]	mv 3 41137 34 31 9

[00:50:32]	[Recv]	mv 3 41132 26 15 9

[00:50:32]	[Recv]	mv 3 41130 19 169 9

[00:50:32]	[Recv]	mv 3 41128 15 120 9

[00:50:32]	[Recv]	mv 3 41124 82 161 9

[00:50:32]	[Recv]	mv 3 41123 78 66 9

[00:50:32]	[Recv]	mv 3 41110 24 21 9

[00:50:32]	[Recv]	mv 3 41088 46 66 9

[00:50:32]	[Recv]	mv 3 41078 16 26 9

[00:50:32]	[Recv]	mv 3 41170 84 22 8

[00:50:32]	[Recv]	mv 3 41169 80 72 8

[00:50:32]	[Recv]	mv 3 41160 90 25 9

[00:50:32]	[Recv]	mv 3 41156 82 16 9

[00:50:32]	[Recv]	mv 3 41154 80 62 9

[00:50:32]	[Recv]	mv 3 41149 66 55 9

[00:50:32]	[Recv]	mv 3 41140 40 52 9

[00:50:32]	[Recv]	mv 3 41121 61 154 9

[00:50:32]	[Recv]	mv 3 41119 54 27 9

[00:50:32]	[Recv]	mv 3 41118 53 13 9

[00:50:32]	[Recv]	mv 3 41116 49 158 9

[00:50:32]	[Recv]	mv 3 41112 38 35 9

[00:50:32]	[Recv]	mv 3 41104 94 25 9

[00:50:32]	[Recv]	mv 3 41101 86 28 9

[00:50:32]	[Recv]	mv 3 41080 20 169 9

[00:50:32]	[Recv]	mv 3 41159 90 151 9

[00:50:32]	[Recv]	mv 3 41125 81 27 9

[00:50:32]	[Recv]	mv 3 41111 25 52 9

[00:50:32]	[Recv]	mv 3 41102 88 116 9

[00:50:32]	[Recv]	mv 3 41097 77 118 9

[00:50:32]	[Recv]	mv 3 41094 62 161 9

[00:50:32]	[Recv]	mv 3 41091 55 72 9

[00:50:32]	[Recv]	stat 73304 75191 12126 17265 0 1316

[00:50:32]	[Recv]	stat 73304 75191 12243 17265 0 1316

[00:50:32]	[Send]	guri 5 1 6835325 20 7
[00:50:32]	[Recv]	mv 3 41168 54 67 8

[00:50:32]	[Recv]	mv 3 41163 14 160 8

[00:50:32]	[Recv]	mv 3 41151 70 165 9

[00:50:32]	[Recv]	mv 3 41141 43 159 9

[00:50:32]	[Recv]	mv 3 41138 39 98 9

[00:50:32]	[Recv]	mv 3 41135 29 46 9

[00:50:32]	[Recv]	mv 3 41098 81 17 9

[00:50:32]	[Recv]	mv 3 41093 78 15 9

[00:50:32]	[Recv]	mv 3 41084 40 43 9

[00:50:32]	[Recv]	pst 2 2557262 0 100 100 34166 7013 0 0 0

[00:50:32]	[Recv]	pst 2 2557249 1 100 100 42830 3622 0 0 0

[00:50:33]	[Recv]	mv 3 41171 85 115 8

[00:50:33]	[Recv]	mv 3 41153 77 152 9

[00:50:33]	[Recv]	mv 3 41152 74 76 9

[00:50:33]	[Recv]	mv 3 41146 59 16 9

[00:50:33]	[Recv]	mv 3 41127 10 78 9

[00:50:33]	[Recv]	mv 3 41120 62 80 9

[00:50:33]	[Recv]	mv 3 41113 37 52 9

[00:50:33]	[Recv]	mv 3 41109 23 88 9

[00:50:33]	[Recv]	mv 3 41107 15 157 9

[00:50:33]	[Recv]	mv 3 41105 14 68 9

[00:50:33]	[Recv]	mv 3 41103 93 121 9

[00:50:33]	[Recv]	mv 3 41096 76 76 9

[00:50:33]	[Recv]	mv 3 41095 76 24 9

[00:50:33]	[Recv]	mv 3 41089 52 32 9

[00:50:33]	[Recv]	mv 3 41086 43 94 9

[00:50:33]	[Recv]	mv 3 41085 42 106 9

[00:50:33]	[Recv]	mv 3 41074 6 165 9

[00:50:33]	[Recv]	mv 3 41167 53 18 8

[00:50:33]	[Recv]	mv 3 41165 28 33 8

[00:50:33]	[Recv]	mv 3 41157 86 119 9

[00:50:33]	[Recv]	mv 3 41150 69 30 9

[00:50:33]	[Recv]	mv 3 41148 64 84 9

[00:50:33]	[Recv]	mv 3 41143 49 89 9

[00:50:33]	[Recv]	mv 3 41142 48 151 9

[00:50:33]	[Recv]	mv 3 41124 80 162 9

[00:50:33]	[Recv]	mv 3 41123 80 66 9

[00:50:33]	[Recv]	mv 3 41110 23 20 9

[00:50:33]	[Recv]	mv 3 41106 14 111 9

[00:50:33]	[Recv]	mv 3 41088 47 67 9

[00:50:33]	[Recv]	mv 3 41078 16 28 9

[00:50:33]	[Recv]	mv 3 41169 81 74 8

[00:50:33]	[Recv]	mv 3 41160 88 25 9

[00:50:33]	[Recv]	mv 3 41158 87 161 9

[00:50:33]	[Recv]	mv 3 41156 84 15 9

[00:50:33]	[Recv]	mv 3 41147 62 19 9

[00:50:33]	[Recv]	mv 3 41139 41 20 9

[00:50:33]	[Recv]	mv 3 41131 24 100 9

[00:50:33]	[Recv]	mv 3 41126 88 111 9

[00:50:33]	[Recv]	mv 3 41118 54 13 9

[00:50:33]	[Recv]	mv 3 41112 39 36 9

[00:50:33]	[Recv]	mv 3 41101 87 29 9

[00:50:33]	[Recv]	mv 3 41080 18 169 9

[00:50:33]	[Recv]	mv 3 41073 9 153 9

[00:50:33]	[Recv]	mv 3 41159 88 152 9

[00:50:33]	[Recv]	mv 3 41133 26 159 9

[00:50:33]	[Recv]	mv 3 41115 43 107 9

[00:50:33]	[Recv]	mv 3 41097 75 116 9

[00:50:33]	[Recv]	mv 3 41090 53 59 9

[00:50:33]	[Recv]	mv 3 41082 21 43 9

[00:50:33]	[Recv]	mv 3 41075 11 110 9

[00:50:33]	[Recv]	mv 3 41072 3 116 9

[00:50:33]	[Send]	guri 5 1 6835325 40 7
[00:50:33]	[Recv]	mv 3 41168 52 65 8

[00:50:33]	[Recv]	mv 3 41166 50 113 8

[00:50:33]	[Recv]	mv 3 41163 14 161 8

[00:50:33]	[Recv]	mv 3 41151 70 164 9

[00:50:33]	[Recv]	mv 3 41135 31 46 9

[00:50:33]	[Recv]	mv 3 41093 78 13 9

[00:50:33]	[Recv]	mv 3 41084 39 45 9

[00:50:33]	[Recv]	pst 2 2557262 0 100 100 34166 7013 0 0 0

[00:50:33]	[Recv]	pst 2 2557249 1 100 100 42830 3622 0 0 0

[00:50:34]	[Recv]	mv 3 41171 84 113 8

[00:50:34]	[Recv]	mv 3 41152 76 74 9

[00:50:34]	[Recv]	mv 3 41120 62 81 9

[00:50:34]	[Recv]	mv 3 41105 13 69 9

[00:50:34]	[Recv]	mv 3 41099 83 70 9

[00:50:34]	[Recv]	mv 3 41096 77 76 9

[00:50:34]	[Recv]	mv 3 41095 77 22 9

[00:50:34]	[Recv]	mv 3 41089 54 31 9

[00:50:34]	[Recv]	mv 3 41086 44 96 9

[00:50:34]	[Recv]	mv 3 41085 43 104 9

[00:50:34]	[Recv]	mv 3 41167 52 19 8

[00:50:34]	[Recv]	mv 3 41157 86 121 9

[00:50:34]	[Recv]	mv 3 41148 64 83 9

[00:50:34]	[Recv]	mv 3 41143 50 88 9

[00:50:34]	[Recv]	mv 3 41142 46 149 9

[00:50:34]	[Recv]	mv 3 41137 32 29 9

[00:50:34]	[Recv]	mv 3 41132 24 13 9

[00:50:34]	[Recv]	mv 3 41130 20 168 9

[00:50:34]	[Recv]	mv 3 41106 16 112 9

[00:50:34]	[Recv]	mv 3 41100 85 106 9

[00:50:34]	[Recv]	mv 3 41088 45 67 9

[00:50:34]	[Recv]	mv 3 41076 12 34 9

[00:50:34]	[Recv]	mv 3 41170 85 21 8

[00:50:34]	[Recv]	mv 3 41162 10 116 8

[00:50:34]	[Recv]	mv 3 41160 90 25 9

[00:50:34]	[Recv]	mv 3 41158 88 161 9

[00:50:34]	[Recv]	mv 3 41149 65 55 9

[00:50:34]	[Recv]	mv 3 41140 42 54 9

[00:50:34]	[Recv]	mv 3 41121 62 155 9

[00:50:34]	[Recv]	mv 3 41119 53 26 9

[00:50:34]	[Recv]	mv 3 41118 55 14 9

[00:50:34]	[Recv]	mv 3 41116 48 156 9

[00:50:34]	[Recv]	mv 3 41108 20 34 9

[00:50:34]	[Recv]	mv 3 41101 86 29 9

[00:50:34]	[Recv]	mv 3 41136 32 74 9

[00:50:34]	[Recv]	mv 3 41133 25 159 9

[00:50:34]	[Recv]	mv 3 41125 82 29 9

[00:50:34]	[Recv]	mv 3 41117 50 65 9

[00:50:34]	[Recv]	mv 3 41111 23 51 9

[00:50:34]	[Recv]	mv 3 41102 87 116 9

[00:50:34]	[Recv]	mv 3 41097 76 116 9

[00:50:34]	[Recv]	mv 3 41091 57 72 9

[00:50:34]	[Recv]	mv 3 41090 55 59 9

[00:50:34]	[Recv]	mv 3 41083 25 27 9

[00:50:34]	[Recv]	mv 3 41072 4 114 9

[00:50:34]	[Recv]	stat 73480 75191 12243 17265 0 1316

[00:50:34]	[Send]	guri 5 1 6835325 60 7
[00:50:34]	[Recv]	mv 3 41168 52 64 8

[00:50:34]	[Recv]	mv 3 41166 52 114 8

[00:50:34]	[Recv]	mv 3 41155 80 109 9

[00:50:34]	[Recv]	mv 3 41151 69 164 9

[00:50:34]	[Recv]	mv 3 41141 45 160 9

[00:50:34]	[Recv]	mv 3 41138 40 96 9

[00:50:34]	[Recv]	mv 3 41114 41 68 9

[00:50:34]	[Recv]	mv 3 41098 81 16 9

[00:50:34]	[Recv]	mv 3 41087 44 75 9

[00:50:34]	[Recv]	mv 3 41084 41 46 9

[00:50:34]	[Recv]	mv 3 41079 19 151 9

[00:50:34]	[Recv]	pst 2 2557262 0 100 100 34166 7013 0 0 0

[00:50:34]	[Recv]	pst 2 2557249 1 100 100 42830 3622 0 0 0

[00:50:35]	[Recv]	mv 3 41171 84 114 8

[00:50:35]	[Recv]	mv 3 41146 60 15 9

[00:50:35]	[Recv]	mv 3 41129 13 48 9

[00:50:35]	[Recv]	mv 3 41127 12 80 9

[00:50:35]	[Recv]	mv 3 41113 39 54 9

[00:50:35]	[Recv]	mv 3 41107 17 158 9

[00:50:35]	[Recv]	mv 3 41099 82 69 9

[00:50:35]	[Recv]	mv 3 41096 76 75 9

[00:50:35]	[Recv]	mv 3 41095 76 23 9

[00:50:35]	[Recv]	mv 3 41089 52 33 9

[00:50:35]	[Recv]	mv 3 41086 46 96 9

[00:50:35]	[Recv]	mv 3 41081 21 71 9

[00:50:35]	[Recv]	mv 3 41157 85 120 9

[00:50:35]	[Recv]	mv 3 41150 69 28 9

[00:50:35]	[Recv]	mv 3 41148 64 84 9

[00:50:35]	[Recv]	mv 3 41137 33 28 9

[00:50:35]	[Recv]	mv 3 41128 14 121 9

[00:50:35]	[Recv]	mv 3 41124 81 162 9

[00:50:35]	[Recv]	mv 3 41123 78 67 9

[00:50:35]	[Recv]	mv 3 41110 24 22 9

[00:50:35]	[Recv]	mv 3 41100 83 104 9

[00:50:35]	[Recv]	mv 3 41088 46 65 9

[00:50:35]	[Recv]	mv 3 41078 17 26 9

[00:50:35]	[Recv]	mv 3 41170 84 22 8

[00:50:35]	[Recv]	mv 3 41162 8 115 8

[00:50:35]	[Recv]	mv 3 41160 88 23 9

[00:50:35]	[Recv]	mv 3 41158 86 160 9

[00:50:35]	[Recv]	mv 3 41156 85 13 9

[00:50:35]	[Recv]	mv 3 41154 80 61 9

[00:50:35]	[Recv]	mv 3 41149 65 57 9

[00:50:35]	[Recv]	mv 3 41147 61 19 9

[00:50:35]	[Recv]	mv 3 41139 43 18 9

[00:50:35]	[Recv]	mv 3 41121 63 154 9

[00:50:35]	[Recv]	mv 3 41119 54 27 9

[00:50:35]	[Recv]	mv 3 41118 53 14 9

[00:50:35]	[Recv]	mv 3 41116 49 156 9

[00:50:35]	[Recv]	mv 3 41112 38 36 9

[00:50:35]	[Recv]	mv 3 41104 95 23 9

[00:50:35]	[Recv]	mv 3 41080 18 171 9

[00:50:35]	[Recv]	mv 3 41159 86 150 9

[00:50:35]	[Recv]	mv 3 41145 55 38 9

[00:50:35]	[Recv]	mv 3 41136 33 75 9

[00:50:35]	[Recv]	mv 3 41134 28 57 9

[00:50:35]	[Recv]	mv 3 41125 81 29 9

[00:50:35]	[Recv]	mv 3 41117 52 66 9

[00:50:35]	[Recv]	mv 3 41115 44 109 9

[00:50:35]	[Recv]	mv 3 41097 76 114 9

[00:50:35]	[Recv]	mv 3 41094 60 163 9

[00:50:35]	[Recv]	mv 3 41091 55 71 9

[00:50:35]	[Recv]	mv 3 41083 26 27 9

[00:50:35]	[Recv]	mv 3 41075 13 112 9

[00:50:35]	[Send]	guri 5 1 6835325 80 7
[00:50:35]	[Recv]	mv 3 41166 52 112 8

[00:50:35]	[Recv]	mv 3 41151 70 165 9

[00:50:35]	[Recv]	mv 3 41114 41 67 9

[00:50:35]	[Recv]	mv 3 41098 81 17 9

[00:50:35]	[Recv]	mv 3 41093 79 14 9

[00:50:35]	[Recv]	mv 3 41087 44 77 9

[00:50:35]	[Recv]	mv 3 41084 43 45 9

[00:50:35]	[Recv]	mv 3 41079 19 149 9

[00:50:35]	[Recv]	pst 2 2557262 0 100 100 34166 7013 0 0 0

[00:50:35]	[Recv]	pst 2 2557249 1 100 100 42830 3622 0 0 0

[00:50:36]	[Recv]	mv 3 41171 86 116 8

[00:50:36]	[Recv]	mv 3 41152 75 75 9

[00:50:36]	[Recv]	mv 3 41144 53 110 9

[00:50:36]	[Recv]	mv 3 41127 14 78 9

[00:50:36]	[Recv]	mv 3 41122 79 125 9

[00:50:36]	[Recv]	mv 3 41120 61 82 9

[00:50:36]	[Recv]	mv 3 41113 38 54 9

[00:50:36]	[Recv]	mv 3 41109 22 87 9

[00:50:36]	[Recv]	mv 3 41107 16 159 9

[00:50:36]	[Recv]	mv 3 41105 14 71 9

[00:50:36]	[Recv]	mv 3 41103 92 121 9

[00:50:36]	[Recv]	mv 3 41096 77 75 9

[00:50:36]	[Recv]	mv 3 41095 76 24 9

[00:50:36]	[Recv]	mv 3 41086 44 96 9

[00:50:36]	[Recv]	mv 3 41085 41 106 9

[00:50:36]	[Recv]	mv 3 41077 14 103 9

[00:50:36]	[Recv]	mv 3 41074 6 164 9

[00:50:36]	[Recv]	mv 3 41167 50 21 8

[00:50:36]	[Recv]	mv 3 41165 30 34 8

[00:50:36]	[Recv]	mv 3 41157 86 121 9

[00:50:36]	[Recv]	mv 3 41150 68 29 9

[00:50:36]	[Recv]	mv 3 41148 63 84 9

[00:50:36]	[Recv]	mv 3 41143 51 89 9

[00:50:36]	[Recv]	mv 3 41142 46 150 9

[00:50:36]	[Recv]	mv 3 41137 34 27 9

[00:50:36]	[Recv]	mv 3 41123 79 65 9

[00:50:36]	[Recv]	mv 3 41110 25 20 9

[00:50:36]	[Recv]	mv 3 41106 16 113 9

[00:50:36]	[Recv]	mv 3 41088 45 63 9

[00:50:36]	[Recv]	mv 3 41078 18 28 9

[00:50:36]	[Recv]	mv 3 41169 81 73 8

[00:50:36]	[Recv]	mv 3 41162 10 116 8

[00:50:36]	[Recv]	mv 3 41154 78 60 9

[00:50:36]	[Recv]	mv 3 41149 65 55 9

[00:50:36]	[Recv]	mv 3 41140 43 52 9

[00:50:36]	[Recv]	mv 3 41139 41 19 9

[00:50:36]	[Recv]	mv 3 41131 22 98 9

[00:50:36]	[Recv]	mv 3 41119 52 26 9

[00:50:36]	[Recv]	mv 3 41118 53 13 9

[00:50:36]	[Recv]	mv 3 41116 47 158 9

[00:50:36]	[Recv]	mv 3 41112 36 38 9

[00:50:36]	[Recv]	mv 3 41101 85 28 9

[00:50:36]	[Recv]	mv 3 41073 9 152 9

[00:50:36]	[Recv]	mv 3 41159 87 152 9

[00:50:36]	[Recv]	mv 3 41134 27 58 9

[00:50:36]	[Recv]	mv 3 41133 27 160 9

[00:50:36]	[Recv]	mv 3 41117 51 65 9

[00:50:36]	[Recv]	mv 3 41097 76 116 9

[00:50:36]	[Recv]	mv 3 41091 55 72 9

[00:50:36]	[Recv]	mv 3 41090 53 60 9

[00:50:36]	[Recv]	mv 3 41083 27 26 9

[00:50:36]	[Recv]	mv 3 41075 13 110 9

[00:50:36]	[Recv]	mv 3 41072 5 116 9

[00:50:36]	[Recv]	stat 73656 75191 12243 17265 0 1316

[00:50:36]	[Recv]	stat 73656 75191 12360 17265 0 1316

[00:50:36]	[Send]	guri 5 1 6835325 100 7
[00:50:36]	[Send]	#u_i^1^6835325^2^3^4
[00:50:36]	[Recv]	mv 3 41168 52 65 8

[00:50:36]	[Recv]	mv 3 41166 53 112 8

[00:50:36]	[Recv]	mv 3 41163 12 163 8

[00:50:36]	[Recv]	mv 3 41155 81 108 9

[00:50:36]	[Recv]	mv 3 41151 70 164 9

[00:50:36]	[Recv]	mv 3 41138 41 98 9

[00:50:36]	[Recv]	mv 3 41084 42 47 9

[00:50:36]	[Recv]	pst 2 2557262 0 100 100 34166 7013 0 0 0

[00:50:36]	[Recv]	pst 2 2557249 1 100 100 42830 3622 0 0 0

[00:50:36]	[Recv]	c_map 0 2640 0

[00:50:36]	[Recv]	mapout

[00:50:36]	[Send]	c_close 1
[00:50:36]	[Send]	c_close 0
[00:50:36]	[Send]	f_stash_end 
[00:50:36]	[Send]	c_close 1
[00:50:36]	[Recv]	c_info milkers - -1 3739.918 Sanguinarius 6835325 0 0 1 5 1 27 0 10 0 20 37 0 8151 9

[00:50:36]	[Send]	mall 50
[00:50:36]	[Send]	c_close 1
[00:50:36]	[Recv]	c_mode 1 6835325 10 20 37 0 100 8151

[00:50:36]	[Recv]	equip 73 78 0.8628.3.7.0.8.82 1.8643.8.7.0.2.82 2.8689.0.0.0.0.0 3.8653.0.2.0.0.0 4.8655.0.0.0.0.0 5.8636.7.8.0.0.82 6.4657.0.0.0.0.0 7.4653.0.0.0.0.0 8.4647.0.0.0.0.0 9.8687.0.0.0.0.0 10.8674.9.0.0.0.0 12.909.0.20.100.0.0 13.8680.0.0.0.0.0 14.8566.0.0.0.0.0 15.8598.0.0.0.0.0 16.8568.0.0.0.0.0 17.8801.0.0.0.0.0

[00:50:36]	[Recv]	lev 99 0 99 0 2140719000 5991794 13364600 200 881816047 91 967912450 0

[00:50:36]	[Recv]	stat 73656 75191 12360 17265 0 1316

[00:50:36]	[Recv]	at 6835325 2628 76 73 2 0 115 1 -1

[00:50:36]	[Recv]	cond 1 6835325 0 0 15

[00:50:36]	[Recv]	cond 1 6835325 0 0 15

[00:50:36]	[Recv]	titinfo 1 6835325 9468 9468

[00:50:36]	[Recv]	eq 6835325 0 0 1 5 1 8689.8643.8628.8636.8687.8674.8680.8566.8598.8568.8801 73 78 100

[00:50:36]	[Recv]	c_map 0 2628 1

[00:50:36]	[Recv]	sc 0 7 4136 4278 1894 37 415 1 8 4111 4311 2101 43 405 7 2246 1268 2064 1268 1784 91 88 127 138

[00:50:36]	[Recv]	char_sc 1 6835325 100

[00:50:36]	[Recv]	gidx 1 6835325 3739.918 Sanguinarius 27 0|0|1

[00:50:36]	[Recv]	rsfp 0 -1

[00:50:36]	[Recv]	in 2 1493 2557262 75 74 2 100 100 0 0 3 6835325 1 0 2789 @ 1 1 1 307 308 309 4237 4238 4239 0 2646 0 0 0 0

[00:50:36]	[Recv]	cond 2 2557262 0 0 12

[00:50:36]	[Recv]	in 2 2762 2557249 77 74 2 100 100 0 0 3 6835325 1 0 -1 @ 2 -1 0 0 0 0 0 0 0 0 0 0 0 5 0

[00:50:36]	[Recv]	cond 2 2557249 0 0 14

[00:50:36]	[Recv]	pinit 2 2|2557262|0|99|@|-1|2789|1|2646|0|0 2|2557249|1|96|@|-1|2762|0|0|0|0


[00:50:36]	[Recv]	pairy 1 6835325 4 3 129 59

[00:50:36]	[Recv]	minipet 1 6835325 8801

[00:50:36]	[Recv]	act6 

[00:50:36]	[Recv]	food 0

[00:50:36]	[Recv]	ivn 2 3.2070.28.0

[00:50:37]	[Recv]	mv 2 40299 62 132 4

[00:50:37]	[Recv]	mv 2 40297 58 133 4

[00:50:37]	[Recv]	mv 2 40296 57 132 4

[00:50:37]	[Recv]	mv 2 40295 55 129 4

[00:50:37]	[Recv]	gp 7 76 2633 -1 0 0

[00:50:37]	[Recv]	gp 60 120 4995 3 1 0

[00:50:37]	[Recv]	gp 111 126 2637 -1 2 0

[00:50:37]	[Recv]	gp 116 18 2640 -1 3 0

[00:50:37]	[Recv]	wp 105 114 90 4 85 99

[00:50:37]	[Recv]	in 2 3096 40312 42 75 3 100 100 11015 0 0 -1 1 0 -1 - 0 -1 0 0 0 0 0 0 0 0 0 0 0 0 0

[00:50:37]	[Recv]	shop 2 40312 1 5 48 Family Manager

[00:50:37]	[Recv]	in 2 3076 40311 43 50 6 100 100 11009 0 0 -1 1 0 -1 - 0 -1 0 0 0 0 0 0 0 0 0 0 0 0 0

[00:50:37]	[Recv]	shop 2 40311 1 0 88 Rune Workshop

[00:50:37]	[Recv]	in 2 3079 40310 76 43 2 100 100 11014 0 0 -1 1 0 -1 - 0 -1 0 0 0 0 0 0 0 0 0 0 0 0 0

[00:50:37]	[Recv]	shop 2 40310 1 0 87 Alchemy Shop

[00:50:37]	[Recv]	in 2 3070 40309 31 52 6 100 100 11008 0 0 -1 1 0 -1 - 0 -1 0 0 0 0 0 0 0 0 0 0 0 0 0

[00:50:37]	[Recv]	shop 2 40309 1 0 86 Supermarket

[00:50:37]	[Recv]	in 2 3097 40308 99 37 7 100 100 11020 0 0 -1 1 0 -1 - 0 -1 0 0 0 0 0 0 0 0 0 0 0 0 0

[00:50:37]	[Recv]	shop 2 40308 1 0 85 General Shop

[00:50:37]	[Recv]	in 2 3084 40307 46 49 6 100 100 11003 0 0 -1 1 0 -1 - 0 -1 0 0 0 0 0 0 0 0 0 0 0 0 0

[00:50:37]	[Recv]	shop 2 40307 1 0 84 Equipment Shop

[00:50:37]	[Recv]	in 2 3077 40306 71 42 2 100 100 11006 0 0 -1 1 0 -1 - 0 -1 0 0 0 0 0 0 0 0 0 0 0 0 0

[00:50:37]	[Recv]	shop 2 40306 1 0 83 Tattooist

[00:50:37]	[Recv]	in 2 3385 40305 37 52 6 100 100 571 0 0 -1 1 0 -1 - 0 -1 0 0 0 0 0 0 0 0 0 0 0 0 0

[00:50:37]	[Recv]	shop 2 40305 1 0 117 Shell Master

[00:50:37]	[Recv]	in 2 1579 40304 41 71 3 100 100 570 0 0 -1 1 0 -1 - 0 -1 0 0 0 0 0 0 0 0 0 0 0 0 0

[00:50:37]	[Recv]	shop 2 40304 1 0 116 Hardcore Raid Token Shop (Moritius)

[00:50:37]	[Recv]	in 2 3048 40303 153 84 3 100 100 11028 0 0 -1 1 0 -1 - 0 -1 0 0 0 0 0 0 0 0 0 0 0 0 0

[00:50:37]	[Recv]	shop 2 40303 1 0 92 Celestial Spire Guard

[00:50:37]	[Recv]	in 2 3081 40302 49 66 0 100 100 11030 0 0 -1 1 0 -1 - 0 -1 0 0 0 0 0 0 0 0 0 0 0 0 0

[00:50:37]	[Recv]	shop 2 40302 1 0 45 NosBazaar

[00:50:37]	[Recv]	in 2 3078 40301 119 30 7 100 100 11002 0 0 -1 1 0 -1 - 0 -1 0 0 0 0 0 0 0 0 0 0 0 0 0

[00:50:37]	[Recv]	shop 2 40301 1 0 82 Rainbow Shop

[00:50:37]	[Recv]	in 2 3115 40300 65 128 0 100 100 0 0 0 -1 1 0 -1 - 0 -1 0 0 0 0 0 0 0 0 0 0 0 0 0

[00:50:37]	[Recv]	in 2 3115 40299 62 132 0 100 100 0 0 0 -1 1 0 -1 - 0 -1 0 0 0 0 0 0 0 0 0 0 0 0 0

[00:50:37]	[Recv]	in 2 3115 40298 58 128 0 100 100 0 0 0 -1 1 0 -1 - 0 -1 0 0 0 0 0 0 0 0 0 0 0 0 0

[00:50:37]	[Recv]	in 2 3115 40297 58 133 0 100 100 0 0 0 -1 1 0 -1 - 0 -1 0 0 0 0 0 0 0 0 0 0 0 0 0

[00:50:37]	[Recv]	in 2 3115 40296 57 132 0 100 100 0 0 0 -1 1 0 -1 - 0 -1 0 0 0 0 0 0 0 0 0 0 0 0 0

[00:50:37]	[Recv]	in 2 3115 40295 55 129 0 100 100 0 0 0 -1 1 0 -1 - 0 -1 0 0 0 0 0 0 0 0 0 0 0 0 0

[00:50:37]	[Recv]	in 2 3115 40294 53 126 0 100 100 0 0 0 -1 1 0 -1 - 0 -1 0 0 0 0 0 0 0 0 0 0 0 0 0

[00:50:37]	[Recv]	in 2 3092 40293 117 40 0 100 100 0 0 0 -1 1 0 -1 - 0 -1 0 0 0 0 0 0 0 0 0 0 0 0 0

[00:50:37]	[Recv]	in 2 3091 40292 119 42 0 100 100 0 0 0 -1 1 0 -1 - 0 -1 0 0 0 0 0 0 0 0 0 0 0 0 0

[00:50:37]	[Recv]	in 2 3090 40291 126 55 3 100 100 11025 0 0 -1 1 0 -1 - 0 -1 0 0 0 0 0 0 0 0 0 0 0 0 0

[00:50:37]	[Recv]	in 2 3089 40290 126 57 3 100 100 11005 0 0 -1 1 0 -1 - 0 -1 0 0 0 0 0 0 0 0 0 0 0 0 0

[00:50:37]	[Recv]	in 2 3088 40289 120 112 3 100 100 0 0 0 -1 1 0 -1 - 0 -1 0 0 0 0 0 0 0 0 0 0 0 0 0

[00:50:37]	[Recv]	in 2 3087 40288 120 120 3 100 100 11001 0 0 -1 1 0 -1 - 0 -1 0 0 0 0 0 0 0 0 0 0 0 0 0

[00:50:37]	[Recv]	in 2 3083 40287 46 101 3 100 100 0 0 0 -1 1 0 -1 - 0 -1 0 0 0 0 0 0 0 0 0 0 0 0 0

[00:50:37]	[Recv]	in 2 3082 40286 30 107 1 100 100 0 0 0 -1 1 0 -1 - 0 -1 0 0 0 0 0 0 0 0 0 0 0 0 0

[00:50:37]	[Recv]	in 2 3080 40285 123 46 7 100 100 0 0 0 -1 1 0 -1 - 0 -1 0 0 0 0 0 0 0 0 0 0 0 0 0

[00:50:37]	[Recv]	in 2 3074 40284 52 90 0 100 100 11021 0 0 -1 1 0 -1 - 0 -1 0 0 0 0 0 0 0 0 0 0 0 0 0

[00:50:37]	[Recv]	in 2 3073 40283 33 89 5 100 100 11027 0 0 -1 1 0 -1 - 0 -1 0 0 0 0 0 0 0 0 0 0 0 0 0

[00:50:37]	[Recv]	in 2 3067 40282 82 99 0 100 100 11011 0 0 -1 1 0 -1 - 0 -1 0 0 0 0 0 0 0 0 0 0 0 0 0

[00:50:37]	[Recv]	in 2 3048 40281 116 35 2 100 100 0 0 0 -1 1 0 -1 - 0 -1 0 0 0 0 0 0 0 0 0 0 0 0 0

[00:50:37]	[Recv]	in 2 3048 40280 76 95 0 100 100 0 0 0 -1 1 0 -1 - 0 -1 0 0 0 0 0 0 0 0 0 0 0 0 0

[00:50:37]	[Recv]	in 2 3047 40279 152 81 3 100 100 0 0 0 -1 1 0 -1 - 0 -1 0 0 0 0 0 0 0 0 0 0 0 0 0

[00:50:37]	[Recv]	in 2 3047 40278 151 87 3 100 100 0 0 0 -1 1 0 -1 - 0 -1 0 0 0 0 0 0 0 0 0 0 0 0 0

[00:50:37]	[Recv]	in 2 3047 40277 136 78 3 100 100 0 0 0 -1 1 0 -1 - 0 -1 0 0 0 0 0 0 0 0 0 0 0 0 0

[00:50:37]	[Recv]	in 2 3047 40276 135 85 3 100 100 0 0 0 -1 1 0 -1 - 0 -1 0 0 0 0 0 0 0 0 0 0 0 0 0

[00:50:37]	[Recv]	in 2 3047 40275 109 33 2 100 100 0 0 0 -1 1 0 -1 - 0 -1 0 0 0 0 0 0 0 0 0 0 0 0 0

[00:50:37]	[Recv]	in 2 3047 40274 85 92 0 100 100 0 0 0 -1 1 0 -1 - 0 -1 0 0 0 0 0 0 0 0 0 0 0 0 0

[00:50:37]	[Recv]	in 2 3047 40273 19 66 1 100 100 0 0 0 -1 1 0 -1 - 0 -1 0 0 0 0 0 0 0 0 0 0 0 0 0

[00:50:37]	[Recv]	in 2 3047 40272 18 83 1 100 100 0 0 0 -1 1 0 -1 - 0 -1 0 0 0 0 0 0 0 0 0 0 0 0 0

[00:50:37]	[Recv]	in 2 2557 2443470 70 43 2 100 100 0 0 3 6916712 1 0 3206 @ 1 0 1 1880 1881 1882 4237 0 0 0 2723 0 1 0 0

[00:50:37]	[Recv]	in 2 1488 2443466 71 43 2 100 100 0 0 3 6916712 1 0 -1 @ 2 -1 0 0 0 0 0 0 0 0 0 0 0 6 0

[00:50:37]	[Recv]	in 1 kronyme - 6916712 70 45 2 0 1 3 5 2 221.4479.4451.4963.227.4131.8680.8682.8701.4443.8696 100 100 0 9 4 3 0 42 0 0 86 77 4268.918 GO-Pex-Zaby 25 0 0 0 0 97 3 0|0|0 0 0 100 57 9347

[00:50:37]	[Recv]	pst 2 2557262 0 100 100 34166 7013 0 0 0

[00:50:37]	[Recv]	pst 2 2557249 1 100 100 42830 3622 0 0 0

[00:50:37]	[Send]	u_i 1 6835325 1 4 0 0 
[00:50:37]	[Recv]	bf 1 6835325 0.117.6000 99

[00:50:37]	[Recv]	sayi 1 6835325 20 26 3 117 0 0 0

[00:50:37]	[Recv]	eff 1 6835325 203

[00:50:37]	[Recv]	ivn 1 4.1247.178.0

[00:50:38]	[Recv]	mv 2 40300 64 126 4

[00:50:38]	[Recv]	mv 2 40299 63 130 4

[00:50:38]	[Recv]	mv 2 40298 59 129 4

[00:50:38]	[Recv]	mv 2 40297 57 131 4

[00:50:38]	[Recv]	mv 2 40295 54 131 4

[00:50:38]	[Recv]	pst 2 2557262 0 100 100 34166 7013 0 0 0

[00:50:38]	[Recv]	pst 2 2557249 1 100 100 42830 3622 0 0 0

[00:50:38]	[Send]	u_i 1 6835325 1 15 0 0 
[00:50:38]	[Recv]	mv 2 40294 52 126 4

[00:50:38]	[Recv]	delay 3000 3 #u_i^1^6835325^1^15^2

[00:50:38]	[Send]	guri 2
[00:50:38]	[Send]	guri 5 1 6835325 0 3
[00:50:38]	[Recv]	stat 73832 75191 12360 17265 0 1316

[00:50:38]	[Recv]	guri 2 1 6835325 0

[00:50:39]	[Recv]	mv 2 40300 65 125 4

[00:50:39]	[Recv]	mv 2 40299 65 130 4

[00:50:39]	[Recv]	mv 2 40298 60 130 4

[00:50:39]	[Recv]	in 2 2557 2523825 72 43 2 100 100 0 0 3 7107564 1 0 2379 @ 1 1 1 1602 1603 1604 0 0 0 0 2366 0 0 0 0

[00:50:39]	[Recv]	in 2 683 2523821 72 43 2 100 100 0 0 3 7107564 1 0 -1 @ 2 -1 0 0 0 0 0 0 0 0 0 0 0 5 0

[00:50:39]	[Recv]	in 1 Pimento - 7107564 73 44 2 0 1 1 9 2 4507.4954.4966.4963.4928.802.8680.8682.8701.4557.-1 100 100 0 9 4 3 0 0 0 27 66 68 4268.918 GO-Pex-Zaby 24 0 10 0 7 95 3 0|0|0 0 0 100 51 9440

[00:50:39]	[Recv]	pst 2 2557262 0 100 100 34166 7013 0 0 0

[00:50:39]	[Recv]	pst 2 2557249 1 100 100 42830 3622 0 0 0

[00:50:39]	[Send]	guri 5 1 6835325 33 3
[00:50:40]	[Recv]	mv 2 40300 67 125 4

[00:50:40]	[Recv]	mv 2 40299 64 132 4

[00:50:40]	[Recv]	mv 2 40297 59 130 4

[00:50:40]	[Recv]	mv 2 40296 57 133 4

[00:50:40]	[Recv]	mv 2 40295 55 130 4

[00:50:40]	[Recv]	in 2 1613 2547953 44 53 2 100 140 0 0 3 7074610 1 0 -1 @ 1 0 0 0 0 0 0 0 0 0 0 0 0 0 0

[00:50:40]	[Recv]	in 2 1693 2547954 44 51 2 100 100 0 0 3 7074610 1 0 -1 @ 2 -1 0 0 0 0 0 0 0 0 0 0 0 6 0

[00:50:40]	[Recv]	in 1 SierzantPyrek - 7074610 44 52 2 0 0 1 7 2 8839.8831.8814.8822.8687.8674.8860.8862.8869.4531.8694 100 100 0 -1 4 3 0 59 0 0 76 83 5256.918 Strawhats 27 0 0 0 0 99 21 0|0|0 0 0 100 99 9468

[00:50:40]	[Recv]	pst 2 2557262 0 100 100 34166 7013 0 0 0

[00:50:40]	[Recv]	pst 2 2557249 1 100 100 42830 3622 0 0 0

[00:50:40]	[Send]	guri 5 1 6835325 66 3
[00:50:40]	[Recv]	mv 2 40294 52 125 4

[00:50:40]	[Recv]	stat 74008 75191 12360 17265 0 1316

[00:50:40]	[Recv]	stat 74008 75191 12477 17265 0 1316

[00:50:41]	[Recv]	mv 2 40300 67 126 4

[00:50:41]	[Recv]	mv 2 40299 63 131 4

[00:50:41]	[Recv]	mv 2 40298 60 129 4

[00:50:41]	[Recv]	mv 2 40295 53 131 4

[00:50:41]	[Recv]	pst 2 2557262 0 100 100 34166 7013 0 0 0

[00:50:41]	[Recv]	pst 2 2557249 1 100 100 42830 3622 0 0 0

[00:50:41]	[Recv]	mv 2 40294 54 126 4

[00:50:41]	[Send]	guri 5 1 6835325 100 3
[00:50:41]	[Send]	#u_i^1^6835325^1^15^2
[00:50:41]	[Recv]	bf 1 6835325 0.1438.30000 99

[00:50:41]	[Recv]	sayi 1 6835325 20 26 3 1438 0 0 0

[00:50:41]	[Recv]	out 2 2557262

[00:50:41]	[Recv]	out 2 2557249

[00:50:41]	[Recv]	eff 1 6835325 196

[00:50:41]	[Recv]	pinit 2 2|2557262|0|99|@|-1|2789|1|2646|0|0 2|2557249|1|96|@|-1|2762|0|0|0|0

[00:50:41]	[Recv]	c_mode 1 6835325 3728 0 0 0 100 8151

[00:50:41]	[Recv]	dpski 1 

[00:50:41]	[Recv]	petski -3

[00:50:41]	[Recv]	cond 1 6835325 0 0 25

[00:50:42]	[Send]	walk 78 81 0 25
[00:50:42]	[Recv]	mv 2 40298 59 127 4

[00:50:42]	[Recv]	mv 2 40297 61 131 4

[00:50:42]	[Recv]	mv 2 40296 56 131 4

[00:50:42]	[Recv]	mv 2 40295 54 129 4

[00:50:42]	[Recv]	pst 2 2557262 0 100 100 34166 7013 0 0 0

[00:50:42]	[Recv]	pst 2 2557249 1 100 100 42830 3622 0 0 0

[00:50:42]	[Recv]	mv 2 40294 53 125 4

[00:50:42]	[Recv]	stat 74184 75191 12477 17265 0 1316

[00:50:42]	[Send]	walk 85 88 0 25
[00:50:43]	[Recv]	mv 2 40300 66 128 4

[00:50:43]	[Recv]	mv 2 40298 59 128 4

[00:50:43]	[Recv]	mv 2 40296 54 131 4

[00:50:43]	[Recv]	pst 2 2557262 0 100 100 34166 7013 0 0 0

[00:50:43]	[Recv]	pst 2 2557249 1 100 100 42830 3622 0 0 0

[00:50:43]	[Recv]	mv 2 40294 52 124 4

[00:50:43]	[Send]	walk 92 95 1 25
[00:50:44]	[Recv]	mv 2 40299 64 132 4

[00:50:44]	[Recv]	mv 2 40298 58 130 4

[00:50:44]	[Recv]	mv 2 40297 61 129 4

[00:50:44]	[Recv]	qnamli2 100 #rl 1646 11 1540 SamoroG

[00:50:44]	[Recv]	mv 2 40296 54 130 4

[00:50:44]	[Recv]	mv 2 40295 53 130 4

[00:50:44]	[Recv]	pst 2 2557262 0 100 100 34166 7013 0 0 0

[00:50:44]	[Recv]	pst 2 2557249 1 100 100 42830 3622 0 0 0

[00:50:44]	[Recv]	mv 2 40294 54 126 4

[00:50:44]	[Recv]	stat 74360 75191 12477 17265 0 1316

[00:50:44]	[Recv]	stat 74360 75191 12594 17265 0 1316

[00:50:44]	[Send]	walk 97 102 1 25
[00:50:45]	[Recv]	mv 2 40300 64 127 4

[00:50:45]	[Recv]	mv 2 40299 63 131 4

[00:50:45]	[Recv]	mv 2 40296 54 132 4

[00:50:45]	[Recv]	pst 2 2557262 0 100 100 34166 7013 0 0 0

[00:50:45]	[Recv]	pst 2 2557249 1 100 100 42830 3622 0 0 0

[00:50:45]	[Send]	walk 101 110 1 25
[00:50:46]	[Recv]	mv 2 40299 64 132 4

[00:50:46]	[Recv]	mv 2 40298 58 129 4

[00:50:46]	[Recv]	mv 2 40297 59 129 4

[00:50:46]	[Recv]	pst 2 2557262 0 100 100 34166 7013 0 0 0

[00:50:46]	[Recv]	pst 2 2557249 1 100 100 42830 3622 0 0 0

[00:50:46]	[Recv]	stat 74536 75191 12594 17265 0 1316

[00:50:46]	[Send]	walk 105 117 0 25
[00:50:47]	[Recv]	mv 2 40300 66 128 4

[00:50:47]	[Recv]	mv 2 40299 63 130 4

[00:50:47]	[Recv]	mv 2 40298 58 128 4

[00:50:47]	[Recv]	mv 2 40297 60 129 4

[00:50:47]	[Recv]	pst 2 2557262 0 100 100 34166 7013 0 0 0

[00:50:47]	[Recv]	pst 2 2557249 1 100 100 42830 3622 0 0 0

[00:50:47]	[Send]	walk 110 124 0 25
[00:50:48]	[Recv]	mv 2 40298 60 126 4

[00:50:48]	[Recv]	pst 2 2557262 0 100 100 34166 7013 0 0 0

[00:50:48]	[Recv]	pst 2 2557249 1 100 100 42830 3622 0 0 0

[00:50:48]	[Recv]	mv 2 40294 56 125 4

[00:50:48]	[Send]	walk 112 126 1 25
[00:50:48]	[Recv]	stat 74712 75191 12594 17265 0 1316

[00:50:48]	[Recv]	stat 74712 75191 12711 17265 0 1316

[00:50:48]	[Send]	preq
[00:50:49]	[Recv]	c_map 0 2628 0

[00:50:49]	[Recv]	mapout

[00:50:49]	[Send]	c_close 1
[00:50:49]	[Send]	c_close 0
[00:50:49]	[Send]	f_stash_end 
[00:50:49]	[Send]	c_close 1
[00:50:49]	[Recv]	c_info milkers - -1 3739.918 Sanguinarius 6835325 0 0 1 5 1 27 0 10 0 0 0 0 8151 9

[00:50:49]	[Send]	mall 50
[00:50:49]	[Send]	c_close 1
[00:50:49]	[Recv]	c_mode 1 6835325 3728 0 0 0 100 8151

[00:50:49]	[Recv]	equip 73 78 0.8628.3.7.0.8.82 1.8643.8.7.0.2.82 2.8689.0.0.0.0.0 3.8653.0.2.0.0.0 4.8655.0.0.0.0.0 5.8636.7.8.0.0.82 6.4657.0.0.0.0.0 7.4653.0.0.0.0.0 8.4647.0.0.0.0.0 9.8687.0.0.0.0.0 10.8674.9.0.0.0.0 12.909.0.20.100.0.0 13.8680.0.0.0.0.0 14.8566.0.0.0.0.0 15.8598.0.0.0.0.0 16.8568.0.0.0.0.0 17.8801.0.0.0.0.0

[00:50:49]	[Recv]	lev 99 0 99 0 2140719000 5991794 13364600 200 881816047 91 967912450 0

[00:50:49]	[Recv]	stat 74712 75191 12711 17265 0 1316

[00:50:49]	[Recv]	at 6835325 2637 110 3 2 0 114 1 -1

[00:50:49]	[Recv]	cond 1 6835325 0 0 25

[00:50:49]	[Recv]	cond 1 6835325 0 0 25

[00:50:49]	[Recv]	titinfo 1 6835325 9468 9468

[00:50:49]	[Recv]	eq 6835325 0 0 1 5 1 8689.8643.8628.8636.8687.8674.8680.8566.8598.8568.8801 73 78 100

[00:50:49]	[Recv]	c_map 0 2637 1

[00:50:49]	[Recv]	sc 0 7 4136 4278 1894 37 415 1 8 4111 4311 2101 43 405 7 2246 1268 2064 1268 1784 91 88 127 138

[00:50:49]	[Recv]	char_sc 1 6835325 100

[00:50:49]	[Recv]	gidx 1 6835325 3739.918 Sanguinarius 27 0|0|1

[00:50:49]	[Recv]	rsfp 0 -1

[00:50:49]	[Recv]	pairy 1 6835325 4 3 129 59

[00:50:49]	[Recv]	minipet 1 6835325 8801

[00:50:49]	[Recv]	act6 

[00:50:49]	[Recv]	pinit 2 2|2557262|0|99|@|-1|2789|1|2646|0|0 2|2557249|1|96|@|-1|2762|0|0|0|0


[00:50:49]	[Recv]	food 0

[00:50:49]	[Recv]	mv 3 40926 188 35 9

[00:50:49]	[Recv]	mv 3 40911 129 46 9

[00:50:49]	[Recv]	mv 3 40906 109 51 9

[00:50:49]	[Recv]	mv 3 40878 87 47 8

[00:50:49]	[Recv]	mv 3 40871 57 59 8

[00:50:49]	[Recv]	mv 3 40862 154 58 9

[00:50:49]	[Recv]	mv 3 40856 116 30 9

[00:50:49]	[Recv]	mv 3 40855 97 60 9

[00:50:49]	[Recv]	mv 3 40849 62 57 9

[00:50:49]	[Recv]	mv 3 40937 137 103 9

[00:50:49]	[Recv]	mv 3 40931 178 60 9

[00:50:49]	[Recv]	mv 3 40929 56 86 9

[00:50:49]	[Recv]	mv 3 40923 172 55 9

[00:50:49]	[Recv]	mv 3 40897 179 72 8

[00:50:49]	[Recv]	mv 3 40893 161 47 8

[00:50:49]	[Recv]	gp 15 100 2635 -1 0 0

[00:50:49]	[Recv]	gp 110 1 2628 -1 1 0

[00:50:49]	[Recv]	gp 197 38 2638 -1 2 0

[00:50:49]	[Recv]	gp 25 104 1253 -1 3 0

[00:50:49]	[Recv]	in 3 3022 40949 186 69 2 100 100 0 0 0 -1 1 0 -1 - 0 -1 0 0 0 0 0 0 0 0 0 0 0 0 0

[00:50:49]	[Recv]	in 3 3022 40948 180 78 2 100 100 0 0 0 -1 1 0 -1 - 0 -1 0 0 0 0 0 0 0 0 0 0 0 0 0

[00:50:49]	[Recv]	in 3 3022 40947 175 64 2 100 100 0 0 0 -1 1 0 -1 - 0 -1 0 0 0 0 0 0 0 0 0 0 0 0 0

[00:50:49]	[Recv]	in 3 3022 40946 172 80 2 100 100 0 0 0 -1 1 0 -1 - 0 -1 0 0 0 0 0 0 0 0 0 0 0 0 0

[00:50:49]	[Recv]	in 3 3022 40945 166 76 2 100 100 0 0 0 -1 1 0 -1 - 0 -1 0 0 0 0 0 0 0 0 0 0 0 0 0

[00:50:49]	[Recv]	in 3 3022 40944 161 90 2 100 100 0 0 0 -1 1 0 -1 - 0 -1 0 0 0 0 0 0 0 0 0 0 0 0 0

[00:50:49]	[Recv]	in 3 3022 40943 156 82 2 100 100 0 0 0 -1 1 0 -1 - 0 -1 0 0 0 0 0 0 0 0 0 0 0 0 0

[00:50:49]	[Recv]	in 3 3022 40942 151 88 2 100 100 0 0 0 -1 1 0 -1 - 0 -1 0 0 0 0 0 0 0 0 0 0 0 0 0

[00:50:49]	[Recv]	in 3 3022 40941 152 54 2 100 100 0 0 0 -1 1 0 -1 - 0 -1 0 0 0 0 0 0 0 0 0 0 0 0 0

[00:50:49]	[Recv]	in 3 3022 40940 147 98 2 100 100 0 0 0 -1 1 0 -1 - 0 -1 0 0 0 0 0 0 0 0 0 0 0 0 0

[00:50:49]	[Recv]	in 3 3022 40939 145 82 2 100 100 0 0 0 -1 1 0 -1 - 0 -1 0 0 0 0 0 0 0 0 0 0 0 0 0

[00:50:49]	[Recv]	in 3 3022 40938 141 95 2 100 100 0 0 0 -1 1 0 -1 - 0 -1 0 0 0 0 0 0 0 0 0 0 0 0 0

[00:50:49]	[Recv]	in 3 3022 40937 137 103 2 100 100 0 0 0 -1 1 0 -1 - 0 -1 0 0 0 0 0 0 0 0 0 0 0 0 0

[00:50:49]	[Recv]	in 3 3022 40936 135 96 2 100 100 0 0 0 -1 1 0 -1 - 0 -1 0 0 0 0 0 0 0 0 0 0 0 0 0

[00:50:49]	[Recv]	in 3 3022 40935 129 83 2 100 100 0 0 0 -1 1 0 -1 - 0 -1 0 0 0 0 0 0 0 0 0 0 0 0 0

[00:50:49]	[Recv]	in 3 3022 40934 127 89 2 100 100 0 0 0 -1 1 0 -1 - 0 -1 0 0 0 0 0 0 0 0 0 0 0 0 0

[00:50:49]	[Recv]	in 3 3022 40933 119 60 2 100 100 0 0 0 -1 1 0 -1 - 0 -1 0 0 0 0 0 0 0 0 0 0 0 0 0

[00:50:49]	[Recv]	in 3 3022 40932 90 61 2 100 100 0 0 0 -1 1 0 -1 - 0 -1 0 0 0 0 0 0 0 0 0 0 0 0 0

[00:50:49]	[Recv]	in 3 3022 40931 178 60 7 100 100 0 0 0 -1 1 0 -1 - 0 -1 0 0 0 0 0 0 0 0 0 0 0 0 0

[00:50:49]	[Recv]	in 3 3022 40929 56 86 2 100 100 0 0 0 -1 1 0 -1 - 0 -1 0 0 0 0 0 0 0 0 0 0 0 0 0

[00:50:49]	[Recv]	in 3 3022 40928 57 97 2 100 100 0 0 0 -1 1 0 -1 - 0 -1 0 0 0 0 0 0 0 0 0 0 0 0 0

[00:50:49]	[Recv]	in 3 3022 40927 54 111 2 100 100 0 0 0 -1 1 0 -1 - 0 -1 0 0 0 0 0 0 0 0 0 0 0 0 0

[00:50:49]	[Recv]	in 3 3006 40926 188 35 2 100 100 0 0 0 -1 1 0 -1 - 0 -1 0 0 0 0 0 0 0 0 0 0 0 0 0

[00:50:49]	[Recv]	in 3 3006 40925 185 40 2 100 100 0 0 0 -1 1 0 -1 - 0 -1 0 0 0 0 0 0 0 0 0 0 0 0 0

[00:50:49]	[Recv]	in 3 3006 40924 179 86 2 100 100 0 0 0 -1 1 0 -1 - 0 -1 0 0 0 0 0 0 0 0 0 0 0 0 0

[00:50:49]	[Recv]	in 3 3006 40923 172 55 2 100 100 0 0 0 -1 1 0 -1 - 0 -1 0 0 0 0 0 0 0 0 0 0 0 0 0

[00:50:49]	[Recv]	in 3 3006 40922 163 36 2 100 100 0 0 0 -1 1 0 -1 - 0 -1 0 0 0 0 0 0 0 0 0 0 0 0 0

[00:50:49]	[Recv]	in 3 3006 40921 160 69 2 100 100 0 0 0 -1 1 0 -1 - 0 -1 0 0 0 0 0 0 0 0 0 0 0 0 0

[00:50:49]	[Recv]	in 3 3006 40920 151 101 2 100 100 0 0 0 -1 1 0 -1 - 0 -1 0 0 0 0 0 0 0 0 0 0 0 0 0

[00:50:49]	[Recv]	in 3 3006 40919 161 56 4 100 100 0 0 0 -1 1 0 -1 - 0 -1 0 0 0 0 0 0 0 0 0 0 0 0 0

[00:50:49]	[Recv]	in 3 3006 40917 152 48 2 100 100 0 0 0 -1 1 0 -1 - 0 -1 0 0 0 0 0 0 0 0 0 0 0 0 0

[00:50:49]	[Recv]	in 3 3006 40916 143 45 2 100 100 0 0 0 -1 1 0 -1 - 0 -1 0 0 0 0 0 0 0 0 0 0 0 0 0

[00:50:49]	[Recv]	in 3 3006 40915 140 75 2 100 100 0 0 0 -1 1 0 -1 - 0 -1 0 0 0 0 0 0 0 0 0 0 0 0 0

[00:50:49]	[Recv]	in 3 3006 40914 138 89 2 100 100 0 0 0 -1 1 0 -1 - 0 -1 0 0 0 0 0 0 0 0 0 0 0 0 0

[00:50:49]	[Recv]	in 3 3006 40913 142 26 0 100 100 0 0 0 -1 1 0 -1 - 0 -1 0 0 0 0 0 0 0 0 0 0 0 0 0

[00:50:49]	[Recv]	in 3 3006 40911 129 46 2 100 100 0 0 0 -1 1 0 -1 - 0 -1 0 0 0 0 0 0 0 0 0 0 0 0 0

[00:50:49]	[Recv]	in 3 3006 40910 121 74 2 100 100 0 0 0 -1 1 0 -1 - 0 -1 0 0 0 0 0 0 0 0 0 0 0 0 0

[00:50:49]	[Recv]	in 3 3006 40909 114 44 2 100 100 0 0 0 -1 1 0 -1 - 0 -1 0 0 0 0 0 0 0 0 0 0 0 0 0

[00:50:49]	[Recv]	in 3 3006 40908 109 35 2 100 100 0 0 0 -1 1 0 -1 - 0 -1 0 0 0 0 0 0 0 0 0 0 0 0 0

[00:50:49]	[Recv]	in 3 3006 40907 97 55 2 100 100 0 0 0 -1 1 0 -1 - 0 -1 0 0 0 0 0 0 0 0 0 0 0 0 0

[00:50:49]	[Recv]	in 3 3006 40906 109 51 1 100 100 0 0 0 -1 1 0 -1 - 0 -1 0 0 0 0 0 0 0 0 0 0 0 0 0

[00:50:49]	[Recv]	in 3 3006 40904 75 57 2 100 100 0 0 0 -1 1 0 -1 - 0 -1 0 0 0 0 0 0 0 0 0 0 0 0 0

[00:50:49]	[Recv]	in 3 3006 40903 60 94 2 100 100 0 0 0 -1 1 0 -1 - 0 -1 0 0 0 0 0 0 0 0 0 0 0 0 0

[00:50:49]	[Recv]	in 3 3006 40902 62 82 2 100 100 0 0 0 -1 1 0 -1 - 0 -1 0 0 0 0 0 0 0 0 0 0 0 0 0

[00:50:49]	[Recv]	in 3 3006 40901 61 48 2 100 100 0 0 0 -1 1 0 -1 - 0 -1 0 0 0 0 0 0 0 0 0 0 0 0 0

[00:50:49]	[Recv]	in 3 3006 40900 50 115 2 100 100 0 0 0 -1 1 0 -1 - 0 -1 0 0 0 0 0 0 0 0 0 0 0 0 0

[00:50:49]	[Recv]	in 3 3006 40899 45 99 2 100 100 0 0 0 -1 1 0 -1 - 0 -1 0 0 0 0 0 0 0 0 0 0 0 0 0

[00:50:49]	[Recv]	in 3 3004 40898 187 41 2 100 100 0 0 0 -1 1 0 -1 - 0 -1 0 0 0 0 0 0 0 0 0 0 0 0 0

[00:50:49]	[Recv]	in 3 3004 40897 179 72 2 100 100 0 0 0 -1 1 0 -1 - 0 -1 0 0 0 0 0 0 0 0 0 0 0 0 0

[00:50:49]	[Recv]	in 3 3004 40896 172 44 2 100 100 0 0 0 -1 1 0 -1 - 0 -1 0 0 0 0 0 0 0 0 0 0 0 0 0

[00:50:49]	[Recv]	in 3 3004 40895 169 39 2 100 100 0 0 0 -1 1 0 -1 - 0 -1 0 0 0 0 0 0 0 0 0 0 0 0 0

[00:50:49]	[Recv]	in 3 3004 40894 164 41 2 100 100 0 0 0 -1 1 0 -1 - 0 -1 0 0 0 0 0 0 0 0 0 0 0 0 0

[00:50:49]	[Recv]	in 3 3004 40893 161 47 2 100 100 0 0 0 -1 1 0 -1 - 0 -1 0 0 0 0 0 0 0 0 0 0 0 0 0

[00:50:49]	[Recv]	in 3 3004 40892 152 96 2 100 100 0 0 0 -1 1 0 -1 - 0 -1 0 0 0 0 0 0 0 0 0 0 0 0 0

[00:50:49]	[Recv]	in 3 3004 40891 54 63 0 100 100 0 0 0 -1 1 0 -1 - 0 -1 0 0 0 0 0 0 0 0 0 0 0 0 0

[00:50:49]	[Recv]	in 3 3004 40889 136 52 2 100 100 0 0 0 -1 1 0 -1 - 0 -1 0 0 0 0 0 0 0 0 0 0 0 0 0

[00:50:49]	[Recv]	in 3 3004 40888 124 33 2 100 100 0 0 0 -1 1 0 -1 - 0 -1 0 0 0 0 0 0 0 0 0 0 0 0 0

[00:50:49]	[Recv]	in 3 3004 40887 123 69 2 100 100 0 0 0 -1 1 0 -1 - 0 -1 0 0 0 0 0 0 0 0 0 0 0 0 0

[00:50:49]	[Recv]	in 3 3004 40886 125 31 2 100 100 0 0 0 -1 1 0 -1 - 0 -1 0 0 0 0 0 0 0 0 0 0 0 0 0

[00:50:49]	[Recv]	in 3 3004 40885 124 52 2 100 100 0 0 0 -1 1 0 -1 - 0 -1 0 0 0 0 0 0 0 0 0 0 0 0 0

[00:50:49]	[Recv]	in 3 3004 40884 50 117 1 100 100 0 0 0 -1 1 0 -1 - 0 -1 0 0 0 0 0 0 0 0 0 0 0 0 0

[00:50:49]	[Recv]	in 3 3004 40882 122 59 2 100 100 0 0 0 -1 1 0 -1 - 0 -1 0 0 0 0 0 0 0 0 0 0 0 0 0

[00:50:49]	[Recv]	in 3 3004 40881 115 80 2 100 100 0 0 0 -1 1 0 -1 - 0 -1 0 0 0 0 0 0 0 0 0 0 0 0 0

[00:50:49]	[Recv]	in 3 3004 40880 157 83 6 100 100 0 0 0 -1 1 0 -1 - 0 -1 0 0 0 0 0 0 0 0 0 0 0 0 0

[00:50:49]	[Recv]	in 3 3004 40878 87 47 2 100 100 0 0 0 -1 1 0 -1 - 0 -1 0 0 0 0 0 0 0 0 0 0 0 0 0

[00:50:49]	[Recv]	in 3 3004 40877 85 38 2 100 100 0 0 0 -1 1 0 -1 - 0 -1 0 0 0 0 0 0 0 0 0 0 0 0 0

[00:50:49]	[Recv]	in 3 3004 40876 80 49 2 100 100 0 0 0 -1 1 0 -1 - 0 -1 0 0 0 0 0 0 0 0 0 0 0 0 0

[00:50:49]	[Recv]	in 3 3004 40875 84 44 2 100 100 0 0 0 -1 1 0 -1 - 0 -1 0 0 0 0 0 0 0 0 0 0 0 0 0

[00:50:49]	[Recv]	in 3 3004 40874 66 47 2 100 100 0 0 0 -1 1 0 -1 - 0 -1 0 0 0 0 0 0 0 0 0 0 0 0 0

[00:50:49]	[Recv]	in 3 3004 40873 64 78 2 100 100 0 0 0 -1 1 0 -1 - 0 -1 0 0 0 0 0 0 0 0 0 0 0 0 0

[00:50:49]	[Recv]	in 3 3004 40872 64 107 2 100 100 0 0 0 -1 1 0 -1 - 0 -1 0 0 0 0 0 0 0 0 0 0 0 0 0

[00:50:49]	[Recv]	in 3 3004 40871 57 59 2 100 100 0 0 0 -1 1 0 -1 - 0 -1 0 0 0 0 0 0 0 0 0 0 0 0 0

[00:50:49]	[Recv]	in 3 3004 40870 52 78 2 100 100 0 0 0 -1 1 0 -1 - 0 -1 0 0 0 0 0 0 0 0 0 0 0 0 0

[00:50:49]	[Recv]	in 3 3004 40869 55 58 2 100 100 0 0 0 -1 1 0 -1 - 0 -1 0 0 0 0 0 0 0 0 0 0 0 0 0

[00:50:49]	[Recv]	in 3 3004 40868 51 49 2 100 100 0 0 0 -1 1 0 -1 - 0 -1 0 0 0 0 0 0 0 0 0 0 0 0 0

[00:50:49]	[Recv]	in 3 3004 40867 48 114 2 100 100 0 0 0 -1 1 0 -1 - 0 -1 0 0 0 0 0 0 0 0 0 0 0 0 0

[00:50:49]	[Recv]	in 3 3004 40866 111 41 2 100 100 0 0 0 -1 1 0 -1 - 0 -1 0 0 0 0 0 0 0 0 0 0 0 0 0

[00:50:49]	[Recv]	in 3 3003 40864 175 78 2 100 100 0 0 0 -1 1 0 -1 - 0 -1 0 0 0 0 0 0 0 0 0 0 0 0 0

[00:50:49]	[Recv]	in 3 3003 40863 160 36 2 100 100 0 0 0 -1 1 0 -1 - 0 -1 0 0 0 0 0 0 0 0 0 0 0 0 0

[00:50:49]	[Recv]	in 3 3003 40862 154 58 2 100 100 0 0 0 -1 1 0 -1 - 0 -1 0 0 0 0 0 0 0 0 0 0 0 0 0

[00:50:49]	[Recv]	in 3 3003 40861 149 38 2 100 100 0 0 0 -1 1 0 -1 - 0 -1 0 0 0 0 0 0 0 0 0 0 0 0 0

[00:50:49]	[Recv]	in 3 3003 40860 145 93 2 100 100 0 0 0 -1 1 0 -1 - 0 -1 0 0 0 0 0 0 0 0 0 0 0 0 0

[00:50:49]	[Recv]	in 3 3003 40859 138 39 2 100 100 0 0 0 -1 1 0 -1 - 0 -1 0 0 0 0 0 0 0 0 0 0 0 0 0

[00:50:49]	[Recv]	in 3 3003 40858 128 27 2 100 100 0 0 0 -1 1 0 -1 - 0 -1 0 0 0 0 0 0 0 0 0 0 0 0 0

[00:50:49]	[Recv]	in 3 3003 40857 121 40 2 100 100 0 0 0 -1 1 0 -1 - 0 -1 0 0 0 0 0 0 0 0 0 0 0 0 0

[00:50:49]	[Recv]	in 3 3003 40856 116 30 2 100 100 0 0 0 -1 1 0 -1 - 0 -1 0 0 0 0 0 0 0 0 0 0 0 0 0

[00:50:49]	[Recv]	in 3 3003 40855 97 60 2 100 100 0 0 0 -1 1 0 -1 - 0 -1 0 0 0 0 0 0 0 0 0 0 0 0 0

[00:50:49]	[Recv]	in 3 3003 40854 95 40 2 76 100 0 0 0 -1 1 0 -1 - 0 -1 0 0 0 0 0 0 0 0 0 0 0 0 0

[00:50:49]	[Recv]	in 3 3003 40853 83 37 2 100 100 0 0 0 -1 1 0 -1 - 0 -1 0 0 0 0 0 0 0 0 0 0 0 0 0

[00:50:49]	[Recv]	in 3 3003 40852 75 105 2 100 100 0 0 0 -1 1 0 -1 - 0 -1 0 0 0 0 0 0 0 0 0 0 0 0 0

[00:50:49]	[Recv]	in 3 3003 40851 75 48 2 100 100 0 0 0 -1 1 0 -1 - 0 -1 0 0 0 0 0 0 0 0 0 0 0 0 0

[00:50:49]	[Recv]	in 3 3003 40850 72 80 2 100 100 0 0 0 -1 1 0 -1 - 0 -1 0 0 0 0 0 0 0 0 0 0 0 0 0

[00:50:49]	[Recv]	in 3 3003 40849 62 57 2 100 100 0 0 0 -1 1 0 -1 - 0 -1 0 0 0 0 0 0 0 0 0 0 0 0 0

[00:50:49]	[Recv]	in 3 3003 40848 49 94 2 100 100 0 0 0 -1 1 0 -1 - 0 -1 0 0 0 0 0 0 0 0 0 0 0 0 0

[00:50:49]	[Recv]	in 3 3003 40847 42 114 2 100 100 0 0 0 -1 1 0 -1 - 0 -1 0 0 0 0 0 0 0 0 0 0 0 0 0

[00:50:49]	[Recv]	in 3 3003 40846 43 109 2 100 100 0 0 0 -1 1 0 -1 - 0 -1 0 0 0 0 0 0 0 0 0 0 0 0 0

[00:50:49]	[Recv]	in 3 3003 40845 33 107 2 100 100 0 0 0 -1 1 0 -1 - 0 -1 0 0 0 0 0 0 0 0 0 0 0 0 0

[00:50:49]	[Recv]	in 2 3133 40979 91 68 1 100 100 1 0 0 -1 1 0 -1 - 0 -1 0 0 0 0 0 0 0 0 0 0 0 0 0

[00:50:49]	[Recv]	in 2 3133 40978 77 46 5 100 100 1 0 0 -1 1 0 -1 - 0 -1 0 0 0 0 0 0 0 0 0 0 0 0 0

[00:50:49]	[Recv]	in 2 3133 40977 164 81 7 100 100 1 0 0 -1 1 0 -1 - 0 -1 0 0 0 0 0 0 0 0 0 0 0 0 0

[00:50:49]	[Recv]	in 2 3133 40976 146 62 2 100 100 1 0 0 -1 1 0 -1 - 0 -1 0 0 0 0 0 0 0 0 0 0 0 0 0

[00:50:49]	[Recv]	in 2 3133 40975 164 45 2 100 100 1 0 0 -1 1 0 -1 - 0 -1 0 0 0 0 0 0 0 0 0 0 0 0 0

[00:50:49]	[Recv]	in 2 3133 40974 54 107 6 100 100 1 0 0 -1 1 0 -1 - 0 -1 0 0 0 0 0 0 0 0 0 0 0 0 0

[00:50:49]	[Recv]	in 2 3133 40973 137 102 4 100 100 1 0 0 -1 1 0 -1 - 0 -1 0 0 0 0 0 0 0 0 0 0 0 0 0

[00:50:49]	[Recv]	in 2 3133 40972 56 46 4 100 100 1 0 0 -1 1 0 -1 - 0 -1 0 0 0 0 0 0 0 0 0 0 0 0 0

[00:50:49]	[Recv]	in 2 3133 40971 145 63 3 100 100 1 0 0 -1 1 0 -1 - 0 -1 0 0 0 0 0 0 0 0 0 0 0 0 0

[00:50:49]	[Recv]	in 2 3133 40970 162 65 3 100 100 1 0 0 -1 1 0 -1 - 0 -1 0 0 0 0 0 0 0 0 0 0 0 0 0

[00:50:49]	[Recv]	in 2 3063 40969 189 29 0 100 100 1 0 0 -1 1 0 -1 - 0 -1 0 0 0 0 0 0 0 0 0 0 0 0 0

[00:50:49]	[Recv]	in 2 3063 40968 185 41 0 100 100 1 0 0 -1 1 0 -1 - 0 -1 0 0 0 0 0 0 0 0 0 0 0 0 0

[00:50:49]	[Recv]	in 2 3063 40967 175 54 0 100 100 1 0 0 -1 1 0 -1 - 0 -1 0 0 0 0 0 0 0 0 0 0 0 0 0

[00:50:49]	[Recv]	in 2 3063 40966 171 51 0 100 100 1 0 0 -1 1 0 -1 - 0 -1 0 0 0 0 0 0 0 0 0 0 0 0 0

[00:50:49]	[Recv]	in 2 3063 40965 155 99 0 100 100 1 0 0 -1 1 0 -1 - 0 -1 0 0 0 0 0 0 0 0 0 0 0 0 0

[00:50:49]	[Recv]	in 2 3063 40964 141 69 0 100 100 1 0 0 -1 1 0 -1 - 0 -1 0 0 0 0 0 0 0 0 0 0 0 0 0

[00:50:49]	[Recv]	in 2 3063 40963 140 85 0 100 100 1 0 0 -1 1 0 -1 - 0 -1 0 0 0 0 0 0 0 0 0 0 0 0 0

[00:50:49]	[Recv]	in 2 3063 40962 132 67 0 100 100 1 0 0 -1 1 0 -1 - 0 -1 0 0 0 0 0 0 0 0 0 0 0 0 0

[00:50:49]	[Recv]	in 2 3063 40961 119 21 0 100 100 1 0 0 -1 1 0 -1 - 0 -1 0 0 0 0 0 0 0 0 0 0 0 0 0

[00:50:49]	[Recv]	in 2 3063 40960 110 69 0 100 100 1 0 0 -1 1 0 -1 - 0 -1 0 0 0 0 0 0 0 0 0 0 0 0 0

[00:50:49]	[Recv]	in 2 3063 40959 106 29 0 100 100 1 0 0 -1 1 0 -1 - 0 -1 0 0 0 0 0 0 0 0 0 0 0 0 0

[00:50:49]	[Recv]	in 2 3063 40958 102 35 0 100 100 1 0 0 -1 1 0 -1 - 0 -1 0 0 0 0 0 0 0 0 0 0 0 0 0

[00:50:49]	[Recv]	in 2 3063 40957 101 47 0 100 100 1 0 0 -1 1 0 -1 - 0 -1 0 0 0 0 0 0 0 0 0 0 0 0 0

[00:50:49]	[Recv]	in 2 3063 40956 98 44 0 100 100 1 0 0 -1 1 0 -1 - 0 -1 0 0 0 0 0 0 0 0 0 0 0 0 0

[00:50:49]	[Recv]	in 2 3063 40955 88 55 0 100 100 1 0 0 -1 1 0 -1 - 0 -1 0 0 0 0 0 0 0 0 0 0 0 0 0

[00:50:49]	[Recv]	in 2 3063 40954 83 64 0 100 100 1 0 0 -1 1 0 -1 - 0 -1 0 0 0 0 0 0 0 0 0 0 0 0 0

[00:50:49]	[Recv]	in 2 3063 40953 69 105 0 100 100 1 0 0 -1 1 0 -1 - 0 -1 0 0 0 0 0 0 0 0 0 0 0 0 0

[00:50:49]	[Recv]	in 2 3063 40952 67 48 0 100 100 1 0 0 -1 1 0 -1 - 0 -1 0 0 0 0 0 0 0 0 0 0 0 0 0

[00:50:49]	[Recv]	in 2 3063 40951 52 59 0 100 100 1 0 0 -1 1 0 -1 - 0 -1 0 0 0 0 0 0 0 0 0 0 0 0 0

[00:50:49]	[Recv]	in 2 3063 40950 38 93 0 100 100 1 0 0 -1 1 0 -1 - 0 -1 0 0 0 0 0 0 0 0 0 0 0 0 0

[00:50:49]	[Recv]	pst 2 2557262 0 100 100 34166 7013 0 0 0

[00:50:49]	[Recv]	pst 2 2557249 1 100 100 42830 3622 0 0 0

[00:50:49]	[Recv]	mv 3 40949 188 67 9

[00:50:49]	[Recv]	mv 3 40947 173 62 9

[00:50:49]	[Recv]	mv 3 40946 173 80 9

[00:50:49]	[Recv]	mv 3 40925 184 41 9

[00:50:49]	[Recv]	mv 3 40915 138 77 9

[00:50:49]	[Recv]	mv 3 40913 143 27 9

[00:50:49]	[Recv]	mv 3 40907 98 55 9

[00:50:49]	[Recv]	mv 3 40898 187 40 8

[00:50:49]	[Recv]	mv 3 40892 153 95 8

[00:50:49]	[Recv]	mv 3 40889 138 52 8

[00:50:49]	[Recv]	mv 3 40882 121 58 8

[00:50:49]	[Recv]	mv 3 40866 109 42 8

[00:50:49]	[Recv]	mv 3 40854 93 38 9

[00:50:49]	[Recv]	mv 3 40852 76 104 9

[00:50:49]	[Send]	walk 110 12 0 25
[00:50:49]	[Recv]	mv 3 40944 161 89 9

[00:50:49]	[Recv]	mv 3 40941 154 53 9

[00:50:49]	[Recv]	mv 3 40940 146 96 9

[00:50:49]	[Recv]	mv 3 40939 143 81 9

[00:50:49]	[Recv]	mv 3 40916 142 45 9

[00:50:49]	[Recv]	mv 3 40903 60 95 9

[00:50:49]	[Recv]	mv 3 40899 46 100 9

[00:50:49]	[Recv]	mv 3 40896 173 45 8

[00:50:49]	[Recv]	mv 3 40895 170 40 8

[00:50:49]	[Recv]	mv 3 40881 116 79 8

[00:50:49]	[Recv]	mv 3 40876 81 49 8

[00:50:49]	[Recv]	mv 3 40870 54 80 8

[00:50:49]	[Recv]	mv 3 40867 46 113 8

[00:50:49]	[Recv]	mv 3 40863 159 36 9

[00:50:49]	[Recv]	mv 3 40858 129 27 9

[00:50:49]	[Recv]	mv 3 40851 75 49 9

[00:50:50]	[Recv]	mv 3 40933 117 58 9

[00:50:50]	[Recv]	mv 3 40927 53 113 9

[00:50:50]	[Recv]	mv 3 40908 108 36 9

[00:50:50]	[Recv]	mv 3 40904 75 58 9

[00:50:50]	[Recv]	mv 3 40894 166 40 8

[00:50:50]	[Recv]	mv 3 40885 125 50 8

[00:50:50]	[Recv]	mv 3 40884 48 117 8

[00:50:50]	[Recv]	mv 3 40869 54 57 8

[00:50:50]	[Recv]	mv 3 40861 148 40 9

[00:50:50]	[Recv]	mv 3 40860 147 93 9

[00:50:50]	[Recv]	mv 3 40859 136 37 9

[00:50:50]	[Recv]	mv 3 40853 81 36 9

[00:50:50]	[Recv]	mv 3 40938 141 94 9

[00:50:50]	[Recv]	mv 3 40926 187 34 9

[00:50:50]	[Recv]	mv 3 40922 164 34 9

[00:50:50]	[Recv]	mv 3 40920 149 99 9

[00:50:50]	[Recv]	mv 3 40911 128 46 9

[00:50:50]	[Recv]	mv 3 40906 109 50 9

[00:50:50]	[Recv]	mv 3 40880 157 82 8

[00:50:50]	[Recv]	mv 3 40871 58 57 8

[00:50:50]	[Recv]	mv 3 40868 51 51 8

[00:50:50]	[Recv]	mv 3 40855 97 62 9

[00:50:50]	[Recv]	mv 3 40846 44 107 9

[00:50:50]	[Recv]	mv 3 40945 164 76 9

[00:50:50]	[Recv]	mv 3 40943 157 82 9

[00:50:50]	[Recv]	mv 3 40937 138 104 9

[00:50:50]	[Recv]	mv 3 40929 58 85 9

[00:50:50]	[Recv]	mv 3 40924 181 85 9

[00:50:50]	[Recv]	mv 3 40923 172 56 9

[00:50:50]	[Recv]	mv 3 40917 150 50 9

[00:50:50]	[Recv]	mv 3 40910 122 74 9

[00:50:50]	[Recv]	mv 3 40902 64 80 9

[00:50:50]	[Recv]	mv 3 40897 181 74 8

[00:50:50]	[Recv]	mv 3 40893 162 49 8

[00:50:50]	[Recv]	mv 3 40864 173 77 9

[00:50:50]	[Recv]	pst 2 2557262 0 100 100 34166 7013 0 0 0

[00:50:50]	[Recv]	pst 2 2557249 1 100 100 42830 3622 0 0 0

[00:50:50]	[Send]	walk 111 21 0 25
[00:50:50]	[Recv]	mv 3 40949 187 67 9

[00:50:50]	[Recv]	mv 3 40947 175 64 9

[00:50:50]	[Recv]	mv 3 40946 171 80 9

[00:50:50]	[Recv]	mv 3 40925 183 42 9

[00:50:50]	[Recv]	mv 3 40919 161 57 9

[00:50:50]	[Recv]	mv 3 40914 139 89 9

[00:50:50]	[Recv]	mv 3 40913 141 26 9

[00:50:50]	[Recv]	mv 3 40898 186 38 8

[00:50:50]	[Recv]	mv 3 40877 84 37 8

[00:50:50]	[Recv]	mv 3 40854 94 40 9

[00:50:50]	[Recv]	mv 3 40848 47 93 9

[00:50:50]	[Recv]	mv 3 40847 40 116 9

[00:50:50]	[Recv]	mv 3 40845 32 108 9

[00:50:50]	[Recv]	stat 74888 75191 12711 17265 0 1316

[00:50:50]	[Send]	walk 117 19 1 25
[00:50:50]	[Recv]	mv 3 40948 180 79 9

[00:50:50]	[Recv]	mv 3 40939 145 81 9

[00:50:50]	[Recv]	mv 3 40916 140 45 9

[00:50:50]	[Recv]	mv 3 40903 62 97 9

[00:50:50]	[Recv]	mv 3 40899 47 98 9

[00:50:50]	[Recv]	mv 3 40896 172 45 8

[00:50:50]	[Recv]	mv 3 40895 171 41 8

[00:50:50]	[Recv]	mv 3 40888 126 35 8

[00:50:50]	[Recv]	mv 3 40872 63 105 8

[00:50:50]	[Recv]	mv 3 40867 47 111 8

[00:50:50]	[Recv]	mv 3 40858 129 25 9

[00:50:50]	[Recv]	mv 3 40851 74 50 9

[00:50:51]	[Recv]	mv 3 40934 129 87 9

[00:50:51]	[Recv]	mv 3 40932 92 59 9

[00:50:51]	[Recv]	mv 3 40927 52 113 9

[00:50:51]	[Recv]	mv 3 40904 76 56 9

[00:50:51]	[Recv]	mv 3 40887 125 68 8

[00:50:51]	[Recv]	mv 3 40886 125 30 8

[00:50:51]	[Recv]	mv 3 40885 124 51 8

[00:50:51]	[Recv]	mv 3 40884 48 118 8

[00:50:51]	[Recv]	mv 3 40873 64 77 8

[00:50:51]	[Recv]	mv 3 40869 53 58 8

[00:50:51]	[Recv]	mv 3 40861 150 40 9

[00:50:51]	[Recv]	mv 3 40859 137 37 9

[00:50:51]	[Recv]	mv 3 40938 141 93 9

[00:50:51]	[Recv]	mv 3 40935 128 83 9

[00:50:51]	[Recv]	mv 3 40926 185 36 9

[00:50:51]	[Recv]	mv 3 40901 63 50 9

[00:50:51]	[Recv]	mv 3 40878 88 46 8

[00:50:51]	[Recv]	mv 3 40871 56 59 8

[00:50:51]	[Recv]	mv 3 40855 95 63 9

[00:50:51]	[Recv]	mv 3 40849 63 58 9

[00:50:51]	[Recv]	mv 3 40846 44 108 9

[00:50:51]	[Recv]	mv 3 40943 159 84 9

[00:50:51]	[Recv]	mv 3 40937 139 105 9

[00:50:51]	[Recv]	mv 3 40924 179 85 9

[00:50:51]	[Recv]	mv 3 40917 151 48 9

[00:50:51]	[Recv]	mv 3 40897 182 72 8

[00:50:51]	[Recv]	mv 3 40893 164 48 8

[00:50:51]	[Recv]	mv 3 40891 54 64 8

[00:50:51]	[Send]	walk 117 27 0 25
[00:50:51]	[Recv]	pst 2 2557262 0 100 100 34166 7013 0 0 0

[00:50:51]	[Recv]	pst 2 2557249 1 100 100 42830 3622 0 0 0

[00:50:51]	[Recv]	mv 3 40949 187 69 9

[00:50:51]	[Recv]	mv 3 40947 175 63 9

[00:50:51]	[Recv]	mv 3 40946 173 79 9

[00:50:51]	[Recv]	mv 3 40914 137 89 9

[00:50:51]	[Recv]	mv 3 40913 141 27 9

[00:50:51]	[Recv]	mv 3 40907 97 54 9

[00:50:51]	[Recv]	mv 3 40898 187 37 8

[00:50:51]	[Recv]	mv 3 40882 121 57 8

[00:50:51]	[Recv]	mv 3 40866 110 41 8

[00:50:51]	[Recv]	mv 3 40857 120 40 9

[00:50:51]	[Recv]	mv 3 40854 95 38 9

[00:50:51]	[Recv]	mv 3 40852 77 105 9

[00:50:51]	[Recv]	mv 3 40848 48 94 9

[00:50:51]	[Recv]	mv 3 40847 42 117 9

[00:50:51]	[Recv]	mv 3 40845 31 108 9

[00:50:51]	[Recv]	mv 3 40944 163 90 9

[00:50:51]	[Recv]	mv 3 40942 152 89 9

[00:50:51]	[Recv]	mv 3 40941 152 51 9

[00:50:51]	[Recv]	mv 3 40940 148 96 9

[00:50:51]	[Recv]	mv 3 40921 159 68 9

[00:50:51]	[Recv]	mv 3 40916 141 44 9

[00:50:51]	[Recv]	mv 3 40909 116 45 9

[00:50:51]	[Recv]	mv 3 40895 170 41 8

[00:50:51]	[Recv]	mv 3 40888 124 33 8

[00:50:51]	[Recv]	mv 3 40881 116 80 8

[00:50:51]	[Recv]	mv 3 40876 80 48 8

[00:50:51]	[Recv]	mv 3 40875 83 43 8

[00:50:51]	[Recv]	mv 3 40872 62 105 8

[00:50:51]	[Recv]	mv 3 40867 46 113 8

[00:50:51]	[Recv]	mv 3 40863 157 37 9

[00:50:51]	[Recv]	mv 3 40851 73 49 9

[00:50:52]	[Recv]	mv 3 40933 118 59 9

[00:50:52]	[Recv]	mv 3 40932 90 58 9

[00:50:52]	[Recv]	mv 3 40887 127 69 8

[00:50:52]	[Recv]	mv 3 40886 127 29 8

[00:50:52]	[Recv]	mv 3 40885 123 52 8

[00:50:52]	[Recv]	mv 3 40884 49 116 8

[00:50:52]	[Recv]	mv 3 40853 82 37 9

[00:50:52]	[Send]	walk 124 29 0 25
[00:50:52]	[Recv]	mv 3 40938 142 91 9

[00:50:52]	[Recv]	mv 3 40935 128 82 9

[00:50:52]	[Recv]	mv 3 40901 61 48 9

[00:50:52]	[Recv]	mv 3 40880 156 84 8

[00:50:52]	[Recv]	mv 3 40878 86 46 8

[00:50:52]	[Recv]	mv 3 40868 52 50 8

[00:50:52]	[Recv]	mv 3 40862 154 60 9

[00:50:52]	[Recv]	mv 3 40855 96 62 9

[00:50:52]	[Recv]	mv 3 40846 42 106 9

[00:50:52]	[Recv]	mv 3 40937 141 104 9

[00:50:52]	[Recv]	mv 3 40929 60 87 9

[00:50:52]	[Recv]	mv 3 40924 179 87 9

[00:50:52]	[Recv]	mv 3 40923 171 55 9

[00:50:52]	[Recv]	mv 3 40917 151 47 9

[00:50:52]	[Recv]	mv 3 40902 64 78 9

[00:50:52]	[Recv]	mv 3 40900 49 114 9

[00:50:52]	[Recv]	mv 3 40864 175 76 9

[00:50:52]	[Recv]	pst 2 2557262 0 100 100 34166 7013 0 0 0

[00:50:52]	[Recv]	pst 2 2557249 1 100 100 42830 3622 0 0 0

[00:50:52]	[Recv]	mv 3 40949 188 68 9

[00:50:52]	[Recv]	mv 3 40947 175 62 9

[00:50:52]	[Recv]	mv 3 40946 171 79 9

[00:50:52]	[Recv]	mv 3 40914 139 88 9

[00:50:52]	[Recv]	mv 3 40907 99 52 9

[00:50:52]	[Recv]	mv 3 40898 189 37 8

[00:50:52]	[Recv]	mv 3 40889 138 53 8

[00:50:52]	[Recv]	mv 3 40857 122 39 9

[00:50:52]	[Recv]	mv 3 40854 93 39 9

[00:50:52]	[Recv]	mv 3 40852 75 107 9

[00:50:52]	[Recv]	mv 3 40848 47 95 9

[00:50:52]	[Recv]	mv 3 40847 40 118 9

[00:50:52]	[Recv]	mv 3 40845 31 106 9

[00:50:52]	[Recv]	stat 75064 75191 12711 17265 0 1316

[00:50:52]	[Recv]	stat 75064 75191 12828 17265 0 1316

[00:50:52]	[Recv]	mv 3 40944 162 89 9

[00:50:52]	[Recv]	mv 3 40940 148 97 9

[00:50:52]	[Recv]	mv 3 40939 145 82 9

[00:50:52]	[Recv]	mv 3 40921 157 66 9

[00:50:52]	[Recv]	mv 3 40916 142 44 9

[00:50:52]	[Recv]	mv 3 40909 115 47 9

[00:50:52]	[Recv]	mv 3 40903 62 96 9

[00:50:52]	[Recv]	mv 3 40896 173 44 8

[00:50:52]	[Recv]	mv 3 40895 172 42 8

[00:50:52]	[Recv]	mv 3 40888 125 32 8

[00:50:52]	[Recv]	mv 3 40875 84 42 8

[00:50:52]	[Recv]	mv 3 40872 61 107 8

[00:50:52]	[Recv]	mv 3 40870 54 79 8

[00:50:52]	[Recv]	mv 3 40851 73 50 9

[00:50:53]	[Recv]	mv 3 40934 128 89 9

[00:50:53]	[Recv]	mv 3 40932 90 60 9

[00:50:53]	[Recv]	mv 3 40928 58 99 9

[00:50:53]	[Recv]	mv 3 40927 54 112 9

[00:50:53]	[Recv]	mv 3 40908 109 37 9

[00:50:53]	[Recv]	mv 3 40904 77 54 9

[00:50:53]	[Recv]	mv 3 40869 52 56 8

[00:50:53]	[Recv]	mv 3 40861 149 41 9

[00:50:53]	[Recv]	mv 3 40860 145 91 9

[00:50:53]	[Send]	qset 3 0 22
[00:50:53]	[Recv]	mv 3 40938 141 93 9

[00:50:53]	[Recv]	mv 3 40926 186 35 9

[00:50:53]	[Recv]	mv 3 40920 151 101 9

[00:50:53]	[Recv]	mv 3 40911 129 45 9

[00:50:53]	[Recv]	mv 3 40906 108 51 9

[00:50:53]	[Recv]	mv 3 40901 62 48 9

[00:50:53]	[Recv]	mv 3 40880 158 82 8

[00:50:53]	[Recv]	mv 3 40878 85 47 8

[00:50:53]	[Recv]	mv 3 40862 152 58 9

[00:50:53]	[Recv]	mv 3 40856 116 28 9

[00:50:53]	[Recv]	mv 3 40855 97 61 9

[00:50:53]	[Recv]	mv 3 40850 73 80 9

[00:50:53]	[Recv]	mv 3 40846 41 106 9

[00:50:53]	[Recv]	qset 0 22 0.-1.-1.0

[00:50:53]	[Send]	walk 131 36 0 25
[00:50:53]	[Send]	walk 118 26 0 25
[00:50:53]	[Recv]	mv 3 40945 165 76 9

[00:50:53]	[Recv]	mv 3 40943 159 86 9

[00:50:53]	[Recv]	mv 3 40929 58 85 9

[00:50:53]	[Recv]	mv 3 40923 169 54 9

[00:50:53]	[Recv]	mv 3 40917 149 46 9

[00:50:53]	[Recv]	mv 3 40910 120 72 9

[00:50:53]	[Recv]	mv 3 40902 63 78 9

[00:50:53]	[Recv]	pst 2 2557262 0 100 100 34166 7013 0 0 0

[00:50:53]	[Recv]	pst 2 2557249 1 100 100 42830 3622 0 0 0

[00:50:53]	[Recv]	mv 3 40947 174 63 9

[00:50:53]	[Recv]	mv 3 40946 173 80 9

[00:50:53]	[Recv]	mv 3 40915 140 76 9

[00:50:53]	[Recv]	mv 3 40889 136 52 8

[00:50:53]	[Recv]	mv 3 40882 122 58 8

[00:50:53]	[Recv]	mv 3 40877 83 36 8

[00:50:53]	[Recv]	mv 3 40857 122 38 9

[00:50:53]	[Recv]	mv 3 40852 74 106 9

[00:50:53]	[Recv]	mv 3 40848 45 94 9

[00:50:53]	[Recv]	mv 3 40845 33 106 9

[00:50:53]	[Recv]	mv 3 40944 161 87 9

[00:50:53]	[Recv]	mv 3 40921 159 67 9

[00:50:53]	[Recv]	mv 3 40909 114 45 9

[00:50:53]	[Recv]	mv 3 40903 64 95 9

[00:50:53]	[Recv]	mv 3 40899 47 100 9

[00:50:53]	[Recv]	mv 3 40896 174 42 8

[00:50:53]	[Recv]	mv 3 40895 173 40 8

[00:50:53]	[Recv]	mv 3 40888 126 34 8

[00:50:53]	[Recv]	mv 3 40876 81 47 8

[00:50:53]	[Recv]	mv 3 40875 83 44 8

[00:50:53]	[Recv]	mv 3 40870 53 77 8

[00:50:53]	[Recv]	mv 3 40867 47 111 8

[00:50:53]	[Recv]	mv 3 40863 157 39 9

[00:50:53]	[Recv]	mv 3 40858 128 25 9

[00:50:53]	[Send]	walk 117 20 0 25
[00:50:54]	[Recv]	mv 3 40934 126 89 9

[00:50:54]	[Recv]	mv 3 40933 117 60 9

[00:50:54]	[Recv]	mv 3 40932 89 62 9

[00:50:54]	[Recv]	mv 3 40887 125 67 8

[00:50:54]	[Recv]	mv 3 40886 127 28 8

[00:50:54]	[Recv]	mv 3 40884 50 114 8

[00:50:54]	[Recv]	mv 3 40873 65 78 8

[00:50:54]	[Recv]	mv 3 40859 136 38 9

[00:50:54]	[Recv]	mv 3 40935 130 80 9

[00:50:54]	[Recv]	mv 3 40926 187 34 9

[00:50:54]	[Recv]	mv 3 40922 162 34 9

[00:50:54]	[Recv]	mv 3 40920 152 101 9

[00:50:54]	[Recv]	mv 3 40911 131 44 9

[00:50:54]	[Recv]	mv 3 40906 109 51 9

[00:50:54]	[Recv]	mv 3 40901 64 50 9

[00:50:54]	[Recv]	mv 3 40878 85 45 8

[00:50:54]	[Recv]	mv 3 40871 57 59 8

[00:50:54]	[Recv]	mv 3 40868 51 50 8

[00:50:54]	[Recv]	mv 3 40849 61 58 9

[00:50:54]	[Recv]	mv 3 40846 40 107 9

[00:50:54]	[Send]	walk 116 15 0 25
[00:50:54]	[Recv]	mv 3 40945 164 74 9

[00:50:54]	[Recv]	mv 3 40943 157 86 9

[00:50:54]	[Recv]	mv 3 40937 140 103 9

[00:50:54]	[Recv]	mv 3 40936 134 96 9

[00:50:54]	[Recv]	mv 3 40929 56 86 9

[00:50:54]	[Recv]	mv 3 40923 170 53 9

[00:50:54]	[Recv]	mv 3 40917 148 48 9

[00:50:54]	[Recv]	mv 3 40902 62 78 9

[00:50:54]	[Recv]	mv 3 40900 51 116 9

[00:50:54]	[Recv]	mv 3 40897 181 73 8

[00:50:54]	[Recv]	mv 3 40893 164 49 8

[00:50:54]	[Recv]	mv 3 40864 175 77 9

[00:50:54]	[Recv]	pst 2 2557262 0 100 100 34166 7013 0 0 0

[00:50:54]	[Recv]	pst 2 2557249 1 100 100 42830 3622 0 0 0

[00:50:54]	[Recv]	msgi2 0 905 14 ~Dardy~ 3027 

[00:50:54]	[Recv]	mv 3 40947 176 64 9

[00:50:54]	[Recv]	mv 3 40946 171 81 9

[00:50:54]	[Recv]	mv 3 40925 183 40 9

[00:50:54]	[Recv]	mv 3 40919 159 58 9

[00:50:54]	[Recv]	mv 3 40915 140 75 9

[00:50:54]	[Recv]	mv 3 40914 137 90 9

[00:50:54]	[Recv]	mv 3 40898 188 38 8

[00:50:54]	[Recv]	mv 3 40889 134 53 8

[00:50:54]	[Recv]	mv 3 40882 123 59 8

[00:50:54]	[Recv]	mv 3 40877 84 38 8

[00:50:54]	[Recv]	mv 3 40857 120 38 9

[00:50:54]	[Recv]	mv 3 40847 42 116 9

[00:50:54]	[Recv]	mv 3 40845 35 106 9

[00:50:54]	[Recv]	stat 75191 75191 12828 17265 0 1316

[00:50:54]	[Recv]	mv 3 40942 153 91 9

[00:50:54]	[Recv]	mv 3 40941 153 51 9

[00:50:54]	[Recv]	mv 3 40940 149 96 9

[00:50:54]	[Recv]	mv 3 40939 143 83 9

[00:50:54]	[Recv]	mv 3 40921 158 66 9

[00:50:54]	[Recv]	mv 3 40909 116 44 9

[00:50:54]	[Recv]	mv 3 40896 172 43 8

[00:50:54]	[Recv]	mv 3 40895 172 41 8

[00:50:54]	[Recv]	mv 3 40888 127 34 8

[00:50:54]	[Recv]	mv 3 40881 115 80 8

[00:50:54]	[Recv]	mv 3 40876 82 49 8

[00:50:54]	[Recv]	mv 3 40875 82 42 8

[00:50:54]	[Recv]	mv 3 40874 65 48 8

[00:50:54]	[Recv]	mv 3 40872 62 106 8

[00:50:54]	[Recv]	mv 3 40867 46 113 8

[00:50:54]	[Recv]	mv 3 40863 159 38 9

[00:50:54]	[Recv]	mv 3 40858 126 26 9

[00:50:55]	[Recv]	mv 3 40934 127 88 9

[00:50:55]	[Recv]	mv 3 40932 90 60 9

[00:50:55]	[Recv]	mv 3 40928 58 98 9

[00:50:55]	[Recv]	mv 3 40927 53 111 9

[00:50:55]	[Recv]	mv 3 40908 108 36 9

[00:50:55]	[Recv]	mv 3 40904 79 55 9

[00:50:55]	[Recv]	mv 3 40894 166 39 8

[00:50:55]	[Recv]	mv 3 40887 127 69 8

[00:50:55]	[Recv]	mv 3 40886 126 29 8

[00:50:55]	[Recv]	mv 3 40885 125 53 8

[00:50:55]	[Recv]	mv 3 40884 48 115 8

[00:50:55]	[Recv]	gcon 2421514|0|26020200

[00:50:55]	[Recv]	ginfo Sanguinarius Dante† 0 27 41263238 42871776 193 200 3 1 0 1 1 2 1 1 Read^abot^rules^change^in^discord.

[00:50:55]	[Recv]	mv 3 40935 129 82 9

[00:50:55]	[Recv]	mv 3 40926 185 35 9

[00:50:55]	[Recv]	mv 3 40920 150 100 9

[00:50:55]	[Recv]	mv 3 40906 109 50 9

[00:50:55]	[Recv]	mv 3 40862 154 59 9

[00:50:55]	[Recv]	mv 3 40856 114 29 9

[00:50:55]	[Recv]	mv 3 40855 95 63 9

[00:50:55]	[Recv]	mv 3 40850 74 78 9

[00:50:55]	[Recv]	mv 3 40945 163 76 9

[00:50:55]	[Recv]	mv 3 40943 156 84 9

[00:50:55]	[Recv]	mv 3 40937 138 102 9

[00:50:55]	[Recv]	mv 3 40936 134 94 9

[00:50:55]	[Recv]	mv 3 40931 179 61 9

[00:50:55]	[Recv]	mv 3 40929 58 85 9

[00:50:55]	[Recv]	mv 3 40924 180 85 9

[00:50:55]	[Recv]	mv 3 40910 122 71 9

[00:50:55]	[Recv]	mv 3 40902 62 79 9

[00:50:55]	[Recv]	mv 3 40900 52 114 9

[00:50:55]	[Recv]	mv 3 40897 181 74 8

[00:50:55]	[Recv]	mv 3 40891 55 63 8

[00:50:55]	[Recv]	mv 3 40864 176 78 9

[00:50:55]	[Send]	walk 115 6 1 25
[00:50:55]	[Recv]	pst 2 2557262 0 100 100 34166 7013 0 0 0

[00:50:55]	[Recv]	pst 2 2557249 1 100 100 42830 3622 0 0 0

[00:50:55]	[Recv]	mv 3 40947 176 66 9

[00:50:55]	[Recv]	mv 3 40925 183 39 9

[00:50:55]	[Recv]	mv 3 40915 139 75 9

[00:50:55]	[Recv]	mv 3 40914 138 88 9

[00:50:55]	[Recv]	mv 3 40913 142 27 9

[00:50:55]	[Recv]	mv 3 40907 98 53 9

[00:50:55]	[Recv]	mv 3 40889 134 52 8

[00:50:55]	[Recv]	mv 3 40877 82 36 8

[00:50:55]	[Recv]	mv 3 40866 112 40 8

[00:50:55]	[Recv]	mv 3 40854 93 40 9

[00:50:55]	[Recv]	mv 3 40852 76 107 9

[00:50:55]	[Recv]	mv 3 40848 46 93 9

[00:50:55]	[Recv]	mv 3 40847 40 117 9

[00:50:55]	[Recv]	mv 3 40942 154 90 9

[00:50:55]	[Recv]	mv 3 40941 152 51 9

[00:50:55]	[Recv]	mv 3 40939 145 81 9

[00:50:55]	[Recv]	mv 3 40921 157 66 9

[00:50:55]	[Recv]	mv 3 40916 144 43 9

[00:50:55]	[Recv]	mv 3 40903 63 95 9

[00:50:55]	[Recv]	mv 3 40895 170 41 8

[00:50:55]	[Recv]	mv 3 40888 127 33 8

[00:50:55]	[Recv]	mv 3 40875 82 43 8

[00:50:55]	[Recv]	mv 3 40870 53 79 8

[00:50:55]	[Recv]	mv 3 40867 44 114 8

[00:50:55]	[Recv]	mv 3 40858 127 27 9

[00:50:56]	[Recv]	mv 3 40932 92 62 9

[00:50:56]	[Recv]	mv 3 40908 106 36 9

[00:50:56]	[Recv]	mv 3 40894 166 41 8

[00:50:56]	[Recv]	mv 3 40887 126 68 8

[00:50:56]	[Recv]	mv 3 40885 124 52 8

[00:50:56]	[Recv]	mv 3 40884 50 116 8

[00:50:56]	[Recv]	mv 3 40873 67 77 8

[00:50:56]	[Recv]	mv 3 40869 54 57 8

[00:50:56]	[Recv]	mv 3 40860 146 93 9

[00:50:56]	[Recv]	mv 3 40859 135 39 9

[00:50:56]	[Recv]	mv 3 40853 81 36 9

[00:50:56]	[Recv]	mv 3 40926 187 35 9

[00:50:56]	[Recv]	mv 3 40920 152 101 9

[00:50:56]	[Recv]	mv 3 40906 108 52 9

[00:50:56]	[Recv]	mv 3 40901 64 51 9

[00:50:56]	[Recv]	mv 3 40878 84 44 8

[00:50:56]	[Recv]	mv 3 40871 57 57 8

[00:50:56]	[Recv]	mv 3 40856 115 31 9

[00:50:56]	[Recv]	mv 3 40849 63 57 9

[00:50:56]	[Send]	walk 111 1 1 25
[00:50:56]	[Recv]	mv 3 40943 158 83 9

[00:50:56]	[Recv]	mv 3 40937 140 104 9

[00:50:56]	[Recv]	mv 3 40936 135 94 9

[00:50:56]	[Recv]	mv 3 40931 181 61 9

[00:50:56]	[Recv]	mv 3 40924 180 83 9

[00:50:56]	[Recv]	mv 3 40923 169 54 9

[00:50:56]	[Recv]	mv 3 40910 121 70 9

[00:50:56]	[Recv]	mv 3 40902 63 78 9

[00:50:56]	[Recv]	mv 3 40900 50 115 9

[00:50:56]	[Recv]	mv 3 40897 179 73 8

[00:50:56]	[Recv]	mv 3 40893 162 50 8

[00:50:56]	[Recv]	mv 3 40864 175 77 9

[00:50:56]	[Recv]	pst 2 2557262 0 100 100 34166 7013 0 0 0

[00:50:56]	[Recv]	pst 2 2557249 1 100 100 42830 3622 0 0 0

[00:50:56]	[Recv]	mv 3 40949 186 68 9

[00:50:56]	[Recv]	mv 3 40919 161 59 9

[00:50:56]	[Recv]	mv 3 40915 140 75 9

[00:50:56]	[Recv]	mv 3 40907 96 53 9

[00:50:56]	[Recv]	mv 3 40892 153 94 8

[00:50:56]	[Recv]	mv 3 40889 135 53 8

[00:50:56]	[Recv]	mv 3 40882 124 60 8

[00:50:56]	[Recv]	mv 3 40877 83 37 8

[00:50:56]	[Recv]	mv 3 40857 120 40 9

[00:50:56]	[Recv]	mv 3 40845 33 108 9

[00:50:56]	[Recv]	stat 75191 75191 12828 17265 0 1316

[00:50:56]	[Recv]	stat 75191 75191 12945 17265 0 1316

[00:50:56]	[Recv]	mv 3 40948 180 78 9

[00:50:56]	[Recv]	mv 3 40940 148 97 9

[00:50:56]	[Recv]	mv 3 40921 159 68 9

[00:50:56]	[Recv]	mv 3 40916 143 45 9

[00:50:56]	[Recv]	mv 3 40903 64 97 9

[00:50:56]	[Recv]	mv 3 40896 173 43 8

[00:50:56]	[Recv]	mv 3 40888 125 34 8

[00:50:56]	[Recv]	mv 3 40875 80 44 8

[00:50:56]	[Recv]	mv 3 40874 66 50 8

[00:50:56]	[Recv]	mv 3 40870 55 79 8

[00:50:56]	[Recv]	mv 3 40863 158 39 9

[00:50:56]	[Recv]	mv 3 40858 129 27 9

[00:50:57]	[Recv]	mv 3 40934 128 87 9

[00:50:57]	[Recv]	mv 3 40932 90 60 9

[00:50:57]	[Recv]	mv 3 40908 105 34 9

[00:50:57]	[Recv]	mv 3 40894 165 43 8

[00:50:57]	[Recv]	mv 3 40887 125 67 8

[00:50:57]	[Recv]	mv 3 40886 125 28 8

[00:50:57]	[Recv]	mv 3 40884 49 115 8

[00:50:57]	[Recv]	mv 3 40861 150 40 9

[00:50:57]	[Recv]	mv 3 40860 148 94 9

[00:50:57]	[Recv]	mv 3 40859 134 39 9

[00:50:57]	[Send]	preq
[00:50:57]	[Recv]	mv 3 40935 129 83 9

[00:50:57]	[Recv]	mv 3 40920 151 99 9

[00:50:57]	[Recv]	mv 3 40911 131 46 9

[00:50:57]	[Recv]	mv 3 40906 108 53 9

[00:50:57]	[Recv]	mv 3 40901 63 50 9

[00:50:57]	[Recv]	mv 3 40880 159 84 8

[00:50:57]	[Recv]	mv 3 40878 85 45 8

[00:50:57]	[Recv]	mv 3 40871 59 59 8

[00:50:57]	[Recv]	mv 3 40868 52 52 8

[00:50:57]	[Recv]	mv 3 40862 155 58 9

[00:50:57]	[Recv]	mv 3 40856 114 30 9

[00:50:57]	[Recv]	mv 3 40850 75 79 9

[00:50:57]	[Recv]	mv 3 40846 42 108 9

[00:50:57]	[Recv]	c_map 0 2637 0

[00:50:57]	[Recv]	mapout

[00:50:57]	[Send]	c_close 1
[00:50:57]	[Send]	c_close 0
[00:50:57]	[Send]	f_stash_end 
[00:50:57]	[Send]	c_close 1
[00:50:57]	[Recv]	c_info milkers - -1 3739.918 Sanguinarius 6835325 0 0 1 5 1 27 0 10 0 0 0 0 8151 9

[00:50:57]	[Send]	mall 50
[00:50:57]	[Send]	c_close 1
[00:50:57]	[Recv]	c_mode 1 6835325 3728 0 0 0 100 8151

[00:50:57]	[Recv]	equip 73 78 0.8628.3.7.0.8.82 1.8643.8.7.0.2.82 2.8689.0.0.0.0.0 3.8653.0.2.0.0.0 4.8655.0.0.0.0.0 5.8636.7.8.0.0.82 6.4657.0.0.0.0.0 7.4653.0.0.0.0.0 8.4647.0.0.0.0.0 9.8687.0.0.0.0.0 10.8674.9.0.0.0.0 12.909.0.20.100.0.0 13.8680.0.0.0.0.0 14.8566.0.0.0.0.0 15.8598.0.0.0.0.0 16.8568.0.0.0.0.0 17.8801.0.0.0.0.0

[00:50:57]	[Recv]	lev 99 0 99 0 2140719000 5991794 13364600 200 881816047 91 967912450 0

[00:50:57]	[Recv]	stat 75191 75191 12945 17265 0 1316

[00:50:57]	[Recv]	at 6835325 2628 111 124 2 0 115 1 -1

[00:50:57]	[Recv]	cond 1 6835325 0 0 25

[00:50:57]	[Recv]	cond 1 6835325 0 0 25

[00:50:57]	[Recv]	titinfo 1 6835325 9468 9468

[00:50:57]	[Recv]	eq 6835325 0 0 1 5 1 8689.8643.8628.8636.8687.8674.8680.8566.8598.8568.8801 73 78 100

[00:50:57]	[Recv]	c_map 0 2628 1

[00:50:57]	[Recv]	sc 0 7 4136 4278 1894 37 415 1 8 4111 4311 2101 43 405 7 2246 1268 2064 1268 1784 91 88 127 138

[00:50:57]	[Recv]	char_sc 1 6835325 100

[00:50:57]	[Recv]	gidx 1 6835325 3739.918 Sanguinarius 27 0|0|1

[00:50:57]	[Recv]	rsfp 0 -1

[00:50:57]	[Recv]	pairy 1 6835325 4 3 129 59

[00:50:57]	[Recv]	minipet 1 6835325 8801

[00:50:57]	[Recv]	act6 

[00:50:57]	[Recv]	pinit 2 2|2557262|0|99|@|-1|2789|1|2646|0|0 2|2557249|1|96|@|-1|2762|0|0|0|0


[00:50:57]	[Recv]	food 0

[00:50:57]	[Recv]	gp 7 76 2633 -1 0 0

[00:50:57]	[Recv]	gp 60 120 4995 3 1 0

[00:50:57]	[Recv]	gp 111 126 2637 -1 2 0

[00:50:57]	[Recv]	gp 116 18 2640 -1 3 0

[00:50:57]	[Recv]	wp 105 114 90 4 85 99

[00:50:57]	[Recv]	in 2 3096 40312 42 75 3 100 100 11015 0 0 -1 1 0 -1 - 0 -1 0 0 0 0 0 0 0 0 0 0 0 0 0

[00:50:57]	[Recv]	shop 2 40312 1 5 48 Family Manager

[00:50:57]	[Recv]	in 2 3076 40311 43 50 6 100 100 11009 0 0 -1 1 0 -1 - 0 -1 0 0 0 0 0 0 0 0 0 0 0 0 0

[00:50:57]	[Recv]	shop 2 40311 1 0 88 Rune Workshop

[00:50:57]	[Recv]	in 2 3079 40310 76 43 2 100 100 11014 0 0 -1 1 0 -1 - 0 -1 0 0 0 0 0 0 0 0 0 0 0 0 0

[00:50:57]	[Recv]	shop 2 40310 1 0 87 Alchemy Shop

[00:50:57]	[Recv]	in 2 3070 40309 31 52 6 100 100 11008 0 0 -1 1 0 -1 - 0 -1 0 0 0 0 0 0 0 0 0 0 0 0 0

[00:50:57]	[Recv]	shop 2 40309 1 0 86 Supermarket

[00:50:57]	[Recv]	in 2 3097 40308 99 37 7 100 100 11020 0 0 -1 1 0 -1 - 0 -1 0 0 0 0 0 0 0 0 0 0 0 0 0

[00:50:57]	[Recv]	shop 2 40308 1 0 85 General Shop

[00:50:57]	[Recv]	in 2 3084 40307 46 49 6 100 100 11003 0 0 -1 1 0 -1 - 0 -1 0 0 0 0 0 0 0 0 0 0 0 0 0

[00:50:57]	[Recv]	shop 2 40307 1 0 84 Equipment Shop

[00:50:57]	[Recv]	in 2 3077 40306 71 42 2 100 100 11006 0 0 -1 1 0 -1 - 0 -1 0 0 0 0 0 0 0 0 0 0 0 0 0

[00:50:57]	[Recv]	shop 2 40306 1 0 83 Tattooist

[00:50:57]	[Recv]	in 2 3385 40305 37 52 6 100 100 571 0 0 -1 1 0 -1 - 0 -1 0 0 0 0 0 0 0 0 0 0 0 0 0

[00:50:57]	[Recv]	shop 2 40305 1 0 117 Shell Master

[00:50:57]	[Recv]	in 2 1579 40304 41 71 3 100 100 570 0 0 -1 1 0 -1 - 0 -1 0 0 0 0 0 0 0 0 0 0 0 0 0

[00:50:57]	[Recv]	shop 2 40304 1 0 116 Hardcore Raid Token Shop (Moritius)

[00:50:57]	[Recv]	in 2 3048 40303 153 84 3 100 100 11028 0 0 -1 1 0 -1 - 0 -1 0 0 0 0 0 0 0 0 0 0 0 0 0

[00:50:57]	[Recv]	shop 2 40303 1 0 92 Celestial Spire Guard

[00:50:57]	[Recv]	in 2 3081 40302 49 66 0 100 100 11030 0 0 -1 1 0 -1 - 0 -1 0 0 0 0 0 0 0 0 0 0 0 0 0

[00:50:57]	[Recv]	shop 2 40302 1 0 45 NosBazaar

[00:50:57]	[Recv]	in 2 3078 40301 119 30 7 100 100 11002 0 0 -1 1 0 -1 - 0 -1 0 0 0 0 0 0 0 0 0 0 0 0 0

[00:50:57]	[Recv]	shop 2 40301 1 0 82 Rainbow Shop

[00:50:57]	[Recv]	in 2 3115 40300 66 124 0 100 100 0 0 0 -1 1 0 -1 - 0 -1 0 0 0 0 0 0 0 0 0 0 0 0 0

[00:50:57]	[Recv]	in 2 3115 40299 64 134 0 100 100 0 0 0 -1 1 0 -1 - 0 -1 0 0 0 0 0 0 0 0 0 0 0 0 0

[00:50:57]	[Recv]	in 2 3115 40298 58 128 0 100 100 0 0 0 -1 1 0 -1 - 0 -1 0 0 0 0 0 0 0 0 0 0 0 0 0

[00:50:57]	[Recv]	in 2 3115 40297 57 132 0 100 100 0 0 0 -1 1 0 -1 - 0 -1 0 0 0 0 0 0 0 0 0 0 0 0 0

[00:50:57]	[Recv]	in 2 3115 40296 55 132 0 100 100 0 0 0 -1 1 0 -1 - 0 -1 0 0 0 0 0 0 0 0 0 0 0 0 0

[00:50:57]	[Recv]	in 2 3115 40295 53 130 0 100 100 0 0 0 -1 1 0 -1 - 0 -1 0 0 0 0 0 0 0 0 0 0 0 0 0

[00:50:57]	[Recv]	in 2 3115 40294 54 127 0 100 100 0 0 0 -1 1 0 -1 - 0 -1 0 0 0 0 0 0 0 0 0 0 0 0 0

[00:50:57]	[Recv]	in 2 3092 40293 117 40 0 100 100 0 0 0 -1 1 0 -1 - 0 -1 0 0 0 0 0 0 0 0 0 0 0 0 0

[00:50:57]	[Recv]	in 2 3091 40292 119 42 0 100 100 0 0 0 -1 1 0 -1 - 0 -1 0 0 0 0 0 0 0 0 0 0 0 0 0

[00:50:57]	[Recv]	in 2 3090 40291 126 55 3 100 100 11025 0 0 -1 1 0 -1 - 0 -1 0 0 0 0 0 0 0 0 0 0 0 0 0

[00:50:57]	[Recv]	in 2 3089 40290 126 57 3 100 100 11005 0 0 -1 1 0 -1 - 0 -1 0 0 0 0 0 0 0 0 0 0 0 0 0

[00:50:57]	[Recv]	in 2 3088 40289 120 112 3 100 100 0 0 0 -1 1 0 -1 - 0 -1 0 0 0 0 0 0 0 0 0 0 0 0 0

[00:50:57]	[Recv]	in 2 3087 40288 120 120 3 100 100 11001 0 0 -1 1 0 -1 - 0 -1 0 0 0 0 0 0 0 0 0 0 0 0 0

[00:50:57]	[Recv]	in 2 3083 40287 46 101 3 100 100 0 0 0 -1 1 0 -1 - 0 -1 0 0 0 0 0 0 0 0 0 0 0 0 0

[00:50:57]	[Recv]	in 2 3082 40286 30 107 1 100 100 0 0 0 -1 1 0 -1 - 0 -1 0 0 0 0 0 0 0 0 0 0 0 0 0

[00:50:57]	[Recv]	in 2 3080 40285 123 46 7 100 100 0 0 0 -1 1 0 -1 - 0 -1 0 0 0 0 0 0 0 0 0 0 0 0 0

[00:50:57]	[Recv]	in 2 3074 40284 52 90 0 100 100 11021 0 0 -1 1 0 -1 - 0 -1 0 0 0 0 0 0 0 0 0 0 0 0 0

[00:50:57]	[Recv]	in 2 3073 40283 33 89 5 100 100 11027 0 0 -1 1 0 -1 - 0 -1 0 0 0 0 0 0 0 0 0 0 0 0 0

[00:50:57]	[Recv]	in 2 3067 40282 82 99 0 100 100 11011 0 0 -1 1 0 -1 - 0 -1 0 0 0 0 0 0 0 0 0 0 0 0 0

[00:50:57]	[Recv]	in 2 3048 40281 116 35 2 100 100 0 0 0 -1 1 0 -1 - 0 -1 0 0 0 0 0 0 0 0 0 0 0 0 0

[00:50:57]	[Recv]	in 2 3048 40280 76 95 0 100 100 0 0 0 -1 1 0 -1 - 0 -1 0 0 0 0 0 0 0 0 0 0 0 0 0

[00:50:57]	[Recv]	in 2 3047 40279 152 81 3 100 100 0 0 0 -1 1 0 -1 - 0 -1 0 0 0 0 0 0 0 0 0 0 0 0 0

[00:50:57]	[Recv]	in 2 3047 40278 151 87 3 100 100 0 0 0 -1 1 0 -1 - 0 -1 0 0 0 0 0 0 0 0 0 0 0 0 0

[00:50:57]	[Recv]	in 2 3047 40277 136 78 3 100 100 0 0 0 -1 1 0 -1 - 0 -1 0 0 0 0 0 0 0 0 0 0 0 0 0

[00:50:57]	[Recv]	in 2 3047 40276 135 85 3 100 100 0 0 0 -1 1 0 -1 - 0 -1 0 0 0 0 0 0 0 0 0 0 0 0 0

[00:50:57]	[Recv]	in 2 3047 40275 109 33 2 100 100 0 0 0 -1 1 0 -1 - 0 -1 0 0 0 0 0 0 0 0 0 0 0 0 0

[00:50:57]	[Recv]	in 2 3047 40274 85 92 0 100 100 0 0 0 -1 1 0 -1 - 0 -1 0 0 0 0 0 0 0 0 0 0 0 0 0

[00:50:57]	[Recv]	in 2 3047 40273 19 66 1 100 100 0 0 0 -1 1 0 -1 - 0 -1 0 0 0 0 0 0 0 0 0 0 0 0 0

[00:50:57]	[Recv]	in 2 3047 40272 18 83 1 100 100 0 0 0 -1 1 0 -1 - 0 -1 0 0 0 0 0 0 0 0 0 0 0 0 0

[00:50:57]	[Recv]	in 2 2557 2443470 70 43 2 100 100 0 0 3 6916712 1 0 3206 @ 1 0 1 1880 1881 1882 4237 0 0 0 2723 0 1 0 0

[00:50:57]	[Recv]	in 2 1488 2443466 71 43 2 100 100 0 0 3 6916712 1 0 -1 @ 2 -1 0 0 0 0 0 0 0 0 0 0 0 6 0

[00:50:57]	[Recv]	in 1 kronyme - 6916712 70 45 2 0 1 3 5 2 221.4479.4451.4963.227.4131.8680.8682.8701.4443.8696 100 100 0 9 4 3 0 42 0 0 86 77 4268.918 GO-Pex-Zaby 25 0 0 0 0 97 3 0|0|0 0 0 100 57 9347

[00:50:57]	[Recv]	pst 2 2557262 0 100 100 34166 7013 0 0 0

[00:50:57]	[Recv]	pst 2 2557249 1 100 100 42830 3622 0 0 0

[00:50:58]	[Recv]	mv 2 40300 67 126 4

[00:50:58]	[Recv]	mv 2 40299 65 132 4

[00:50:58]	[Recv]	mv 2 40298 60 128 4

[00:50:58]	[Recv]	mv 2 40297 59 132 4

[00:50:58]	[Recv]	mv 2 40295 55 132 4

[00:50:58]	[Send]	walk 112 126 1 25
[00:50:58]	[Recv]	pst 2 2557262 0 100 100 34166 7013 0 0 0

[00:50:58]	[Recv]	pst 2 2557249 1 100 100 42830 3622 0 0 0

[00:50:58]	[Recv]	stat 75191 75191 12945 17265 0 1316

[00:50:58]	[Send]	preq
[00:50:58]	[Recv]	sayi 1 6835325 10 94 0 0 0 0 0

[00:50:59]	[Recv]	mv 2 40299 63 134 4

[00:50:59]	[Recv]	mv 2 40298 62 128 4

[00:50:59]	[Recv]	mv 2 40297 61 131 4

[00:50:59]	[Recv]	mv 2 40296 55 130 4

[00:50:59]	[Recv]	mv 2 40294 53 125 4

[00:50:59]	[Recv]	in 2 2557 2523825 70 44 2 100 100 0 0 3 7107564 1 0 2379 @ 1 1 1 1602 1603 1604 0 0 0 0 2366 0 0 0 0

[00:50:59]	[Recv]	in 2 683 2523821 72 46 2 100 100 0 0 3 7107564 1 0 -1 @ 2 -1 0 0 0 0 0 0 0 0 0 0 0 5 0

[00:50:59]	[Recv]	in 1 Pimento - 7107564 71 45 2 0 1 1 9 2 4507.4954.4966.4963.4928.802.8680.8682.8701.4557.-1 100 100 0 9 4 3 0 0 0 27 66 68 4268.918 GO-Pex-Zaby 24 0 10 0 7 95 3 0|0|0 0 0 100 51 9440

[00:50:59]	[Recv]	pst 2 2557262 0 100 100 34166 7013 0 0 0

[00:50:59]	[Recv]	pst 2 2557249 1 100 100 42830 3622 0 0 0

[00:51:00]	[Recv]	mv 2 40300 65 124 4

[00:51:00]	[Recv]	mv 2 40299 65 132 4

[00:51:00]	[Send]	walk 111 125 0 25
[00:51:00]	[Recv]	mv 2 40297 60 132 4

[00:51:00]	[Send]	preq
[00:51:00]	[Recv]	mv 2 40296 56 131 4

[00:51:00]	[Recv]	c_map 0 2628 0

[00:51:00]	[Recv]	mapout

[00:51:00]	[Send]	c_close 1
[00:51:00]	[Send]	c_close 0
[00:51:00]	[Send]	f_stash_end 
[00:51:00]	[Send]	c_close 1
[00:51:00]	[Recv]	c_info milkers - -1 3739.918 Sanguinarius 6835325 0 0 1 5 1 27 0 10 0 0 0 0 8151 9

[00:51:00]	[Send]	mall 50
[00:51:00]	[Send]	c_close 1
[00:51:00]	[Recv]	c_mode 1 6835325 3728 0 0 0 100 8151

[00:51:00]	[Recv]	equip 73 78 0.8628.3.7.0.8.82 1.8643.8.7.0.2.82 2.8689.0.0.0.0.0 3.8653.0.2.0.0.0 4.8655.0.0.0.0.0 5.8636.7.8.0.0.82 6.4657.0.0.0.0.0 7.4653.0.0.0.0.0 8.4647.0.0.0.0.0 9.8687.0.0.0.0.0 10.8674.9.0.0.0.0 12.909.0.20.100.0.0 13.8680.0.0.0.0.0 14.8566.0.0.0.0.0 15.8598.0.0.0.0.0 16.8568.0.0.0.0.0 17.8801.0.0.0.0.0

[00:51:00]	[Recv]	lev 99 0 99 0 2140719000 5991794 13364600 200 881816047 91 967912450 0

[00:51:00]	[Recv]	stat 75191 75191 12945 17265 0 1316

[00:51:00]	[Recv]	at 6835325 2637 110 3 2 0 114 1 -1

[00:51:00]	[Recv]	cond 1 6835325 0 0 25

[00:51:00]	[Recv]	cond 1 6835325 0 0 25

[00:51:00]	[Recv]	titinfo 1 6835325 9468 9468

[00:51:00]	[Recv]	eq 6835325 0 0 1 5 1 8689.8643.8628.8636.8687.8674.8680.8566.8598.8568.8801 73 78 100

[00:51:00]	[Recv]	c_map 0 2637 1

[00:51:00]	[Recv]	sc 0 7 4136 4278 1894 37 415 1 8 4111 4311 2101 43 405 7 2246 1268 2064 1268 1784 91 88 127 138

[00:51:00]	[Recv]	char_sc 1 6835325 100

[00:51:00]	[Recv]	gidx 1 6835325 3739.918 Sanguinarius 27 0|0|1

[00:51:00]	[Recv]	rsfp 0 -1

[00:51:00]	[Recv]	pairy 1 6835325 4 3 129 59

[00:51:00]	[Recv]	minipet 1 6835325 8801

[00:51:00]	[Recv]	act6 

[00:51:00]	[Recv]	pinit 2 2|2557262|0|99|@|-1|2789|1|2646|0|0 2|2557249|1|96|@|-1|2762|0|0|0|0


[00:51:00]	[Recv]	food 0

[00:51:00]	[Recv]	mv 3 40949 187 69 9

[00:51:00]	[Recv]	mv 3 40937 139 103 9

[00:51:00]	[Recv]	mv 3 40933 119 62 9

[00:51:00]	[Recv]	mv 3 40923 169 56 9

[00:51:00]	[Recv]	mv 3 40919 162 58 9

[00:51:00]	[Recv]	mv 3 40917 149 48 9

[00:51:00]	[Recv]	mv 3 40910 119 72 9

[00:51:00]	[Recv]	mv 3 40889 135 52 8

[00:51:00]	[Recv]	mv 3 40888 126 36 8

[00:51:00]	[Recv]	mv 3 40886 127 28 8

[00:51:00]	[Recv]	mv 3 40881 117 79 8

[00:51:00]	[Recv]	mv 3 40877 84 36 8

[00:51:00]	[Recv]	mv 3 40867 46 115 8

[00:51:00]	[Recv]	mv 3 40863 157 39 9

[00:51:00]	[Recv]	mv 3 40854 94 40 9

[00:51:00]	[Recv]	mv 3 40851 73 48 9

[00:51:00]	[Recv]	mv 3 40847 42 116 9

[00:51:00]	[Recv]	stat 75191 75191 12945 17265 0 1316

[00:51:00]	[Recv]	stat 75191 75191 13062 17265 0 1316

[00:51:00]	[Recv]	mv 3 40938 143 93 9

[00:51:00]	[Recv]	mv 3 40928 57 99 9

[00:51:00]	[Recv]	mv 3 40927 55 109 9

[00:51:00]	[Recv]	mv 3 40909 115 44 9

[00:51:00]	[Recv]	mv 3 40904 77 54 9

[00:51:00]	[Recv]	mv 3 40903 63 97 9

[00:51:00]	[Recv]	mv 3 40884 49 116 8

[00:51:00]	[Recv]	mv 3 40882 125 58 8

[00:51:00]	[Recv]	mv 3 40866 110 42 8

[00:51:00]	[Recv]	gp 15 100 2635 -1 0 0

[00:51:00]	[Recv]	gp 110 1 2628 -1 1 0

[00:51:00]	[Recv]	gp 197 38 2638 -1 2 0

[00:51:00]	[Recv]	gp 25 104 1253 -1 3 0

[00:51:00]	[Recv]	in 3 3022 40949 187 69 2 100 100 0 0 0 -1 1 0 -1 - 0 -1 0 0 0 0 0 0 0 0 0 0 0 0 0

[00:51:00]	[Recv]	in 3 3022 40948 180 78 2 100 100 0 0 0 -1 1 0 -1 - 0 -1 0 0 0 0 0 0 0 0 0 0 0 0 0

[00:51:00]	[Recv]	in 3 3022 40947 176 66 2 100 100 0 0 0 -1 1 0 -1 - 0 -1 0 0 0 0 0 0 0 0 0 0 0 0 0

[00:51:00]	[Recv]	in 3 3022 40946 173 83 2 100 100 0 0 0 -1 1 0 -1 - 0 -1 0 0 0 0 0 0 0 0 0 0 0 0 0

[00:51:00]	[Recv]	in 3 3022 40945 162 74 2 100 100 0 0 0 -1 1 0 -1 - 0 -1 0 0 0 0 0 0 0 0 0 0 0 0 0

[00:51:00]	[Recv]	in 3 3022 40944 162 87 2 100 100 0 0 0 -1 1 0 -1 - 0 -1 0 0 0 0 0 0 0 0 0 0 0 0 0

[00:51:00]	[Recv]	in 3 3022 40943 159 83 2 100 100 0 0 0 -1 1 0 -1 - 0 -1 0 0 0 0 0 0 0 0 0 0 0 0 0

[00:51:00]	[Recv]	in 3 3022 40942 154 90 2 100 100 0 0 0 -1 1 0 -1 - 0 -1 0 0 0 0 0 0 0 0 0 0 0 0 0

[00:51:00]	[Recv]	in 3 3022 40941 152 51 2 100 100 0 0 0 -1 1 0 -1 - 0 -1 0 0 0 0 0 0 0 0 0 0 0 0 0

[00:51:00]	[Recv]	in 3 3022 40940 148 97 2 100 100 0 0 0 -1 1 0 -1 - 0 -1 0 0 0 0 0 0 0 0 0 0 0 0 0

[00:51:00]	[Recv]	in 3 3022 40939 145 81 2 100 100 0 0 0 -1 1 0 -1 - 0 -1 0 0 0 0 0 0 0 0 0 0 0 0 0

[00:51:00]	[Recv]	in 3 3022 40938 143 93 2 100 100 0 0 0 -1 1 0 -1 - 0 -1 0 0 0 0 0 0 0 0 0 0 0 0 0

[00:51:00]	[Recv]	in 3 3022 40937 139 103 2 100 100 0 0 0 -1 1 0 -1 - 0 -1 0 0 0 0 0 0 0 0 0 0 0 0 0

[00:51:00]	[Recv]	in 3 3022 40936 135 94 2 100 100 0 0 0 -1 1 0 -1 - 0 -1 0 0 0 0 0 0 0 0 0 0 0 0 0

[00:51:00]	[Recv]	in 3 3022 40935 129 83 2 100 100 0 0 0 -1 1 0 -1 - 0 -1 0 0 0 0 0 0 0 0 0 0 0 0 0

[00:51:00]	[Recv]	in 3 3022 40934 128 87 2 100 100 0 0 0 -1 1 0 -1 - 0 -1 0 0 0 0 0 0 0 0 0 0 0 0 0

[00:51:00]	[Recv]	in 3 3022 40933 119 62 2 100 100 0 0 0 -1 1 0 -1 - 0 -1 0 0 0 0 0 0 0 0 0 0 0 0 0

[00:51:00]	[Recv]	in 3 3022 40932 90 60 2 100 100 0 0 0 -1 1 0 -1 - 0 -1 0 0 0 0 0 0 0 0 0 0 0 0 0

[00:51:00]	[Recv]	in 3 3022 40931 180 62 7 100 100 0 0 0 -1 1 0 -1 - 0 -1 0 0 0 0 0 0 0 0 0 0 0 0 0

[00:51:00]	[Recv]	in 3 3022 40929 58 85 2 100 100 0 0 0 -1 1 0 -1 - 0 -1 0 0 0 0 0 0 0 0 0 0 0 0 0

[00:51:00]	[Recv]	in 3 3022 40928 57 99 2 100 100 0 0 0 -1 1 0 -1 - 0 -1 0 0 0 0 0 0 0 0 0 0 0 0 0

[00:51:00]	[Recv]	in 3 3022 40927 55 109 2 100 100 0 0 0 -1 1 0 -1 - 0 -1 0 0 0 0 0 0 0 0 0 0 0 0 0

[00:51:00]	[Recv]	in 3 3006 40926 187 35 2 100 100 0 0 0 -1 1 0 -1 - 0 -1 0 0 0 0 0 0 0 0 0 0 0 0 0

[00:51:00]	[Recv]	in 3 3006 40925 183 39 2 100 100 0 0 0 -1 1 0 -1 - 0 -1 0 0 0 0 0 0 0 0 0 0 0 0 0

[00:51:00]	[Recv]	in 3 3006 40924 179 84 2 100 100 0 0 0 -1 1 0 -1 - 0 -1 0 0 0 0 0 0 0 0 0 0 0 0 0

[00:51:00]	[Recv]	in 3 3006 40923 169 56 2 100 100 0 0 0 -1 1 0 -1 - 0 -1 0 0 0 0 0 0 0 0 0 0 0 0 0

[00:51:00]	[Recv]	in 3 3006 40922 162 34 2 100 100 0 0 0 -1 1 0 -1 - 0 -1 0 0 0 0 0 0 0 0 0 0 0 0 0

[00:51:00]	[Recv]	in 3 3006 40921 159 68 2 100 100 0 0 0 -1 1 0 -1 - 0 -1 0 0 0 0 0 0 0 0 0 0 0 0 0

[00:51:00]	[Recv]	in 3 3006 40920 151 99 2 100 100 0 0 0 -1 1 0 -1 - 0 -1 0 0 0 0 0 0 0 0 0 0 0 0 0

[00:51:00]	[Recv]	in 3 3006 40919 162 58 4 100 100 0 0 0 -1 1 0 -1 - 0 -1 0 0 0 0 0 0 0 0 0 0 0 0 0

[00:51:00]	[Recv]	in 3 3006 40917 149 48 2 100 100 0 0 0 -1 1 0 -1 - 0 -1 0 0 0 0 0 0 0 0 0 0 0 0 0

[00:51:00]	[Recv]	in 3 3006 40916 141 44 2 100 100 0 0 0 -1 1 0 -1 - 0 -1 0 0 0 0 0 0 0 0 0 0 0 0 0

[00:51:00]	[Recv]	in 3 3006 40915 142 77 2 100 100 0 0 0 -1 1 0 -1 - 0 -1 0 0 0 0 0 0 0 0 0 0 0 0 0

[00:51:00]	[Recv]	in 3 3006 40914 140 90 2 100 100 0 0 0 -1 1 0 -1 - 0 -1 0 0 0 0 0 0 0 0 0 0 0 0 0

[00:51:00]	[Recv]	in 3 3006 40913 142 27 0 100 100 0 0 0 -1 1 0 -1 - 0 -1 0 0 0 0 0 0 0 0 0 0 0 0 0

[00:51:00]	[Recv]	in 3 3006 40911 131 46 2 100 100 0 0 0 -1 1 0 -1 - 0 -1 0 0 0 0 0 0 0 0 0 0 0 0 0

[00:51:00]	[Recv]	in 3 3006 40910 119 72 2 100 100 0 0 0 -1 1 0 -1 - 0 -1 0 0 0 0 0 0 0 0 0 0 0 0 0

[00:51:00]	[Recv]	in 3 3006 40909 115 44 2 100 100 0 0 0 -1 1 0 -1 - 0 -1 0 0 0 0 0 0 0 0 0 0 0 0 0

[00:51:00]	[Recv]	in 3 3006 40908 105 34 2 100 100 0 0 0 -1 1 0 -1 - 0 -1 0 0 0 0 0 0 0 0 0 0 0 0 0

[00:51:00]	[Recv]	in 3 3006 40907 96 53 2 100 100 0 0 0 -1 1 0 -1 - 0 -1 0 0 0 0 0 0 0 0 0 0 0 0 0

[00:51:00]	[Recv]	in 3 3006 40906 108 53 1 100 100 0 0 0 -1 1 0 -1 - 0 -1 0 0 0 0 0 0 0 0 0 0 0 0 0

[00:51:00]	[Recv]	in 3 3006 40904 77 54 2 100 100 0 0 0 -1 1 0 -1 - 0 -1 0 0 0 0 0 0 0 0 0 0 0 0 0

[00:51:00]	[Recv]	in 3 3006 40903 63 97 2 100 100 0 0 0 -1 1 0 -1 - 0 -1 0 0 0 0 0 0 0 0 0 0 0 0 0

[00:51:00]	[Recv]	in 3 3006 40902 63 78 2 100 100 0 0 0 -1 1 0 -1 - 0 -1 0 0 0 0 0 0 0 0 0 0 0 0 0

[00:51:00]	[Recv]	in 3 3006 40901 63 50 2 100 100 0 0 0 -1 1 0 -1 - 0 -1 0 0 0 0 0 0 0 0 0 0 0 0 0

[00:51:00]	[Recv]	in 3 3006 40900 50 115 2 100 100 0 0 0 -1 1 0 -1 - 0 -1 0 0 0 0 0 0 0 0 0 0 0 0 0

[00:51:00]	[Recv]	in 3 3006 40899 47 100 2 100 100 0 0 0 -1 1 0 -1 - 0 -1 0 0 0 0 0 0 0 0 0 0 0 0 0

[00:51:00]	[Recv]	in 3 3004 40898 189 38 2 100 100 0 0 0 -1 1 0 -1 - 0 -1 0 0 0 0 0 0 0 0 0 0 0 0 0

[00:51:00]	[Recv]	in 3 3004 40897 178 72 2 100 100 0 0 0 -1 1 0 -1 - 0 -1 0 0 0 0 0 0 0 0 0 0 0 0 0

[00:51:00]	[Recv]	in 3 3004 40896 173 43 2 100 100 0 0 0 -1 1 0 -1 - 0 -1 0 0 0 0 0 0 0 0 0 0 0 0 0

[00:51:00]	[Recv]	in 3 3004 40895 170 41 2 100 100 0 0 0 -1 1 0 -1 - 0 -1 0 0 0 0 0 0 0 0 0 0 0 0 0

[00:51:00]	[Recv]	in 3 3004 40894 165 43 2 100 100 0 0 0 -1 1 0 -1 - 0 -1 0 0 0 0 0 0 0 0 0 0 0 0 0

[00:51:00]	[Recv]	in 3 3004 40893 160 51 2 100 100 0 0 0 -1 1 0 -1 - 0 -1 0 0 0 0 0 0 0 0 0 0 0 0 0

[00:51:00]	[Recv]	in 3 3004 40892 151 95 2 100 100 0 0 0 -1 1 0 -1 - 0 -1 0 0 0 0 0 0 0 0 0 0 0 0 0

[00:51:00]	[Recv]	in 3 3004 40891 54 63 0 100 100 0 0 0 -1 1 0 -1 - 0 -1 0 0 0 0 0 0 0 0 0 0 0 0 0

[00:51:00]	[Recv]	in 3 3004 40889 135 52 2 100 100 0 0 0 -1 1 0 -1 - 0 -1 0 0 0 0 0 0 0 0 0 0 0 0 0

[00:51:00]	[Recv]	in 3 3004 40888 126 36 2 100 100 0 0 0 -1 1 0 -1 - 0 -1 0 0 0 0 0 0 0 0 0 0 0 0 0

[00:51:00]	[Recv]	in 3 3004 40887 125 67 2 100 100 0 0 0 -1 1 0 -1 - 0 -1 0 0 0 0 0 0 0 0 0 0 0 0 0

[00:51:00]	[Recv]	in 3 3004 40886 127 28 2 100 100 0 0 0 -1 1 0 -1 - 0 -1 0 0 0 0 0 0 0 0 0 0 0 0 0

[00:51:00]	[Recv]	in 3 3004 40885 124 52 2 100 100 0 0 0 -1 1 0 -1 - 0 -1 0 0 0 0 0 0 0 0 0 0 0 0 0

[00:51:00]	[Recv]	in 3 3004 40884 49 116 1 100 100 0 0 0 -1 1 0 -1 - 0 -1 0 0 0 0 0 0 0 0 0 0 0 0 0

[00:51:00]	[Recv]	in 3 3004 40882 125 58 2 100 100 0 0 0 -1 1 0 -1 - 0 -1 0 0 0 0 0 0 0 0 0 0 0 0 0

[00:51:00]	[Recv]	in 3 3004 40881 117 79 2 100 100 0 0 0 -1 1 0 -1 - 0 -1 0 0 0 0 0 0 0 0 0 0 0 0 0

[00:51:00]	[Recv]	in 3 3004 40880 159 84 6 100 100 0 0 0 -1 1 0 -1 - 0 -1 0 0 0 0 0 0 0 0 0 0 0 0 0

[00:51:00]	[Recv]	in 3 3004 40878 85 45 2 100 100 0 0 0 -1 1 0 -1 - 0 -1 0 0 0 0 0 0 0 0 0 0 0 0 0

[00:51:00]	[Recv]	in 3 3004 40877 84 36 2 100 100 0 0 0 -1 1 0 -1 - 0 -1 0 0 0 0 0 0 0 0 0 0 0 0 0

[00:51:00]	[Recv]	in 3 3004 40876 84 48 2 100 100 0 0 0 -1 1 0 -1 - 0 -1 0 0 0 0 0 0 0 0 0 0 0 0 0

[00:51:00]	[Recv]	in 3 3004 40875 80 44 2 100 100 0 0 0 -1 1 0 -1 - 0 -1 0 0 0 0 0 0 0 0 0 0 0 0 0

[00:51:00]	[Recv]	in 3 3004 40874 66 50 2 100 100 0 0 0 -1 1 0 -1 - 0 -1 0 0 0 0 0 0 0 0 0 0 0 0 0

[00:51:00]	[Recv]	in 3 3004 40873 67 77 2 100 100 0 0 0 -1 1 0 -1 - 0 -1 0 0 0 0 0 0 0 0 0 0 0 0 0

[00:51:00]	[Recv]	in 3 3004 40872 62 106 2 100 100 0 0 0 -1 1 0 -1 - 0 -1 0 0 0 0 0 0 0 0 0 0 0 0 0

[00:51:00]	[Recv]	in 3 3004 40871 59 59 2 100 100 0 0 0 -1 1 0 -1 - 0 -1 0 0 0 0 0 0 0 0 0 0 0 0 0

[00:51:00]	[Recv]	in 3 3004 40870 55 79 2 100 100 0 0 0 -1 1 0 -1 - 0 -1 0 0 0 0 0 0 0 0 0 0 0 0 0

[00:51:00]	[Recv]	in 3 3004 40869 54 57 2 100 100 0 0 0 -1 1 0 -1 - 0 -1 0 0 0 0 0 0 0 0 0 0 0 0 0

[00:51:00]	[Recv]	in 3 3004 40868 52 52 2 100 100 0 0 0 -1 1 0 -1 - 0 -1 0 0 0 0 0 0 0 0 0 0 0 0 0

[00:51:00]	[Recv]	in 3 3004 40867 46 115 2 100 100 0 0 0 -1 1 0 -1 - 0 -1 0 0 0 0 0 0 0 0 0 0 0 0 0

[00:51:00]	[Recv]	in 3 3004 40866 110 42 2 100 100 0 0 0 -1 1 0 -1 - 0 -1 0 0 0 0 0 0 0 0 0 0 0 0 0

[00:51:00]	[Recv]	in 3 3003 40864 175 76 2 100 100 0 0 0 -1 1 0 -1 - 0 -1 0 0 0 0 0 0 0 0 0 0 0 0 0

[00:51:00]	[Recv]	in 3 3003 40863 157 39 2 100 100 0 0 0 -1 1 0 -1 - 0 -1 0 0 0 0 0 0 0 0 0 0 0 0 0

[00:51:00]	[Recv]	in 3 3003 40862 155 58 2 100 100 0 0 0 -1 1 0 -1 - 0 -1 0 0 0 0 0 0 0 0 0 0 0 0 0

[00:51:00]	[Recv]	in 3 3003 40861 150 40 2 100 100 0 0 0 -1 1 0 -1 - 0 -1 0 0 0 0 0 0 0 0 0 0 0 0 0

[00:51:00]	[Recv]	in 3 3003 40860 148 94 2 100 100 0 0 0 -1 1 0 -1 - 0 -1 0 0 0 0 0 0 0 0 0 0 0 0 0

[00:51:00]	[Recv]	in 3 3003 40859 136 38 2 100 100 0 0 0 -1 1 0 -1 - 0 -1 0 0 0 0 0 0 0 0 0 0 0 0 0

[00:51:00]	[Recv]	in 3 3003 40858 129 27 2 100 100 0 0 0 -1 1 0 -1 - 0 -1 0 0 0 0 0 0 0 0 0 0 0 0 0

[00:51:00]	[Recv]	in 3 3003 40857 120 40 2 100 100 0 0 0 -1 1 0 -1 - 0 -1 0 0 0 0 0 0 0 0 0 0 0 0 0

[00:51:00]	[Recv]	in 3 3003 40856 114 30 2 100 100 0 0 0 -1 1 0 -1 - 0 -1 0 0 0 0 0 0 0 0 0 0 0 0 0

[00:51:00]	[Recv]	in 3 3003 40855 95 63 2 100 100 0 0 0 -1 1 0 -1 - 0 -1 0 0 0 0 0 0 0 0 0 0 0 0 0

[00:51:00]	[Recv]	in 3 3003 40854 94 40 2 76 100 0 0 0 -1 1 0 -1 - 0 -1 0 0 0 0 0 0 0 0 0 0 0 0 0

[00:51:00]	[Recv]	in 3 3003 40853 81 36 2 100 100 0 0 0 -1 1 0 -1 - 0 -1 0 0 0 0 0 0 0 0 0 0 0 0 0

[00:51:00]	[Recv]	in 3 3003 40852 76 107 2 100 100 0 0 0 -1 1 0 -1 - 0 -1 0 0 0 0 0 0 0 0 0 0 0 0 0

[00:51:00]	[Recv]	in 3 3003 40851 73 48 2 100 100 0 0 0 -1 1 0 -1 - 0 -1 0 0 0 0 0 0 0 0 0 0 0 0 0

[00:51:00]	[Recv]	in 3 3003 40850 75 79 2 100 100 0 0 0 -1 1 0 -1 - 0 -1 0 0 0 0 0 0 0 0 0 0 0 0 0

[00:51:00]	[Recv]	in 3 3003 40849 63 57 2 100 100 0 0 0 -1 1 0 -1 - 0 -1 0 0 0 0 0 0 0 0 0 0 0 0 0

[00:51:00]	[Recv]	in 3 3003 40848 46 93 2 100 100 0 0 0 -1 1 0 -1 - 0 -1 0 0 0 0 0 0 0 0 0 0 0 0 0

[00:51:00]	[Recv]	in 3 3003 40847 42 116 2 100 100 0 0 0 -1 1 0 -1 - 0 -1 0 0 0 0 0 0 0 0 0 0 0 0 0

[00:51:00]	[Recv]	in 3 3003 40846 42 108 2 100 100 0 0 0 -1 1 0 -1 - 0 -1 0 0 0 0 0 0 0 0 0 0 0 0 0

[00:51:00]	[Recv]	in 3 3003 40845 33 108 2 100 100 0 0 0 -1 1 0 -1 - 0 -1 0 0 0 0 0 0 0 0 0 0 0 0 0

[00:51:00]	[Recv]	in 2 3133 40979 91 68 1 100 100 1 0 0 -1 1 0 -1 - 0 -1 0 0 0 0 0 0 0 0 0 0 0 0 0

[00:51:00]	[Recv]	in 2 3133 40978 77 46 5 100 100 1 0 0 -1 1 0 -1 - 0 -1 0 0 0 0 0 0 0 0 0 0 0 0 0

[00:51:00]	[Recv]	in 2 3133 40977 164 81 7 100 100 1 0 0 -1 1 0 -1 - 0 -1 0 0 0 0 0 0 0 0 0 0 0 0 0

[00:51:00]	[Recv]	in 2 3133 40976 146 62 2 100 100 1 0 0 -1 1 0 -1 - 0 -1 0 0 0 0 0 0 0 0 0 0 0 0 0

[00:51:00]	[Recv]	in 2 3133 40975 164 45 2 100 100 1 0 0 -1 1 0 -1 - 0 -1 0 0 0 0 0 0 0 0 0 0 0 0 0

[00:51:00]	[Recv]	in 2 3133 40974 54 107 6 100 100 1 0 0 -1 1 0 -1 - 0 -1 0 0 0 0 0 0 0 0 0 0 0 0 0

[00:51:00]	[Recv]	in 2 3133 40973 137 102 4 100 100 1 0 0 -1 1 0 -1 - 0 -1 0 0 0 0 0 0 0 0 0 0 0 0 0

[00:51:00]	[Recv]	in 2 3133 40972 56 46 4 100 100 1 0 0 -1 1 0 -1 - 0 -1 0 0 0 0 0 0 0 0 0 0 0 0 0

[00:51:00]	[Recv]	in 2 3133 40971 145 63 3 100 100 1 0 0 -1 1 0 -1 - 0 -1 0 0 0 0 0 0 0 0 0 0 0 0 0

[00:51:00]	[Recv]	in 2 3133 40970 162 65 3 100 100 1 0 0 -1 1 0 -1 - 0 -1 0 0 0 0 0 0 0 0 0 0 0 0 0

[00:51:00]	[Recv]	in 2 3063 40969 189 29 0 100 100 1 0 0 -1 1 0 -1 - 0 -1 0 0 0 0 0 0 0 0 0 0 0 0 0

[00:51:00]	[Recv]	in 2 3063 40968 185 41 0 100 100 1 0 0 -1 1 0 -1 - 0 -1 0 0 0 0 0 0 0 0 0 0 0 0 0

[00:51:00]	[Recv]	in 2 3063 40967 175 54 0 100 100 1 0 0 -1 1 0 -1 - 0 -1 0 0 0 0 0 0 0 0 0 0 0 0 0

[00:51:00]	[Recv]	in 2 3063 40966 171 51 0 100 100 1 0 0 -1 1 0 -1 - 0 -1 0 0 0 0 0 0 0 0 0 0 0 0 0

[00:51:00]	[Recv]	in 2 3063 40965 155 99 0 100 100 1 0 0 -1 1 0 -1 - 0 -1 0 0 0 0 0 0 0 0 0 0 0 0 0

[00:51:00]	[Recv]	in 2 3063 40964 141 69 0 100 100 1 0 0 -1 1 0 -1 - 0 -1 0 0 0 0 0 0 0 0 0 0 0 0 0

[00:51:00]	[Recv]	in 2 3063 40963 140 85 0 100 100 1 0 0 -1 1 0 -1 - 0 -1 0 0 0 0 0 0 0 0 0 0 0 0 0

[00:51:00]	[Recv]	in 2 3063 40962 132 67 0 100 100 1 0 0 -1 1 0 -1 - 0 -1 0 0 0 0 0 0 0 0 0 0 0 0 0

[00:51:00]	[Recv]	in 2 3063 40961 119 21 0 100 100 1 0 0 -1 1 0 -1 - 0 -1 0 0 0 0 0 0 0 0 0 0 0 0 0

[00:51:00]	[Recv]	in 2 3063 40960 110 69 0 100 100 1 0 0 -1 1 0 -1 - 0 -1 0 0 0 0 0 0 0 0 0 0 0 0 0

[00:51:00]	[Recv]	in 2 3063 40959 106 29 0 100 100 1 0 0 -1 1 0 -1 - 0 -1 0 0 0 0 0 0 0 0 0 0 0 0 0

[00:51:00]	[Recv]	in 2 3063 40958 102 35 0 100 100 1 0 0 -1 1 0 -1 - 0 -1 0 0 0 0 0 0 0 0 0 0 0 0 0

[00:51:00]	[Recv]	in 2 3063 40957 101 47 0 100 100 1 0 0 -1 1 0 -1 - 0 -1 0 0 0 0 0 0 0 0 0 0 0 0 0

[00:51:00]	[Recv]	in 2 3063 40956 98 44 0 100 100 1 0 0 -1 1 0 -1 - 0 -1 0 0 0 0 0 0 0 0 0 0 0 0 0

[00:51:00]	[Recv]	in 2 3063 40955 88 55 0 100 100 1 0 0 -1 1 0 -1 - 0 -1 0 0 0 0 0 0 0 0 0 0 0 0 0

[00:51:00]	[Recv]	in 2 3063 40954 83 64 0 100 100 1 0 0 -1 1 0 -1 - 0 -1 0 0 0 0 0 0 0 0 0 0 0 0 0

[00:51:00]	[Recv]	in 2 3063 40953 69 105 0 100 100 1 0 0 -1 1 0 -1 - 0 -1 0 0 0 0 0 0 0 0 0 0 0 0 0

[00:51:00]	[Recv]	in 2 3063 40952 67 48 0 100 100 1 0 0 -1 1 0 -1 - 0 -1 0 0 0 0 0 0 0 0 0 0 0 0 0

[00:51:00]	[Recv]	in 2 3063 40951 52 59 0 100 100 1 0 0 -1 1 0 -1 - 0 -1 0 0 0 0 0 0 0 0 0 0 0 0 0

[00:51:00]	[Recv]	in 2 3063 40950 38 93 0 100 100 1 0 0 -1 1 0 -1 - 0 -1 0 0 0 0 0 0 0 0 0 0 0 0 0

[00:51:00]	[Recv]	pst 2 2557262 0 100 100 34166 7013 0 0 0

[00:51:00]	[Recv]	pst 2 2557249 1 100 100 42830 3622 0 0 0

[00:51:01]	[Recv]	mv 3 40945 163 75 9

[00:51:01]	[Recv]	mv 3 40932 91 58 9

[00:51:01]	[Recv]	mv 3 40911 131 45 9

[00:51:01]	[Recv]	mv 3 40906 108 54 9

[00:51:01]	[Recv]	mv 3 40901 63 49 9

[00:51:01]	[Recv]	mv 3 40892 152 95 8

[00:51:01]	[Recv]	mv 3 40887 125 65 8

[00:51:01]	[Recv]	mv 3 40880 159 82 8

[00:51:01]	[Recv]	mv 3 40873 65 78 8

[00:51:01]	[Recv]	mv 3 40856 115 30 9

[00:51:01]	[Recv]	mv 3 40855 95 62 9

[00:51:01]	[Recv]	mv 3 40849 64 58 9

[00:51:01]	[Send]	walk 112 11 0 25
[00:51:01]	[Recv]	mv 3 40943 158 82 9

[00:51:01]	[Recv]	mv 3 40935 128 82 9

[00:51:01]	[Recv]	mv 3 40931 181 61 9

[00:51:01]	[Recv]	mv 3 40893 160 49 8

[00:51:01]	[Recv]	mv 3 40871 57 57 8

[00:51:01]	[Recv]	mv 3 40864 175 74 9

[00:51:01]	[Recv]	mv 3 40857 118 38 9

[00:51:01]	[Recv]	mv 3 40944 160 87 9

[00:51:01]	[Recv]	mv 3 40941 153 52 9

[00:51:01]	[Recv]	mv 3 40916 140 46 9

[00:51:01]	[Recv]	mv 3 40914 140 88 9

[00:51:01]	[Recv]	mv 3 40878 86 43 8

[00:51:01]	[Recv]	mv 3 40868 53 50 8

[00:51:01]	[Recv]	mv 3 40859 136 37 9

[00:51:01]	[Send]	walk 113 15 0 25
[00:51:01]	[Recv]	mv 3 40942 152 92 9

[00:51:01]	[Recv]	mv 3 40939 144 81 9

[00:51:01]	[Recv]	mv 3 40937 139 105 9

[00:51:01]	[Recv]	mv 3 40933 117 60 9

[00:51:01]	[Recv]	mv 3 40923 169 57 9

[00:51:01]	[Recv]	mv 3 40910 120 71 9

[00:51:01]	[Recv]	mv 3 40889 134 54 8

[00:51:01]	[Recv]	mv 3 40888 124 35 8

[00:51:01]	[Recv]	mv 3 40886 126 28 8

[00:51:01]	[Recv]	mv 3 40877 84 37 8

[00:51:01]	[Recv]	mv 3 40867 48 115 8

[00:51:01]	[Recv]	mv 3 40863 159 38 9

[00:51:01]	[Recv]	mv 3 40854 93 42 9

[00:51:01]	[Recv]	mv 3 40852 75 105 9

[00:51:01]	[Recv]	mv 3 40851 74 49 9

[00:51:01]	[Recv]	mv 3 40847 43 115 9

[00:51:01]	[Send]	walk 114 18 0 25
[00:51:01]	[Recv]	mv 3 40925 185 41 9

[00:51:01]	[Recv]	mv 3 40904 78 54 9

[00:51:01]	[Recv]	mv 3 40903 64 96 9

[00:51:01]	[Recv]	mv 3 40884 48 115 8

[00:51:01]	[Recv]	mv 3 40882 124 57 8

[00:51:01]	[Recv]	mv 3 40860 146 92 9

[00:51:01]	[Recv]	pst 2 2557262 0 100 100 34166 7013 0 0 0

[00:51:01]	[Recv]	pst 2 2557249 1 100 100 42830 3622 0 0 0

[00:51:01]	[Send]	walk 114 20 0 25
[00:51:02]	[Recv]	mv 3 40945 164 77 9

[00:51:02]	[Recv]	mv 3 40932 92 59 9

[00:51:02]	[Recv]	mv 3 40920 152 97 9

[00:51:02]	[Recv]	mv 3 40911 130 46 9

[00:51:02]	[Recv]	mv 3 40908 106 35 9

[00:51:02]	[Recv]	mv 3 40906 110 54 9

[00:51:02]	[Recv]	mv 3 40892 152 93 8

[00:51:02]	[Recv]	mv 3 40887 125 66 8

[00:51:02]	[Recv]	mv 3 40880 157 81 8

[00:51:02]	[Recv]	mv 3 40873 66 76 8

[00:51:02]	[Recv]	mv 3 40858 127 28 9

[00:51:02]	[Recv]	mv 3 40856 116 30 9

[00:51:02]	[Send]	walk 113 22 0 25
[00:51:02]	[Recv]	mv 3 40943 159 83 9

[00:51:02]	[Recv]	mv 3 40894 166 41 8

[00:51:02]	[Recv]	mv 3 40871 57 59 8

[00:51:02]	[Recv]	mv 3 40857 118 39 9

[00:51:02]	[Recv]	mv 3 40944 162 88 9

[00:51:02]	[Recv]	mv 3 40941 152 52 9

[00:51:02]	[Recv]	mv 3 40922 163 36 9

[00:51:02]	[Recv]	mv 3 40915 141 75 9

[00:51:02]	[Recv]	mv 3 40914 139 89 9

[00:51:02]	[Recv]	mv 3 40902 64 79 9

[00:51:02]	[Recv]	mv 3 40898 189 39 8

[00:51:02]	[Recv]	mv 3 40891 53 64 8

[00:51:02]	[Recv]	mv 3 40876 82 48 8

[00:51:02]	[Recv]	mv 3 40868 51 50 8

[00:51:02]	[Recv]	mv 3 40859 134 38 9

[00:51:02]	[Recv]	mv 3 40850 74 78 9

[00:51:02]	[Recv]	mv 3 40846 43 110 9

[00:51:02]	[Recv]	mv 3 40949 188 71 9

[00:51:02]	[Recv]	mv 3 40942 153 91 9

[00:51:02]	[Recv]	mv 3 40934 126 87 9

[00:51:02]	[Recv]	mv 3 40933 119 59 9

[00:51:02]	[Recv]	mv 3 40919 161 56 9

[00:51:02]	[Recv]	mv 3 40917 150 50 9

[00:51:02]	[Recv]	mv 3 40913 142 28 9

[00:51:02]	[Recv]	mv 3 40910 122 73 9

[00:51:02]	[Recv]	mv 3 40900 52 115 9

[00:51:02]	[Recv]	mv 3 40895 171 39 8

[00:51:02]	[Recv]	mv 3 40888 125 35 8

[00:51:02]	[Recv]	mv 3 40881 119 81 8

[00:51:02]	[Recv]	mv 3 40875 81 44 8

[00:51:02]	[Recv]	mv 3 40867 46 115 8

[00:51:02]	[Recv]	mv 3 40863 159 40 9

[00:51:02]	[Recv]	mv 3 40854 93 40 9

[00:51:02]	[Recv]	mv 3 40848 48 95 9

[00:51:02]	[Recv]	mv 3 40845 33 106 9

[00:51:02]	[Recv]	stat 75191 75191 13062 17265 0 1316

[00:51:02]	[Recv]	mv 3 40928 56 97 9

[00:51:02]	[Recv]	mv 3 40927 54 109 9

[00:51:02]	[Recv]	mv 3 40921 161 67 9

[00:51:02]	[Recv]	mv 3 40904 77 56 9

[00:51:02]	[Recv]	mv 3 40896 174 42 8

[00:51:02]	[Recv]	mv 3 40882 125 59 8

[00:51:02]	[Recv]	mv 3 40874 64 48 8

[00:51:02]	[Recv]	mv 3 40869 52 58 8

[00:51:02]	[Recv]	pst 2 2557262 0 100 100 34166 7013 0 0 0

[00:51:02]	[Recv]	pst 2 2557249 1 100 100 42830 3622 0 0 0

[00:51:03]	[Recv]	mv 3 40947 174 66 9

[00:51:03]	[Recv]	mv 3 40945 164 76 9

[00:51:03]	[Recv]	mv 3 40932 90 58 9

[00:51:03]	[Recv]	mv 3 40926 185 36 9

[00:51:03]	[Recv]	mv 3 40906 110 53 9

[00:51:03]	[Recv]	mv 3 40892 154 95 8

[00:51:03]	[Recv]	mv 3 40858 128 28 9

[00:51:03]	[Recv]	mv 3 40856 114 29 9

[00:51:03]	[Recv]	mv 3 40849 65 58 9

[00:51:03]	[Send]	walk 116 25 0 25
[00:51:03]	[Recv]	mv 3 40943 158 83 9

[00:51:03]	[Recv]	mv 3 40931 182 63 9

[00:51:03]	[Recv]	mv 3 40894 164 39 8

[00:51:03]	[Recv]	mv 3 40893 161 51 8

[00:51:03]	[Recv]	mv 3 40885 126 53 8

[00:51:03]	[Recv]	mv 3 40871 56 58 8

[00:51:03]	[Recv]	mv 3 40861 152 40 9

[00:51:03]	[Send]	walk 123 21 0 25
[00:51:03]	[Recv]	mv 3 40946 172 82 9

[00:51:03]	[Recv]	mv 3 40916 141 44 9

[00:51:03]	[Recv]	mv 3 40914 137 90 9

[00:51:03]	[Recv]	mv 3 40907 95 52 9

[00:51:03]	[Recv]	mv 3 40902 62 81 9

[00:51:03]	[Recv]	mv 3 40897 180 74 8

[00:51:03]	[Recv]	mv 3 40876 80 47 8

[00:51:03]	[Recv]	mv 3 40870 55 78 8

[00:51:03]	[Recv]	mv 3 40862 156 58 9

[00:51:03]	[Recv]	mv 3 40850 74 79 9

[00:51:03]	[Recv]	mv 3 40949 187 70 9

[00:51:03]	[Recv]	mv 3 40937 138 103 9

[00:51:03]	[Recv]	mv 3 40936 134 96 9

[00:51:03]	[Recv]	mv 3 40923 169 56 9

[00:51:03]	[Recv]	mv 3 40919 160 57 9

[00:51:03]	[Recv]	mv 3 40917 152 49 9

[00:51:03]	[Recv]	mv 3 40910 120 71 9

[00:51:03]	[Recv]	mv 3 40895 172 41 8

[00:51:03]	[Recv]	mv 3 40888 124 35 8

[00:51:03]	[Recv]	mv 3 40886 125 28 8

[00:51:03]	[Recv]	mv 3 40881 118 83 8

[00:51:03]	[Recv]	mv 3 40867 45 113 8

[00:51:03]	[Recv]	mv 3 40854 94 42 9

[00:51:03]	[Recv]	mv 3 40851 76 50 9

[00:51:03]	[Recv]	mv 3 40847 43 114 9

[00:51:03]	[Recv]	mv 3 40845 32 108 9

[00:51:03]	[Recv]	mv 3 40938 142 93 9

[00:51:03]	[Recv]	mv 3 40921 160 66 9

[00:51:03]	[Recv]	mv 3 40903 62 95 9

[00:51:03]	[Recv]	mv 3 40899 49 100 9

[00:51:03]	[Recv]	mv 3 40896 173 44 8

[00:51:03]	[Recv]	mv 3 40884 48 114 8

[00:51:03]	[Recv]	mv 3 40882 123 57 8

[00:51:03]	[Recv]	mv 3 40869 54 57 8

[00:51:03]	[Recv]	mv 3 40860 147 91 9

[00:51:03]	[Send]	walk 126 28 1 25
[00:51:03]	[Recv]	pst 2 2557262 0 100 100 34166 7013 0 0 0

[00:51:03]	[Recv]	pst 2 2557249 1 100 100 42830 3622 0 0 0

[00:51:04]	[Recv]	mv 3 40947 173 66 9

[00:51:04]	[Recv]	mv 3 40945 162 78 9

[00:51:04]	[Recv]	mv 3 40926 186 38 9

[00:51:04]	[Recv]	mv 3 40920 151 99 9

[00:51:04]	[Recv]	mv 3 40911 129 46 9

[00:51:04]	[Recv]	mv 3 40908 106 33 9

[00:51:04]	[Recv]	mv 3 40892 152 93 8

[00:51:04]	[Recv]	mv 3 40873 65 74 8

[00:51:04]	[Recv]	mv 3 40856 116 31 9

[00:51:04]	[Recv]	mv 3 40855 95 60 9

[00:51:04]	[Recv]	mv 3 40853 82 37 9

[00:51:04]	[Recv]	mv 3 40849 64 56 9

[00:51:04]	[Recv]	mv 3 40943 157 84 9

[00:51:04]	[Recv]	mv 3 40935 130 83 9

[00:51:04]	[Recv]	mv 3 40931 181 61 9

[00:51:04]	[Recv]	mv 3 40894 162 41 8

[00:51:04]	[Recv]	mv 3 40893 160 50 8

[00:51:04]	[Recv]	mv 3 40885 126 51 8

[00:51:04]	[Recv]	mv 3 40864 173 76 9

[00:51:04]	[Recv]	mv 3 40861 151 40 9

[00:51:04]	[Recv]	mv 3 40857 119 40 9

[00:51:04]	[Recv]	mv 3 40946 172 80 9

[00:51:04]	[Recv]	mv 3 40944 162 90 9

[00:51:04]	[Recv]	mv 3 40941 152 53 9

[00:51:04]	[Recv]	mv 3 40922 162 35 9

[00:51:04]	[Recv]	mv 3 40915 139 73 9

[00:51:04]	[Recv]	mv 3 40914 139 91 9

[00:51:04]	[Recv]	mv 3 40907 97 53 9

[00:51:04]	[Recv]	mv 3 40902 61 82 9

[00:51:04]	[Recv]	mv 3 40898 188 41 8

[00:51:04]	[Recv]	mv 3 40897 178 76 8

[00:51:04]	[Recv]	mv 3 40872 63 104 8

[00:51:04]	[Recv]	mv 3 40870 54 79 8

[00:51:04]	[Recv]	mv 3 40868 53 50 8

[00:51:04]	[Recv]	mv 3 40859 136 36 9

[00:51:04]	[Recv]	mv 3 40850 73 81 9

[00:51:04]	[Send]	pulse 180 1
[00:51:04]	[Recv]	umi 5060.257 9028.376

[00:51:04]	[Recv]	mv 3 40949 187 68 9

[00:51:04]	[Recv]	mv 3 40942 152 91 9

[00:51:04]	[Recv]	mv 3 40936 133 95 9

[00:51:04]	[Recv]	mv 3 40934 125 88 9

[00:51:04]	[Recv]	mv 3 40933 121 60 9

[00:51:04]	[Recv]	mv 3 40923 169 55 9

[00:51:04]	[Recv]	mv 3 40919 161 58 9

[00:51:04]	[Recv]	mv 3 40917 151 48 9

[00:51:04]	[Recv]	mv 3 40910 118 70 9

[00:51:04]	[Recv]	mv 3 40895 173 39 8

[00:51:04]	[Recv]	mv 3 40889 136 53 8

[00:51:04]	[Recv]	mv 3 40888 125 36 8

[00:51:04]	[Recv]	mv 3 40886 125 30 8

[00:51:04]	[Recv]	mv 3 40881 119 82 8

[00:51:04]	[Recv]	mv 3 40877 85 39 8

[00:51:04]	[Recv]	mv 3 40875 82 46 8

[00:51:04]	[Recv]	mv 3 40867 46 114 8

[00:51:04]	[Recv]	mv 3 40863 157 39 9

[00:51:04]	[Recv]	mv 3 40852 76 107 9

[00:51:04]	[Recv]	mv 3 40851 75 48 9

[00:51:04]	[Recv]	mv 3 40848 47 97 9

[00:51:04]	[Recv]	mv 3 40847 42 114 9

[00:51:04]	[Recv]	mv 3 40845 31 106 9

[00:51:04]	[Recv]	stat 75191 75191 13062 17265 0 1316

[00:51:04]	[Recv]	stat 75191 75191 13179 17265 0 1316

[00:51:04]	[Recv]	mv 3 40938 143 95 9

[00:51:04]	[Recv]	mv 3 40928 58 99 9

[00:51:04]	[Recv]	mv 3 40921 158 66 9

[00:51:04]	[Recv]	mv 3 40904 75 54 9

[00:51:04]	[Recv]	mv 3 40903 64 97 9

[00:51:04]	[Recv]	mv 3 40896 174 44 8

[00:51:04]	[Recv]	mv 3 40884 50 114 8

[00:51:04]	[Recv]	mv 3 40882 121 57 8

[00:51:04]	[Recv]	mv 3 40866 108 42 8

[00:51:04]	[Send]	walk 131 33 0 25
[00:51:04]	[Recv]	pst 2 2557262 0 100 100 34166 7013 0 0 0

[00:51:04]	[Recv]	pst 2 2557249 1 100 100 42830 3622 0 0 0

[00:51:05]	[Recv]	mv 3 40945 162 76 9

[00:51:05]	[Recv]	mv 3 40932 88 59 9

[00:51:05]	[Recv]	mv 3 40926 185 36 9

[00:51:05]	[Recv]	mv 3 40920 153 99 9

[00:51:05]	[Recv]	mv 3 40908 107 34 9

[00:51:05]	[Recv]	mv 3 40906 111 52 9

[00:51:05]	[Recv]	mv 3 40887 126 66 8

[00:51:05]	[Recv]	mv 3 40880 159 82 8

[00:51:05]	[Recv]	mv 3 40873 63 74 8

[00:51:05]	[Recv]	mv 3 40849 63 56 9

[00:51:05]	[Recv]	mv 3 40943 159 82 9

[00:51:05]	[Recv]	mv 3 40935 129 82 9

[00:51:05]	[Recv]	mv 3 40931 180 60 9

[00:51:05]	[Recv]	mv 3 40929 56 87 9

[00:51:05]	[Recv]	mv 3 40894 164 42 8

[00:51:05]	[Recv]	mv 3 40893 162 50 8

[00:51:05]	[Recv]	mv 3 40885 125 52 8

[00:51:05]	[Recv]	mv 3 40864 175 75 9

[00:51:05]	[Send]	ncif 2 40975
[00:51:05]	[Recv]	st 2 40975 0 0 0 100 7 4 7 4 0

[00:51:05]	[Recv]	mv 3 40946 172 79 9

[00:51:05]	[Recv]	mv 3 40944 164 88 9

[00:51:05]	[Recv]	mv 3 40941 153 52 9

[00:51:05]	[Recv]	mv 3 40924 180 83 9

[00:51:05]	[Recv]	mv 3 40922 163 36 9

[00:51:05]	[Recv]	mv 3 40916 142 44 9

[00:51:05]	[Recv]	mv 3 40914 141 90 9

[00:51:05]	[Recv]	mv 3 40902 62 81 9

[00:51:05]	[Recv]	mv 3 40891 54 63 8

[00:51:05]	[Recv]	mv 3 40878 86 45 8

[00:51:05]	[Recv]	mv 3 40876 82 47 8

[00:51:05]	[Recv]	mv 3 40859 135 38 9

[00:51:05]	[Recv]	mv 3 40850 74 82 9

[00:51:05]	[Recv]	mv 3 40949 186 69 9

[00:51:05]	[Recv]	mv 3 40937 139 103 9

[00:51:05]	[Recv]	mv 3 40923 168 53 9

[00:51:05]	[Recv]	mv 3 40910 120 72 9

[00:51:05]	[Recv]	mv 3 40900 51 113 9

[00:51:05]	[Recv]	mv 3 40895 172 40 8

[00:51:05]	[Recv]	mv 3 40877 83 39 8

[00:51:05]	[Recv]	mv 3 40854 95 40 9

[00:51:05]	[Recv]	mv 3 40852 75 105 9

[00:51:05]	[Recv]	mv 3 40847 42 115 9

[00:51:05]	[Recv]	mv 3 40845 33 104 9

[00:51:05]	[Recv]	mv 3 40940 150 99 9

[00:51:05]	[Recv]	mv 3 40928 57 98 9

[00:51:05]	[Recv]	mv 3 40925 184 42 9

[00:51:05]	[Recv]	mv 3 40909 113 44 9

[00:51:05]	[Recv]	mv 3 40899 49 99 9

[00:51:05]	[Recv]	mv 3 40896 175 46 8

[00:51:05]	[Recv]	mv 3 40884 50 115 8

[00:51:05]	[Recv]	mv 3 40882 122 59 8

[00:51:05]	[Recv]	mv 3 40874 66 47 8

[00:51:05]	[Recv]	mv 3 40866 109 42 8

[00:51:05]	[Recv]	pst 2 2557262 0 100 100 34166 7013 0 0 0

[00:51:05]	[Recv]	pst 2 2557249 1 100 100 42830 3622 0 0 0

[00:51:06]	[Recv]	mv 3 40945 163 76 9

[00:51:06]	[Recv]	mv 3 40926 187 37 9

[00:51:06]	[Recv]	mv 3 40908 106 35 9

[00:51:06]	[Recv]	mv 3 40901 62 50 9

[00:51:06]	[Recv]	mv 3 40892 150 94 8

[00:51:06]	[Recv]	mv 3 40873 64 76 8

[00:51:06]	[Recv]	mv 3 40858 127 29 9

[00:51:06]	[Recv]	mv 3 40856 116 30 9

[00:51:06]	[Recv]	mv 3 40855 97 61 9

[00:51:06]	[Recv]	mv 3 40853 84 36 9

[00:51:06]	[Send]	walk 140 33 0 25
[00:51:06]	[Recv]	mv 3 40943 157 84 9

[00:51:06]	[Recv]	mv 3 40935 130 84 9

[00:51:06]	[Recv]	mv 3 40931 181 61 9

[00:51:06]	[Recv]	mv 3 40929 58 87 9

[00:51:06]	[Recv]	mv 3 40893 164 49 8

[00:51:06]	[Recv]	mv 3 40864 174 77 9

[00:51:06]	[Recv]	mv 3 40861 149 42 9

[00:51:06]	[Recv]	mv 3 40857 120 39 9

[00:51:06]	[Send]	ncif 2 40975
[00:51:06]	[Send]	walk 143 32 1 25
[00:51:06]	[Recv]	st 2 40975 0 0 0 100 7 4 7 4 0

[00:51:06]	[Recv]	mv 3 40946 170 79 9

[00:51:06]	[Recv]	mv 3 40944 164 87 9

[00:51:06]	[Recv]	mv 3 40941 152 51 9

[00:51:06]	[Recv]	mv 3 40924 178 85 9

[00:51:06]	[Recv]	mv 3 40922 164 38 9

[00:51:06]	[Recv]	mv 3 40916 144 46 9

[00:51:06]	[Recv]	mv 3 40915 138 74 9

[00:51:06]	[Recv]	mv 3 40902 61 82 9

[00:51:06]	[Recv]	mv 3 40898 188 39 8

[00:51:06]	[Recv]	mv 3 40897 179 74 8

[00:51:06]	[Recv]	mv 3 40878 84 45 8

[00:51:06]	[Recv]	mv 3 40876 84 47 8

[00:51:06]	[Recv]	mv 3 40872 61 103 8

[00:51:06]	[Recv]	mv 3 40870 55 77 8

[00:51:06]	[Recv]	mv 3 40862 155 58 9

[00:51:06]	[Recv]	mv 3 40846 42 109 9

[00:51:06]	[Recv]	mv 3 40939 143 83 9

[00:51:06]	[Recv]	mv 3 40936 133 96 9

[00:51:06]	[Recv]	mv 3 40933 120 58 9

[00:51:06]	[Recv]	mv 3 40919 160 58 9

[00:51:06]	[Recv]	mv 3 40917 150 48 9

[00:51:06]	[Recv]	mv 3 40910 122 70 9

[00:51:06]	[Recv]	mv 3 40900 53 113 9

[00:51:06]	[Recv]	mv 3 40895 173 40 8

[00:51:06]	[Recv]	mv 3 40888 126 34 8

[00:51:06]	[Recv]	mv 3 40886 125 29 8

[00:51:06]	[Recv]	mv 3 40881 119 80 8

[00:51:06]	[Recv]	mv 3 40863 159 38 9

[00:51:06]	[Recv]	mv 3 40847 44 115 9

[00:51:06]	[Recv]	mv 3 40845 31 106 9

[00:51:06]	[Recv]	stat 75191 75191 13179 17265 0 1316

[00:51:06]	[Recv]	mv 3 40940 149 98 9

[00:51:06]	[Recv]	mv 3 40928 55 99 9

[00:51:06]	[Recv]	mv 3 40927 55 111 9

[00:51:06]	[Recv]	mv 3 40925 183 40 9

[00:51:06]	[Recv]	mv 3 40904 76 55 9

[00:51:06]	[Recv]	mv 3 40903 64 95 9

[00:51:06]	[Recv]	mv 3 40896 175 45 8

[00:51:06]	[Recv]	mv 3 40884 51 117 8

[00:51:06]	[Recv]	mv 3 40882 121 60 8

[00:51:06]	[Recv]	mv 3 40869 53 57 8

[00:51:06]	[Recv]	mv 3 40866 108 40 8

[00:51:06]	[Recv]	mv 3 40860 146 91 9

[00:51:06]	[Recv]	pst 2 2557262 0 100 100 34166 7013 0 0 0

[00:51:06]	[Recv]	pst 2 2557249 1 100 100 42830 3622 0 0 0

[00:51:07]	[Recv]	mv 3 40926 188 36 9

[00:51:07]	[Recv]	mv 3 40908 106 33 9

[00:51:07]	[Recv]	mv 3 40906 110 52 9

[00:51:07]	[Recv]	mv 3 40887 125 67 8

[00:51:07]	[Recv]	mv 3 40880 157 81 8

[00:51:07]	[Recv]	mv 3 40873 63 76 8

[00:51:07]	[Recv]	mv 3 40858 128 27 9

[00:51:07]	[Send]	walk 150 33 0 25
[00:51:07]	[Recv]	mv 3 40943 155 86 9

[00:51:07]	[Recv]	mv 3 40929 59 86 9

[00:51:07]	[Recv]	mv 3 40871 57 60 8

[00:51:07]	[Recv]	mv 3 40864 173 76 9

[00:51:07]	[Send]	ncif 2 40975
[00:51:07]	[Recv]	st 2 40975 0 0 0 100 7 4 7 4 0

[00:51:07]	[Recv]	mv 3 40944 162 89 9

[00:51:07]	[Recv]	mv 3 40924 179 85 9

[00:51:07]	[Recv]	mv 3 40922 165 38 9

[00:51:07]	[Recv]	mv 3 40916 143 47 9

[00:51:07]	[Recv]	mv 3 40915 139 74 9

[00:51:07]	[Recv]	mv 3 40914 139 88 9

[00:51:07]	[Recv]	mv 3 40907 96 55 9

[00:51:07]	[Recv]	mv 3 40902 60 82 9

[00:51:07]	[Recv]	mv 3 40898 187 39 8

[00:51:07]	[Recv]	mv 3 40897 181 74 8

[00:51:07]	[Recv]	mv 3 40891 54 64 8

[00:51:07]	[Recv]	mv 3 40878 86 47 8

[00:51:07]	[Recv]	mv 3 40876 84 48 8

[00:51:07]	[Recv]	mv 3 40859 137 37 9

[00:51:07]	[Recv]	mv 3 40846 44 108 9

[00:51:07]	[Send]	walk 154 32 0 25
[00:51:07]	[Recv]	mv 3 40949 184 69 9

[00:51:07]	[Recv]	mv 3 40942 153 90 9

[00:51:07]	[Recv]	mv 3 40939 145 81 9

[00:51:07]	[Recv]	mv 3 40936 133 94 9

[00:51:07]	[Recv]	mv 3 40934 127 90 9

[00:51:07]	[Recv]	mv 3 40923 169 53 9

[00:51:07]	[Recv]	mv 3 40919 161 58 9

[00:51:07]	[Recv]	mv 3 40913 140 26 9

[00:51:07]	[Recv]	mv 3 40900 52 112 9

[00:51:07]	[Recv]	mv 3 40889 136 54 8

[00:51:07]	[Recv]	mv 3 40888 124 35 8

[00:51:07]	[Recv]	mv 3 40877 84 38 8

[00:51:07]	[Recv]	mv 3 40875 81 44 8

[00:51:07]	[Recv]	mv 3 40867 47 112 8

[00:51:07]	[Recv]	mv 3 40854 96 38 9

[00:51:07]	[Recv]	mv 3 40852 77 104 9

[00:51:07]	[Recv]	mv 3 40851 76 48 9

[00:51:07]	[Recv]	mv 3 40848 46 95 9

[00:51:07]	[Recv]	mv 3 40847 43 117 9

[00:51:07]	[Recv]	mv 3 40845 31 107 9

[00:51:07]	[Recv]	mv 3 40938 141 94 9

[00:51:07]	[Recv]	mv 3 40927 53 113 9

[00:51:07]	[Recv]	mv 3 40925 183 42 9

[00:51:07]	[Recv]	mv 3 40909 114 45 9

[00:51:07]	[Recv]	mv 3 40904 75 56 9

[00:51:07]	[Recv]	mv 3 40903 62 96 9

[00:51:07]	[Recv]	mv 3 40899 48 98 9

[00:51:07]	[Recv]	mv 3 40884 50 117 8

[00:51:07]	[Recv]	mv 3 40882 122 59 8

[00:51:07]	[Recv]	mv 3 40874 66 49 8

[00:51:07]	[Recv]	mv 3 40860 148 91 9

[00:51:07]	[Recv]	pst 2 2557262 0 100 100 34166 7013 0 0 0

[00:51:07]	[Recv]	pst 2 2557249 1 100 100 42830 3622 0 0 0

[00:51:08]	[Recv]	mv 3 40947 175 64 9

[00:51:08]	[Recv]	mv 3 40932 88 60 9

[00:51:08]	[Recv]	mv 3 40926 187 36 9

[00:51:08]	[Recv]	mv 3 40908 106 35 9

[00:51:08]	[Recv]	mv 3 40906 109 54 9

[00:51:08]	[Recv]	mv 3 40901 64 48 9

[00:51:08]	[Recv]	mv 3 40887 125 66 8

[00:51:08]	[Recv]	mv 3 40873 64 76 8

[00:51:08]	[Recv]	mv 3 40858 127 25 9

[00:51:08]	[Recv]	mv 3 40855 98 62 9

[00:51:08]	[Recv]	mv 3 40853 82 38 9

[00:51:08]	[Recv]	mv 3 40943 156 84 9

[00:51:08]	[Recv]	mv 3 40931 182 61 9

[00:51:08]	[Recv]	mv 3 40894 162 41 8

[00:51:08]	[Recv]	mv 3 40893 163 51 8

[00:51:08]	[Recv]	mv 3 40885 123 51 8

[00:51:08]	[Recv]	mv 3 40861 151 41 9

[00:51:08]	[Recv]	mv 3 40944 161 88 9

[00:51:08]	[Recv]	mv 3 40941 152 50 9

[00:51:08]	[Recv]	mv 3 40922 165 37 9

[00:51:08]	[Recv]	mv 3 40916 144 46 9

[00:51:08]	[Recv]	mv 3 40914 141 89 9

[00:51:08]	[Recv]	mv 3 40907 98 55 9

[00:51:08]	[Recv]	mv 3 40902 62 80 9

[00:51:08]	[Recv]	mv 3 40878 87 45 8

[00:51:08]	[Recv]	mv 3 40876 82 49 8

[00:51:08]	[Recv]	mv 3 40872 63 105 8

[00:51:08]	[Recv]	mv 3 40862 154 60 9

[00:51:08]	[Recv]	mv 3 40859 136 39 9

[00:51:08]	[Send]	walk 162 34 1 25
[00:51:08]	[Recv]	mv 3 40949 185 67 9

[00:51:08]	[Recv]	mv 3 40942 154 90 9

[00:51:08]	[Recv]	mv 3 40939 144 81 9

[00:51:08]	[Recv]	mv 3 40917 152 47 9

[00:51:08]	[Recv]	mv 3 40913 140 27 9

[00:51:08]	[Recv]	mv 3 40895 172 39 8

[00:51:08]	[Recv]	mv 3 40889 135 52 8

[00:51:08]	[Recv]	mv 3 40886 127 29 8

[00:51:08]	[Recv]	mv 3 40881 117 81 8

[00:51:08]	[Recv]	mv 3 40875 80 43 8

[00:51:08]	[Recv]	mv 3 40854 96 40 9

[00:51:08]	[Recv]	mv 3 40851 75 50 9

[00:51:08]	[Recv]	mv 3 40848 46 97 9

[00:51:08]	[Recv]	mv 3 40847 42 116 9

[00:51:08]	[Recv]	mv 3 40845 32 105 9

[00:51:08]	[Send]	walk 164 31 0 25
[00:51:08]	[Recv]	stat 75191 75191 13179 17265 0 1316

[00:51:08]	[Recv]	stat 75191 75191 13296 17265 0 1316

[00:51:08]	[Recv]	mv 3 40938 143 93 9

[00:51:08]	[Recv]	mv 3 40927 51 113 9

[00:51:08]	[Recv]	mv 3 40925 185 41 9

[00:51:08]	[Recv]	mv 3 40921 159 68 9

[00:51:08]	[Recv]	mv 3 40904 76 54 9

[00:51:08]	[Recv]	mv 3 40903 63 95 9

[00:51:08]	[Recv]	mv 3 40896 175 46 8

[00:51:08]	[Recv]	mv 3 40884 51 117 8

[00:51:08]	[Recv]	mv 3 40869 52 58 8

[00:51:08]	[Recv]	mv 3 40866 109 41 8

[00:51:08]	[Recv]	pst 2 2557262 0 100 100 34166 7013 0 0 0

[00:51:08]	[Recv]	pst 2 2557249 1 100 100 42830 3622 0 0 0

[00:51:09]	[Recv]	mv 3 40945 164 77 9

[00:51:09]	[Recv]	mv 3 40932 89 61 9

[00:51:09]	[Recv]	mv 3 40911 128 47 9

[00:51:09]	[Recv]	mv 3 40908 107 34 9

[00:51:09]	[Recv]	mv 3 40901 63 49 9

[00:51:09]	[Recv]	mv 3 40892 152 94 8

[00:51:09]	[Recv]	mv 3 40887 125 67 8

[00:51:09]	[Recv]	mv 3 40880 156 82 8

[00:51:09]	[Recv]	mv 3 40858 128 26 9

[00:51:09]	[Recv]	mv 3 40856 115 32 9

[00:51:09]	[Recv]	mv 3 40943 157 86 9

[00:51:09]	[Recv]	mv 3 40935 128 83 9

[00:51:09]	[Recv]	mv 3 40893 161 49 8

[00:51:09]	[Recv]	mv 3 40885 124 52 8

[00:51:09]	[Recv]	mv 3 40864 172 77 9

[00:51:09]	[Recv]	mv 3 40861 151 42 9

[00:51:09]	[Recv]	mv 3 40941 151 51 9

[00:51:09]	[Recv]	mv 3 40924 177 83 9

[00:51:09]	[Recv]	mv 3 40915 140 75 9

[00:51:09]	[Recv]	mv 3 40914 139 88 9

[00:51:09]	[Recv]	mv 3 40902 60 80 9

[00:51:09]	[Recv]	mv 3 40872 64 105 8

[00:51:09]	[Recv]	mv 3 40868 54 52 8

[00:51:09]	[Recv]	mv 3 40862 155 58 9

[00:51:09]	[Recv]	mv 3 40859 135 38 9

[00:51:09]	[Recv]	mv 3 40846 44 106 9

[00:51:09]	[Send]	walk 172 35 0 25
[00:51:09]	[Recv]	mv 3 40949 186 69 9

[00:51:09]	[Recv]	mv 3 40942 153 92 9

[00:51:09]	[Recv]	mv 3 40939 145 83 9

[00:51:09]	[Recv]	mv 3 40937 141 103 9

[00:51:09]	[Recv]	mv 3 40933 118 60 9

[00:51:09]	[Recv]	mv 3 40900 53 112 9

[00:51:09]	[Recv]	mv 3 40888 124 36 8

[00:51:09]	[Recv]	mv 3 40875 82 44 8

[00:51:09]	[Recv]	mv 3 40867 46 111 8

[00:51:09]	[Recv]	mv 3 40863 158 36 9

[00:51:09]	[Recv]	mv 3 40854 97 40 9

[00:51:09]	[Recv]	mv 3 40847 44 116 9

[00:51:09]	[Recv]	mv 3 40938 143 94 9

[00:51:09]	[Recv]	mv 3 40928 56 97 9

[00:51:09]	[Recv]	mv 3 40927 52 111 9

[00:51:09]	[Recv]	mv 3 40925 185 39 9

[00:51:09]	[Recv]	mv 3 40921 157 67 9

[00:51:09]	[Recv]	mv 3 40909 116 47 9

[00:51:09]	[Recv]	mv 3 40903 61 97 9

[00:51:09]	[Recv]	mv 3 40899 47 100 9

[00:51:09]	[Recv]	mv 3 40896 174 46 8

[00:51:09]	[Recv]	mv 3 40884 50 117 8

[00:51:09]	[Recv]	mv 3 40882 124 58 8

[00:51:09]	[Recv]	mv 3 40874 65 48 8

[00:51:09]	[Recv]	mv 3 40869 53 58 8

[00:51:09]	[Recv]	mv 3 40860 147 93 9

[00:51:09]	[Recv]	pst 2 2557262 0 100 100 34166 7013 0 0 0

[00:51:09]	[Recv]	pst 2 2557249 1 100 100 42830 3622 0 0 0

[00:51:09]	[Send]	walk 176 35 1 25
[00:51:10]	[Recv]	mv 3 40947 175 62 9

[00:51:10]	[Recv]	mv 3 40932 91 62 9

[00:51:10]	[Recv]	mv 3 40926 185 35 9

[00:51:10]	[Recv]	mv 3 40920 152 99 9

[00:51:10]	[Recv]	mv 3 40911 128 46 9

[00:51:10]	[Recv]	mv 3 40908 109 36 9

[00:51:10]	[Recv]	mv 3 40901 62 51 9

[00:51:10]	[Recv]	mv 3 40892 151 93 8

[00:51:10]	[Recv]	mv 3 40887 124 65 8

[00:51:10]	[Recv]	mv 3 40858 129 27 9

[00:51:10]	[Recv]	mv 3 40853 83 38 9

[00:51:10]	[Recv]	mv 3 40849 62 58 9

[00:51:10]	[Recv]	mv 3 40931 181 62 9

[00:51:10]	[Recv]	mv 3 40929 60 84 9

[00:51:10]	[Recv]	mv 3 40893 162 48 8

[00:51:10]	[Recv]	mv 3 40864 173 77 9

[00:51:10]	[Recv]	mv 3 40944 162 89 9

[00:51:10]	[Recv]	mv 3 40941 152 50 9

[00:51:10]	[Recv]	mv 3 40924 179 84 9

[00:51:10]	[Recv]	mv 3 40922 164 37 9

[00:51:10]	[Recv]	mv 3 40916 142 47 9

[00:51:10]	[Recv]	mv 3 40914 140 89 9

[00:51:10]	[Recv]	mv 3 40907 97 53 9

[00:51:10]	[Recv]	mv 3 40898 186 40 8

[00:51:10]	[Recv]	mv 3 40897 181 75 8

[00:51:10]	[Recv]	mv 3 40876 82 47 8

[00:51:10]	[Recv]	mv 3 40872 65 105 8

[00:51:10]	[Recv]	mv 3 40870 54 77 8

[00:51:10]	[Recv]	mv 3 40868 55 51 8

[00:51:10]	[Recv]	mv 3 40862 155 59 9

[00:51:10]	[Recv]	mv 3 40859 137 37 9

[00:51:10]	[Recv]	mv 3 40949 184 69 9

[00:51:10]	[Recv]	mv 3 40942 153 91 9

[00:51:10]	[Recv]	mv 3 40939 145 85 9

[00:51:10]	[Recv]	mv 3 40936 135 94 9

[00:51:10]	[Recv]	mv 3 40933 119 58 9

[00:51:10]	[Recv]	mv 3 40889 134 53 8

[00:51:10]	[Recv]	mv 3 40888 126 34 8

[00:51:10]	[Recv]	mv 3 40877 86 36 8

[00:51:10]	[Recv]	mv 3 40875 84 45 8

[00:51:10]	[Recv]	mv 3 40863 160 38 9

[00:51:10]	[Recv]	mv 3 40852 75 106 9

[00:51:10]	[Recv]	mv 3 40847 43 115 9

[00:51:10]	[Recv]	stat 75191 75191 13296 17265 0 1316

[00:51:10]	[Recv]	mv 3 40940 148 100 9

[00:51:10]	[Recv]	mv 3 40938 142 93 9

[00:51:10]	[Recv]	mv 3 40925 184 41 9

[00:51:10]	[Recv]	mv 3 40921 159 68 9

[00:51:10]	[Recv]	mv 3 40909 116 46 9

[00:51:10]	[Recv]	mv 3 40904 76 56 9

[00:51:10]	[Recv]	mv 3 40903 60 96 9

[00:51:10]	[Recv]	mv 3 40896 176 45 8

[00:51:10]	[Recv]	mv 3 40882 123 60 8

[00:51:10]	[Recv]	mv 3 40874 64 46 8

[00:51:10]	[Recv]	mv 3 40869 54 57 8

[00:51:10]	[Recv]	mv 3 40866 108 41 8

[00:51:10]	[Recv]	mv 3 40860 146 91 9

[00:51:10]	[Send]	walk 185 35 1 25
[00:51:10]	[Recv]	pst 2 2557262 0 100 100 34166 7013 0 0 0

[00:51:10]	[Recv]	pst 2 2557249 1 100 100 42830 3622 0 0 0

[00:51:11]	[Recv]	mv 3 40945 166 77 9

[00:51:11]	[Recv]	mv 3 40932 89 61 9

[00:51:11]	[Recv]	mv 3 40911 130 44 9

[00:51:11]	[Recv]	mv 3 40908 109 37 9

[00:51:11]	[Recv]	mv 3 40892 153 95 8

[00:51:11]	[Recv]	mv 3 40887 123 67 8

[00:51:11]	[Recv]	mv 3 40880 155 80 8

[00:51:11]	[Recv]	mv 3 40873 66 75 8

[00:51:11]	[Recv]	mv 3 40858 129 26 9

[00:51:11]	[Recv]	mv 3 40853 83 36 9

[00:51:11]	[Recv]	mv 3 40943 157 85 9

[00:51:11]	[Recv]	mv 3 40931 182 62 9

[00:51:11]	[Recv]	mv 3 40894 164 43 8

[00:51:11]	[Recv]	mv 3 40893 163 47 8

[00:51:11]	[Recv]	mv 3 40857 119 39 9

[00:51:11]	[Recv]	mv 3 40944 163 90 9

[00:51:11]	[Recv]	mv 3 40941 152 51 9

[00:51:11]	[Recv]	mv 3 40924 181 86 9

[00:51:11]	[Recv]	mv 3 40915 138 75 9

[00:51:11]	[Recv]	mv 3 40902 61 82 9

[00:51:11]	[Recv]	mv 3 40898 186 39 8

[00:51:11]	[Recv]	mv 3 40897 180 74 8

[00:51:11]	[Recv]	mv 3 40876 80 49 8

[00:51:11]	[Recv]	mv 3 40872 63 106 8

[00:51:11]	[Recv]	mv 3 40850 73 81 9

[00:51:11]	[Recv]	mv 3 40949 186 67 9

[00:51:11]	[Recv]	mv 3 40942 154 90 9

[00:51:11]	[Recv]	mv 3 40937 139 105 9

[00:51:11]	[Recv]	mv 3 40934 125 89 9

[00:51:11]	[Recv]	mv 3 40933 120 59 9

[00:51:11]	[Recv]	mv 3 40923 171 53 9

[00:51:11]	[Recv]	mv 3 40919 159 58 9

[00:51:11]	[Recv]	mv 3 40917 150 47 9

[00:51:11]	[Recv]	mv 3 40913 140 25 9

[00:51:11]	[Recv]	mv 3 40910 122 71 9

[00:51:11]	[Recv]	mv 3 40900 51 114 9

[00:51:11]	[Recv]	mv 3 40889 135 53 8

[00:51:11]	[Recv]	mv 3 40888 124 36 8

[00:51:11]	[Recv]	mv 3 40886 126 27 8

[00:51:11]	[Recv]	mv 3 40877 86 38 8

[00:51:11]	[Recv]	mv 3 40863 160 40 9

[00:51:11]	[Recv]	mv 3 40854 97 42 9

[00:51:11]	[Recv]	mv 3 40852 75 107 9

[00:51:11]	[Recv]	mv 3 40851 73 50 9

[00:51:11]	[Recv]	mv 3 40848 46 95 9

[00:51:11]	[Recv]	mv 3 40847 42 116 9

[00:51:11]	[Recv]	mv 3 40845 34 107 9

[00:51:11]	[Send]	walk 194 36 0 25
[00:51:11]	[Recv]	mv 3 40928 58 98 9

[00:51:11]	[Recv]	mv 3 40925 184 40 9

[00:51:11]	[Recv]	mv 3 40921 161 67 9

[00:51:11]	[Recv]	mv 3 40909 115 46 9

[00:51:11]	[Recv]	mv 3 40904 76 55 9

[00:51:11]	[Recv]	mv 3 40899 49 100 9

[00:51:11]	[Recv]	mv 3 40896 175 43 8

[00:51:11]	[Recv]	mv 3 40884 50 116 8

[00:51:11]	[Recv]	mv 3 40860 145 90 9

[00:51:11]	[Recv]	pst 2 2557262 0 100 100 34166 7013 0 0 0

[00:51:11]	[Recv]	pst 2 2557249 1 100 100 42830 3622 0 0 0

[00:51:12]	[Recv]	mv 3 40948 179 77 9

[00:51:12]	[Recv]	mv 3 40932 90 59 9

[00:51:12]	[Recv]	mv 3 40920 150 98 9

[00:51:12]	[Recv]	mv 3 40911 130 45 9

[00:51:12]	[Recv]	mv 3 40906 109 52 9

[00:51:12]	[Recv]	mv 3 40901 60 52 9

[00:51:12]	[Recv]	mv 3 40880 156 81 8

[00:51:12]	[Recv]	mv 3 40873 67 76 8

[00:51:12]	[Recv]	mv 3 40858 127 28 9

[00:51:12]	[Recv]	mv 3 40855 99 63 9

[00:51:12]	[Recv]	mv 3 40853 83 38 9

[00:51:12]	[Recv]	mv 3 40943 155 86 9

[00:51:12]	[Recv]	mv 3 40935 129 82 9

[00:51:12]	[Recv]	mv 3 40931 180 64 9

[00:51:12]	[Recv]	mv 3 40929 59 86 9

[00:51:12]	[Recv]	mv 3 40885 125 50 8

[00:51:12]	[Recv]	mv 3 40857 118 38 9

[00:51:12]	[Recv]	mv 3 40944 162 88 9

[00:51:12]	[Recv]	mv 3 40924 179 86 9

[00:51:12]	[Recv]	mv 3 40922 163 37 9

[00:51:12]	[Recv]	mv 3 40907 99 54 9

[00:51:12]	[Recv]	mv 3 40897 181 73 8

[00:51:12]	[Recv]	mv 3 40876 81 47 8

[00:51:12]	[Recv]	mv 3 40872 63 107 8

[00:51:12]	[Recv]	mv 3 40868 54 52 8

[00:51:12]	[Recv]	mv 3 40862 153 60 9

[00:51:12]	[Recv]	mv 3 40859 137 39 9

[00:51:12]	[Recv]	mv 3 40850 74 81 9

[00:51:12]	[Recv]	mv 3 40949 187 68 9

[00:51:12]	[Recv]	mv 3 40939 144 83 9

[00:51:12]	[Recv]	mv 3 40937 137 103 9

[00:51:12]	[Recv]	mv 3 40919 160 56 9

[00:51:12]	[Recv]	mv 3 40917 151 49 9

[00:51:12]	[Recv]	mv 3 40913 140 24 9

[00:51:12]	[Recv]	mv 3 40910 120 71 9

[00:51:12]	[Recv]	mv 3 40889 137 52 8

[00:51:12]	[Recv]	mv 3 40886 126 29 8

[00:51:12]	[Recv]	mv 3 40875 82 43 8

[00:51:12]	[Recv]	mv 3 40867 45 112 8

[00:51:12]	[Recv]	mv 3 40852 77 107 9

[00:51:12]	[Recv]	mv 3 40851 75 50 9

[00:51:12]	[Recv]	mv 3 40847 40 117 9

[00:51:12]	[Recv]	mv 3 40845 33 106 9

[00:51:12]	[Recv]	stat 75191 75191 13296 17265 0 1316

[00:51:12]	[Recv]	stat 75191 75191 13413 17265 0 1316

[00:51:12]	[Send]	walk 197 39 0 25
[00:51:12]	[Recv]	mv 3 40940 150 98 9

[00:51:12]	[Recv]	mv 3 40938 141 91 9

[00:51:12]	[Recv]	mv 3 40928 57 98 9

[00:51:12]	[Recv]	mv 3 40921 161 66 9

[00:51:12]	[Recv]	mv 3 40909 114 44 9

[00:51:12]	[Recv]	mv 3 40904 77 54 9

[00:51:12]	[Recv]	mv 3 40903 61 97 9

[00:51:12]	[Recv]	mv 3 40896 174 45 8

[00:51:12]	[Recv]	mv 3 40884 52 115 8

[00:51:12]	[Recv]	mv 3 40869 52 59 8

[00:51:12]	[Recv]	mv 3 40866 110 40 8

[00:51:12]	[Recv]	mv 3 40860 146 91 9

[00:51:12]	[Recv]	pst 2 2557262 0 100 100 34166 7013 0 0 0

[00:51:12]	[Recv]	pst 2 2557249 1 100 100 42830 3622 0 0 0

[00:51:13]	[Recv]	mv 3 40945 165 76 9

[00:51:13]	[Recv]	mv 3 40932 92 61 9

[00:51:13]	[Recv]	mv 3 40926 185 36 9

[00:51:13]	[Recv]	mv 3 40920 151 100 9

[00:51:13]	[Recv]	mv 3 40911 129 45 9

[00:51:13]	[Recv]	mv 3 40908 107 36 9

[00:51:13]	[Recv]	mv 3 40906 108 52 9

[00:51:13]	[Recv]	mv 3 40901 61 50 9

[00:51:13]	[Recv]	mv 3 40880 158 82 8

[00:51:13]	[Recv]	mv 3 40873 65 76 8

[00:51:13]	[Recv]	mv 3 40856 117 30 9

[00:51:13]	[Send]	preq
[00:51:13]	[Recv]	mv 3 40943 157 84 9

[00:51:13]	[Recv]	mv 3 40935 131 84 9

[00:51:13]	[Recv]	mv 3 40931 179 63 9

[00:51:13]	[Recv]	mv 3 40929 58 86 9

[00:51:13]	[Recv]	mv 3 40894 166 42 8

[00:51:13]	[Recv]	mv 3 40871 58 60 8

[00:51:13]	[Recv]	mv 3 40861 150 41 9

[00:51:13]	[Recv]	c_map 0 2637 0

[00:51:13]	[Recv]	mapout

[00:51:13]	[Send]	c_close 1
[00:51:13]	[Send]	c_close 0
[00:51:13]	[Send]	f_stash_end 
[00:51:13]	[Send]	c_close 1
[00:51:13]	[Recv]	c_info milkers - -1 3739.918 Sanguinarius 6835325 0 0 1 5 1 27 0 10 0 0 0 0 8151 9

[00:51:13]	[Send]	mall 50
[00:51:13]	[Send]	c_close 1
[00:51:13]	[Recv]	c_mode 1 6835325 3728 0 0 0 100 8151

[00:51:13]	[Recv]	equip 73 78 0.8628.3.7.0.8.82 1.8643.8.7.0.2.82 2.8689.0.0.0.0.0 3.8653.0.2.0.0.0 4.8655.0.0.0.0.0 5.8636.7.8.0.0.82 6.4657.0.0.0.0.0 7.4653.0.0.0.0.0 8.4647.0.0.0.0.0 9.8687.0.0.0.0.0 10.8674.9.0.0.0.0 12.909.0.20.100.0.0 13.8680.0.0.0.0.0 14.8566.0.0.0.0.0 15.8598.0.0.0.0.0 16.8568.0.0.0.0.0 17.8801.0.0.0.0.0

[00:51:13]	[Recv]	lev 99 0 99 0 2140719000 5991794 13364600 200 881816047 91 967912450 0

[00:51:13]	[Recv]	stat 75191 75191 13413 17265 0 1316

[00:51:13]	[Recv]	at 6835325 2638 3 51 2 0 118 1 -1

[00:51:13]	[Recv]	cond 1 6835325 0 0 25

[00:51:13]	[Recv]	cond 1 6835325 0 0 25

[00:51:13]	[Recv]	titinfo 1 6835325 9468 9468

[00:51:13]	[Recv]	eq 6835325 0 0 1 5 1 8689.8643.8628.8636.8687.8674.8680.8566.8598.8568.8801 73 78 100

[00:51:13]	[Recv]	c_map 0 2638 1

[00:51:13]	[Recv]	sc 0 7 4136 4278 1894 37 415 1 8 4111 4311 2101 43 405 7 2246 1268 2064 1268 1784 91 88 127 138

[00:51:13]	[Recv]	char_sc 1 6835325 100

[00:51:13]	[Recv]	gidx 1 6835325 3739.918 Sanguinarius 27 0|0|1

[00:51:13]	[Recv]	rsfp 0 -1

[00:51:13]	[Recv]	pairy 1 6835325 4 3 129 59

[00:51:13]	[Recv]	minipet 1 6835325 8801

[00:51:13]	[Recv]	act6 

[00:51:13]	[Recv]	pinit 2 2|2557262|0|99|@|-1|2789|1|2646|0|0 2|2557249|1|96|@|-1|2762|0|0|0|0


[00:51:13]	[Recv]	food 0

[00:51:13]	[Recv]	mv 3 41016 205 21 10

[00:51:13]	[Recv]	mv 3 41056 133 54 10

[00:51:13]	[Recv]	mv 3 41054 108 34 10

[00:51:13]	[Recv]	mv 3 41046 36 61 10

[00:51:13]	[Recv]	mv 3 41045 185 69 10

[00:51:13]	[Recv]	mv 3 41044 155 55 10

[00:51:13]	[Recv]	mv 3 41034 52 67 10

[00:51:13]	[Recv]	mv 3 41017 211 76 10

[00:51:13]	[Recv]	mv 3 41007 220 70 8

[00:51:13]	[Recv]	mv 3 41000 244 54 9

[00:51:13]	[Recv]	mv 3 40992 199 69 9

[00:51:13]	[Recv]	mv 3 41059 179 61 10

[00:51:13]	[Recv]	mv 3 41058 164 55 10

[00:51:13]	[Recv]	mv 3 41057 132 40 10

[00:51:13]	[Recv]	mv 3 41051 84 84 10

[00:51:13]	[Recv]	mv 3 41043 142 42 10

[00:51:13]	[Recv]	mv 3 41039 98 72 10

[00:51:13]	[Recv]	mv 3 41015 193 70 10

[00:51:13]	[Recv]	mv 3 41011 221 20 8

[00:51:13]	[Recv]	mv 3 41008 224 45 8

[00:51:13]	[Recv]	mv 3 40990 184 55 9

[00:51:13]	[Recv]	gp 1 51 2637 -1 0 0

[00:51:13]	[Recv]	gp 11 54 1254 -1 1 0

[00:51:13]	[Recv]	gp 209 49 4996 8 2 0

[00:51:13]	[Recv]	wp 54 31 94 4 85 99

[00:51:13]	[Recv]	wp 98 92 100 4 88 99

[00:51:13]	[Recv]	wp 127 82 93 4 85 99

[00:51:13]	[Recv]	in 3 3104 41059 179 61 2 100 100 0 0 0 -1 1 0 -1 - 0 -1 0 0 0 0 0 0 0 0 0 0 0 0 0

[00:51:13]	[Recv]	in 3 3104 41058 164 55 2 100 100 0 0 0 -1 1 0 -1 - 0 -1 0 0 0 0 0 0 0 0 0 0 0 0 0

[00:51:13]	[Recv]	in 3 3104 41057 132 40 2 100 100 0 0 0 -1 1 0 -1 - 0 -1 0 0 0 0 0 0 0 0 0 0 0 0 0

[00:51:13]	[Recv]	in 3 3104 41056 133 54 2 100 100 0 0 0 -1 1 0 -1 - 0 -1 0 0 0 0 0 0 0 0 0 0 0 0 0

[00:51:13]	[Recv]	in 3 3104 41055 119 56 2 100 100 0 0 0 -1 1 0 -1 - 0 -1 0 0 0 0 0 0 0 0 0 0 0 0 0

[00:51:13]	[Recv]	in 3 3104 41054 108 34 2 100 100 0 0 0 -1 1 0 -1 - 0 -1 0 0 0 0 0 0 0 0 0 0 0 0 0

[00:51:13]	[Recv]	in 3 3104 41053 104 65 2 100 100 0 0 0 -1 1 0 -1 - 0 -1 0 0 0 0 0 0 0 0 0 0 0 0 0

[00:51:13]	[Recv]	in 3 3104 41052 92 88 2 100 100 0 0 0 -1 1 0 -1 - 0 -1 0 0 0 0 0 0 0 0 0 0 0 0 0

[00:51:13]	[Recv]	in 3 3104 41051 84 84 2 100 100 0 0 0 -1 1 0 -1 - 0 -1 0 0 0 0 0 0 0 0 0 0 0 0 0

[00:51:13]	[Recv]	in 3 3104 41050 81 35 2 100 100 0 0 0 -1 1 0 -1 - 0 -1 0 0 0 0 0 0 0 0 0 0 0 0 0

[00:51:13]	[Recv]	in 3 3104 41049 66 80 2 100 100 0 0 0 -1 1 0 -1 - 0 -1 0 0 0 0 0 0 0 0 0 0 0 0 0

[00:51:13]	[Recv]	in 3 3104 41048 61 68 2 100 100 0 0 0 -1 1 0 -1 - 0 -1 0 0 0 0 0 0 0 0 0 0 0 0 0

[00:51:13]	[Recv]	in 3 3104 41047 58 70 2 100 100 0 0 0 -1 1 0 -1 - 0 -1 0 0 0 0 0 0 0 0 0 0 0 0 0

[00:51:13]	[Recv]	in 3 3104 41046 36 61 2 100 100 0 0 0 -1 1 0 -1 - 0 -1 0 0 0 0 0 0 0 0 0 0 0 0 0

[00:51:13]	[Recv]	in 3 3103 41045 185 69 2 100 100 0 0 0 -1 1 0 -1 - 0 -1 0 0 0 0 0 0 0 0 0 0 0 0 0

[00:51:13]	[Recv]	in 3 3103 41044 155 55 2 100 100 0 0 0 -1 1 0 -1 - 0 -1 0 0 0 0 0 0 0 0 0 0 0 0 0

[00:51:13]	[Recv]	in 3 3103 41043 142 42 2 100 100 0 0 0 -1 1 0 -1 - 0 -1 0 0 0 0 0 0 0 0 0 0 0 0 0

[00:51:13]	[Recv]	in 3 3103 41042 127 52 2 100 100 0 0 0 -1 1 0 -1 - 0 -1 0 0 0 0 0 0 0 0 0 0 0 0 0

[00:51:13]	[Recv]	in 3 3103 41041 120 38 2 100 100 0 0 0 -1 1 0 -1 - 0 -1 0 0 0 0 0 0 0 0 0 0 0 0 0

[00:51:13]	[Recv]	in 3 3103 41040 110 53 2 100 100 0 0 0 -1 1 0 -1 - 0 -1 0 0 0 0 0 0 0 0 0 0 0 0 0

[00:51:13]	[Recv]	in 3 3103 41039 98 72 2 100 100 0 0 0 -1 1 0 -1 - 0 -1 0 0 0 0 0 0 0 0 0 0 0 0 0

[00:51:13]	[Recv]	in 3 3103 41038 97 44 2 100 100 0 0 0 -1 1 0 -1 - 0 -1 0 0 0 0 0 0 0 0 0 0 0 0 0

[00:51:13]	[Recv]	in 3 3103 41037 86 30 2 100 100 0 0 0 -1 1 0 -1 - 0 -1 0 0 0 0 0 0 0 0 0 0 0 0 0

[00:51:13]	[Recv]	in 3 3103 41036 86 86 2 100 100 0 0 0 -1 1 0 -1 - 0 -1 0 0 0 0 0 0 0 0 0 0 0 0 0

[00:51:13]	[Recv]	in 3 3103 41035 60 73 2 100 100 0 0 0 -1 1 0 -1 - 0 -1 0 0 0 0 0 0 0 0 0 0 0 0 0

[00:51:13]	[Recv]	in 3 3103 41034 52 67 2 100 100 0 0 0 -1 1 0 -1 - 0 -1 0 0 0 0 0 0 0 0 0 0 0 0 0

[00:51:13]	[Recv]	in 3 3103 41033 52 64 2 100 100 0 0 0 -1 1 0 -1 - 0 -1 0 0 0 0 0 0 0 0 0 0 0 0 0

[00:51:13]	[Recv]	in 3 3103 41032 41 68 2 100 100 0 0 0 -1 1 0 -1 - 0 -1 0 0 0 0 0 0 0 0 0 0 0 0 0

[00:51:13]	[Recv]	in 3 3037 41031 226 36 2 100 100 0 0 0 -1 1 0 -1 - 0 -1 0 0 0 0 0 0 0 0 0 0 0 0 0

[00:51:13]	[Recv]	in 3 3037 41030 225 64 2 100 100 0 0 0 -1 1 0 -1 - 0 -1 0 0 0 0 0 0 0 0 0 0 0 0 0

[00:51:13]	[Recv]	in 3 3037 41029 192 36 2 100 100 0 0 0 -1 1 0 -1 - 0 -1 0 0 0 0 0 0 0 0 0 0 0 0 0

[00:51:13]	[Recv]	in 3 3037 41028 191 64 2 100 100 0 0 0 -1 1 0 -1 - 0 -1 0 0 0 0 0 0 0 0 0 0 0 0 0

[00:51:13]	[Recv]	in 3 3037 41027 154 60 2 100 100 0 0 0 -1 1 0 -1 - 0 -1 0 0 0 0 0 0 0 0 0 0 0 0 0

[00:51:13]	[Recv]	in 3 3037 41026 154 41 2 100 100 0 0 0 -1 1 0 -1 - 0 -1 0 0 0 0 0 0 0 0 0 0 0 0 0

[00:51:13]	[Recv]	in 3 3037 41025 123 61 2 100 100 0 0 0 -1 1 0 -1 - 0 -1 0 0 0 0 0 0 0 0 0 0 0 0 0

[00:51:13]	[Recv]	in 3 3037 41024 123 26 2 100 100 0 0 0 -1 1 0 -1 - 0 -1 0 0 0 0 0 0 0 0 0 0 0 0 0

[00:51:13]	[Recv]	in 3 3037 41023 54 66 3 100 100 0 0 0 -1 1 0 -1 - 0 -1 0 0 0 0 0 0 0 0 0 0 0 0 0

[00:51:13]	[Recv]	in 3 3037 41021 12 44 2 100 100 0 0 0 -1 1 0 -1 - 0 -1 0 0 0 0 0 0 0 0 0 0 0 0 0

[00:51:13]	[Recv]	in 3 3026 41020 244 49 2 100 100 0 0 0 -1 1 0 -1 - 0 -1 0 0 0 0 0 0 0 0 0 0 0 0 0

[00:51:13]	[Recv]	in 3 3026 41019 235 64 2 100 100 0 0 0 -1 1 0 -1 - 0 -1 0 0 0 0 0 0 0 0 0 0 0 0 0

[00:51:13]	[Recv]	in 3 3026 41018 224 30 2 100 100 0 0 0 -1 1 0 -1 - 0 -1 0 0 0 0 0 0 0 0 0 0 0 0 0

[00:51:13]	[Recv]	in 3 3026 41017 211 76 2 100 100 0 0 0 -1 1 0 -1 - 0 -1 0 0 0 0 0 0 0 0 0 0 0 0 0

[00:51:13]	[Recv]	in 3 3026 41016 205 21 2 100 100 0 0 0 -1 1 0 -1 - 0 -1 0 0 0 0 0 0 0 0 0 0 0 0 0

[00:51:13]	[Recv]	in 3 3026 41015 193 70 2 100 100 0 0 0 -1 1 0 -1 - 0 -1 0 0 0 0 0 0 0 0 0 0 0 0 0

[00:51:13]	[Recv]	in 3 3026 41014 175 47 2 100 100 0 0 0 -1 1 0 -1 - 0 -1 0 0 0 0 0 0 0 0 0 0 0 0 0

[00:51:13]	[Recv]	in 3 3025 41013 240 50 2 100 100 0 0 0 -1 1 0 -1 - 0 -1 0 0 0 0 0 0 0 0 0 0 0 0 0

[00:51:13]	[Recv]	in 3 3025 41012 225 68 2 100 100 0 0 0 -1 1 0 -1 - 0 -1 0 0 0 0 0 0 0 0 0 0 0 0 0

[00:51:13]	[Recv]	in 3 3025 41011 221 20 2 100 100 0 0 0 -1 1 0 -1 - 0 -1 0 0 0 0 0 0 0 0 0 0 0 0 0

[00:51:13]	[Recv]	in 3 3025 41010 217 77 2 100 100 0 0 0 -1 1 0 -1 - 0 -1 0 0 0 0 0 0 0 0 0 0 0 0 0

[00:51:13]	[Recv]	in 3 3025 41009 192 38 2 100 100 0 0 0 -1 1 0 -1 - 0 -1 0 0 0 0 0 0 0 0 0 0 0 0 0

[00:51:13]	[Recv]	in 3 3024 41008 224 45 2 100 100 0 0 0 -1 1 0 -1 - 0 -1 0 0 0 0 0 0 0 0 0 0 0 0 0

[00:51:13]	[Recv]	in 3 3024 41007 220 70 2 100 100 0 0 0 -1 1 0 -1 - 0 -1 0 0 0 0 0 0 0 0 0 0 0 0 0

[00:51:13]	[Recv]	in 3 3024 41006 188 49 2 100 100 0 0 0 -1 1 0 -1 - 0 -1 0 0 0 0 0 0 0 0 0 0 0 0 0

[00:51:13]	[Recv]	in 3 3024 41005 132 48 2 100 100 0 0 0 -1 1 0 -1 - 0 -1 0 0 0 0 0 0 0 0 0 0 0 0 0

[00:51:13]	[Recv]	in 3 3024 41004 113 39 2 100 100 0 0 0 -1 1 0 -1 - 0 -1 0 0 0 0 0 0 0 0 0 0 0 0 0

[00:51:13]	[Recv]	in 3 3024 41003 111 54 2 100 100 0 0 0 -1 1 0 -1 - 0 -1 0 0 0 0 0 0 0 0 0 0 0 0 0

[00:51:13]	[Recv]	in 3 3024 41002 86 40 2 100 100 0 0 0 -1 1 0 -1 - 0 -1 0 0 0 0 0 0 0 0 0 0 0 0 0

[00:51:13]	[Recv]	in 3 3024 41001 65 33 2 100 100 0 0 0 -1 1 0 -1 - 0 -1 0 0 0 0 0 0 0 0 0 0 0 0 0

[00:51:13]	[Recv]	in 3 3016 41000 244 54 2 100 100 0 0 0 -1 1 0 -1 - 0 -1 0 0 0 0 0 0 0 0 0 0 0 0 0

[00:51:13]	[Recv]	in 3 3016 40999 246 44 2 100 100 0 0 0 -1 1 0 -1 - 0 -1 0 0 0 0 0 0 0 0 0 0 0 0 0

[00:51:13]	[Recv]	in 3 3016 40998 237 38 2 100 100 0 0 0 -1 1 0 -1 - 0 -1 0 0 0 0 0 0 0 0 0 0 0 0 0

[00:51:13]	[Recv]	in 3 3016 40997 236 16 2 100 100 0 0 0 -1 1 0 -1 - 0 -1 0 0 0 0 0 0 0 0 0 0 0 0 0

[00:51:13]	[Recv]	in 3 3016 40996 233 69 2 100 100 0 0 0 -1 1 0 -1 - 0 -1 0 0 0 0 0 0 0 0 0 0 0 0 0

[00:51:13]	[Recv]	in 3 3016 40995 229 22 2 100 100 0 0 0 -1 1 0 -1 - 0 -1 0 0 0 0 0 0 0 0 0 0 0 0 0

[00:51:13]	[Recv]	in 3 3016 40994 217 83 2 100 100 0 0 0 -1 1 0 -1 - 0 -1 0 0 0 0 0 0 0 0 0 0 0 0 0

[00:51:13]	[Recv]	in 3 3016 40993 215 75 2 100 100 0 0 0 -1 1 0 -1 - 0 -1 0 0 0 0 0 0 0 0 0 0 0 0 0

[00:51:13]	[Recv]	in 3 3016 40992 199 69 2 100 100 0 0 0 -1 1 0 -1 - 0 -1 0 0 0 0 0 0 0 0 0 0 0 0 0

[00:51:13]	[Recv]	in 3 3016 40991 192 75 2 100 100 0 0 0 -1 1 0 -1 - 0 -1 0 0 0 0 0 0 0 0 0 0 0 0 0

[00:51:13]	[Recv]	in 3 3016 40990 184 55 2 100 100 0 0 0 -1 1 0 -1 - 0 -1 0 0 0 0 0 0 0 0 0 0 0 0 0

[00:51:13]	[Recv]	in 3 3016 40989 174 58 2 100 100 0 0 0 -1 1 0 -1 - 0 -1 0 0 0 0 0 0 0 0 0 0 0 0 0

[00:51:13]	[Recv]	in 3 3016 40988 158 49 2 100 100 0 0 0 -1 1 0 -1 - 0 -1 0 0 0 0 0 0 0 0 0 0 0 0 0

[00:51:13]	[Recv]	in 3 3016 40987 141 58 2 100 100 0 0 0 -1 1 0 -1 - 0 -1 0 0 0 0 0 0 0 0 0 0 0 0 0

[00:51:13]	[Recv]	in 3 3016 40986 143 51 2 100 100 0 0 0 -1 1 0 -1 - 0 -1 0 0 0 0 0 0 0 0 0 0 0 0 0

[00:51:13]	[Recv]	in 3 3016 40985 218 81 7 100 100 0 0 0 -1 1 0 -1 - 0 -1 0 0 0 0 0 0 0 0 0 0 0 0 0

[00:51:13]	[Recv]	in 3 3016 40983 114 46 2 100 100 0 0 0 -1 1 0 -1 - 0 -1 0 0 0 0 0 0 0 0 0 0 0 0 0

[00:51:13]	[Recv]	in 3 3016 40982 109 58 2 100 100 0 0 0 -1 1 0 -1 - 0 -1 0 0 0 0 0 0 0 0 0 0 0 0 0

[00:51:13]	[Recv]	in 3 3016 40981 99 35 2 100 100 0 0 0 -1 1 0 -1 - 0 -1 0 0 0 0 0 0 0 0 0 0 0 0 0

[00:51:13]	[Recv]	in 3 3016 40980 95 83 2 100 100 0 0 0 -1 1 0 -1 - 0 -1 0 0 0 0 0 0 0 0 0 0 0 0 0

[00:51:13]	[Recv]	in 2 3133 41071 180 31 4 100 100 1 0 0 -1 1 0 -1 - 0 -1 0 0 0 0 0 0 0 0 0 0 0 0 0

[00:51:13]	[Recv]	in 2 3133 41070 226 29 7 100 100 1 0 0 -1 1 0 -1 - 0 -1 0 0 0 0 0 0 0 0 0 0 0 0 0

[00:51:13]	[Recv]	in 2 3133 41069 96 81 6 100 100 1 0 0 -1 1 0 -1 - 0 -1 0 0 0 0 0 0 0 0 0 0 0 0 0

[00:51:13]	[Recv]	in 2 3133 41068 87 42 6 100 100 1 0 0 -1 1 0 -1 - 0 -1 0 0 0 0 0 0 0 0 0 0 0 0 0

[00:51:13]	[Recv]	in 2 3133 41067 180 35 4 100 100 1 0 0 -1 1 0 -1 - 0 -1 0 0 0 0 0 0 0 0 0 0 0 0 0

[00:51:13]	[Recv]	in 2 3133 41066 125 60 3 100 100 1 0 0 -1 1 0 -1 - 0 -1 0 0 0 0 0 0 0 0 0 0 0 0 0

[00:51:13]	[Recv]	in 2 3133 41065 91 24 4 100 100 1 0 0 -1 1 0 -1 - 0 -1 0 0 0 0 0 0 0 0 0 0 0 0 0

[00:51:13]	[Recv]	in 2 3133 41064 219 26 3 100 100 1 0 0 -1 1 0 -1 - 0 -1 0 0 0 0 0 0 0 0 0 0 0 0 0

[00:51:13]	[Recv]	in 2 3133 41063 105 58 3 100 100 1 0 0 -1 1 0 -1 - 0 -1 0 0 0 0 0 0 0 0 0 0 0 0 0

[00:51:13]	[Recv]	in 2 3133 41062 117 49 1 100 100 1 0 0 -1 1 0 -1 - 0 -1 0 0 0 0 0 0 0 0 0 0 0 0 0

[00:51:13]	[Recv]	in 2 3072 41061 9 47 2 100 100 11000 0 0 -1 1 0 -1 - 0 -1 0 0 0 0 0 0 0 0 0 0 0 0 0

[00:51:13]	[Recv]	in 2 3045 41060 188 21 1 100 100 11012 0 0 -1 1 0 -1 - 0 -1 0 0 0 0 0 0 0 0 0 0 0 0 0

[00:51:13]	[Recv]	pst 2 2557262 0 100 100 34166 7013 0 0 0

[00:51:13]	[Recv]	pst 2 2557249 1 100 100 42830 3622 0 0 0

[00:51:14]	[Recv]	mv 3 41053 105 65 10

[00:51:14]	[Recv]	mv 3 41050 82 36 10

[00:51:14]	[Recv]	mv 3 41049 67 80 10

[00:51:14]	[Recv]	mv 3 41035 59 72 10

[00:51:14]	[Recv]	mv 3 41013 238 48 8

[00:51:14]	[Recv]	mv 3 41012 226 68 8

[00:51:14]	[Recv]	mv 3 41009 191 36 8

[00:51:14]	[Recv]	mv 3 41005 131 46 8

[00:51:14]	[Recv]	mv 3 41002 86 38 8

[00:51:14]	[Recv]	mv 3 41001 63 33 8

[00:51:14]	[Recv]	mv 2 41060 187 21 4

[00:51:14]	[Recv]	mv 3 41047 57 71 10

[00:51:14]	[Recv]	mv 3 41042 129 53 10

[00:51:14]	[Recv]	mv 3 41038 98 43 10

[00:51:14]	[Recv]	mv 3 41036 88 85 10

[00:51:14]	[Recv]	mv 3 41014 177 46 10

[00:51:14]	[Recv]	mv 3 41006 190 47 8

[00:51:14]	[Recv]	mv 3 41003 109 52 8

[00:51:14]	[Recv]	mv 3 40994 216 82 9

[00:51:14]	[Send]	walk 5 53 1 25
[00:51:14]	[Recv]	mv 3 41041 120 37 10

[00:51:14]	[Recv]	mv 3 41019 237 63 10

[00:51:14]	[Recv]	mv 3 41016 204 23 10

[00:51:14]	[Recv]	mv 3 40999 246 46 9

[00:51:14]	[Recv]	mv 3 40995 231 20 9

[00:51:14]	[Recv]	mv 3 41056 131 52 10

[00:51:14]	[Recv]	mv 3 41054 107 36 10

[00:51:14]	[Recv]	mv 3 41048 61 66 10

[00:51:14]	[Recv]	mv 3 41046 36 63 10

[00:51:14]	[Recv]	mv 3 41045 186 70 10

[00:51:14]	[Recv]	mv 3 41044 155 54 10

[00:51:14]	[Recv]	mv 3 41034 51 69 10

[00:51:14]	[Recv]	mv 3 41017 210 75 10

[00:51:14]	[Recv]	mv 3 41000 243 54 9

[00:51:14]	[Recv]	mv 3 40993 215 76 9

[00:51:14]	[Recv]	mv 3 40992 198 70 9

[00:51:14]	[Recv]	mv 3 40980 96 82 9

[00:51:14]	[Recv]	stat 75191 75191 13413 17265 0 1316

[00:51:14]	[Recv]	mv 3 41058 164 57 10

[00:51:14]	[Recv]	mv 3 41057 130 41 10

[00:51:14]	[Recv]	mv 3 41051 85 85 10

[00:51:14]	[Recv]	mv 3 41032 41 67 10

[00:51:14]	[Recv]	mv 3 41018 225 31 10

[00:51:14]	[Recv]	mv 3 41015 192 69 10

[00:51:14]	[Recv]	mv 3 41011 220 18 8

[00:51:14]	[Recv]	mv 3 40990 183 56 9

[00:51:14]	[Recv]	mv 3 40986 141 50 9

[00:51:14]	[Recv]	mv 3 40982 107 59 9

[00:51:14]	[Recv]	pst 2 2557262 0 100 100 34166 7013 0 0 0

[00:51:14]	[Recv]	pst 2 2557249 1 100 100 42830 3622 0 0 0

[00:51:15]	[Recv]	mv 3 41053 105 66 10

[00:51:15]	[Recv]	mv 3 41052 92 89 10

[00:51:15]	[Recv]	mv 3 41049 68 78 10

[00:51:15]	[Recv]	mv 3 41012 227 68 8

[00:51:15]	[Recv]	mv 3 41004 113 41 8

[00:51:15]	[Recv]	mv 3 41002 84 39 8

[00:51:15]	[Recv]	mv 2 41060 188 22 4

[00:51:15]	[Send]	walk 3 51 0 25
[00:51:15]	[Recv]	mv 3 41047 57 72 10

[00:51:15]	[Recv]	mv 3 41042 128 53 10

[00:51:15]	[Recv]	mv 3 41020 243 51 10

[00:51:15]	[Recv]	mv 3 41010 216 75 8

[00:51:15]	[Recv]	mv 3 41006 192 49 8

[00:51:15]	[Recv]	mv 3 41003 111 51 8

[00:51:15]	[Recv]	mv 3 40994 217 83 9

[00:51:15]	[Recv]	mv 3 41041 119 39 10

[00:51:15]	[Recv]	mv 3 41016 202 22 10

[00:51:15]	[Recv]	mv 3 40996 234 71 9

[00:51:15]	[Recv]	mv 3 40995 231 21 9

[00:51:15]	[Recv]	mv 3 41048 62 65 10

[00:51:15]	[Recv]	mv 3 41044 154 55 10

[00:51:15]	[Recv]	mv 3 41034 53 67 10

[00:51:15]	[Recv]	mv 3 41017 208 77 10

[00:51:15]	[Recv]	mv 3 41007 219 68 8

[00:51:15]	[Recv]	mv 3 40993 215 74 9

[00:51:15]	[Recv]	mv 3 40992 196 71 9

[00:51:15]	[Recv]	mv 3 40988 157 47 9

[00:51:15]	[Recv]	mv 3 40981 100 37 9

[00:51:15]	[Send]	walk 1 51 1 25
[00:51:15]	[Recv]	mv 3 41057 132 42 10

[00:51:15]	[Recv]	mv 3 41055 121 57 10

[00:51:15]	[Recv]	mv 3 41051 87 85 10

[00:51:15]	[Recv]	mv 3 41032 43 66 10

[00:51:15]	[Recv]	mv 3 41018 224 33 10

[00:51:15]	[Recv]	mv 3 41015 191 70 10

[00:51:15]	[Recv]	mv 3 41011 220 19 8

[00:51:15]	[Recv]	mv 3 41008 226 43 8

[00:51:15]	[Recv]	mv 3 40990 184 58 9

[00:51:15]	[Recv]	mv 3 40982 108 59 9

[00:51:15]	[Recv]	pst 2 2557262 0 100 100 34166 7013 0 0 0

[00:51:15]	[Recv]	pst 2 2557249 1 100 100 42830 3622 0 0 0

[00:51:16]	[Send]	preq
[00:51:16]	[Recv]	mv 3 41053 103 64 10

[00:51:16]	[Recv]	mv 3 41052 94 88 10

[00:51:16]	[Recv]	mv 3 41035 57 71 10

[00:51:16]	[Recv]	mv 3 41013 240 49 8

[00:51:16]	[Recv]	mv 3 41005 130 46 8

[00:51:16]	[Recv]	mv 3 41004 111 40 8

[00:51:16]	[Recv]	mv 3 41002 85 40 8

[00:51:16]	[Recv]	mv 3 41001 64 32 8

[00:51:16]	[Recv]	mv 3 40998 237 36 9

[00:51:16]	[Recv]	mv 3 40991 193 76 9

[00:51:16]	[Recv]	mv 2 41060 188 21 4

[00:51:16]	[Recv]	sayi 1 6835325 10 94 0 0 0 0 0

[00:51:16]	[Recv]	mv 3 41038 97 43 10

[00:51:16]	[Recv]	mv 3 41010 216 74 8

[00:51:16]	[Recv]	mv 3 41003 113 52 8

[00:51:16]	[Send]	walk 1 52 0 25
[00:51:16]	[Recv]	mv 3 41019 235 64 10

[00:51:16]	[Recv]	mv 3 41016 204 22 10

[00:51:16]	[Recv]	mv 3 40996 232 72 9

[00:51:16]	[Recv]	mv 3 40987 141 59 9

[00:51:16]	[Send]	preq
[00:51:16]	[Recv]	mv 3 41054 106 37 10

[00:51:16]	[Recv]	mv 3 41045 187 68 10

[00:51:16]	[Recv]	mv 3 41034 54 68 10

[00:51:16]	[Recv]	mv 3 41017 209 78 10

[00:51:16]	[Recv]	mv 3 41007 220 69 8

[00:51:16]	[Recv]	mv 3 41000 242 54 9

[00:51:16]	[Recv]	mv 3 40997 234 15 9

[00:51:16]	[Recv]	mv 3 40988 159 47 9

[00:51:16]	[Recv]	mv 3 40985 219 80 9

[00:51:16]	[Recv]	c_map 0 2638 0

[00:51:16]	[Recv]	mapout

[00:51:16]	[Send]	c_close 1
[00:51:16]	[Send]	c_close 0
[00:51:16]	[Send]	f_stash_end 
[00:51:16]	[Send]	c_close 1
[00:51:16]	[Recv]	c_info milkers - -1 3739.918 Sanguinarius 6835325 0 0 1 5 1 27 0 10 0 0 0 0 8151 9

[00:51:16]	[Send]	mall 50
[00:51:16]	[Send]	c_close 1
[00:51:16]	[Recv]	c_mode 1 6835325 3728 0 0 0 100 8151

[00:51:16]	[Recv]	equip 73 78 0.8628.3.7.0.8.82 1.8643.8.7.0.2.82 2.8689.0.0.0.0.0 3.8653.0.2.0.0.0 4.8655.0.0.0.0.0 5.8636.7.8.0.0.82 6.4657.0.0.0.0.0 7.4653.0.0.0.0.0 8.4647.0.0.0.0.0 9.8687.0.0.0.0.0 10.8674.9.0.0.0.0 12.909.0.20.100.0.0 13.8680.0.0.0.0.0 14.8566.0.0.0.0.0 15.8598.0.0.0.0.0 16.8568.0.0.0.0.0 17.8801.0.0.0.0.0

[00:51:16]	[Recv]	lev 99 0 99 0 2140719000 5991794 13364600 200 881816047 91 967912450 0

[00:51:16]	[Recv]	stat 75191 75191 13413 17265 0 1316

[00:51:16]	[Recv]	at 6835325 2637 189 38 2 0 114 1 -1

[00:51:16]	[Recv]	cond 1 6835325 0 0 25

[00:51:16]	[Recv]	cond 1 6835325 0 0 25

[00:51:16]	[Recv]	titinfo 1 6835325 9468 9468

[00:51:16]	[Recv]	eq 6835325 0 0 1 5 1 8689.8643.8628.8636.8687.8674.8680.8566.8598.8568.8801 73 78 100

[00:51:16]	[Recv]	c_map 0 2637 1

[00:51:16]	[Recv]	sc 0 7 4136 4278 1894 37 415 1 8 4111 4311 2101 43 405 7 2246 1268 2064 1268 1784 91 88 127 138

[00:51:16]	[Recv]	char_sc 1 6835325 100

[00:51:16]	[Recv]	gidx 1 6835325 3739.918 Sanguinarius 27 0|0|1

[00:51:16]	[Recv]	rsfp 0 -1

[00:51:16]	[Recv]	pairy 1 6835325 4 3 129 59

[00:51:16]	[Recv]	minipet 1 6835325 8801

[00:51:16]	[Recv]	act6 

[00:51:16]	[Recv]	pinit 2 2|2557262|0|99|@|-1|2789|1|2646|0|0 2|2557249|1|96|@|-1|2762|0|0|0|0


[00:51:16]	[Recv]	food 0

[00:51:16]	[Recv]	stat 75191 75191 13413 17265 0 1316

[00:51:16]	[Recv]	stat 75191 75191 13530 17265 0 1316

[00:51:16]	[Recv]	mv 3 40938 142 93 9

[00:51:16]	[Recv]	mv 3 40937 137 105 9

[00:51:16]	[Recv]	mv 3 40928 56 97 9

[00:51:16]	[Recv]	mv 3 40914 138 90 9

[00:51:16]	[Recv]	mv 3 40906 109 51 9

[00:51:16]	[Recv]	mv 3 40899 47 98 9

[00:51:16]	[Recv]	mv 3 40889 138 52 8

[00:51:16]	[Recv]	mv 3 40862 154 59 9

[00:51:16]	[Recv]	mv 3 40860 144 90 9

[00:51:16]	[Recv]	mv 3 40852 75 106 9

[00:51:16]	[Recv]	mv 3 40847 42 118 9

[00:51:16]	[Recv]	mv 3 40845 33 105 9

[00:51:17]	[Recv]	mv 3 40949 185 69 9

[00:51:17]	[Recv]	mv 3 40936 134 95 9

[00:51:17]	[Recv]	mv 3 40932 90 62 9

[00:51:17]	[Recv]	mv 3 40926 187 35 9

[00:51:17]	[Recv]	mv 3 40911 131 47 9

[00:51:17]	[Recv]	mv 3 40875 81 43 8

[00:51:17]	[Recv]	mv 3 40873 65 74 8

[00:51:17]	[Recv]	mv 3 40858 127 26 9

[00:51:17]	[Recv]	gp 15 100 2635 -1 0 0

[00:51:17]	[Recv]	gp 110 1 2628 -1 1 0

[00:51:17]	[Recv]	gp 197 38 2638 -1 2 0

[00:51:17]	[Recv]	gp 25 104 1253 -1 3 0

[00:51:17]	[Recv]	in 3 3022 40949 185 69 2 100 100 0 0 0 -1 1 0 -1 - 0 -1 0 0 0 0 0 0 0 0 0 0 0 0 0

[00:51:17]	[Recv]	in 3 3022 40948 179 77 2 100 100 0 0 0 -1 1 0 -1 - 0 -1 0 0 0 0 0 0 0 0 0 0 0 0 0

[00:51:17]	[Recv]	in 3 3022 40947 175 62 2 100 100 0 0 0 -1 1 0 -1 - 0 -1 0 0 0 0 0 0 0 0 0 0 0 0 0

[00:51:17]	[Recv]	in 3 3022 40946 171 80 2 100 100 0 0 0 -1 1 0 -1 - 0 -1 0 0 0 0 0 0 0 0 0 0 0 0 0

[00:51:17]	[Recv]	in 3 3022 40945 165 74 2 100 100 0 0 0 -1 1 0 -1 - 0 -1 0 0 0 0 0 0 0 0 0 0 0 0 0

[00:51:17]	[Recv]	in 3 3022 40944 162 88 2 100 100 0 0 0 -1 1 0 -1 - 0 -1 0 0 0 0 0 0 0 0 0 0 0 0 0

[00:51:17]	[Recv]	in 3 3022 40943 157 84 2 100 100 0 0 0 -1 1 0 -1 - 0 -1 0 0 0 0 0 0 0 0 0 0 0 0 0

[00:51:17]	[Recv]	in 3 3022 40942 155 90 2 100 100 0 0 0 -1 1 0 -1 - 0 -1 0 0 0 0 0 0 0 0 0 0 0 0 0

[00:51:17]	[Recv]	in 3 3022 40941 154 52 2 100 100 0 0 0 -1 1 0 -1 - 0 -1 0 0 0 0 0 0 0 0 0 0 0 0 0

[00:51:17]	[Recv]	in 3 3022 40940 150 98 2 100 100 0 0 0 -1 1 0 -1 - 0 -1 0 0 0 0 0 0 0 0 0 0 0 0 0

[00:51:17]	[Recv]	in 3 3022 40939 144 83 2 100 100 0 0 0 -1 1 0 -1 - 0 -1 0 0 0 0 0 0 0 0 0 0 0 0 0

[00:51:17]	[Recv]	in 3 3022 40938 142 93 2 100 100 0 0 0 -1 1 0 -1 - 0 -1 0 0 0 0 0 0 0 0 0 0 0 0 0

[00:51:17]	[Recv]	in 3 3022 40937 137 105 2 100 100 0 0 0 -1 1 0 -1 - 0 -1 0 0 0 0 0 0 0 0 0 0 0 0 0

[00:51:17]	[Recv]	in 3 3022 40936 134 95 2 100 100 0 0 0 -1 1 0 -1 - 0 -1 0 0 0 0 0 0 0 0 0 0 0 0 0

[00:51:17]	[Recv]	in 3 3022 40935 131 84 2 100 100 0 0 0 -1 1 0 -1 - 0 -1 0 0 0 0 0 0 0 0 0 0 0 0 0

[00:51:17]	[Recv]	in 3 3022 40934 125 89 2 100 100 0 0 0 -1 1 0 -1 - 0 -1 0 0 0 0 0 0 0 0 0 0 0 0 0

[00:51:17]	[Recv]	in 3 3022 40933 120 59 2 100 100 0 0 0 -1 1 0 -1 - 0 -1 0 0 0 0 0 0 0 0 0 0 0 0 0

[00:51:17]	[Recv]	in 3 3022 40932 90 62 2 100 100 0 0 0 -1 1 0 -1 - 0 -1 0 0 0 0 0 0 0 0 0 0 0 0 0

[00:51:17]	[Recv]	in 3 3022 40931 179 63 7 100 100 0 0 0 -1 1 0 -1 - 0 -1 0 0 0 0 0 0 0 0 0 0 0 0 0

[00:51:17]	[Recv]	in 3 3022 40929 58 86 2 100 100 0 0 0 -1 1 0 -1 - 0 -1 0 0 0 0 0 0 0 0 0 0 0 0 0

[00:51:17]	[Recv]	in 3 3022 40928 56 97 2 100 100 0 0 0 -1 1 0 -1 - 0 -1 0 0 0 0 0 0 0 0 0 0 0 0 0

[00:51:17]	[Recv]	in 3 3022 40927 52 111 2 100 100 0 0 0 -1 1 0 -1 - 0 -1 0 0 0 0 0 0 0 0 0 0 0 0 0

[00:51:17]	[Recv]	in 3 3006 40926 187 35 2 100 100 0 0 0 -1 1 0 -1 - 0 -1 0 0 0 0 0 0 0 0 0 0 0 0 0

[00:51:17]	[Recv]	in 3 3006 40925 184 40 2 100 100 0 0 0 -1 1 0 -1 - 0 -1 0 0 0 0 0 0 0 0 0 0 0 0 0

[00:51:17]	[Recv]	in 3 3006 40924 179 86 2 100 100 0 0 0 -1 1 0 -1 - 0 -1 0 0 0 0 0 0 0 0 0 0 0 0 0

[00:51:17]	[Recv]	in 3 3006 40923 169 53 2 100 100 0 0 0 -1 1 0 -1 - 0 -1 0 0 0 0 0 0 0 0 0 0 0 0 0

[00:51:17]	[Recv]	in 3 3006 40922 163 37 2 100 100 0 0 0 -1 1 0 -1 - 0 -1 0 0 0 0 0 0 0 0 0 0 0 0 0

[00:51:17]	[Recv]	in 3 3006 40921 161 66 2 100 100 0 0 0 -1 1 0 -1 - 0 -1 0 0 0 0 0 0 0 0 0 0 0 0 0

[00:51:17]	[Recv]	in 3 3006 40920 151 100 2 100 100 0 0 0 -1 1 0 -1 - 0 -1 0 0 0 0 0 0 0 0 0 0 0 0 0

[00:51:17]	[Recv]	in 3 3006 40919 160 56 4 100 100 0 0 0 -1 1 0 -1 - 0 -1 0 0 0 0 0 0 0 0 0 0 0 0 0

[00:51:17]	[Recv]	in 3 3006 40917 151 49 2 100 100 0 0 0 -1 1 0 -1 - 0 -1 0 0 0 0 0 0 0 0 0 0 0 0 0

[00:51:17]	[Recv]	in 3 3006 40916 142 47 2 100 100 0 0 0 -1 1 0 -1 - 0 -1 0 0 0 0 0 0 0 0 0 0 0 0 0

[00:51:17]	[Recv]	in 3 3006 40915 140 74 2 100 100 0 0 0 -1 1 0 -1 - 0 -1 0 0 0 0 0 0 0 0 0 0 0 0 0

[00:51:17]	[Recv]	in 3 3006 40914 138 90 2 100 100 0 0 0 -1 1 0 -1 - 0 -1 0 0 0 0 0 0 0 0 0 0 0 0 0

[00:51:17]	[Recv]	in 3 3006 40913 140 24 0 100 100 0 0 0 -1 1 0 -1 - 0 -1 0 0 0 0 0 0 0 0 0 0 0 0 0

[00:51:17]	[Recv]	in 3 3006 40911 131 47 2 100 100 0 0 0 -1 1 0 -1 - 0 -1 0 0 0 0 0 0 0 0 0 0 0 0 0

[00:51:17]	[Recv]	in 3 3006 40910 121 73 2 100 100 0 0 0 -1 1 0 -1 - 0 -1 0 0 0 0 0 0 0 0 0 0 0 0 0

[00:51:17]	[Recv]	in 3 3006 40909 114 44 2 100 100 0 0 0 -1 1 0 -1 - 0 -1 0 0 0 0 0 0 0 0 0 0 0 0 0

[00:51:17]	[Recv]	in 3 3006 40908 107 36 2 100 100 0 0 0 -1 1 0 -1 - 0 -1 0 0 0 0 0 0 0 0 0 0 0 0 0

[00:51:17]	[Recv]	in 3 3006 40907 97 53 2 100 100 0 0 0 -1 1 0 -1 - 0 -1 0 0 0 0 0 0 0 0 0 0 0 0 0

[00:51:17]	[Recv]	in 3 3006 40906 109 51 1 100 100 0 0 0 -1 1 0 -1 - 0 -1 0 0 0 0 0 0 0 0 0 0 0 0 0

[00:51:17]	[Recv]	in 3 3006 40904 77 54 2 100 100 0 0 0 -1 1 0 -1 - 0 -1 0 0 0 0 0 0 0 0 0 0 0 0 0

[00:51:17]	[Recv]	in 3 3006 40903 61 97 2 100 100 0 0 0 -1 1 0 -1 - 0 -1 0 0 0 0 0 0 0 0 0 0 0 0 0

[00:51:17]	[Recv]	in 3 3006 40902 63 82 2 100 100 0 0 0 -1 1 0 -1 - 0 -1 0 0 0 0 0 0 0 0 0 0 0 0 0

[00:51:17]	[Recv]	in 3 3006 40901 61 50 2 100 100 0 0 0 -1 1 0 -1 - 0 -1 0 0 0 0 0 0 0 0 0 0 0 0 0

[00:51:17]	[Recv]	in 3 3006 40900 51 114 2 100 100 0 0 0 -1 1 0 -1 - 0 -1 0 0 0 0 0 0 0 0 0 0 0 0 0

[00:51:17]	[Recv]	in 3 3006 40899 47 98 2 100 100 0 0 0 -1 1 0 -1 - 0 -1 0 0 0 0 0 0 0 0 0 0 0 0 0

[00:51:17]	[Recv]	in 3 3004 40898 188 38 2 100 100 0 0 0 -1 1 0 -1 - 0 -1 0 0 0 0 0 0 0 0 0 0 0 0 0

[00:51:17]	[Recv]	in 3 3004 40897 181 73 2 100 100 0 0 0 -1 1 0 -1 - 0 -1 0 0 0 0 0 0 0 0 0 0 0 0 0

[00:51:17]	[Recv]	in 3 3004 40896 175 44 2 100 100 0 0 0 -1 1 0 -1 - 0 -1 0 0 0 0 0 0 0 0 0 0 0 0 0

[00:51:17]	[Recv]	in 3 3004 40895 172 38 2 100 100 0 0 0 -1 1 0 -1 - 0 -1 0 0 0 0 0 0 0 0 0 0 0 0 0

[00:51:17]	[Recv]	in 3 3004 40894 166 42 2 100 100 0 0 0 -1 1 0 -1 - 0 -1 0 0 0 0 0 0 0 0 0 0 0 0 0

[00:51:17]	[Recv]	in 3 3004 40893 163 47 2 100 100 0 0 0 -1 1 0 -1 - 0 -1 0 0 0 0 0 0 0 0 0 0 0 0 0

[00:51:17]	[Recv]	in 3 3004 40892 153 95 2 100 100 0 0 0 -1 1 0 -1 - 0 -1 0 0 0 0 0 0 0 0 0 0 0 0 0

[00:51:17]	[Recv]	in 3 3004 40891 54 64 0 100 100 0 0 0 -1 1 0 -1 - 0 -1 0 0 0 0 0 0 0 0 0 0 0 0 0

[00:51:17]	[Recv]	in 3 3004 40889 138 52 2 100 100 0 0 0 -1 1 0 -1 - 0 -1 0 0 0 0 0 0 0 0 0 0 0 0 0

[00:51:17]	[Recv]	in 3 3004 40888 124 36 2 100 100 0 0 0 -1 1 0 -1 - 0 -1 0 0 0 0 0 0 0 0 0 0 0 0 0

[00:51:17]	[Recv]	in 3 3004 40887 124 65 2 100 100 0 0 0 -1 1 0 -1 - 0 -1 0 0 0 0 0 0 0 0 0 0 0 0 0

[00:51:17]	[Recv]	in 3 3004 40886 126 29 2 100 100 0 0 0 -1 1 0 -1 - 0 -1 0 0 0 0 0 0 0 0 0 0 0 0 0

[00:51:17]	[Recv]	in 3 3004 40885 125 50 2 100 100 0 0 0 -1 1 0 -1 - 0 -1 0 0 0 0 0 0 0 0 0 0 0 0 0

[00:51:17]	[Recv]	in 3 3004 40884 52 115 1 100 100 0 0 0 -1 1 0 -1 - 0 -1 0 0 0 0 0 0 0 0 0 0 0 0 0

[00:51:17]	[Recv]	in 3 3004 40882 123 60 2 100 100 0 0 0 -1 1 0 -1 - 0 -1 0 0 0 0 0 0 0 0 0 0 0 0 0

[00:51:17]	[Recv]	in 3 3004 40881 119 79 2 100 100 0 0 0 -1 1 0 -1 - 0 -1 0 0 0 0 0 0 0 0 0 0 0 0 0

[00:51:17]	[Recv]	in 3 3004 40880 158 82 6 100 100 0 0 0 -1 1 0 -1 - 0 -1 0 0 0 0 0 0 0 0 0 0 0 0 0

[00:51:17]	[Recv]	in 3 3004 40878 88 44 2 100 100 0 0 0 -1 1 0 -1 - 0 -1 0 0 0 0 0 0 0 0 0 0 0 0 0

[00:51:17]	[Recv]	in 3 3004 40877 86 38 2 100 100 0 0 0 -1 1 0 -1 - 0 -1 0 0 0 0 0 0 0 0 0 0 0 0 0

[00:51:17]	[Recv]	in 3 3004 40876 81 47 2 100 100 0 0 0 -1 1 0 -1 - 0 -1 0 0 0 0 0 0 0 0 0 0 0 0 0

[00:51:17]	[Recv]	in 3 3004 40875 81 43 2 100 100 0 0 0 -1 1 0 -1 - 0 -1 0 0 0 0 0 0 0 0 0 0 0 0 0

[00:51:17]	[Recv]	in 3 3004 40874 64 46 2 100 100 0 0 0 -1 1 0 -1 - 0 -1 0 0 0 0 0 0 0 0 0 0 0 0 0

[00:51:17]	[Recv]	in 3 3004 40873 65 74 2 100 100 0 0 0 -1 1 0 -1 - 0 -1 0 0 0 0 0 0 0 0 0 0 0 0 0

[00:51:17]	[Recv]	in 3 3004 40872 63 107 2 100 100 0 0 0 -1 1 0 -1 - 0 -1 0 0 0 0 0 0 0 0 0 0 0 0 0

[00:51:17]	[Recv]	in 3 3004 40871 58 60 2 100 100 0 0 0 -1 1 0 -1 - 0 -1 0 0 0 0 0 0 0 0 0 0 0 0 0

[00:51:17]	[Recv]	in 3 3004 40870 54 77 2 100 100 0 0 0 -1 1 0 -1 - 0 -1 0 0 0 0 0 0 0 0 0 0 0 0 0

[00:51:17]	[Recv]	in 3 3004 40869 52 59 2 100 100 0 0 0 -1 1 0 -1 - 0 -1 0 0 0 0 0 0 0 0 0 0 0 0 0

[00:51:17]	[Recv]	in 3 3004 40868 54 52 2 100 100 0 0 0 -1 1 0 -1 - 0 -1 0 0 0 0 0 0 0 0 0 0 0 0 0

[00:51:17]	[Recv]	in 3 3004 40867 44 112 2 100 100 0 0 0 -1 1 0 -1 - 0 -1 0 0 0 0 0 0 0 0 0 0 0 0 0

[00:51:17]	[Recv]	in 3 3004 40866 108 40 2 100 100 0 0 0 -1 1 0 -1 - 0 -1 0 0 0 0 0 0 0 0 0 0 0 0 0

[00:51:17]	[Recv]	in 3 3003 40864 173 77 2 100 100 0 0 0 -1 1 0 -1 - 0 -1 0 0 0 0 0 0 0 0 0 0 0 0 0

[00:51:17]	[Recv]	in 3 3003 40863 160 40 2 100 100 0 0 0 -1 1 0 -1 - 0 -1 0 0 0 0 0 0 0 0 0 0 0 0 0

[00:51:17]	[Recv]	in 3 3003 40862 154 59 2 100 100 0 0 0 -1 1 0 -1 - 0 -1 0 0 0 0 0 0 0 0 0 0 0 0 0

[00:51:17]	[Recv]	in 3 3003 40861 150 41 2 100 100 0 0 0 -1 1 0 -1 - 0 -1 0 0 0 0 0 0 0 0 0 0 0 0 0

[00:51:17]	[Recv]	in 3 3003 40860 144 90 2 100 100 0 0 0 -1 1 0 -1 - 0 -1 0 0 0 0 0 0 0 0 0 0 0 0 0

[00:51:17]	[Recv]	in 3 3003 40859 137 39 2 100 100 0 0 0 -1 1 0 -1 - 0 -1 0 0 0 0 0 0 0 0 0 0 0 0 0

[00:51:17]	[Recv]	in 3 3003 40858 127 26 2 100 100 0 0 0 -1 1 0 -1 - 0 -1 0 0 0 0 0 0 0 0 0 0 0 0 0

[00:51:17]	[Recv]	in 3 3003 40857 118 38 2 100 100 0 0 0 -1 1 0 -1 - 0 -1 0 0 0 0 0 0 0 0 0 0 0 0 0

[00:51:17]	[Recv]	in 3 3003 40856 117 30 2 100 100 0 0 0 -1 1 0 -1 - 0 -1 0 0 0 0 0 0 0 0 0 0 0 0 0

[00:51:17]	[Recv]	in 3 3003 40855 99 63 2 100 100 0 0 0 -1 1 0 -1 - 0 -1 0 0 0 0 0 0 0 0 0 0 0 0 0

[00:51:17]	[Recv]	in 3 3003 40854 97 42 2 76 100 0 0 0 -1 1 0 -1 - 0 -1 0 0 0 0 0 0 0 0 0 0 0 0 0

[00:51:17]	[Recv]	in 3 3003 40853 83 38 2 100 100 0 0 0 -1 1 0 -1 - 0 -1 0 0 0 0 0 0 0 0 0 0 0 0 0

[00:51:17]	[Recv]	in 3 3003 40852 75 106 2 100 100 0 0 0 -1 1 0 -1 - 0 -1 0 0 0 0 0 0 0 0 0 0 0 0 0

[00:51:17]	[Recv]	in 3 3003 40851 75 50 2 100 100 0 0 0 -1 1 0 -1 - 0 -1 0 0 0 0 0 0 0 0 0 0 0 0 0

[00:51:17]	[Recv]	in 3 3003 40850 74 82 2 100 100 0 0 0 -1 1 0 -1 - 0 -1 0 0 0 0 0 0 0 0 0 0 0 0 0

[00:51:17]	[Recv]	in 3 3003 40849 62 58 2 100 100 0 0 0 -1 1 0 -1 - 0 -1 0 0 0 0 0 0 0 0 0 0 0 0 0

[00:51:17]	[Recv]	in 3 3003 40848 48 97 2 100 100 0 0 0 -1 1 0 -1 - 0 -1 0 0 0 0 0 0 0 0 0 0 0 0 0

[00:51:17]	[Recv]	in 3 3003 40847 42 118 2 100 100 0 0 0 -1 1 0 -1 - 0 -1 0 0 0 0 0 0 0 0 0 0 0 0 0

[00:51:17]	[Recv]	in 3 3003 40846 42 107 2 100 100 0 0 0 -1 1 0 -1 - 0 -1 0 0 0 0 0 0 0 0 0 0 0 0 0

[00:51:17]	[Recv]	in 3 3003 40845 33 105 2 100 100 0 0 0 -1 1 0 -1 - 0 -1 0 0 0 0 0 0 0 0 0 0 0 0 0

[00:51:17]	[Recv]	in 2 3133 40979 91 68 1 100 100 1 0 0 -1 1 0 -1 - 0 -1 0 0 0 0 0 0 0 0 0 0 0 0 0

[00:51:17]	[Recv]	in 2 3133 40978 77 46 5 100 100 1 0 0 -1 1 0 -1 - 0 -1 0 0 0 0 0 0 0 0 0 0 0 0 0

[00:51:17]	[Recv]	in 2 3133 40977 164 81 7 100 100 1 0 0 -1 1 0 -1 - 0 -1 0 0 0 0 0 0 0 0 0 0 0 0 0

[00:51:17]	[Recv]	in 2 3133 40976 146 62 2 100 100 1 0 0 -1 1 0 -1 - 0 -1 0 0 0 0 0 0 0 0 0 0 0 0 0

[00:51:17]	[Recv]	in 2 3133 40975 164 45 2 100 100 1 0 0 -1 1 0 -1 - 0 -1 0 0 0 0 0 0 0 0 0 0 0 0 0

[00:51:17]	[Recv]	in 2 3133 40974 54 107 6 100 100 1 0 0 -1 1 0 -1 - 0 -1 0 0 0 0 0 0 0 0 0 0 0 0 0

[00:51:17]	[Recv]	in 2 3133 40973 137 102 4 100 100 1 0 0 -1 1 0 -1 - 0 -1 0 0 0 0 0 0 0 0 0 0 0 0 0

[00:51:17]	[Recv]	in 2 3133 40972 56 46 4 100 100 1 0 0 -1 1 0 -1 - 0 -1 0 0 0 0 0 0 0 0 0 0 0 0 0

[00:51:17]	[Recv]	in 2 3133 40971 145 63 3 100 100 1 0 0 -1 1 0 -1 - 0 -1 0 0 0 0 0 0 0 0 0 0 0 0 0

[00:51:17]	[Recv]	in 2 3133 40970 162 65 3 100 100 1 0 0 -1 1 0 -1 - 0 -1 0 0 0 0 0 0 0 0 0 0 0 0 0

[00:51:17]	[Recv]	in 2 3063 40969 189 29 0 100 100 1 0 0 -1 1 0 -1 - 0 -1 0 0 0 0 0 0 0 0 0 0 0 0 0

[00:51:17]	[Recv]	in 2 3063 40968 185 41 0 100 100 1 0 0 -1 1 0 -1 - 0 -1 0 0 0 0 0 0 0 0 0 0 0 0 0

[00:51:17]	[Recv]	in 2 3063 40967 175 54 0 100 100 1 0 0 -1 1 0 -1 - 0 -1 0 0 0 0 0 0 0 0 0 0 0 0 0

[00:51:17]	[Recv]	in 2 3063 40966 171 51 0 100 100 1 0 0 -1 1 0 -1 - 0 -1 0 0 0 0 0 0 0 0 0 0 0 0 0

[00:51:17]	[Recv]	in 2 3063 40965 155 99 0 100 100 1 0 0 -1 1 0 -1 - 0 -1 0 0 0 0 0 0 0 0 0 0 0 0 0

[00:51:17]	[Recv]	in 2 3063 40964 141 69 0 100 100 1 0 0 -1 1 0 -1 - 0 -1 0 0 0 0 0 0 0 0 0 0 0 0 0

[00:51:17]	[Recv]	in 2 3063 40963 140 85 0 100 100 1 0 0 -1 1 0 -1 - 0 -1 0 0 0 0 0 0 0 0 0 0 0 0 0

[00:51:17]	[Recv]	in 2 3063 40962 132 67 0 100 100 1 0 0 -1 1 0 -1 - 0 -1 0 0 0 0 0 0 0 0 0 0 0 0 0

[00:51:17]	[Recv]	in 2 3063 40961 119 21 0 100 100 1 0 0 -1 1 0 -1 - 0 -1 0 0 0 0 0 0 0 0 0 0 0 0 0

[00:51:17]	[Recv]	in 2 3063 40960 110 69 0 100 100 1 0 0 -1 1 0 -1 - 0 -1 0 0 0 0 0 0 0 0 0 0 0 0 0

[00:51:17]	[Recv]	in 2 3063 40959 106 29 0 100 100 1 0 0 -1 1 0 -1 - 0 -1 0 0 0 0 0 0 0 0 0 0 0 0 0

[00:51:17]	[Recv]	in 2 3063 40958 102 35 0 100 100 1 0 0 -1 1 0 -1 - 0 -1 0 0 0 0 0 0 0 0 0 0 0 0 0

[00:51:17]	[Recv]	in 2 3063 40957 101 47 0 100 100 1 0 0 -1 1 0 -1 - 0 -1 0 0 0 0 0 0 0 0 0 0 0 0 0

[00:51:17]	[Recv]	in 2 3063 40956 98 44 0 100 100 1 0 0 -1 1 0 -1 - 0 -1 0 0 0 0 0 0 0 0 0 0 0 0 0

[00:51:17]	[Recv]	in 2 3063 40955 88 55 0 100 100 1 0 0 -1 1 0 -1 - 0 -1 0 0 0 0 0 0 0 0 0 0 0 0 0

[00:51:17]	[Recv]	in 2 3063 40954 83 64 0 100 100 1 0 0 -1 1 0 -1 - 0 -1 0 0 0 0 0 0 0 0 0 0 0 0 0

[00:51:17]	[Recv]	in 2 3063 40953 69 105 0 100 100 1 0 0 -1 1 0 -1 - 0 -1 0 0 0 0 0 0 0 0 0 0 0 0 0

[00:51:17]	[Recv]	in 2 3063 40952 67 48 0 100 100 1 0 0 -1 1 0 -1 - 0 -1 0 0 0 0 0 0 0 0 0 0 0 0 0

[00:51:17]	[Recv]	in 2 3063 40951 52 59 0 100 100 1 0 0 -1 1 0 -1 - 0 -1 0 0 0 0 0 0 0 0 0 0 0 0 0

[00:51:17]	[Recv]	in 2 3063 40950 38 93 0 100 100 1 0 0 -1 1 0 -1 - 0 -1 0 0 0 0 0 0 0 0 0 0 0 0 0

[00:51:17]	[Recv]	pst 2 2557262 0 100 100 34166 7013 0 0 0

[00:51:17]	[Recv]	pst 2 2557249 1 100 100 42830 3622 0 0 0

[00:51:17]	[Recv]	mv 3 40923 171 55 9

[00:51:17]	[Recv]	mv 3 40922 161 37 9

[00:51:17]	[Recv]	mv 3 40921 159 68 9

[00:51:17]	[Recv]	mv 3 40849 62 59 9

[00:51:17]	[Recv]	mv 3 40948 181 78 9

[00:51:17]	[Recv]	mv 3 40946 169 82 9

[00:51:17]	[Recv]	mv 3 40943 159 85 9

[00:51:17]	[Recv]	mv 3 40887 125 67 8

[00:51:17]	[Recv]	mv 3 40885 123 51 8

[00:51:17]	[Recv]	mv 3 40878 87 43 8

[00:51:17]	[Recv]	mv 3 40876 81 45 8

[00:51:17]	[Recv]	mv 3 40867 46 112 8

[00:51:17]	[Recv]	mv 3 40846 43 107 9

[00:51:17]	[Send]	walk 184 39 1 25
[00:51:17]	[Send]	walk 183 39 0 25
[00:51:17]	[Recv]	mv 3 40941 153 52 9

[00:51:17]	[Recv]	mv 3 40910 119 71 9

[00:51:17]	[Recv]	mv 3 40907 95 54 9

[00:51:17]	[Recv]	mv 3 40898 189 39 8

[00:51:17]	[Recv]	mv 3 40896 175 46 8

[00:51:17]	[Recv]	mv 3 40893 162 49 8

[00:51:17]	[Recv]	mv 3 40884 52 117 8

[00:51:17]	[Recv]	mv 3 40866 108 41 8

[00:51:17]	[Recv]	mv 3 40859 136 37 9

[00:51:17]	[Recv]	mv 3 40848 47 97 9

[00:51:17]	[Send]	walk 182 39 0 25
[00:51:17]	[Recv]	mv 3 40947 176 62 9

[00:51:17]	[Recv]	mv 3 40938 142 91 9

[00:51:17]	[Recv]	mv 3 40900 51 112 9

[00:51:17]	[Recv]	mv 3 40889 137 54 8

[00:51:17]	[Recv]	mv 3 40886 126 31 8

[00:51:17]	[Recv]	mv 3 40877 85 38 8

[00:51:17]	[Recv]	mv 3 40869 54 57 8

[00:51:17]	[Recv]	mv 3 40863 159 40 9

[00:51:17]	[Recv]	mv 3 40860 144 91 9

[00:51:17]	[Recv]	mv 3 40853 82 36 9

[00:51:17]	[Recv]	mv 3 40852 76 108 9

[00:51:17]	[Recv]	mv 3 40851 74 49 9

[00:51:17]	[Recv]	mv 3 40847 42 116 9

[00:51:17]	[Recv]	mv 3 40845 35 104 9

[00:51:18]	[Recv]	mv 3 40936 134 93 9

[00:51:18]	[Recv]	mv 3 40932 91 60 9

[00:51:18]	[Recv]	mv 3 40929 57 84 9

[00:51:18]	[Recv]	mv 3 40925 184 38 9

[00:51:18]	[Recv]	mv 3 40915 139 76 9

[00:51:18]	[Recv]	mv 3 40894 164 41 8

[00:51:18]	[Recv]	mv 3 40858 126 27 9

[00:51:18]	[Recv]	pst 2 2557262 0 100 100 34166 7013 0 0 0

[00:51:18]	[Recv]	pst 2 2557249 1 100 100 42830 3622 0 0 0

[00:51:18]	[Recv]	mv 3 40923 171 56 9

[00:51:18]	[Recv]	mv 3 40922 163 35 9

[00:51:18]	[Recv]	mv 3 40908 108 36 9

[00:51:18]	[Recv]	mv 3 40904 76 56 9

[00:51:18]	[Recv]	mv 3 40903 62 95 9

[00:51:18]	[Recv]	mv 3 40901 63 48 9

[00:51:18]	[Recv]	mv 3 40892 152 96 8

[00:51:18]	[Recv]	mv 3 40850 74 81 9

[00:51:18]	[Recv]	mv 3 40849 64 58 9

[00:51:18]	[Send]	walk 173 39 0 25
[00:51:18]	[Recv]	mv 3 40948 182 80 9

[00:51:18]	[Recv]	mv 3 40944 160 87 9

[00:51:18]	[Recv]	mv 3 40920 153 99 9

[00:51:18]	[Recv]	mv 3 40887 123 69 8

[00:51:18]	[Recv]	mv 3 40876 82 45 8

[00:51:18]	[Recv]	mv 3 40867 45 113 8

[00:51:18]	[Recv]	mv 3 40846 42 106 9

[00:51:18]	[Recv]	mv 3 40945 163 74 9

[00:51:18]	[Recv]	mv 3 40942 153 89 9

[00:51:18]	[Recv]	mv 3 40941 152 51 9

[00:51:18]	[Recv]	mv 3 40933 118 60 9

[00:51:18]	[Recv]	mv 3 40902 61 80 9

[00:51:18]	[Recv]	mv 3 40896 175 44 8

[00:51:18]	[Recv]	mv 3 40884 52 118 8

[00:51:18]	[Recv]	mv 3 40871 57 58 8

[00:51:18]	[Recv]	mv 3 40870 53 77 8

[00:51:18]	[Recv]	mv 3 40859 135 38 9

[00:51:18]	[Recv]	mv 3 40848 46 95 9

[00:51:18]	[Recv]	stat 75191 75191 13530 17265 0 1316

[00:51:18]	[Recv]	mv 3 40934 127 87 9

[00:51:18]	[Recv]	mv 3 40928 57 95 9

[00:51:18]	[Recv]	mv 3 40917 150 48 9

[00:51:18]	[Recv]	mv 3 40914 137 90 9

[00:51:18]	[Recv]	mv 3 40906 108 52 9

[00:51:18]	[Recv]	mv 3 40899 47 100 9

[00:51:18]	[Recv]	mv 3 40889 136 53 8

[00:51:18]	[Recv]	mv 3 40886 127 31 8

[00:51:18]	[Recv]	mv 3 40882 121 58 8

[00:51:18]	[Recv]	mv 3 40877 85 36 8

[00:51:18]	[Recv]	mv 3 40872 65 106 8

[00:51:18]	[Recv]	mv 3 40862 152 58 9

[00:51:18]	[Recv]	mv 3 40851 76 48 9

[00:51:18]	[Recv]	mv 3 40845 34 105 9

[00:51:18]	[Send]	walk 167 39 0 25
[00:51:19]	[Recv]	mv 3 40936 135 94 9

[00:51:19]	[Recv]	mv 3 40926 188 34 9

[00:51:19]	[Recv]	mv 3 40925 184 39 9

[00:51:19]	[Recv]	mv 3 40919 162 57 9

[00:51:19]	[Recv]	mv 3 40915 140 76 9

[00:51:19]	[Recv]	mv 3 40911 132 46 9

[00:51:19]	[Recv]	mv 3 40909 116 45 9

[00:51:19]	[Recv]	mv 3 40897 180 73 8

[00:51:19]	[Recv]	mv 3 40894 165 43 8

[00:51:19]	[Recv]	mv 3 40858 128 28 9

[00:51:19]	[Recv]	mv 3 40857 119 39 9

[00:51:19]	[Recv]	mv 3 40856 116 28 9

[00:51:19]	[Recv]	mv 3 40855 97 63 9

[00:51:19]	[Send]	walk 165 39 0 25
[00:51:19]	[Recv]	pst 2 2557262 0 100 100 34166 7013 0 0 0

[00:51:19]	[Recv]	pst 2 2557249 1 100 100 42830 3622 0 0 0

[00:51:19]	[Recv]	mv 3 40939 146 83 9

[00:51:19]	[Recv]	mv 3 40927 54 111 9

[00:51:19]	[Recv]	mv 3 40923 170 55 9

[00:51:19]	[Recv]	mv 3 40922 165 37 9

[00:51:19]	[Recv]	mv 3 40921 157 66 9

[00:51:19]	[Recv]	mv 3 40903 60 97 9

[00:51:19]	[Recv]	mv 3 40892 151 97 8

[00:51:19]	[Recv]	mv 3 40874 65 47 8

[00:51:19]	[Recv]	mv 3 40850 76 82 9

[00:51:19]	[Recv]	mv 3 40849 62 57 9

[00:51:19]	[Send]	walk 163 39 1 25
[00:51:19]	[Recv]	mv 3 40948 182 81 9

[00:51:19]	[Recv]	mv 3 40946 171 80 9

[00:51:19]	[Recv]	mv 3 40878 86 45 8

[00:51:19]	[Recv]	mv 3 40864 173 76 9

[00:51:19]	[Recv]	mv 3 40846 41 106 9

[00:51:19]	[Send]	walk 161 39 0 25
[00:51:19]	[Recv]	mv 3 40945 164 76 9

[00:51:19]	[Recv]	mv 3 40942 155 89 9

[00:51:19]	[Recv]	mv 3 40931 179 61 9

[00:51:19]	[Recv]	mv 3 40910 121 72 9

[00:51:19]	[Recv]	mv 3 40902 63 81 9

[00:51:19]	[Recv]	mv 3 40898 189 40 8

[00:51:19]	[Recv]	mv 3 40896 173 45 8

[00:51:19]	[Recv]	mv 3 40884 50 117 8

[00:51:19]	[Recv]	mv 3 40866 109 40 8

[00:51:19]	[Recv]	mv 3 40859 136 38 9

[00:51:19]	[Send]	walk 159 39 0 25
[00:51:19]	[Recv]	mv 3 40934 129 89 9

[00:51:19]	[Recv]	mv 3 40928 56 97 9

[00:51:19]	[Recv]	mv 3 40917 151 48 9

[00:51:19]	[Recv]	mv 3 40914 138 91 9

[00:51:19]	[Recv]	mv 3 40900 52 114 9

[00:51:19]	[Recv]	mv 3 40889 135 54 8

[00:51:19]	[Recv]	mv 3 40886 125 30 8

[00:51:19]	[Recv]	mv 3 40877 84 38 8

[00:51:19]	[Recv]	mv 3 40872 64 106 8

[00:51:19]	[Recv]	mv 3 40869 53 58 8

[00:51:19]	[Recv]	mv 3 40863 157 38 9

[00:51:19]	[Recv]	mv 3 40862 153 60 9

[00:51:19]	[Recv]	mv 3 40860 145 90 9

[00:51:19]	[Recv]	mv 3 40853 83 36 9

[00:51:19]	[Recv]	mv 3 40851 77 50 9

[00:51:19]	[Recv]	mv 3 40847 42 114 9

[00:51:19]	[Recv]	mv 3 40845 33 107 9

[00:51:19]	[Send]	walk 157 39 1 25
[00:51:20]	[Recv]	mv 3 40949 187 68 9

[00:51:20]	[Recv]	mv 3 40940 148 96 9

[00:51:20]	[Recv]	mv 3 40925 185 41 9

[00:51:20]	[Recv]	mv 3 40909 115 43 9

[00:51:20]	[Recv]	mv 3 40897 178 74 8

[00:51:20]	[Recv]	mv 3 40875 81 44 8

[00:51:20]	[Recv]	mv 3 40873 67 74 8

[00:51:20]	[Recv]	mv 3 40857 118 40 9

[00:51:20]	[Send]	walk 155 39 0 25
[00:51:20]	[Recv]	pst 2 2557262 0 100 100 34166 7013 0 0 0

[00:51:20]	[Recv]	pst 2 2557249 1 100 100 42830 3622 0 0 0

[00:51:20]	[Recv]	mv 3 40927 55 112 9

[00:51:20]	[Recv]	mv 3 40921 158 65 9

[00:51:20]	[Recv]	mv 3 40904 75 58 9

[00:51:20]	[Recv]	mv 3 40903 60 96 9

[00:51:20]	[Recv]	mv 3 40901 62 48 9

[00:51:20]	[Recv]	mv 3 40892 153 95 8

[00:51:20]	[Recv]	mv 3 40849 61 57 9

[00:51:20]	[Recv]	mv 3 40943 158 84 9

[00:51:20]	[Recv]	mv 3 40935 129 82 9

[00:51:20]	[Recv]	mv 3 40920 152 101 9

[00:51:20]	[Recv]	mv 3 40876 80 47 8

[00:51:20]	[Recv]	mv 3 40868 52 52 8

[00:51:20]	[Recv]	mv 3 40864 174 77 9

[00:51:20]	[Recv]	mv 3 40846 40 107 9

[00:51:20]	[Recv]	mv 3 40945 162 74 9

[00:51:20]	[Recv]	mv 3 40933 117 59 9

[00:51:20]	[Recv]	mv 3 40910 119 71 9

[00:51:20]	[Recv]	mv 3 40902 63 80 9

[00:51:20]	[Recv]	mv 3 40898 187 40 8

[00:51:20]	[Recv]	mv 3 40896 175 44 8

[00:51:20]	[Recv]	mv 3 40893 161 51 8

[00:51:20]	[Recv]	mv 3 40884 52 116 8

[00:51:20]	[Recv]	mv 3 40881 117 80 8

[00:51:20]	[Recv]	mv 3 40871 56 60 8

[00:51:20]	[Recv]	stat 75191 75191 13530 17265 0 1316

[00:51:20]	[Recv]	stat 75191 75191 13647 17265 0 1316

[00:51:20]	[Recv]	mv 3 40947 175 64 9

[00:51:20]	[Recv]	mv 3 40934 128 87 9

[00:51:20]	[Recv]	mv 3 40928 56 99 9

[00:51:20]	[Recv]	mv 3 40924 180 85 9

[00:51:20]	[Recv]	mv 3 40917 152 47 9

[00:51:20]	[Recv]	mv 3 40914 139 90 9

[00:51:20]	[Recv]	mv 3 40913 142 26 9

[00:51:20]	[Recv]	mv 3 40906 107 50 9

[00:51:20]	[Recv]	mv 3 40900 51 113 9

[00:51:20]	[Recv]	mv 3 40899 47 101 9

[00:51:20]	[Recv]	mv 3 40889 136 52 8

[00:51:20]	[Recv]	mv 3 40888 126 36 8

[00:51:20]	[Recv]	mv 3 40886 124 29 8

[00:51:20]	[Recv]	mv 3 40882 121 57 8

[00:51:20]	[Recv]	mv 3 40880 157 82 8

[00:51:20]	[Recv]	mv 3 40872 64 107 8

[00:51:20]	[Recv]	mv 3 40869 54 60 8

[00:51:20]	[Recv]	mv 3 40863 159 39 9

[00:51:20]	[Recv]	mv 3 40862 153 58 9

[00:51:20]	[Recv]	mv 3 40860 146 92 9

[00:51:20]	[Recv]	mv 3 40853 84 38 9

[00:51:20]	[Recv]	mv 3 40851 75 48 9

[00:51:20]	[Recv]	mv 3 40847 41 115 9

[00:51:21]	[Recv]	mv 3 40949 186 67 9

[00:51:21]	[Recv]	mv 3 40929 56 85 9

[00:51:21]	[Recv]	mv 3 40926 189 36 9

[00:51:21]	[Recv]	mv 3 40915 141 74 9

[00:51:21]	[Recv]	mv 3 40911 131 46 9

[00:51:21]	[Recv]	mv 3 40894 166 43 8

[00:51:21]	[Recv]	mv 3 40873 65 74 8

[00:51:21]	[Recv]	mv 3 40858 129 26 9

[00:51:21]	[Recv]	mv 3 40856 116 29 9

[00:51:21]	[Send]	walk 146 39 0 25
[00:51:21]	[Recv]	pst 2 2557262 0 100 100 34166 7013 0 0 0

[00:51:21]	[Recv]	pst 2 2557249 1 100 100 42830 3622 0 0 0

[00:51:21]	[Recv]	mv 3 40927 55 111 9

[00:51:21]	[Recv]	mv 3 40923 170 57 9

[00:51:21]	[Recv]	mv 3 40922 163 35 9

[00:51:21]	[Recv]	mv 3 40921 157 67 9

[00:51:21]	[Recv]	mv 3 40908 108 37 9

[00:51:21]	[Recv]	mv 3 40901 63 49 9

[00:51:21]	[Recv]	mv 3 40850 76 80 9

[00:51:21]	[Recv]	mv 3 40849 62 59 9

[00:51:21]	[Recv]	mv 3 40946 173 82 9

[00:51:21]	[Recv]	mv 3 40944 161 89 9

[00:51:21]	[Recv]	mv 3 40920 151 100 9

[00:51:21]	[Recv]	mv 3 40887 124 67 8

[00:51:21]	[Recv]	mv 3 40885 123 49 8

[00:51:21]	[Recv]	mv 3 40878 87 44 8

[00:51:21]	[Recv]	mv 3 40876 81 46 8

[00:51:21]	[Recv]	mv 3 40867 44 113 8

[00:51:21]	[Recv]	mv 3 40945 164 75 9

[00:51:21]	[Recv]	mv 3 40942 153 90 9

[00:51:21]	[Recv]	mv 3 40941 150 52 9

[00:51:21]	[Recv]	mv 3 40933 118 59 9

[00:51:21]	[Recv]	mv 3 40910 119 72 9

[00:51:21]	[Recv]	mv 3 40907 97 53 9

[00:51:21]	[Recv]	mv 3 40902 63 82 9

[00:51:21]	[Recv]	mv 3 40898 186 38 8

[00:51:21]	[Recv]	mv 3 40896 176 44 8

[00:51:21]	[Recv]	mv 3 40893 163 51 8

[00:51:21]	[Recv]	mv 3 40881 115 81 8

[00:51:21]	[Recv]	mv 3 40870 52 79 8

[00:51:21]	[Recv]	mv 3 40866 110 41 8

[00:51:21]	[Recv]	mv 3 40848 48 96 9

[00:51:21]	[Recv]	mv 3 40938 142 92 9

[00:51:21]	[Recv]	mv 3 40937 139 103 9

[00:51:21]	[Recv]	mv 3 40928 57 99 9

[00:51:21]	[Recv]	mv 3 40924 180 86 9

[00:51:21]	[Recv]	mv 3 40917 151 46 9

[00:51:21]	[Recv]	mv 3 40913 142 28 9

[00:51:21]	[Recv]	mv 3 40888 124 34 8

[00:51:21]	[Recv]	mv 3 40886 123 31 8

[00:51:21]	[Recv]	mv 3 40882 122 57 8

[00:51:21]	[Recv]	mv 3 40880 158 83 8

[00:51:21]	[Recv]	mv 3 40872 63 105 8

[00:51:21]	[Recv]	mv 3 40869 53 59 8

[00:51:21]	[Recv]	mv 3 40860 148 91 9

[00:51:21]	[Recv]	mv 3 40853 83 40 9

[00:51:21]	[Recv]	mv 3 40852 76 106 9

[00:51:21]	[Recv]	mv 3 40851 77 47 9

[00:51:21]	[Recv]	mv 3 40847 42 117 9

[00:51:21]	[Send]	walk 137 39 0 25
[00:51:22]	[Recv]	mv 3 40949 185 68 9

[00:51:22]	[Recv]	mv 3 40940 149 98 9

[00:51:22]	[Recv]	mv 3 40936 136 96 9

[00:51:22]	[Recv]	mv 3 40926 188 36 9

[00:51:22]	[Recv]	mv 3 40925 184 39 9

[00:51:22]	[Recv]	mv 3 40919 161 57 9

[00:51:22]	[Recv]	mv 3 40894 164 42 8

[00:51:22]	[Recv]	mv 3 40861 152 41 9

[00:51:22]	[Recv]	mv 3 40858 128 26 9

[00:51:22]	[Recv]	mv 3 40857 120 42 9

[00:51:22]	[Recv]	pst 2 2557262 0 100 100 34166 7013 0 0 0

[00:51:22]	[Recv]	pst 2 2557249 1 100 100 42830 3622 0 0 0

[00:51:22]	[Recv]	mv 3 40939 145 83 9

[00:51:22]	[Recv]	mv 3 40923 171 55 9

[00:51:22]	[Recv]	mv 3 40921 157 66 9

[00:51:22]	[Recv]	mv 3 40908 109 37 9

[00:51:22]	[Recv]	mv 3 40903 61 95 9

[00:51:22]	[Recv]	mv 3 40850 74 82 9

[00:51:22]	[Recv]	mv 3 40944 163 88 9

[00:51:22]	[Recv]	mv 3 40943 157 84 9

[00:51:22]	[Recv]	mv 3 40935 127 82 9

[00:51:22]	[Recv]	mv 3 40920 150 98 9

[00:51:22]	[Recv]	mv 3 40916 140 46 9

[00:51:22]	[Recv]	mv 3 40885 124 50 8

[00:51:22]	[Recv]	mv 3 40878 86 45 8

[00:51:22]	[Recv]	mv 3 40876 82 47 8

[00:51:22]	[Recv]	mv 3 40868 53 52 8

[00:51:22]	[Recv]	mv 3 40945 166 75 9

[00:51:22]	[Recv]	mv 3 40942 151 88 9

[00:51:22]	[Recv]	mv 3 40941 151 52 9

[00:51:22]	[Recv]	mv 3 40933 119 58 9

[00:51:22]	[Recv]	mv 3 40931 181 62 9

[00:51:22]	[Recv]	mv 3 40896 176 43 8

[00:51:22]	[Recv]	mv 3 40884 50 116 8

[00:51:22]	[Recv]	mv 3 40881 116 80 8

[00:51:22]	[Recv]	mv 3 40870 54 77 8

[00:51:22]	[Recv]	mv 3 40866 111 43 8

[00:51:22]	[Recv]	mv 3 40859 137 38 9

[00:51:22]	[Recv]	mv 3 40848 47 95 9

[00:51:22]	[Recv]	stat 75191 75191 13647 17265 0 1316

[00:51:22]	[Recv]	mv 3 40947 175 66 9

[00:51:22]	[Recv]	mv 3 40938 141 91 9

[00:51:22]	[Recv]	mv 3 40937 140 105 9

[00:51:22]	[Recv]	mv 3 40928 55 98 9

[00:51:22]	[Recv]	mv 3 40924 179 85 9

[00:51:22]	[Recv]	mv 3 40917 150 47 9

[00:51:22]	[Recv]	mv 3 40914 139 88 9

[00:51:22]	[Recv]	mv 3 40906 108 52 9

[00:51:22]	[Recv]	mv 3 40899 45 101 9

[00:51:22]	[Recv]	mv 3 40888 125 35 8

[00:51:22]	[Recv]	mv 3 40880 158 84 8

[00:51:22]	[Recv]	mv 3 40869 54 57 8

[00:51:22]	[Recv]	mv 3 40863 161 38 9

[00:51:22]	[Recv]	mv 3 40862 152 59 9

[00:51:22]	[Recv]	mv 3 40853 82 39 9

[00:51:22]	[Recv]	mv 3 40852 75 108 9

[00:51:22]	[Recv]	mv 3 40851 75 48 9

[00:51:22]	[Recv]	mv 3 40847 44 115 9

[00:51:22]	[Recv]	mv 3 40845 31 108 9

[00:51:22]	[Send]	walk 128 39 0 25
[00:51:23]	[Recv]	mv 3 40929 57 84 9

[00:51:23]	[Recv]	mv 3 40925 185 41 9

[00:51:23]	[Recv]	mv 3 40919 160 59 9

[00:51:23]	[Recv]	mv 3 40915 142 74 9

[00:51:23]	[Recv]	mv 3 40873 66 76 8

[00:51:23]	[Recv]	mv 3 40858 129 27 9

[00:51:23]	[Recv]	mv 3 40855 96 62 9

[00:51:23]	[Recv]	pst 2 2557262 0 100 100 34166 7013 0 0 0

[00:51:23]	[Recv]	pst 2 2557249 1 100 100 42830 3622 0 0 0

[00:51:23]	[Recv]	mv 3 40927 54 112 9

[00:51:23]	[Recv]	mv 3 40923 172 55 9

[00:51:23]	[Recv]	mv 3 40922 164 36 9

[00:51:23]	[Recv]	mv 3 40903 60 97 9

[00:51:23]	[Recv]	mv 3 40901 61 51 9

[00:51:23]	[Recv]	mv 3 40892 152 97 8

[00:51:23]	[Recv]	mv 3 40891 54 63 8

[00:51:23]	[Recv]	mv 3 40874 66 48 8

[00:51:23]	[Recv]	mv 3 40849 64 57 9

[00:51:23]	[Recv]	mv 3 40946 172 81 9

[00:51:23]	[Recv]	mv 3 40944 162 89 9

[00:51:23]	[Recv]	mv 3 40935 128 83 9

[00:51:23]	[Recv]	mv 3 40920 152 98 9

[00:51:23]	[Recv]	mv 3 40916 140 44 9

[00:51:23]	[Recv]	mv 3 40885 125 51 8

[00:51:23]	[Recv]	mv 3 40878 85 47 8

[00:51:23]	[Recv]	mv 3 40876 84 45 8

[00:51:23]	[Recv]	mv 3 40868 53 51 8

[00:51:23]	[Recv]	mv 3 40867 44 115 8

[00:51:23]	[Recv]	mv 3 40846 41 106 9

[00:51:23]	[Recv]	mv 3 40941 152 52 9

[00:51:23]	[Recv]	mv 3 40933 118 59 9

[00:51:23]	[Recv]	mv 3 40931 179 62 9

[00:51:23]	[Recv]	mv 3 40910 120 71 9

[00:51:23]	[Recv]	mv 3 40907 97 51 9

[00:51:23]	[Recv]	mv 3 40893 162 49 8

[00:51:23]	[Recv]	mv 3 40881 115 82 8

[00:51:23]	[Recv]	mv 3 40866 111 42 8

[00:51:23]	[Recv]	mv 3 40848 48 95 9

[00:51:23]	[Send]	walk 119 39 0 25
[00:51:23]	[Recv]	mv 3 40938 140 91 9

[00:51:23]	[Recv]	mv 3 40937 139 105 9

[00:51:23]	[Recv]	mv 3 40934 126 89 9

[00:51:23]	[Recv]	mv 3 40917 151 49 9

[00:51:23]	[Recv]	mv 3 40914 141 89 9

[00:51:23]	[Recv]	mv 3 40906 109 50 9

[00:51:23]	[Recv]	mv 3 40900 52 114 9

[00:51:23]	[Recv]	mv 3 40889 135 53 8

[00:51:23]	[Recv]	mv 3 40888 125 36 8

[00:51:23]	[Recv]	mv 3 40886 125 29 8

[00:51:23]	[Recv]	mv 3 40882 123 57 8

[00:51:23]	[Recv]	mv 3 40880 156 82 8

[00:51:23]	[Recv]	mv 3 40877 85 40 8

[00:51:23]	[Recv]	mv 3 40869 53 58 8

[00:51:23]	[Recv]	mv 3 40860 148 90 9

[00:51:23]	[Recv]	mv 3 40853 84 39 9

[00:51:23]	[Recv]	mv 3 40852 73 107 9

[00:51:23]	[Recv]	mv 3 40845 33 108 9

[00:51:24]	[Recv]	mv 3 40940 150 100 9

[00:51:24]	[Recv]	mv 3 40936 136 95 9

[00:51:24]	[Recv]	mv 3 40929 57 85 9

[00:51:24]	[Recv]	mv 3 40919 162 58 9

[00:51:24]	[Recv]	mv 3 40915 141 73 9

[00:51:24]	[Recv]	mv 3 40909 114 45 9

[00:51:24]	[Recv]	mv 3 40897 179 75 8

[00:51:24]	[Recv]	mv 3 40894 164 43 8

[00:51:24]	[Recv]	mv 3 40875 80 45 8

[00:51:24]	[Recv]	mv 3 40873 64 76 8

[00:51:24]	[Recv]	mv 3 40861 151 40 9

[00:51:24]	[Recv]	mv 3 40858 128 28 9

[00:51:24]	[Recv]	mv 3 40855 96 61 9

[00:51:24]	[Recv]	pst 2 2557262 0 100 100 34166 7013 0 0 0

[00:51:24]	[Recv]	pst 2 2557249 1 100 100 42830 3622 0 0 0

[00:51:24]	[Recv]	mv 3 40927 54 111 9

[00:51:24]	[Recv]	mv 3 40922 163 37 9

[00:51:24]	[Recv]	mv 3 40908 107 35 9

[00:51:24]	[Recv]	mv 3 40903 61 95 9

[00:51:24]	[Recv]	mv 3 40892 152 95 8

[00:51:24]	[Recv]	mv 3 40874 65 49 8

[00:51:24]	[Recv]	mv 3 40850 75 81 9

[00:51:24]	[Recv]	mv 3 40948 183 81 9

[00:51:24]	[Recv]	mv 3 40944 163 88 9

[00:51:24]	[Recv]	mv 3 40943 159 82 9

[00:51:24]	[Recv]	mv 3 40935 130 84 9

[00:51:24]	[Recv]	mv 3 40916 140 45 9

[00:51:24]	[Recv]	mv 3 40887 123 66 8

[00:51:24]	[Recv]	mv 3 40885 126 51 8

[00:51:24]	[Recv]	mv 3 40878 84 45 8

[00:51:24]	[Recv]	mv 3 40864 173 78 9

[00:51:24]	[Recv]	mv 3 40945 165 77 9

[00:51:24]	[Recv]	mv 3 40942 151 89 9

[00:51:24]	[Recv]	mv 3 40898 185 37 8

[00:51:24]	[Recv]	mv 3 40895 173 40 8

[00:51:24]	[Recv]	mv 3 40893 161 50 8

[00:51:24]	[Recv]	mv 3 40884 49 116 8

[00:51:24]	[Recv]	mv 3 40871 57 60 8

[00:51:24]	[Recv]	mv 3 40870 53 76 8

[00:51:24]	[Recv]	mv 3 40859 136 37 9

[00:51:24]	[Recv]	mv 3 40848 48 93 9

[00:51:24]	[Send]	walk 110 39 0 25
[00:51:24]	[Recv]	stat 75191 75191 13647 17265 0 1316

[00:51:24]	[Recv]	stat 75191 75191 13764 17265 0 1316

[00:51:24]	[Recv]	mv 3 40938 142 93 9

[00:51:24]	[Recv]	mv 3 40937 141 104 9

[00:51:24]	[Recv]	mv 3 40924 178 84 9

[00:51:24]	[Recv]	mv 3 40914 139 91 9

[00:51:24]	[Recv]	mv 3 40906 108 50 9

[00:51:24]	[Recv]	mv 3 40899 47 100 9

[00:51:24]	[Recv]	mv 3 40888 127 35 8

[00:51:24]	[Recv]	mv 3 40886 126 31 8

[00:51:24]	[Recv]	mv 3 40882 123 59 8

[00:51:24]	[Recv]	mv 3 40880 157 84 8

[00:51:24]	[Recv]	mv 3 40872 62 105 8

[00:51:24]	[Recv]	mv 3 40869 52 57 8

[00:51:24]	[Recv]	mv 3 40862 152 58 9

[00:51:24]	[Recv]	mv 3 40860 147 91 9

[00:51:24]	[Recv]	mv 3 40853 83 39 9

[00:51:24]	[Recv]	mv 3 40852 74 107 9

[00:51:24]	[Recv]	mv 3 40851 74 50 9

[00:51:24]	[Recv]	mv 3 40847 44 116 9

[00:51:24]	[Recv]	mv 3 40845 35 106 9

[00:51:25]	[Recv]	mv 3 40940 148 98 9

[00:51:25]	[Recv]	mv 3 40936 134 94 9

[00:51:25]	[Recv]	mv 3 40926 189 34 9

[00:51:25]	[Recv]	mv 3 40925 185 42 9

[00:51:25]	[Recv]	mv 3 40919 162 57 9

[00:51:25]	[Recv]	mv 3 40915 142 75 9

[00:51:25]	[Recv]	mv 3 40911 129 45 9

[00:51:25]	[Recv]	mv 3 40894 165 43 8

[00:51:25]	[Recv]	mv 3 40875 82 44 8

[00:51:25]	[Recv]	mv 3 40873 65 76 8

[00:51:25]	[Recv]	mv 3 40861 150 39 9

[00:51:25]	[Recv]	mv 3 40857 121 40 9

[00:51:25]	[Recv]	mv 3 40855 98 59 9

[00:51:25]	[Recv]	pst 2 2557262 0 100 100 34166 7013 0 0 0

[00:51:25]	[Recv]	pst 2 2557249 1 100 100 42830 3622 0 0 0

[00:51:25]	[Recv]	mv 3 40939 144 85 9

[00:51:25]	[Recv]	mv 3 40923 170 57 9

[00:51:25]	[Recv]	mv 3 40921 158 65 9

[00:51:25]	[Recv]	mv 3 40908 105 34 9

[00:51:25]	[Recv]	mv 3 40903 60 97 9

[00:51:25]	[Recv]	mv 3 40901 62 49 9

[00:51:25]	[Recv]	mv 3 40874 66 48 8

[00:51:25]	[Recv]	mv 3 40849 62 57 9

[00:51:25]	[Send]	walk 103 39 1 25
[00:51:25]	[Recv]	mv 3 40946 171 83 9

[00:51:25]	[Recv]	mv 3 40943 157 83 9

[00:51:25]	[Recv]	mv 3 40935 131 84 9

[00:51:25]	[Recv]	mv 3 40920 150 99 9

[00:51:25]	[Recv]	mv 3 40887 124 66 8

[00:51:25]	[Recv]	mv 3 40876 82 46 8

[00:51:25]	[Recv]	mv 3 40868 53 50 8

[00:51:25]	[Recv]	mv 3 40864 172 77 9

[00:51:25]	[Recv]	mv 3 40846 42 107 9

[00:51:25]	[Recv]	mv 3 40942 151 91 9

[00:51:25]	[Recv]	mv 3 40941 153 52 9

[00:51:25]	[Recv]	mv 3 40907 98 52 9

[00:51:25]	[Recv]	mv 3 40902 62 81 9

[00:51:25]	[Recv]	mv 3 40895 171 42 8

[00:51:25]	[Recv]	mv 3 40893 163 49 8

[00:51:25]	[Recv]	mv 3 40884 51 117 8

[00:51:25]	[Recv]	mv 3 40881 115 80 8

[00:51:25]	[Recv]	mv 3 40870 55 76 8

[00:51:25]	[Recv]	mv 3 40859 135 35 9

[00:51:25]	[Recv]	mv 3 40848 49 93 9

[00:51:25]	[Send]	walk 99 41 0 25
[00:51:25]	[Recv]	mv 3 40947 173 66 9

[00:51:25]	[Recv]	mv 3 40938 143 91 9

[00:51:25]	[Recv]	mv 3 40937 139 103 9

[00:51:25]	[Recv]	mv 3 40934 125 89 9

[00:51:25]	[Recv]	mv 3 40906 109 50 9

[00:51:25]	[Recv]	mv 3 40899 47 102 9

[00:51:25]	[Recv]	mv 3 40889 136 52 8

[00:51:25]	[Recv]	mv 3 40886 126 29 8

[00:51:25]	[Recv]	mv 3 40880 155 83 8

[00:51:25]	[Recv]	mv 3 40872 64 106 8

[00:51:25]	[Recv]	mv 3 40869 54 59 8

[00:51:25]	[Recv]	mv 3 40863 161 39 9

[00:51:25]	[Recv]	mv 3 40862 153 58 9

[00:51:25]	[Recv]	mv 3 40860 145 93 9

[00:51:25]	[Recv]	mv 3 40852 76 108 9

[00:51:25]	[Recv]	mv 3 40851 75 50 9

[00:51:25]	[Recv]	mv 3 40845 34 104 9

[00:51:25]	[Send]	walk 98 41 1 25
[00:51:26]	[Recv]	mv 3 40949 185 69 9

[00:51:26]	[Recv]	mv 3 40940 148 99 9

[00:51:26]	[Recv]	mv 3 40936 134 93 9

[00:51:26]	[Recv]	mv 3 40932 91 58 9

[00:51:26]	[Recv]	mv 3 40929 58 86 9

[00:51:26]	[Recv]	mv 3 40925 183 40 9

[00:51:26]	[Recv]	mv 3 40919 161 59 9

[00:51:26]	[Recv]	mv 3 40915 140 73 9

[00:51:26]	[Recv]	mv 3 40909 114 46 9

[00:51:26]	[Recv]	mv 3 40897 180 74 8

[00:51:26]	[Recv]	mv 3 40894 166 42 8

[00:51:26]	[Recv]	mv 3 40873 66 76 8

[00:51:26]	[Recv]	pst 2 2557262 0 100 100 34166 7013 0 0 0

[00:51:26]	[Recv]	pst 2 2557249 1 100 100 42830 3622 0 0 0

[00:51:26]	[Recv]	mv 3 40927 55 113 9

[00:51:26]	[Recv]	mv 3 40904 76 57 9

[00:51:26]	[Recv]	mv 3 40901 61 49 9

[00:51:26]	[Recv]	mv 3 40892 154 95 8

[00:51:26]	[Recv]	mv 3 40874 64 46 8

[00:51:26]	[Recv]	mv 3 40850 74 80 9

[00:51:26]	[Send]	walk 96 43 1 25
[00:51:26]	[Recv]	mv 3 40948 182 80 9

[00:51:26]	[Recv]	mv 3 40943 159 85 9

[00:51:26]	[Recv]	mv 3 40920 151 100 9

[00:51:26]	[Recv]	mv 3 40916 142 43 9

[00:51:26]	[Recv]	mv 3 40864 173 77 9

[00:51:26]	[Recv]	mv 3 40846 42 106 9

[00:51:26]	[Send]	walk 94 45 1 25
[00:51:26]	[Recv]	mv 3 40945 166 77 9

[00:51:26]	[Recv]	mv 3 40942 153 90 9

[00:51:26]	[Recv]	mv 3 40933 117 58 9

[00:51:26]	[Recv]	mv 3 40910 121 71 9

[00:51:26]	[Recv]	mv 3 40907 98 53 9

[00:51:26]	[Recv]	mv 3 40902 62 80 9

[00:51:26]	[Recv]	mv 3 40898 187 39 8

[00:51:26]	[Recv]	mv 3 40896 174 45 8

[00:51:26]	[Recv]	mv 3 40895 170 41 8

[00:51:26]	[Recv]	mv 3 40884 50 117 8

[00:51:26]	[Recv]	mv 3 40881 117 81 8

[00:51:26]	[Recv]	mv 3 40871 56 58 8

[00:51:26]	[Recv]	mv 3 40848 47 93 9

[00:51:26]	[Send]	walk 92 47 1 25
[00:51:26]	[Recv]	stat 75191 75191 13764 17265 0 1316

[00:51:26]	[Recv]	mv 3 40947 174 66 9

[00:51:26]	[Recv]	mv 3 40938 143 92 9

[00:51:26]	[Recv]	mv 3 40917 151 50 9

[00:51:26]	[Recv]	mv 3 40914 141 91 9

[00:51:26]	[Recv]	mv 3 40913 143 27 9

[00:51:26]	[Recv]	mv 3 40906 111 50 9

[00:51:26]	[Recv]	mv 3 40900 52 115 9

[00:51:26]	[Recv]	mv 3 40899 46 101 9

[00:51:26]	[Recv]	mv 3 40888 126 34 8

[00:51:26]	[Recv]	mv 3 40886 124 31 8

[00:51:26]	[Recv]	mv 3 40882 125 60 8

[00:51:26]	[Recv]	mv 3 40877 83 39 8

[00:51:26]	[Recv]	mv 3 40872 64 105 8

[00:51:26]	[Recv]	mv 3 40860 146 93 9

[00:51:26]	[Recv]	mv 3 40852 74 107 9

[00:51:26]	[Recv]	mv 3 40847 43 114 9

[00:51:26]	[Recv]	mv 3 40845 35 106 9

[00:51:27]	[Recv]	mv 3 40940 149 98 9

[00:51:27]	[Recv]	mv 3 40932 92 58 9

[00:51:27]	[Recv]	mv 3 40929 59 85 9

[00:51:27]	[Recv]	mv 3 40925 181 38 9

[00:51:27]	[Recv]	mv 3 40919 160 58 9

[00:51:27]	[Recv]	mv 3 40915 142 75 9

[00:51:27]	[Recv]	mv 3 40911 128 43 9

[00:51:27]	[Recv]	mv 3 40909 115 47 9

[00:51:27]	[Recv]	mv 3 40897 182 72 8

[00:51:27]	[Recv]	mv 3 40894 164 42 8

[00:51:27]	[Recv]	mv 3 40875 83 44 8

[00:51:27]	[Recv]	mv 3 40873 66 74 8

[00:51:27]	[Recv]	mv 3 40861 148 41 9

[00:51:27]	[Recv]	mv 3 40858 127 27 9

[00:51:27]	[Recv]	mv 3 40857 121 38 9

[00:51:27]	[Recv]	mv 3 40855 97 61 9

[00:51:27]	[Recv]	pst 2 2557262 0 100 100 34166 7013 0 0 0

[00:51:27]	[Recv]	pst 2 2557249 1 100 100 42830 3622 0 0 0

[00:51:27]	[Recv]	mv 3 40927 53 113 9

[00:51:27]	[Recv]	mv 3 40923 169 56 9

[00:51:27]	[Recv]	mv 3 40922 164 37 9

[00:51:27]	[Recv]	mv 3 40908 107 35 9

[00:51:27]	[Recv]	mv 3 40904 77 56 9

[00:51:27]	[Recv]	mv 3 40903 60 96 9

[00:51:27]	[Recv]	mv 3 40901 61 50 9

[00:51:27]	[Recv]	mv 3 40892 153 93 8

[00:51:27]	[Recv]	mv 3 40874 66 47 8

[00:51:27]	[Recv]	mv 3 40948 181 78 9

[00:51:27]	[Recv]	mv 3 40946 173 82 9

[00:51:27]	[Recv]	mv 3 40920 149 101 9

[00:51:27]	[Recv]	mv 3 40916 142 44 9

[00:51:27]	[Recv]	mv 3 40887 124 67 8

[00:51:27]	[Recv]	mv 3 40885 124 49 8

[00:51:27]	[Recv]	mv 3 40876 80 47 8

[00:51:27]	[Recv]	mv 3 40867 44 113 8

[00:51:27]	[Recv]	mv 3 40846 41 106 9

[00:51:27]	[Recv]	qnamli2 100 #rl 1646 11 3027 ~Dardy~

[00:51:27]	[Recv]	mv 3 40941 151 50 9

[00:51:27]	[Recv]	mv 3 40931 181 62 9

[00:51:27]	[Recv]	mv 3 40910 121 72 9

[00:51:27]	[Recv]	mv 3 40907 98 54 9

[00:51:27]	[Recv]	mv 3 40898 189 37 8

[00:51:27]	[Recv]	mv 3 40896 175 45 8

[00:51:27]	[Recv]	mv 3 40895 170 40 8

[00:51:27]	[Recv]	mv 3 40893 161 49 8

[00:51:27]	[Recv]	mv 3 40881 117 82 8

[00:51:27]	[Recv]	mv 3 40859 135 37 9

[00:51:27]	[Send]	walk 85 53 0 25
[00:51:27]	[Recv]	mv 3 40938 142 93 9

[00:51:27]	[Recv]	mv 3 40937 141 104 9

[00:51:27]	[Recv]	mv 3 40917 149 48 9

[00:51:27]	[Recv]	mv 3 40913 141 27 9

[00:51:27]	[Recv]	mv 3 40906 110 52 9

[00:51:27]	[Recv]	mv 3 40900 52 113 9

[00:51:27]	[Recv]	mv 3 40899 45 99 9

[00:51:27]	[Recv]	mv 3 40889 138 54 8

[00:51:27]	[Recv]	mv 3 40888 125 32 8

[00:51:27]	[Recv]	mv 3 40886 125 29 8

[00:51:27]	[Recv]	mv 3 40882 123 59 8

[00:51:27]	[Recv]	mv 3 40880 156 84 8

[00:51:27]	[Recv]	mv 3 40877 85 39 8

[00:51:27]	[Recv]	mv 3 40863 160 39 9

[00:51:27]	[Recv]	mv 3 40853 85 37 9

[00:51:27]	[Recv]	mv 3 40851 74 49 9

[00:51:28]	[Recv]	mv 3 40940 148 99 9

[00:51:28]	[Recv]	mv 3 40932 91 60 9

[00:51:28]	[Recv]	mv 3 40926 188 36 9

[00:51:28]	[Recv]	mv 3 40925 183 40 9

[00:51:28]	[Recv]	mv 3 40919 159 58 9

[00:51:28]	[Recv]	mv 3 40915 141 74 9

[00:51:28]	[Recv]	mv 3 40909 115 45 9

[00:51:28]	[Recv]	mv 3 40897 181 72 8

[00:51:28]	[Recv]	mv 3 40861 150 39 9

[00:51:28]	[Recv]	mv 3 40857 120 40 9

[00:51:28]	[Recv]	mv 3 40856 115 28 9

[00:51:28]	[Recv]	mv 3 40855 98 62 9

[00:51:28]	[Recv]	pst 2 2557262 0 100 100 34166 7013 0 0 0

[00:51:28]	[Recv]	pst 2 2557249 1 100 100 42830 3622 0 0 0

[00:51:28]	[Recv]	mv 3 40939 143 85 9

[00:51:28]	[Recv]	mv 3 40923 168 57 9

[00:51:28]	[Recv]	mv 3 40922 164 36 9

[00:51:28]	[Recv]	mv 3 40921 159 66 9

[00:51:28]	[Recv]	mv 3 40904 75 57 9

[00:51:28]	[Recv]	mv 3 40874 67 47 8

[00:51:28]	[Recv]	mv 3 40850 74 79 9

[00:51:28]	[Recv]	mv 3 40849 63 59 9

[00:51:28]	[Recv]	mv 3 40885 123 49 8

[00:51:28]	[Recv]	mv 3 40876 80 45 8

[00:51:28]	[Recv]	mv 3 40868 54 52 8

[00:51:28]	[Recv]	mv 3 40867 45 115 8

[00:51:28]	[Recv]	mv 3 40864 174 78 9

[00:51:28]	[Recv]	mv 3 40846 40 107 9

[00:51:28]	[Recv]	mv 3 40933 119 58 9

[00:51:28]	[Recv]	mv 3 40910 120 74 9

[00:51:28]	[Recv]	mv 3 40902 63 82 9

[00:51:28]	[Recv]	mv 3 40898 189 38 8

[00:51:28]	[Recv]	mv 3 40896 174 43 8

[00:51:28]	[Recv]	mv 3 40895 172 42 8

[00:51:28]	[Recv]	mv 3 40870 54 77 8

[00:51:28]	[Recv]	mv 3 40866 111 40 8

[00:51:28]	[Recv]	mv 3 40859 134 37 9

[00:51:28]	[Recv]	mv 3 40848 49 94 9

[00:51:28]	[Send]	walk 78 60 0 25
[00:51:28]	[Recv]	stat 75191 75191 13764 17265 0 1316

[00:51:28]	[Recv]	stat 75191 75191 13881 17265 0 1316

[00:51:28]	[Recv]	mv 3 40947 173 66 9

[00:51:28]	[Recv]	mv 3 40938 141 92 9

[00:51:28]	[Recv]	mv 3 40928 55 99 9

[00:51:28]	[Recv]	mv 3 40917 151 47 9

[00:51:28]	[Recv]	mv 3 40913 142 25 9

[00:51:28]	[Recv]	mv 3 40900 50 113 9

[00:51:28]	[Recv]	mv 3 40899 46 98 9

[00:51:28]	[Recv]	mv 3 40889 136 55 8

[00:51:28]	[Recv]	mv 3 40888 124 34 8

[00:51:28]	[Recv]	mv 3 40886 127 28 8

[00:51:28]	[Recv]	mv 3 40877 84 38 8

[00:51:28]	[Recv]	mv 3 40872 62 105 8

[00:51:28]	[Recv]	mv 3 40869 54 58 8

[00:51:28]	[Recv]	mv 3 40863 160 38 9

[00:51:28]	[Recv]	mv 3 40860 145 94 9

[00:51:28]	[Recv]	mv 3 40853 85 38 9

[00:51:28]	[Recv]	mv 3 40852 75 107 9

[00:51:28]	[Recv]	mv 3 40851 74 48 9

[00:51:28]	[Recv]	mv 3 40847 42 116 9

[00:51:29]	[Recv]	mv 3 40940 147 100 9

[00:51:29]	[Recv]	mv 3 40936 136 93 9

[00:51:29]	[Recv]	mv 3 40925 181 41 9

[00:51:29]	[Recv]	mv 3 40919 160 59 9

[00:51:29]	[Recv]	mv 3 40909 116 43 9

[00:51:29]	[Recv]	mv 3 40897 179 73 8

[00:51:29]	[Recv]	mv 3 40894 165 40 8

[00:51:29]	[Recv]	mv 3 40875 83 43 8

[00:51:29]	[Recv]	mv 3 40873 67 76 8

[00:51:29]	[Recv]	mv 3 40861 149 41 9

[00:51:29]	[Recv]	mv 3 40857 119 40 9

[00:51:29]	[Recv]	mv 3 40856 114 29 9

[00:51:29]	[Recv]	mv 3 40855 98 61 9

[00:51:29]	[Recv]	pst 2 2557262 0 100 100 34166 7013 0 0 0

[00:51:29]	[Recv]	pst 2 2557249 1 100 100 42830 3622 0 0 0

[00:51:29]	[Recv]	mv 3 40927 54 113 9

[00:51:29]	[Recv]	mv 3 40923 169 56 9

[00:51:29]	[Recv]	mv 3 40922 163 36 9

[00:51:29]	[Recv]	mv 3 40908 108 35 9

[00:51:29]	[Recv]	mv 3 40901 62 50 9

[00:51:29]	[Recv]	mv 3 40849 62 58 9

[00:51:29]	[Recv]	mv 3 40948 183 78 9

[00:51:29]	[Recv]	mv 3 40935 129 82 9

[00:51:29]	[Recv]	mv 3 40920 151 99 9

[00:51:29]	[Recv]	mv 3 40887 123 68 8

[00:51:29]	[Recv]	mv 3 40885 123 50 8

[00:51:29]	[Recv]	mv 3 40876 81 46 8

[00:51:29]	[Recv]	mv 3 40867 44 113 8

[00:51:29]	[Recv]	mv 3 40846 40 108 9

[00:51:29]	[Send]	walk 72 67 1 25
[00:51:29]	[Recv]	mv 3 40945 165 77 9

[00:51:29]	[Recv]	mv 3 40942 154 89 9

[00:51:29]	[Recv]	mv 3 40941 153 52 9

[00:51:29]	[Recv]	mv 3 40933 119 60 9

[00:51:29]	[Recv]	mv 3 40910 118 72 9

[00:51:29]	[Recv]	mv 3 40907 97 52 9

[00:51:29]	[Recv]	mv 3 40902 64 81 9

[00:51:29]	[Recv]	mv 3 40893 162 49 8

[00:51:29]	[Recv]	mv 3 40881 117 80 8

[00:51:29]	[Recv]	mv 3 40870 52 78 8

[00:51:29]	[Recv]	mv 3 40866 110 41 8

[00:51:29]	[Recv]	mv 3 40859 136 37 9

[00:51:29]	[Recv]	mv 3 40848 49 95 9

[00:51:29]	[Recv]	mv 3 40947 174 65 9

[00:51:29]	[Recv]	mv 3 40937 139 105 9

[00:51:29]	[Recv]	mv 3 40934 126 90 9

[00:51:29]	[Recv]	mv 3 40924 180 84 9

[00:51:29]	[Recv]	mv 3 40913 140 26 9

[00:51:29]	[Recv]	mv 3 40900 49 112 9

[00:51:29]	[Recv]	mv 3 40899 46 100 9

[00:51:29]	[Recv]	mv 3 40889 136 53 8

[00:51:29]	[Recv]	mv 3 40888 125 33 8

[00:51:29]	[Recv]	mv 3 40886 126 29 8

[00:51:29]	[Recv]	mv 3 40882 123 61 8

[00:51:29]	[Recv]	mv 3 40877 83 37 8

[00:51:29]	[Recv]	mv 3 40872 63 106 8

[00:51:29]	[Recv]	mv 3 40863 158 37 9

[00:51:29]	[Recv]	mv 3 40862 153 56 9

[00:51:30]	[Recv]	mv 3 40949 186 68 9

[00:51:30]	[Recv]	mv 3 40940 148 98 9

[00:51:30]	[Recv]	mv 3 40932 91 58 9

[00:51:30]	[Recv]	mv 3 40926 187 34 9

[00:51:30]	[Recv]	mv 3 40919 159 57 9

[00:51:30]	[Recv]	mv 3 40897 178 73 8

[00:51:30]	[Recv]	mv 3 40894 166 41 8

[00:51:30]	[Recv]	mv 3 40861 150 39 9

[00:51:30]	[Recv]	mv 3 40857 120 38 9

[00:51:30]	[Recv]	mv 3 40855 99 60 9

[00:51:30]	[Recv]	pst 2 2557262 0 100 100 34166 7013 0 0 0

[00:51:30]	[Recv]	pst 2 2557249 1 100 100 42830 3622 0 0 0

[00:51:30]	[Recv]	mv 3 40939 144 84 9

[00:51:30]	[Recv]	mv 3 40923 171 55 9

[00:51:30]	[Recv]	mv 3 40922 162 36 9

[00:51:30]	[Recv]	mv 3 40921 161 68 9

[00:51:30]	[Recv]	mv 3 40908 106 33 9

[00:51:30]	[Recv]	mv 3 40904 76 56 9

[00:51:30]	[Recv]	mv 3 40903 62 96 9

[00:51:30]	[Recv]	mv 3 40901 64 50 9

[00:51:30]	[Recv]	mv 3 40874 66 48 8

[00:51:30]	[Recv]	mv 3 40946 173 83 9

[00:51:30]	[Recv]	mv 3 40935 129 84 9

[00:51:30]	[Recv]	mv 3 40920 151 100 9

[00:51:30]	[Recv]	mv 3 40916 144 44 9

[00:51:30]	[Recv]	mv 3 40887 123 69 8

[00:51:30]	[Recv]	mv 3 40878 85 43 8

[00:51:30]	[Recv]	mv 3 40876 81 45 8

[00:51:30]	[Recv]	mv 3 40868 55 52 8

[00:51:30]	[Recv]	mv 3 40864 173 77 9

[00:51:30]	[Recv]	mv 3 40846 41 108 9

[00:51:30]	[Send]	walk 69 75 0 25
[00:51:30]	[Recv]	mv 3 40942 152 90 9

[00:51:30]	[Recv]	mv 3 40941 152 51 9

[00:51:30]	[Recv]	mv 3 40933 119 59 9

[00:51:30]	[Recv]	mv 3 40931 180 64 9

[00:51:30]	[Recv]	mv 3 40910 120 74 9

[00:51:30]	[Recv]	mv 3 40907 97 54 9

[00:51:30]	[Recv]	mv 3 40893 162 48 8

[00:51:30]	[Recv]	mv 3 40884 48 117 8

[00:51:30]	[Recv]	mv 3 40881 115 79 8

[00:51:30]	[Recv]	mv 3 40859 136 39 9

[00:51:30]	[Recv]	mv 3 40848 47 95 9

[00:51:30]	[Recv]	stat 75191 75191 13881 17265 0 1316

[00:51:30]	[Recv]	mv 3 40947 174 66 9

[00:51:30]	[Recv]	mv 3 40938 139 92 9

[00:51:30]	[Recv]	mv 3 40937 137 103 9

[00:51:30]	[Recv]	mv 3 40934 127 91 9

[00:51:30]	[Recv]	mv 3 40928 54 98 9

[00:51:30]	[Recv]	mv 3 40917 152 48 9

[00:51:30]	[Recv]	mv 3 40914 140 90 9

[00:51:30]	[Recv]	mv 3 40913 140 27 9

[00:51:30]	[Recv]	mv 3 40900 51 114 9

[00:51:30]	[Recv]	mv 3 40889 134 55 8

[00:51:30]	[Recv]	mv 3 40888 127 35 8

[00:51:30]	[Recv]	mv 3 40882 121 61 8

[00:51:30]	[Recv]	mv 3 40877 85 38 8

[00:51:30]	[Recv]	mv 3 40869 53 57 8

[00:51:30]	[Recv]	mv 3 40863 158 38 9

[00:51:30]	[Recv]	mv 3 40862 154 57 9

[00:51:30]	[Recv]	mv 3 40860 146 93 9

[00:51:30]	[Recv]	mv 3 40852 77 105 9

[00:51:30]	[Recv]	mv 3 40851 74 46 9

[00:51:30]	[Recv]	mv 3 40847 43 114 9

[00:51:31]	[Recv]	mv 3 40949 185 69 9

[00:51:31]	[Recv]	mv 3 40940 149 96 9

[00:51:31]	[Recv]	mv 3 40936 135 95 9

[00:51:31]	[Recv]	mv 3 40926 186 34 9

[00:51:31]	[Recv]	mv 3 40925 182 40 9

[00:51:31]	[Recv]	mv 3 40897 180 75 8

[00:51:31]	[Recv]	mv 3 40894 165 39 8

[00:51:31]	[Recv]	mv 3 40875 82 44 8

[00:51:31]	[Recv]	mv 3 40856 116 28 9

[00:51:31]	[Recv]	pst 2 2557262 0 100 100 34166 7013 0 0 0

[00:51:31]	[Recv]	pst 2 2557249 1 100 100 42830 3622 0 0 0

[00:51:31]	[Recv]	mv 3 40939 143 84 9

[00:51:31]	[Recv]	mv 3 40927 53 112 9

[00:51:31]	[Recv]	mv 3 40922 163 38 9

[00:51:31]	[Recv]	mv 3 40908 106 34 9

[00:51:31]	[Recv]	mv 3 40892 152 94 8

[00:51:31]	[Recv]	mv 3 40874 66 50 8

[00:51:31]	[Recv]	mv 3 40850 73 80 9

[00:51:31]	[Recv]	mv 3 40943 157 84 9

[00:51:31]	[Recv]	mv 3 40935 131 83 9

[00:51:31]	[Recv]	mv 3 40916 142 44 9

[00:51:31]	[Recv]	mv 3 40887 125 68 8

[00:51:31]	[Recv]	mv 3 40885 124 51 8

[00:51:31]	[Recv]	mv 3 40878 85 44 8

[00:51:31]	[Recv]	mv 3 40876 82 47 8

[00:51:31]	[Recv]	mv 3 40868 53 52 8

[00:51:31]	[Recv]	mv 3 40846 42 109 9

[00:51:31]	[Send]	walk 65 82 0 25
[00:51:31]	[Recv]	mv 3 40945 163 75 9

[00:51:31]	[Recv]	mv 3 40942 153 92 9

[00:51:31]	[Recv]	mv 3 40941 150 51 9

[00:51:31]	[Recv]	mv 3 40933 117 58 9

[00:51:31]	[Recv]	mv 3 40907 98 52 9

[00:51:31]	[Recv]	mv 3 40902 64 82 9

[00:51:31]	[Recv]	mv 3 40896 175 43 8

[00:51:31]	[Recv]	mv 3 40895 173 40 8

[00:51:31]	[Recv]	mv 3 40881 115 81 8

[00:51:31]	[Recv]	mv 3 40870 53 80 8

[00:51:31]	[Recv]	mv 3 40866 112 40 8

[00:51:31]	[Recv]	mv 3 40859 134 39 9

[00:51:31]	[Recv]	mv 3 40848 49 93 9

[00:51:31]	[Recv]	mv 3 40947 175 65 9

[00:51:31]	[Recv]	mv 3 40938 141 92 9

[00:51:31]	[Recv]	mv 3 40937 138 103 9

[00:51:31]	[Recv]	mv 3 40934 126 90 9

[00:51:31]	[Recv]	mv 3 40928 55 99 9

[00:51:31]	[Recv]	mv 3 40924 178 86 9

[00:51:31]	[Recv]	mv 3 40917 151 47 9

[00:51:31]	[Recv]	mv 3 40914 138 90 9

[00:51:31]	[Recv]	mv 3 40900 51 112 9

[00:51:31]	[Recv]	mv 3 40899 45 102 9

[00:51:31]	[Recv]	mv 3 40889 136 53 8

[00:51:31]	[Recv]	mv 3 40888 128 34 8

[00:51:31]	[Recv]	mv 3 40886 125 29 8

[00:51:31]	[Recv]	mv 3 40880 157 83 8

[00:51:31]	[Recv]	mv 3 40869 52 59 8

[00:51:31]	[Recv]	mv 3 40863 160 40 9

[00:51:31]	[Recv]	mv 3 40860 144 93 9

[00:51:31]	[Recv]	mv 3 40853 85 39 9

[00:51:31]	[Recv]	mv 3 40852 75 104 9

[00:51:31]	[Recv]	mv 3 40847 41 115 9

[00:51:31]	[Recv]	mv 3 40845 35 104 9

[00:51:32]	[Send]	walk 58 80 0 25
[00:51:32]	[Recv]	mv 3 40949 186 68 9

[00:51:32]	[Recv]	mv 3 40940 147 96 9

[00:51:32]	[Recv]	mv 3 40932 90 59 9

[00:51:32]	[Recv]	mv 3 40894 164 39 8

[00:51:32]	[Recv]	mv 3 40857 120 40 9

[00:51:32]	[Recv]	mv 3 40856 115 29 9

[00:51:32]	[Recv]	mv 3 40855 97 59 9

[00:51:32]	[Recv]	pst 2 2557262 0 100 100 34166 7013 0 0 0

[00:51:32]	[Recv]	pst 2 2557249 1 100 100 42830 3622 0 0 0

[00:51:32]	[Recv]	mv 3 40927 51 111 9

[00:51:32]	[Recv]	mv 3 40923 170 57 9

[00:51:32]	[Recv]	mv 3 40922 163 36 9

[00:51:32]	[Recv]	mv 3 40921 159 67 9

[00:51:32]	[Recv]	mv 3 40904 75 54 9

[00:51:32]	[Recv]	mv 3 40891 54 62 8

[00:51:32]	[Recv]	mv 3 40874 67 49 8

[00:51:32]	[Recv]	mv 3 40850 75 79 9

[00:51:32]	[Recv]	mv 3 40849 62 57 9

[00:51:32]	[Recv]	mv 3 40946 171 83 9

[00:51:32]	[Recv]	mv 3 40943 158 82 9

[00:51:32]	[Recv]	mv 3 40935 129 81 9

[00:51:32]	[Recv]	mv 3 40920 150 101 9

[00:51:32]	[Recv]	mv 3 40887 125 66 8

[00:51:32]	[Recv]	mv 3 40885 123 51 8

[00:51:32]	[Recv]	mv 3 40867 44 114 8

[00:51:32]	[Recv]	mv 3 40864 174 76 9

[00:51:32]	[Recv]	mv 3 40846 40 108 9

[00:51:32]	[Recv]	mv 3 40933 118 59 9

[00:51:32]	[Recv]	mv 3 40907 98 53 9

[00:51:32]	[Recv]	mv 3 40902 64 81 9

[00:51:32]	[Recv]	mv 3 40898 188 38 8

[00:51:32]	[Recv]	mv 3 40896 175 45 8

[00:51:32]	[Recv]	mv 3 40895 172 39 8

[00:51:32]	[Recv]	mv 3 40893 161 49 8

[00:51:32]	[Recv]	mv 3 40871 57 59 8

[00:51:32]	[Recv]	mv 3 40870 54 78 8

[00:51:32]	[Recv]	mv 3 40866 111 41 8

[00:51:32]	[Recv]	mv 3 40859 135 38 9

[00:51:32]	[Recv]	mv 3 40848 47 94 9

[00:51:32]	[Recv]	stat 75191 75191 13881 17265 0 1316

[00:51:32]	[Recv]	stat 75191 75191 13998 17265 0 1316

[00:51:32]	[Recv]	mv 3 40947 174 66 9

[00:51:32]	[Recv]	mv 3 40938 139 91 9

[00:51:32]	[Recv]	mv 3 40937 139 105 9

[00:51:32]	[Recv]	mv 3 40934 125 89 9

[00:51:32]	[Recv]	mv 3 40928 54 97 9

[00:51:32]	[Recv]	mv 3 40924 180 84 9

[00:51:32]	[Recv]	mv 3 40917 152 47 9

[00:51:32]	[Recv]	mv 3 40914 139 91 9

[00:51:32]	[Recv]	mv 3 40906 111 54 9

[00:51:32]	[Recv]	mv 3 40889 135 53 8

[00:51:32]	[Recv]	mv 3 40882 123 59 8

[00:51:32]	[Recv]	mv 3 40880 158 82 8

[00:51:32]	[Recv]	mv 3 40877 84 39 8

[00:51:32]	[Recv]	mv 3 40872 65 106 8

[00:51:32]	[Recv]	mv 3 40869 53 57 8

[00:51:32]	[Recv]	mv 3 40862 156 57 9

[00:51:32]	[Recv]	mv 3 40860 146 94 9

[00:51:32]	[Recv]	mv 3 40853 83 38 9

[00:51:32]	[Recv]	mv 3 40852 77 106 9

[00:51:32]	[Recv]	mv 3 40851 74 47 9

[00:51:32]	[Recv]	mv 3 40845 34 104 9

[00:51:32]	[Send]	walk 51 87 0 25
[00:51:33]	[Recv]	mv 3 40949 184 70 9

[00:51:33]	[Recv]	mv 3 40940 148 96 9

[00:51:33]	[Recv]	mv 3 40936 136 95 9

[00:51:33]	[Recv]	mv 3 40929 59 86 9

[00:51:33]	[Recv]	mv 3 40897 180 74 8

[00:51:33]	[Recv]	mv 3 40894 165 40 8

[00:51:33]	[Recv]	mv 3 40875 82 42 8

[00:51:33]	[Recv]	mv 3 40861 152 40 9

[00:51:33]	[Recv]	mv 3 40858 127 26 9

[00:51:33]	[Recv]	mv 3 40856 113 29 9

[00:51:33]	[Recv]	pst 2 2557262 0 100 100 34166 7013 0 0 0

[00:51:33]	[Recv]	pst 2 2557249 1 100 100 42830 3622 0 0 0

[00:51:33]	[Recv]	mv 3 40922 164 36 9

[00:51:33]	[Recv]	mv 3 40921 160 67 9

[00:51:33]	[Recv]	mv 3 40904 76 54 9

[00:51:33]	[Recv]	mv 3 40903 64 97 9

[00:51:33]	[Recv]	mv 3 40901 63 49 9

[00:51:33]	[Recv]	mv 3 40948 182 78 9

[00:51:33]	[Recv]	mv 3 40943 157 83 9

[00:51:33]	[Recv]	mv 3 40935 131 82 9

[00:51:33]	[Recv]	mv 3 40920 152 101 9

[00:51:33]	[Recv]	mv 3 40887 126 67 8

[00:51:33]	[Recv]	mv 3 40878 86 43 8

[00:51:33]	[Recv]	mv 3 40876 81 45 8

[00:51:33]	[Recv]	mv 3 40868 53 51 8

[00:51:33]	[Recv]	mv 3 40867 45 115 8

[00:51:33]	[Recv]	mv 3 40864 176 75 9

[00:51:33]	[Recv]	mv 3 40945 163 76 9

[00:51:33]	[Recv]	mv 3 40942 152 92 9

[00:51:33]	[Recv]	mv 3 40941 151 53 9

[00:51:33]	[Recv]	mv 3 40933 120 60 9

[00:51:33]	[Recv]	mv 3 40910 121 74 9

[00:51:33]	[Recv]	mv 3 40907 99 54 9

[00:51:33]	[Recv]	mv 3 40896 176 46 8

[00:51:33]	[Recv]	mv 3 40895 173 40 8

[00:51:33]	[Recv]	mv 3 40884 50 115 8

[00:51:33]	[Recv]	mv 3 40881 115 80 8

[00:51:33]	[Recv]	mv 3 40859 135 37 9

[00:51:33]	[Recv]	mv 3 40848 49 93 9

[00:51:33]	[Recv]	mv 3 40947 174 64 9

[00:51:33]	[Recv]	mv 3 40938 140 92 9

[00:51:33]	[Recv]	mv 3 40934 127 87 9

[00:51:33]	[Recv]	mv 3 40917 151 46 9

[00:51:33]	[Recv]	mv 3 40913 140 26 9

[00:51:33]	[Recv]	mv 3 40906 109 52 9

[00:51:33]	[Recv]	mv 3 40900 52 114 9

[00:51:33]	[Recv]	mv 3 40899 46 100 9

[00:51:33]	[Recv]	mv 3 40889 137 54 8

[00:51:33]	[Recv]	mv 3 40888 126 35 8

[00:51:33]	[Recv]	mv 3 40886 124 31 8

[00:51:33]	[Recv]	mv 3 40882 122 57 8

[00:51:33]	[Recv]	mv 3 40880 157 80 8

[00:51:33]	[Recv]	mv 3 40872 63 106 8

[00:51:33]	[Recv]	mv 3 40869 53 58 8

[00:51:33]	[Recv]	mv 3 40863 161 39 9

[00:51:33]	[Recv]	mv 3 40853 84 40 9

[00:51:33]	[Recv]	mv 3 40852 75 107 9

[00:51:33]	[Recv]	mv 3 40845 33 105 9

[00:51:33]	[Send]	walk 43 91 0 25
[00:51:34]	[Recv]	mv 3 40936 134 97 9

[00:51:34]	[Recv]	mv 3 40929 57 86 9

[00:51:34]	[Recv]	mv 3 40925 183 42 9

[00:51:34]	[Recv]	mv 3 40919 160 58 9

[00:51:34]	[Recv]	mv 3 40915 140 75 9

[00:51:34]	[Recv]	mv 3 40909 114 44 9

[00:51:34]	[Recv]	mv 3 40897 179 73 8

[00:51:34]	[Recv]	mv 3 40894 164 41 8

[00:51:34]	[Recv]	mv 3 40875 82 44 8

[00:51:34]	[Recv]	mv 3 40873 65 74 8

[00:51:34]	[Recv]	mv 3 40858 128 28 9

[00:51:34]	[Recv]	mv 3 40856 114 30 9

[00:51:34]	[Recv]	pst 2 2557262 0 100 100 34166 7013 0 0 0

[00:51:34]	[Recv]	pst 2 2557249 1 100 100 42830 3622 0 0 0

[00:51:34]	[Recv]	mv 3 40901 64 50 9

[00:51:34]	[Recv]	mv 3 40892 152 96 8

[00:51:34]	[Recv]	mv 3 40874 68 48 8

[00:51:34]	[Recv]	mv 3 40850 74 80 9

[00:51:34]	[Recv]	mv 3 40849 64 56 9

[00:51:34]	[Recv]	mv 3 40944 162 89 9

[00:51:34]	[Recv]	mv 3 40935 129 81 9

[00:51:34]	[Recv]	mv 3 40878 87 45 8

[00:51:34]	[Recv]	mv 3 40867 44 114 8

[00:51:34]	[Recv]	mv 3 40945 164 74 9

[00:51:34]	[Recv]	mv 3 40942 152 91 9

[00:51:34]	[Recv]	mv 3 40941 152 54 9

[00:51:34]	[Recv]	mv 3 40933 121 59 9

[00:51:34]	[Recv]	mv 3 40931 182 62 9

[00:51:34]	[Recv]	mv 3 40902 63 80 9

[00:51:34]	[Recv]	mv 3 40895 172 41 8

[00:51:34]	[Recv]	mv 3 40884 51 115 8

[00:51:34]	[Recv]	mv 3 40866 109 43 8

[00:51:34]	[Recv]	mv 3 40859 135 36 9

[00:51:34]	[Recv]	mv 3 40848 48 94 9

[00:51:34]	[Recv]	stat 75191 75191 13998 17265 0 1316

[00:51:34]	[Recv]	mv 3 40938 142 91 9

[00:51:34]	[Recv]	mv 3 40937 140 105 9

[00:51:34]	[Recv]	mv 3 40934 126 89 9

[00:51:34]	[Recv]	mv 3 40917 150 46 9

[00:51:34]	[Recv]	mv 3 40914 140 91 9

[00:51:34]	[Recv]	mv 3 40913 140 27 9

[00:51:34]	[Recv]	mv 3 40899 47 100 9

[00:51:34]	[Recv]	mv 3 40888 125 34 8

[00:51:34]	[Recv]	mv 3 40882 124 58 8

[00:51:34]	[Recv]	mv 3 40880 155 81 8

[00:51:34]	[Recv]	mv 3 40872 61 106 8

[00:51:34]	[Recv]	mv 3 40869 52 59 8

[00:51:34]	[Recv]	mv 3 40862 155 57 9

[00:51:34]	[Recv]	mv 3 40860 146 93 9

[00:51:34]	[Recv]	mv 3 40847 42 116 9

[00:51:34]	[Send]	walk 35 94 0 25
[00:51:35]	[Recv]	mv 3 40929 58 84 9

[00:51:35]	[Recv]	mv 3 40926 187 34 9

[00:51:35]	[Recv]	mv 3 40925 184 41 9

[00:51:35]	[Recv]	mv 3 40915 141 77 9

[00:51:35]	[Recv]	mv 3 40909 113 46 9

[00:51:35]	[Recv]	mv 3 40873 64 74 8

[00:51:35]	[Recv]	mv 3 40861 150 38 9

[00:51:35]	[Recv]	mv 3 40857 120 39 9

[00:51:35]	[Recv]	mv 3 40856 116 28 9

[00:51:35]	[Recv]	pst 2 2557262 0 100 100 34166 7013 0 0 0

[00:51:35]	[Recv]	pst 2 2557249 1 100 100 42830 3622 0 0 0

[00:51:35]	[Recv]	mv 3 40939 144 83 9

[00:51:35]	[Recv]	mv 3 40927 53 112 9

[00:51:35]	[Recv]	mv 3 40923 171 56 9

[00:51:35]	[Recv]	mv 3 40921 159 67 9

[00:51:35]	[Recv]	mv 3 40908 107 34 9

[00:51:35]	[Recv]	mv 3 40904 77 56 9

[00:51:35]	[Recv]	mv 3 40901 62 49 9

[00:51:35]	[Recv]	mv 3 40892 150 95 8

[00:51:35]	[Recv]	mv 3 40850 72 79 9

[00:51:35]	[Send]	walk 30 96 0 25
[00:51:35]	[Recv]	mv 3 40948 181 78 9

[00:51:35]	[Recv]	mv 3 40946 171 81 9

[00:51:35]	[Recv]	mv 3 40944 164 89 9

[00:51:35]	[Recv]	mv 3 40935 128 82 9

[00:51:35]	[Recv]	mv 3 40920 150 101 9

[00:51:35]	[Recv]	mv 3 40887 124 65 8

[00:51:35]	[Recv]	mv 3 40885 123 49 8

[00:51:35]	[Recv]	mv 3 40868 52 51 8

[00:51:35]	[Recv]	mv 3 40864 174 77 9

[00:51:35]	[Recv]	mv 3 40846 40 107 9

[00:51:35]	[Recv]	mv 3 40942 153 89 9

[00:51:35]	[Recv]	mv 3 40931 182 63 9

[00:51:35]	[Recv]	mv 3 40898 186 38 8

[00:51:35]	[Recv]	mv 3 40896 175 44 8

[00:51:35]	[Recv]	mv 3 40881 115 79 8

[00:51:35]	[Recv]	mv 3 40866 110 42 8

[00:51:35]	[Recv]	mv 3 40859 135 37 9

[00:51:35]	[Recv]	mv 3 40848 49 95 9

[00:51:35]	[Recv]	mv 3 40934 127 88 9

[00:51:35]	[Recv]	mv 3 40928 56 99 9

[00:51:35]	[Recv]	mv 3 40924 178 84 9

[00:51:35]	[Recv]	mv 3 40914 141 89 9

[00:51:35]	[Recv]	mv 3 40906 108 52 9

[00:51:35]	[Recv]	mv 3 40888 126 34 8

[00:51:35]	[Recv]	mv 3 40886 123 30 8

[00:51:35]	[Recv]	mv 3 40880 156 80 8

[00:51:35]	[Recv]	mv 3 40877 83 38 8

[00:51:35]	[Recv]	mv 3 40869 53 59 8

[00:51:35]	[Recv]	mv 3 40862 154 58 9

[00:51:35]	[Recv]	mv 3 40860 146 94 9

[00:51:35]	[Recv]	mv 3 40853 85 40 9

[00:51:35]	[Recv]	mv 3 40845 32 104 9

[00:51:36]	[Recv]	mv 3 40940 147 97 9

[00:51:36]	[Recv]	mv 3 40936 133 95 9

[00:51:36]	[Recv]	mv 3 40932 89 58 9

[00:51:36]	[Recv]	mv 3 40926 188 35 9

[00:51:36]	[Recv]	mv 3 40911 129 44 9

[00:51:36]	[Recv]	mv 3 40875 80 46 8

[00:51:36]	[Recv]	mv 3 40873 66 76 8

[00:51:36]	[Recv]	mv 3 40861 152 39 9

[00:51:36]	[Recv]	mv 3 40858 126 26 9

[00:51:36]	[Recv]	mv 3 40856 117 29 9

[00:51:36]	[Recv]	pst 2 2557262 0 100 100 34166 7013 0 0 0

[00:51:36]	[Recv]	pst 2 2557249 1 100 100 42830 3622 0 0 0

[00:51:36]	[Recv]	mv 3 40927 52 111 9

[00:51:36]	[Recv]	mv 3 40923 170 55 9

[00:51:36]	[Recv]	mv 3 40922 162 36 9

[00:51:36]	[Recv]	mv 3 40908 105 35 9

[00:51:36]	[Recv]	mv 3 40892 151 97 8

[00:51:36]	[Recv]	mv 3 40874 67 48 8

[00:51:36]	[Recv]	mv 3 40850 74 80 9

[00:51:36]	[Recv]	mv 3 40849 64 57 9

[00:51:36]	[Recv]	mv 3 40948 182 80 9

[00:51:36]	[Recv]	mv 3 40935 129 83 9

[00:51:36]	[Recv]	mv 3 40887 123 67 8

[00:51:36]	[Recv]	mv 3 40885 124 51 8

[00:51:36]	[Recv]	mv 3 40878 85 46 8

[00:51:36]	[Recv]	mv 3 40868 52 50 8

[00:51:36]	[Recv]	mv 3 40846 42 108 9

[00:51:36]	[Send]	walk 21 96 0 25
[00:51:36]	[Recv]	mv 3 40942 155 89 9

[00:51:36]	[Recv]	mv 3 40941 151 53 9

[00:51:36]	[Recv]	mv 3 40933 119 60 9

[00:51:36]	[Recv]	mv 3 40907 98 55 9

[00:51:36]	[Recv]	mv 3 40896 174 46 8

[00:51:36]	[Recv]	mv 3 40895 173 41 8

[00:51:36]	[Recv]	mv 3 40893 163 50 8

[00:51:36]	[Recv]	mv 3 40881 116 80 8

[00:51:36]	[Recv]	mv 3 40866 110 43 8

[00:51:36]	[Recv]	stat 75191 75191 13998 17265 0 1316

[00:51:36]	[Recv]	stat 75191 75191 14115 17265 0 1316

[00:51:36]	[Recv]	mv 3 40938 142 92 9

[00:51:36]	[Recv]	mv 3 40937 138 104 9

[00:51:36]	[Recv]	mv 3 40928 56 98 9

[00:51:36]	[Recv]	mv 3 40914 139 88 9

[00:51:36]	[Recv]	mv 3 40906 110 54 9

[00:51:36]	[Recv]	mv 3 40899 45 100 9

[00:51:36]	[Recv]	mv 3 40889 138 53 8

[00:51:36]	[Recv]	mv 3 40888 126 36 8

[00:51:36]	[Recv]	mv 3 40886 125 29 8

[00:51:36]	[Recv]	mv 3 40880 158 80 8

[00:51:36]	[Recv]	mv 3 40877 84 40 8

[00:51:36]	[Recv]	mv 3 40872 62 105 8

[00:51:36]	[Recv]	mv 3 40869 54 57 8

[00:51:36]	[Recv]	mv 3 40863 159 40 9

[00:51:36]	[Recv]	mv 3 40847 40 114 9

[00:51:37]	[Recv]	mv 3 40940 148 98 9

[00:51:37]	[Recv]	mv 3 40932 90 60 9

[00:51:37]	[Recv]	mv 3 40926 186 36 9

[00:51:37]	[Recv]	mv 3 40919 160 57 9

[00:51:37]	[Recv]	mv 3 40915 140 76 9

[00:51:37]	[Recv]	mv 3 40909 114 45 9

[00:51:37]	[Recv]	mv 3 40897 180 73 8

[00:51:37]	[Recv]	mv 3 40873 65 74 8

[00:51:37]	[Recv]	mv 3 40861 151 41 9

[00:51:37]	[Recv]	mv 3 40855 99 60 9

[00:51:37]	[Recv]	pst 2 2557262 0 100 100 34166 7013 0 0 0

[00:51:37]	[Recv]	pst 2 2557249 1 100 100 42830 3622 0 0 0

[00:51:37]	[Recv]	mv 3 40939 145 83 9

[00:51:37]	[Recv]	mv 3 40927 51 111 9

[00:51:37]	[Recv]	mv 3 40922 161 35 9

[00:51:37]	[Recv]	mv 3 40921 160 65 9

[00:51:37]	[Recv]	mv 3 40908 106 34 9

[00:51:37]	[Recv]	mv 3 40892 153 95 8

[00:51:37]	[Recv]	mv 3 40850 72 79 9

[00:51:37]	[Send]	walk 15 99 0 25
[00:51:37]	[Recv]	mv 3 40946 173 80 9

[00:51:37]	[Recv]	mv 3 40876 82 46 8

[00:51:37]	[Recv]	mv 3 40867 45 113 8

[00:51:37]	[Recv]	mv 3 40864 175 76 9

[00:51:37]	[Recv]	mv 3 40942 155 91 9

[00:51:37]	[Recv]	mv 3 40931 181 62 9

[00:51:37]	[Recv]	mv 3 40910 120 72 9

[00:51:37]	[Recv]	mv 3 40902 62 82 9

[00:51:37]	[Recv]	mv 3 40898 187 37 8

[00:51:37]	[Recv]	mv 3 40896 174 44 8

[00:51:37]	[Recv]	mv 3 40893 164 49 8

[00:51:37]	[Recv]	mv 3 40884 49 116 8

[00:51:37]	[Recv]	mv 3 40881 117 81 8

[00:51:37]	[Recv]	mv 3 40871 59 57 8

[00:51:37]	[Recv]	mv 3 40870 52 78 8

[00:51:37]	[Recv]	mv 3 40859 135 36 9

[00:51:37]	[Recv]	mv 3 40848 48 95 9

[00:51:37]	[Recv]	mv 3 40947 173 65 9

[00:51:37]	[Recv]	mv 3 40938 140 92 9

[00:51:37]	[Recv]	mv 3 40937 139 103 9

[00:51:37]	[Recv]	mv 3 40934 126 89 9

[00:51:37]	[Recv]	mv 3 40906 110 53 9

[00:51:37]	[Recv]	mv 3 40899 46 102 9

[00:51:37]	[Recv]	mv 3 40888 127 35 8

[00:51:37]	[Recv]	mv 3 40886 125 28 8

[00:51:37]	[Recv]	mv 3 40882 125 59 8

[00:51:37]	[Recv]	mv 3 40880 157 81 8

[00:51:37]	[Recv]	mv 3 40877 86 38 8

[00:51:37]	[Recv]	mv 3 40872 64 104 8

[00:51:37]	[Recv]	mv 3 40869 56 58 8

[00:51:37]	[Recv]	mv 3 40863 158 38 9

[00:51:37]	[Recv]	mv 3 40862 152 59 9

[00:51:37]	[Recv]	mv 3 40860 145 92 9

[00:51:37]	[Recv]	mv 3 40851 76 48 9

[00:51:37]	[Recv]	mv 3 40845 33 106 9

[00:51:38]	[Recv]	mv 3 40949 184 69 9

[00:51:38]	[Recv]	mv 3 40926 186 37 9

[00:51:38]	[Recv]	mv 3 40925 183 40 9

[00:51:38]	[Recv]	mv 3 40915 141 75 9

[00:51:38]	[Recv]	mv 3 40911 128 44 9

[00:51:38]	[Recv]	mv 3 40909 114 47 9

[00:51:38]	[Recv]	mv 3 40894 163 39 8

[00:51:38]	[Recv]	mv 3 40873 67 75 8

[00:51:38]	[Recv]	mv 3 40861 150 42 9

[00:51:38]	[Recv]	mv 3 40858 127 27 9

[00:51:38]	[Recv]	mv 3 40856 116 28 9

[00:51:38]	[Recv]	mv 3 40855 97 62 9

[00:51:38]	[Send]	preq
[00:51:38]	[Recv]	pst 2 2557262 0 100 100 34166 7013 0 0 0

[00:51:38]	[Recv]	pst 2 2557249 1 100 100 42830 3622 0 0 0

[00:51:38]	[Recv]	mv 3 40939 144 85 9

[00:51:38]	[Recv]	mv 3 40922 162 36 9

[00:51:38]	[Recv]	mv 3 40921 159 66 9

[00:51:38]	[Recv]	mv 3 40904 78 58 9

[00:51:38]	[Recv]	mv 3 40901 63 50 9

[00:51:38]	[Recv]	mv 3 40892 152 95 8

[00:51:38]	[Recv]	c_map 0 2637 0

[00:51:38]	[Recv]	mapout

[00:51:38]	[Send]	c_close 1
[00:51:38]	[Send]	c_close 0
[00:51:38]	[Send]	f_stash_end 
[00:51:38]	[Send]	c_close 1
[00:51:38]	[Recv]	c_info milkers - -1 3739.918 Sanguinarius 6835325 0 0 1 5 1 27 0 10 0 0 0 0 8151 9

[00:51:38]	[Send]	mall 50
[00:51:38]	[Send]	c_close 1
[00:51:38]	[Recv]	c_mode 1 6835325 3728 0 0 0 100 8151

[00:51:38]	[Recv]	equip 73 78 0.8628.3.7.0.8.82 1.8643.8.7.0.2.82 2.8689.0.0.0.0.0 3.8653.0.2.0.0.0 4.8655.0.0.0.0.0 5.8636.7.8.0.0.82 6.4657.0.0.0.0.0 7.4653.0.0.0.0.0 8.4647.0.0.0.0.0 9.8687.0.0.0.0.0 10.8674.9.0.0.0.0 12.909.0.20.100.0.0 13.8680.0.0.0.0.0 14.8566.0.0.0.0.0 15.8598.0.0.0.0.0 16.8568.0.0.0.0.0 17.8801.0.0.0.0.0

[00:51:38]	[Recv]	lev 99 0 99 0 2140719000 5991794 13364600 200 881816047 91 967912450 0

[00:51:38]	[Recv]	stat 75191 75191 14115 17265 0 1316

[00:51:38]	[Recv]	at 6835325 2635 145 71 2 0 116 1 -1

[00:51:38]	[Recv]	cond 1 6835325 0 0 25

[00:51:38]	[Recv]	cond 1 6835325 0 0 25

[00:51:38]	[Recv]	titinfo 1 6835325 9468 9468

[00:51:38]	[Recv]	eq 6835325 0 0 1 5 1 8689.8643.8628.8636.8687.8674.8680.8566.8598.8568.8801 73 78 100

[00:51:38]	[Recv]	c_map 0 2635 1

[00:51:38]	[Recv]	sc 0 7 4136 4278 1894 37 415 1 8 4111 4311 2101 43 405 7 2246 1268 2064 1268 1784 91 88 127 138

[00:51:38]	[Recv]	char_sc 1 6835325 100

[00:51:38]	[Recv]	gidx 1 6835325 3739.918 Sanguinarius 27 0|0|1

[00:51:38]	[Recv]	rsfp 0 -1

[00:51:38]	[Recv]	pairy 1 6835325 4 3 129 59

[00:51:38]	[Recv]	minipet 1 6835325 8801

[00:51:38]	[Recv]	act6 

[00:51:38]	[Recv]	pinit 2 2|2557262|0|99|@|-1|2789|1|2646|0|0 2|2557249|1|96|@|-1|2762|0|0|0|0


[00:51:38]	[Recv]	food 0

[00:51:38]	[Recv]	mv 3 40732 56 80 9

[00:51:38]	[Recv]	mv 3 40704 93 22 11

[00:51:38]	[Recv]	mv 3 40698 83 81 11

[00:51:38]	[Recv]	mv 3 40691 53 58 11

[00:51:38]	[Recv]	mv 3 40686 42 60 11

[00:51:38]	[Recv]	mv 3 40682 36 21 11

[00:51:38]	[Recv]	mv 3 40680 37 50 11

[00:51:38]	[Recv]	mv 3 40679 26 16 11

[00:51:38]	[Recv]	mv 3 40677 25 47 11

[00:51:38]	[Recv]	mv 3 40676 27 37 11

[00:51:38]	[Recv]	mv 3 40635 34 45 11

[00:51:38]	[Recv]	mv 3 40708 109 38 11

[00:51:38]	[Recv]	mv 3 40684 40 28 11

[00:51:38]	[Recv]	mv 3 40672 15 23 16

[00:51:38]	[Recv]	mv 3 40652 89 79 11

[00:51:38]	[Recv]	mv 1 8117015 6 5 15

[00:51:38]	[Recv]	gp 2 7 2636 -1 0 0

[00:51:38]	[Recv]	gp 130 2 2633 -1 1 0

[00:51:38]	[Recv]	gp 145 70 2637 -1 2 0

[00:51:38]	[Recv]	gp 57 38 4996 8 3 0

[00:51:38]	[Recv]	wp 27 82 95 4 85 99

[00:51:38]	[Recv]	wp 144 64 104 4 88 99

[00:51:38]	[Recv]	in 3 3015 40734 91 31 2 100 100 0 0 0 -1 1 0 -1 - 0 -1 0 0 0 0 0 0 0 0 0 0 0 0 0

[00:51:38]	[Recv]	in 3 3015 40733 76 80 2 18 100 0 0 0 -1 1 0 -1 - 0 -1 0 0 0 0 0 0 0 0 0 0 0 0 0

[00:51:38]	[Recv]	in 3 3015 40732 56 80 2 100 100 0 0 0 -1 1 0 -1 - 0 -1 0 0 0 0 0 0 0 0 0 0 0 0 0

[00:51:38]	[Recv]	in 3 3015 40730 45 57 2 94 100 0 0 0 -1 1 0 -1 - 0 -1 0 0 0 0 0 0 0 0 0 0 0 0 0

[00:51:38]	[Recv]	in 3 3015 40729 39 50 2 100 100 0 0 0 -1 1 0 -1 - 0 -1 0 0 0 0 0 0 0 0 0 0 0 0 0

[00:51:38]	[Recv]	in 3 3015 40728 32 50 2 100 100 0 0 0 -1 1 0 -1 - 0 -1 0 0 0 0 0 0 0 0 0 0 0 0 0

[00:51:38]	[Recv]	in 3 3015 40727 28 29 2 100 100 0 0 0 -1 1 0 -1 - 0 -1 0 0 0 0 0 0 0 0 0 0 0 0 0

[00:51:38]	[Recv]	in 3 3015 40726 20 29 2 100 100 0 0 0 -1 1 0 -1 - 0 -1 0 0 0 0 0 0 0 0 0 0 0 0 0

[00:51:38]	[Recv]	in 3 3014 40720 13 15 2 100 100 0 0 0 -1 1 0 -1 - 0 -1 0 0 0 0 0 0 0 0 0 0 0 0 0

[00:51:38]	[Recv]	in 3 3014 40708 109 38 2 100 100 0 0 0 -1 1 0 -1 - 0 -1 0 0 0 0 0 0 0 0 0 0 0 0 0

[00:51:38]	[Recv]	in 3 3014 40707 104 48 2 100 100 0 0 0 -1 1 0 -1 - 0 -1 0 0 0 0 0 0 0 0 0 0 0 0 0

[00:51:38]	[Recv]	in 3 3014 40704 93 22 2 100 100 0 0 0 -1 1 0 -1 - 0 -1 0 0 0 0 0 0 0 0 0 0 0 0 0

[00:51:38]	[Recv]	in 3 3014 40702 87 32 2 100 100 0 0 0 -1 1 0 -1 - 0 -1 0 0 0 0 0 0 0 0 0 0 0 0 0

[00:51:38]	[Recv]	in 3 3014 40701 83 34 2 100 100 0 0 0 -1 1 0 -1 - 0 -1 0 0 0 0 0 0 0 0 0 0 0 0 0

[00:51:38]	[Recv]	in 3 3014 40700 83 77 2 100 100 0 0 0 -1 1 0 -1 - 0 -1 0 0 0 0 0 0 0 0 0 0 0 0 0

[00:51:38]	[Recv]	in 3 3014 40699 83 45 2 100 100 0 0 0 -1 1 0 -1 - 0 -1 0 0 0 0 0 0 0 0 0 0 0 0 0

[00:51:38]	[Recv]	in 3 3014 40698 83 81 2 100 100 0 0 0 -1 1 0 -1 - 0 -1 0 0 0 0 0 0 0 0 0 0 0 0 0

[00:51:38]	[Recv]	in 3 3014 40696 90 26 4 100 100 0 0 0 -1 1 0 -1 - 0 -1 0 0 0 0 0 0 0 0 0 0 0 0 0

[00:51:38]	[Recv]	in 3 3014 40694 65 80 2 100 100 0 0 0 -1 1 0 -1 - 0 -1 0 0 0 0 0 0 0 0 0 0 0 0 0

[00:51:38]	[Recv]	in 3 3014 40693 61 80 2 100 100 0 0 0 -1 1 0 -1 - 0 -1 0 0 0 0 0 0 0 0 0 0 0 0 0

[00:51:38]	[Recv]	in 3 3014 40692 58 78 2 100 100 0 0 0 -1 1 0 -1 - 0 -1 0 0 0 0 0 0 0 0 0 0 0 0 0

[00:51:38]	[Recv]	in 3 3014 40691 53 58 2 100 100 0 0 0 -1 1 0 -1 - 0 -1 0 0 0 0 0 0 0 0 0 0 0 0 0

[00:51:38]	[Recv]	in 3 3014 40690 22 78 2 100 100 0 0 0 -1 1 0 -1 - 0 -1 0 0 0 0 0 0 0 0 0 0 0 0 0

[00:51:38]	[Recv]	in 3 3014 40689 22 78 2 100 100 0 0 0 -1 1 0 -1 - 0 -1 0 0 0 0 0 0 0 0 0 0 0 0 0

[00:51:38]	[Recv]	in 3 3014 40687 42 28 2 100 100 0 0 0 -1 1 0 -1 - 0 -1 0 0 0 0 0 0 0 0 0 0 0 0 0

[00:51:38]	[Recv]	in 3 3014 40686 42 60 2 100 100 0 0 0 -1 1 0 -1 - 0 -1 0 0 0 0 0 0 0 0 0 0 0 0 0

[00:51:38]	[Recv]	in 3 3014 40685 40 54 2 100 100 0 0 0 -1 1 0 -1 - 0 -1 0 0 0 0 0 0 0 0 0 0 0 0 0

[00:51:38]	[Recv]	in 3 3014 40684 40 28 2 100 100 0 0 0 -1 1 0 -1 - 0 -1 0 0 0 0 0 0 0 0 0 0 0 0 0

[00:51:38]	[Recv]	in 3 3014 40683 39 19 2 100 100 0 0 0 -1 1 0 -1 - 0 -1 0 0 0 0 0 0 0 0 0 0 0 0 0

[00:51:38]	[Recv]	in 3 3014 40682 36 21 2 100 100 0 0 0 -1 1 0 -1 - 0 -1 0 0 0 0 0 0 0 0 0 0 0 0 0

[00:51:38]	[Recv]	in 3 3014 40681 36 54 2 100 100 0 0 0 -1 1 0 -1 - 0 -1 0 0 0 0 0 0 0 0 0 0 0 0 0

[00:51:38]	[Recv]	in 3 3014 40680 37 50 2 100 100 0 0 0 -1 1 0 -1 - 0 -1 0 0 0 0 0 0 0 0 0 0 0 0 0

[00:51:38]	[Recv]	in 3 3014 40679 26 16 2 100 100 0 0 0 -1 1 0 -1 - 0 -1 0 0 0 0 0 0 0 0 0 0 0 0 0

[00:51:38]	[Recv]	in 3 3014 40678 26 23 2 100 100 0 0 0 -1 1 0 -1 - 0 -1 0 0 0 0 0 0 0 0 0 0 0 0 0

[00:51:38]	[Recv]	in 3 3014 40677 25 47 2 100 100 0 0 0 -1 1 0 -1 - 0 -1 0 0 0 0 0 0 0 0 0 0 0 0 0

[00:51:38]	[Recv]	in 3 3014 40676 27 37 2 100 100 0 0 0 -1 1 0 -1 - 0 -1 0 0 0 0 0 0 0 0 0 0 0 0 0

[00:51:38]	[Recv]	in 3 3014 40675 23 43 2 100 100 0 0 0 -1 1 0 -1 - 0 -1 0 0 0 0 0 0 0 0 0 0 0 0 0

[00:51:38]	[Recv]	in 3 3014 40674 22 31 2 100 100 0 0 0 -1 1 0 -1 - 0 -1 0 0 0 0 0 0 0 0 0 0 0 0 0

[00:51:38]	[Recv]	in 3 3014 40673 14 26 2 100 100 0 0 0 -1 1 0 -1 - 0 -1 0 0 0 0 0 0 0 0 0 0 0 0 0

[00:51:38]	[Recv]	in 3 3014 40672 15 23 2 100 100 0 0 0 -1 1 0 -1 - 0 -1 0 0 0 0 0 0 0 0 0 0 0 0 0

[00:51:38]	[Recv]	in 3 3013 40671 30 31 2 100 100 0 0 0 -1 1 0 -1 - 0 -1 0 0 0 0 0 0 0 0 0 0 0 0 0

[00:51:38]	[Recv]	in 3 3013 40670 60 77 2 100 100 0 0 0 -1 1 0 -1 - 0 -1 0 0 0 0 0 0 0 0 0 0 0 0 0

[00:51:38]	[Recv]	in 3 3013 40653 87 25 2 56 100 0 0 0 -1 1 0 -1 - 0 -1 0 0 0 0 0 0 0 0 0 0 0 0 0

[00:51:38]	[Recv]	in 3 3013 40652 89 79 2 100 100 0 0 0 -1 1 0 -1 - 0 -1 0 0 0 0 0 0 0 0 0 0 0 0 0

[00:51:38]	[Recv]	in 3 3013 40651 84 39 2 100 100 0 0 0 -1 1 0 -1 - 0 -1 0 0 0 0 0 0 0 0 0 0 0 0 0

[00:51:38]	[Recv]	in 3 3013 40650 73 83 2 100 100 0 0 0 -1 1 0 -1 - 0 -1 0 0 0 0 0 0 0 0 0 0 0 0 0

[00:51:38]	[Recv]	in 3 3013 40649 72 76 2 100 100 0 0 0 -1 1 0 -1 - 0 -1 0 0 0 0 0 0 0 0 0 0 0 0 0

[00:51:38]	[Recv]	in 3 3013 40647 88 55 2 100 100 0 0 0 -1 1 0 -1 - 0 -1 0 0 0 0 0 0 0 0 0 0 0 0 0

[00:51:38]	[Recv]	in 3 3013 40646 36 84 2 100 100 0 0 0 -1 1 0 -1 - 0 -1 0 0 0 0 0 0 0 0 0 0 0 0 0

[00:51:38]	[Recv]	in 3 3013 40643 47 24 2 100 100 0 0 0 -1 1 0 -1 - 0 -1 0 0 0 0 0 0 0 0 0 0 0 0 0

[00:51:38]	[Recv]	in 3 3013 40642 31 52 2 100 100 0 0 0 -1 1 0 -1 - 0 -1 0 0 0 0 0 0 0 0 0 0 0 0 0

[00:51:38]	[Recv]	in 3 3013 40639 39 57 2 100 100 0 0 0 -1 1 0 -1 - 0 -1 0 0 0 0 0 0 0 0 0 0 0 0 0

[00:51:38]	[Recv]	in 3 3013 40638 21 77 2 100 100 0 0 0 -1 1 0 -1 - 0 -1 0 0 0 0 0 0 0 0 0 0 0 0 0

[00:51:38]	[Recv]	in 3 3013 40637 35 31 2 100 100 0 0 0 -1 1 0 -1 - 0 -1 0 0 0 0 0 0 0 0 0 0 0 0 0

[00:51:38]	[Recv]	in 3 3013 40636 34 82 2 100 100 0 0 0 -1 1 0 -1 - 0 -1 0 0 0 0 0 0 0 0 0 0 0 0 0

[00:51:38]	[Recv]	in 3 3013 40635 34 45 2 100 100 0 0 0 -1 1 0 -1 - 0 -1 0 0 0 0 0 0 0 0 0 0 0 0 0

[00:51:38]	[Recv]	in 3 3013 40634 28 21 2 100 100 0 0 0 -1 1 0 -1 - 0 -1 0 0 0 0 0 0 0 0 0 0 0 0 0

[00:51:38]	[Recv]	in 3 3013 40633 22 38 2 100 100 0 0 0 -1 1 0 -1 - 0 -1 0 0 0 0 0 0 0 0 0 0 0 0 0

[00:51:38]	[Recv]	in 3 3013 40632 15 20 2 100 100 0 0 0 -1 1 0 -1 - 0 -1 0 0 0 0 0 0 0 0 0 0 0 0 0

[00:51:38]	[Recv]	in 2 3133 40757 28 23 2 100 100 1 0 0 -1 1 0 -1 - 0 -1 0 0 0 0 0 0 0 0 0 0 0 0 0

[00:51:38]	[Recv]	in 2 3133 40756 56 47 3 100 100 1 0 0 -1 1 0 -1 - 0 -1 0 0 0 0 0 0 0 0 0 0 0 0 0

[00:51:38]	[Recv]	in 2 3133 40755 116 25 5 100 100 1 0 0 -1 1 0 -1 - 0 -1 0 0 0 0 0 0 0 0 0 0 0 0 0

[00:51:38]	[Recv]	in 2 3133 40754 92 81 1 100 100 1 0 0 -1 1 0 -1 - 0 -1 0 0 0 0 0 0 0 0 0 0 0 0 0

[00:51:38]	[Recv]	in 2 3133 40753 33 44 0 100 100 1 0 0 -1 1 0 -1 - 0 -1 0 0 0 0 0 0 0 0 0 0 0 0 0

[00:51:38]	[Recv]	in 2 3133 40752 64 60 2 100 100 1 0 0 -1 1 0 -1 - 0 -1 0 0 0 0 0 0 0 0 0 0 0 0 0

[00:51:38]	[Recv]	in 2 3133 40751 126 77 2 100 100 1 0 0 -1 1 0 -1 - 0 -1 0 0 0 0 0 0 0 0 0 0 0 0 0

[00:51:38]	[Recv]	in 2 3133 40750 89 35 5 100 100 1 0 0 -1 1 0 -1 - 0 -1 0 0 0 0 0 0 0 0 0 0 0 0 0

[00:51:38]	[Recv]	in 2 3133 40749 13 6 5 100 100 1 0 0 -1 1 0 -1 - 0 -1 0 0 0 0 0 0 0 0 0 0 0 0 0

[00:51:38]	[Recv]	in 2 3133 40748 58 76 5 100 100 1 0 0 -1 1 0 -1 - 0 -1 0 0 0 0 0 0 0 0 0 0 0 0 0

[00:51:38]	[Recv]	in 2 3054 40747 57 59 0 100 100 0 0 0 -1 1 0 -1 - 0 -1 0 0 0 0 0 0 0 0 0 0 0 0 0

[00:51:38]	[Recv]	in 2 3053 40746 138 76 0 100 100 0 0 0 -1 1 0 -1 - 0 -1 0 0 0 0 0 0 0 0 0 0 0 0 0

[00:51:38]	[Recv]	in 2 3053 40745 122 7 0 100 100 0 0 0 -1 1 0 -1 - 0 -1 0 0 0 0 0 0 0 0 0 0 0 0 0

[00:51:38]	[Recv]	in 2 3053 40744 7 4 0 100 100 0 0 0 -1 1 0 -1 - 0 -1 0 0 0 0 0 0 0 0 0 0 0 0 0

[00:51:38]	[Recv]	in 2 3044 40743 102 5 2 100 100 11013 0 0 -1 1 0 -1 - 0 -1 0 0 0 0 0 0 0 0 0 0 0 0 0

[00:51:38]	[Recv]	in 2 319 2510597 2 9 2 100 100 0 0 3 8117022 1 0 2731 @ 1 0 1 660 661 662 0 0 0 0 2420 0 0 0 0

[00:51:38]	[Recv]	in 2 806 2510598 14 17 2 98 100 0 0 3 8117022 1 0 -1 @ 2 -1 0 0 0 0 0 0 0 0 0 0 0 5 0

[00:51:38]	[Recv]	in 1 subarlashi - 8117022 16 19 2 0 1 0 2 3 4026.4953.4453.4469.4031.886.4660.4616.-1.-1.-1 100 98 0 2 4 3 0 0 0 7 6 37 -1 - 14 0 5 0 7 87 0 0|0|0 0 0 100 29 0

[00:51:38]	[Recv]	pst 2 2557262 0 100 100 34166 7013 0 0 0

[00:51:38]	[Recv]	pst 2 2557249 1 100 100 42830 3622 0 0 0

[00:51:38]	[Recv]	stat 75191 75191 14115 17265 0 1316

[00:51:38]	[Recv]	mv 3 40726 19 24 13

[00:51:38]	[Recv]	mv 3 40696 88 25 11

[00:51:38]	[Recv]	mv 3 40694 66 82 11

[00:51:38]	[Recv]	mv 3 40692 57 79 11

[00:51:38]	[Recv]	mv 3 40673 15 20 16

[00:51:38]	[Recv]	mv 3 40643 46 25 11

[00:51:38]	[Recv]	mv 3 40637 33 31 11

[00:51:38]	[Recv]	mv 3 40633 21 39 11

[00:51:38]	[Recv]	mv 2 2510598 17 20 14

[00:51:38]	[Recv]	mv 2 1972782 5 6 14

[00:51:38]	[Recv]	mv 2 1972783 7 5 14

[00:51:38]	[Recv]	mv 1 8117013 8 10 18

[00:51:38]	[Recv]	mv 2 1576695 6 9 18

[00:51:38]	[Recv]	mv 2 1576696 7 10 14

[00:51:39]	[Recv]	mv 3 40728 30 52 9

[00:51:39]	[Recv]	mv 3 40701 84 35 11

[00:51:39]	[Recv]	mv 3 40653 89 27 11

[00:51:39]	[Recv]	mv 1 8117022 17 20 15

[00:51:39]	[Recv]	mv 2 2510598 17 22 14

[00:51:39]	[Recv]	mv 3 40734 92 33 9

[00:51:39]	[Recv]	mv 3 40699 84 44 11

[00:51:39]	[Recv]	mv 3 40693 61 81 11

[00:51:39]	[Recv]	mv 3 40649 72 78 11

[00:51:39]	[Recv]	mv 1 8117022 17 23 15

[00:51:39]	[Recv]	mv 3 40730 47 56 9

[00:51:39]	[Recv]	mv 3 40720 16 20 16

[00:51:39]	[Recv]	mv 3 40704 92 20 11

[00:51:39]	[Recv]	mv 3 40698 82 82 11

[00:51:39]	[Recv]	mv 3 40687 43 30 11

[00:51:39]	[Recv]	mv 3 40686 43 62 11

[00:51:39]	[Recv]	mv 3 40676 25 36 11

[00:51:39]	[Recv]	mv 3 40670 62 79 11

[00:51:39]	[Recv]	mv 3 40635 33 43 11

[00:51:39]	[Recv]	mv 1 8117022 17 27 15

[00:51:39]	[Recv]	mv 1 8117015 11 5 15

[00:51:39]	[Recv]	mv 3 40708 108 40 11

[00:51:39]	[Recv]	mv 3 40702 86 31 11

[00:51:39]	[Recv]	mv 3 40685 39 53 11

[00:51:39]	[Recv]	mv 3 40684 39 27 11

[00:51:39]	[Recv]	mv 3 40679 21 19 16

[00:51:39]	[Recv]	mv 3 40652 89 78 11

[00:51:39]	[Recv]	mv 3 40651 86 37 11

[00:51:39]	[Recv]	mv 3 40639 37 57 11

[00:51:39]	[Recv]	mv 2 2510598 16 26 14

[00:51:39]	[Recv]	mv 2 1972782 10 6 14

[00:51:39]	[Recv]	mv 2 1576695 13 9 18

[00:51:39]	[Recv]	in 2 319 1576695 13 9 2 100 99 0 0 3 8117013 1 0 2731 @ 1 0 1 660 661 662 0 0 0 0 2420 0 0 0 0

[00:51:39]	[Recv]	in 2 806 1576696 7 10 2 100 100 0 0 3 8117013 1 0 -1 @ 2 -1 0 0 0 0 0 0 0 0 0 0 0 5 0

[00:51:39]	[Recv]	in 1 dombashiya - 8117013 8 10 1 0 0 1 9 1 4026.4475.4964.4459.4031.887.4660.4616.8598.-1.-1 100 98 0 2 4 4 0 0 0 11 37 42 -1 - 14 0 9 0 13 89 0 0|0|0 0 0 100 41 0

[00:51:39]	[Recv]	pst 2 2557262 0 100 100 34166 7013 0 0 0

[00:51:39]	[Recv]	pst 2 2557249 1 100 100 42830 3622 0 0 0

[00:51:39]	[Recv]	mv 2 1972783 12 6 14

[00:51:39]	[Recv]	mv 3 40726 18 26 13

[00:51:39]	[Recv]	mv 3 40696 89 24 11

[00:51:39]	[Recv]	mv 3 40694 67 84 11

[00:51:39]	[Recv]	mv 3 40675 25 42 11

[00:51:39]	[Recv]	mv 3 40674 16 27 16

[00:51:39]	[Recv]	mv 3 40634 30 23 11

[00:51:39]	[Recv]	mv 1 8117015 12 6 15

[00:51:39]	[Recv]	mv 2 1576696 12 10 14

[00:51:39]	[Recv]	mv 2 1972782 11 6 14

[00:51:39]	[Recv]	mv 2 1972783 13 6 14

[00:51:39]	[Recv]	mv 1 8117013 15 10 18

[00:51:40]	[Send]	walk 144 70 1 25
[00:51:40]	[Recv]	mv 3 40678 20 25 16

[00:51:40]	[Recv]	mv 2 40743 102 6 4

[00:51:40]	[Recv]	mv 2 1576695 15 9 18

[00:51:40]	[Recv]	mv 2 1576696 13 10 14

[00:51:40]	[Recv]	mv 1 8117022 17 29 15

[00:51:40]	[Recv]	mv 1 8117013 16 10 18

[00:51:40]	[Send]	preq
[00:51:40]	[Recv]	mv 3 40700 81 78 11

[00:51:40]	[Recv]	mv 3 40649 72 77 11

[00:51:40]	[Recv]	mv 2 2510598 18 28 14

[00:51:40]	[Recv]	sayi 1 6835325 10 94 0 0 0 0 0

[00:51:40]	[Recv]	mv 3 40732 54 79 9

[00:51:40]	[Recv]	mv 3 40730 47 54 9

[00:51:40]	[Recv]	mv 3 40729 40 48 9

[00:51:40]	[Recv]	mv 3 40720 17 26 16

[00:51:40]	[Recv]	mv 3 40698 83 81 11

[00:51:40]	[Recv]	mv 3 40682 37 22 11

[00:51:40]	[Recv]	mv 3 40672 16 30 16

[00:51:40]	[Recv]	mv 3 40670 60 77 11

[00:51:40]	[Recv]	mv 1 8117022 21 32 15

[00:51:40]	[Recv]	mv 2 1972782 16 6 14

[00:51:40]	[Recv]	mv 3 40708 109 40 11

[00:51:40]	[Recv]	mv 3 40707 103 49 11

[00:51:40]	[Recv]	mv 3 40702 85 32 11

[00:51:40]	[Recv]	mv 3 40684 37 25 11

[00:51:40]	[Recv]	mv 3 40679 19 25 16

[00:51:40]	[Recv]	mv 3 40676 22 32 16

[00:51:40]	[Recv]	mv 3 40673 17 26 16

[00:51:40]	[Recv]	mv 3 40652 88 77 11

[00:51:40]	[Recv]	mv 3 40639 38 56 11

[00:51:40]	[Recv]	mv 3 40632 17 26 16

[00:51:40]	[Recv]	mv 2 2510598 18 30 14

[00:51:40]	[Recv]	pst 2 2557262 0 100 100 34166 7013 0 0 0

[00:51:40]	[Recv]	pst 2 2557249 1 100 100 42830 3622 0 0 0

[00:51:40]	[Recv]	stat 75191 75191 14115 17265 0 1316

[00:51:40]	[Recv]	stat 75191 75191 14232 17265 0 1316

[00:51:40]	[Recv]	mv 1 8117015 17 6 15

[00:51:40]	[Recv]	mv 2 1576696 18 10 14

[00:51:40]	[Recv]	mv 3 40727 24 31 13

[00:51:40]	[Recv]	mv 3 40694 66 83 11

[00:51:40]	[Recv]	mv 3 40683 39 21 11

[00:51:40]	[Recv]	mv 3 40643 45 26 11

[00:51:40]	[Recv]	mv 3 40642 32 50 11

[00:51:40]	[Recv]	mv 3 40637 34 31 11

[00:51:40]	[Recv]	mv 3 40636 33 81 11

[00:51:40]	[Recv]	mv 3 40634 29 23 11

[00:51:40]	[Recv]	mv 2 1972782 17 6 14

[00:51:40]	[Recv]	mv 2 1972783 18 7 14

[00:51:40]	[Recv]	mv 1 8117015 18 7 15

[00:51:40]	[Recv]	mv 1 8117013 22 10 18

[00:51:41]	[Recv]	mv 3 40728 32 51 9

[00:51:41]	[Recv]	mv 3 40678 19 29 16

[00:51:41]	[Recv]	mv 2 2510598 20 33 14

[00:51:41]	[Recv]	mv 2 1576695 21 9 18

[00:51:41]	[Recv]	mv 2 1576696 19 10 14

[00:51:41]	[Recv]	mv 3 40734 91 32 9

[00:51:41]	[Recv]	mv 3 40700 83 79 11

[00:51:41]	[Recv]	mv 3 40699 83 45 11

[00:51:41]	[Recv]	mv 3 40693 59 79 11

[00:51:41]	[Recv]	mv 3 40649 73 77 11

[00:51:41]	[Recv]	mv 1 8117022 23 36 15

[00:51:41]	[Recv]	mv 3 40729 42 48 9

[00:51:41]	[Recv]	mv 3 40720 19 32 16

[00:51:41]	[Recv]	mv 3 40704 93 21 11

[00:51:41]	[Recv]	mv 3 40691 51 58 11

[00:51:41]	[Recv]	mv 3 40682 38 21 11

[00:51:41]	[Recv]	mv 3 40681 37 53 11

[00:51:41]	[Recv]	mv 3 40677 24 48 11

[00:51:41]	[Recv]	mv 3 40672 20 34 16

[00:51:41]	[Recv]	mv 3 40670 60 79 11

[00:51:41]	[Recv]	mv 2 2510598 20 34 14

[00:51:41]	[Recv]	mv 3 40726 19 31 13

[00:51:41]	[Recv]	mv 3 40708 108 40 11

[00:51:41]	[Recv]	mv 3 40707 105 48 11

[00:51:41]	[Recv]	mv 3 40702 85 31 11

[00:51:41]	[Recv]	mv 3 40684 39 27 11

[00:51:41]	[Recv]	mv 3 40679 19 31 16

[00:51:41]	[Recv]	mv 3 40674 19 32 16

[00:51:41]	[Recv]	mv 3 40673 19 32 16

[00:51:41]	[Recv]	mv 3 40651 84 37 11

[00:51:41]	[Recv]	mv 3 40639 39 57 11

[00:51:41]	[Recv]	mv 3 40632 19 32 16

[00:51:41]	[Recv]	mv 2 1972783 22 10 14

[00:51:41]	[Recv]	mv 2 1972782 21 9 14

[00:51:41]	[Recv]	mv 2 1576695 26 13 18

[00:51:41]	[Recv]	in 2 319 1972782 21 9 2 71 98 0 0 3 8117015 1 0 2731 @ 1 0 1 660 661 662 0 4238 0 0 2420 0 0 0 0

[00:51:41]	[Recv]	in 2 806 1972783 22 10 2 100 100 0 0 3 8117015 1 0 -1 @ 2 -1 0 0 0 0 0 0 0 0 0 0 0 5 0

[00:51:41]	[Recv]	in 1 CLScompany - 8117015 18 7 2 0 0 1 9 1 4026.4475.4964.4961.4031.884.4660.4616.-1.-1.-1 100 100 0 2 4 1 0 0 0 2 27 36 -1 - 15 0 5 0 7 87 0 0|0|0 0 0 100 32 0

[00:51:41]	[Recv]	pst 2 2557262 0 100 100 34166 7013 0 0 0

[00:51:41]	[Recv]	pst 2 2557249 1 100 100 42830 3622 0 0 0

[00:51:41]	[Recv]	mv 1 8117015 22 10 15

[00:51:41]	[Recv]	mv 1 8117013 27 13 18

[00:51:41]	[Recv]	mv 3 40727 19 35 13

[00:51:41]	[Recv]	mv 3 40694 65 84 11

[00:51:41]	[Recv]	mv 3 40692 57 78 11

[00:51:41]	[Recv]	mv 3 40683 40 20 11

[00:51:41]	[Recv]	mv 3 40643 43 26 11

[00:51:41]	[Recv]	mv 3 40642 33 52 11

[00:51:41]	[Recv]	mv 3 40637 32 30 11

[00:51:41]	[Recv]	mv 3 40633 22 40 11

[00:51:41]	[Recv]	mv 2 1972782 22 10 14

[00:51:41]	[Recv]	mv 2 1972783 23 11 14

[00:51:41]	[Recv]	mv 2 1576696 23 11 14

[00:51:41]	[Recv]	mv 1 8117015 23 11 15

[00:51:41]	[Recv]	mv 1 8117013 28 14 18

[00:51:42]	[Recv]	mv 3 40701 82 35 11

[00:51:42]	[Recv]	mv 3 40678 21 34 16

[00:51:42]	[Recv]	mv 3 40634 29 17 16

[00:51:42]	[Recv]	mv 2 2510598 23 35 14

[00:51:42]	[Recv]	mv 2 1576695 27 13 18

[00:51:42]	[Recv]	mv 2 1576696 24 12 14

[00:51:42]	[Recv]	mv 1 8117022 26 39 15

[00:51:42]	[Recv]	mv 3 40699 82 46 11

[00:51:42]	[Recv]	mv 3 40693 60 80 11

[00:51:42]	[Recv]	mv 3 40649 71 79 11

[00:51:42]	[Recv]	mv 2 2510598 23 36 14

[00:51:42]	[Send]	walk 144 71 0 25
[00:51:42]	[Recv]	mv 3 40732 56 81 9

[00:51:42]	[Recv]	mv 3 40729 42 50 9

[00:51:42]	[Recv]	mv 3 40720 22 35 16

[00:51:42]	[Recv]	mv 3 40698 83 83 11

[00:51:42]	[Recv]	mv 3 40691 51 59 11

[00:51:42]	[Recv]	mv 3 40687 43 28 11

[00:51:42]	[Recv]	mv 3 40680 36 49 11

[00:51:42]	[Recv]	mv 3 40676 23 37 16

[00:51:42]	[Recv]	mv 3 40671 31 33 11

[00:51:42]	[Recv]	mv 3 40635 31 45 11

[00:51:42]	[Send]	preq
[00:51:42]	[Recv]	mv 3 40726 22 35 13

[00:51:42]	[Recv]	mv 3 40708 110 39 11

[00:51:42]	[Recv]	mv 3 40707 105 47 11

[00:51:42]	[Recv]	mv 3 40702 86 31 11

[00:51:42]	[Recv]	mv 3 40685 40 53 11

[00:51:42]	[Recv]	mv 3 40684 39 28 11

[00:51:42]	[Recv]	mv 3 40679 24 37 16

[00:51:42]	[Recv]	mv 3 40674 23 37 16

[00:51:42]	[Recv]	mv 3 40673 22 35 16

[00:51:42]	[Recv]	mv 3 40652 88 78 11

[00:51:42]	[Recv]	mv 3 40651 85 37 11

[00:51:42]	[Recv]	mv 3 40639 37 55 11

[00:51:42]	[Recv]	mv 3 40632 23 35 16

[00:51:42]	[Recv]	c_map 0 2635 0

[00:51:42]	[Recv]	mapout

[00:51:42]	[Send]	c_close 1
[00:51:42]	[Send]	c_close 0
[00:51:42]	[Send]	f_stash_end 
[00:51:42]	[Send]	c_close 1
[00:51:42]	[Recv]	c_info milkers - -1 3739.918 Sanguinarius 6835325 0 0 1 5 1 27 0 10 0 0 0 0 8151 9

[00:51:42]	[Send]	mall 50
[00:51:42]	[Send]	c_close 1
[00:51:42]	[Recv]	c_mode 1 6835325 3728 0 0 0 100 8151

[00:51:42]	[Recv]	equip 73 78 0.8628.3.7.0.8.82 1.8643.8.7.0.2.82 2.8689.0.0.0.0.0 3.8653.0.2.0.0.0 4.8655.0.0.0.0.0 5.8636.7.8.0.0.82 6.4657.0.0.0.0.0 7.4653.0.0.0.0.0 8.4647.0.0.0.0.0 9.8687.0.0.0.0.0 10.8674.9.0.0.0.0 12.909.0.20.100.0.0 13.8680.0.0.0.0.0 14.8566.0.0.0.0.0 15.8598.0.0.0.0.0 16.8568.0.0.0.0.0 17.8801.0.0.0.0.0

[00:51:42]	[Recv]	lev 99 0 99 0 2140719000 5991794 13364600 200 881816047 91 967912450 0

[00:51:42]	[Recv]	stat 75191 75191 14232 17265 0 1316

[00:51:42]	[Recv]	at 6835325 2637 17 100 2 0 114 1 -1

[00:51:42]	[Recv]	cond 1 6835325 0 0 25

[00:51:42]	[Recv]	cond 1 6835325 0 0 25

[00:51:42]	[Recv]	titinfo 1 6835325 9468 9468

[00:51:42]	[Recv]	eq 6835325 0 0 1 5 1 8689.8643.8628.8636.8687.8674.8680.8566.8598.8568.8801 73 78 100

[00:51:42]	[Recv]	c_map 0 2637 1

[00:51:42]	[Recv]	sc 0 7 4136 4278 1894 37 415 1 8 4111 4311 2101 43 405 7 2246 1268 2064 1268 1784 91 88 127 138

[00:51:42]	[Recv]	char_sc 1 6835325 100

[00:51:42]	[Recv]	gidx 1 6835325 3739.918 Sanguinarius 27 0|0|1

[00:51:42]	[Recv]	rsfp 0 -1

[00:51:42]	[Recv]	pairy 1 6835325 4 3 129 59

[00:51:42]	[Recv]	minipet 1 6835325 8801

[00:51:42]	[Recv]	act6 

[00:51:42]	[Recv]	pinit 2 2|2557262|0|99|@|-1|2789|1|2646|0|0 2|2557249|1|96|@|-1|2762|0|0|0|0


[00:51:42]	[Recv]	food 0

[00:51:42]	[Recv]	stat 75191 75191 14232 17265 0 1316

[00:51:42]	[Recv]	mv 3 40949 186 69 9

[00:51:42]	[Recv]	mv 3 40942 155 90 9

[00:51:42]	[Recv]	mv 3 40937 140 103 9

[00:51:42]	[Recv]	mv 3 40929 59 84 9

[00:51:42]	[Recv]	mv 3 40915 140 76 9

[00:51:42]	[Recv]	mv 3 40902 62 80 9

[00:51:42]	[Recv]	mv 3 40899 47 101 9

[00:51:42]	[Recv]	mv 3 40898 188 38 8

[00:51:42]	[Recv]	mv 3 40884 48 114 8

[00:51:42]	[Recv]	mv 3 40867 44 115 8

[00:51:42]	[Recv]	mv 3 40856 114 30 9

[00:51:42]	[Recv]	mv 3 40851 73 46 9

[00:51:42]	[Recv]	mv 3 40850 74 80 9

[00:51:42]	[Recv]	mv 3 40845 34 104 9

[00:51:43]	[Recv]	mv 3 40939 143 84 9

[00:51:43]	[Recv]	mv 3 40935 129 82 9

[00:51:43]	[Recv]	mv 3 40925 183 41 9

[00:51:43]	[Recv]	mv 3 40919 161 58 9

[00:51:43]	[Recv]	mv 3 40913 142 27 9

[00:51:43]	[Recv]	mv 3 40906 110 52 9

[00:51:43]	[Recv]	mv 3 40896 174 42 8

[00:51:43]	[Recv]	mv 3 40891 54 63 8

[00:51:43]	[Recv]	mv 3 40889 138 55 8

[00:51:43]	[Recv]	mv 3 40874 67 49 8

[00:51:43]	[Recv]	mv 3 40872 64 105 8

[00:51:43]	[Recv]	mv 3 40859 134 37 9

[00:51:43]	[Recv]	mv 3 40855 97 61 9

[00:51:43]	[Recv]	mv 3 40853 85 39 9

[00:51:43]	[Recv]	gp 15 100 2635 -1 0 0

[00:51:43]	[Recv]	gp 110 1 2628 -1 1 0

[00:51:43]	[Recv]	gp 197 38 2638 -1 2 0

[00:51:43]	[Recv]	gp 25 104 1253 -1 3 0

[00:51:43]	[Recv]	in 3 3022 40949 186 69 2 100 100 0 0 0 -1 1 0 -1 - 0 -1 0 0 0 0 0 0 0 0 0 0 0 0 0

[00:51:43]	[Recv]	in 3 3022 40948 181 79 2 100 100 0 0 0 -1 1 0 -1 - 0 -1 0 0 0 0 0 0 0 0 0 0 0 0 0

[00:51:43]	[Recv]	in 3 3022 40947 173 65 2 100 100 0 0 0 -1 1 0 -1 - 0 -1 0 0 0 0 0 0 0 0 0 0 0 0 0

[00:51:43]	[Recv]	in 3 3022 40946 172 80 2 100 100 0 0 0 -1 1 0 -1 - 0 -1 0 0 0 0 0 0 0 0 0 0 0 0 0

[00:51:43]	[Recv]	in 3 3022 40945 164 74 2 100 100 0 0 0 -1 1 0 -1 - 0 -1 0 0 0 0 0 0 0 0 0 0 0 0 0

[00:51:43]	[Recv]	in 3 3022 40944 162 88 2 100 100 0 0 0 -1 1 0 -1 - 0 -1 0 0 0 0 0 0 0 0 0 0 0 0 0

[00:51:43]	[Recv]	in 3 3022 40943 157 83 2 100 100 0 0 0 -1 1 0 -1 - 0 -1 0 0 0 0 0 0 0 0 0 0 0 0 0

[00:51:43]	[Recv]	in 3 3022 40942 155 90 2 100 100 0 0 0 -1 1 0 -1 - 0 -1 0 0 0 0 0 0 0 0 0 0 0 0 0

[00:51:43]	[Recv]	in 3 3022 40941 151 53 2 100 100 0 0 0 -1 1 0 -1 - 0 -1 0 0 0 0 0 0 0 0 0 0 0 0 0

[00:51:43]	[Recv]	in 3 3022 40940 148 98 2 100 100 0 0 0 -1 1 0 -1 - 0 -1 0 0 0 0 0 0 0 0 0 0 0 0 0

[00:51:43]	[Recv]	in 3 3022 40939 143 84 2 100 100 0 0 0 -1 1 0 -1 - 0 -1 0 0 0 0 0 0 0 0 0 0 0 0 0

[00:51:43]	[Recv]	in 3 3022 40938 140 92 2 100 100 0 0 0 -1 1 0 -1 - 0 -1 0 0 0 0 0 0 0 0 0 0 0 0 0

[00:51:43]	[Recv]	in 3 3022 40937 140 103 2 100 100 0 0 0 -1 1 0 -1 - 0 -1 0 0 0 0 0 0 0 0 0 0 0 0 0

[00:51:43]	[Recv]	in 3 3022 40936 133 95 2 100 100 0 0 0 -1 1 0 -1 - 0 -1 0 0 0 0 0 0 0 0 0 0 0 0 0

[00:51:43]	[Recv]	in 3 3022 40935 129 82 2 100 100 0 0 0 -1 1 0 -1 - 0 -1 0 0 0 0 0 0 0 0 0 0 0 0 0

[00:51:43]	[Recv]	in 3 3022 40934 127 90 2 100 100 0 0 0 -1 1 0 -1 - 0 -1 0 0 0 0 0 0 0 0 0 0 0 0 0

[00:51:43]	[Recv]	in 3 3022 40933 118 60 2 100 100 0 0 0 -1 1 0 -1 - 0 -1 0 0 0 0 0 0 0 0 0 0 0 0 0

[00:51:43]	[Recv]	in 3 3022 40932 90 60 2 100 100 0 0 0 -1 1 0 -1 - 0 -1 0 0 0 0 0 0 0 0 0 0 0 0 0

[00:51:43]	[Recv]	in 3 3022 40931 180 61 7 100 100 0 0 0 -1 1 0 -1 - 0 -1 0 0 0 0 0 0 0 0 0 0 0 0 0

[00:51:43]	[Recv]	in 3 3022 40929 59 84 2 100 100 0 0 0 -1 1 0 -1 - 0 -1 0 0 0 0 0 0 0 0 0 0 0 0 0

[00:51:43]	[Recv]	in 3 3022 40928 55 96 2 100 100 0 0 0 -1 1 0 -1 - 0 -1 0 0 0 0 0 0 0 0 0 0 0 0 0

[00:51:43]	[Recv]	in 3 3022 40927 51 111 2 100 100 0 0 0 -1 1 0 -1 - 0 -1 0 0 0 0 0 0 0 0 0 0 0 0 0

[00:51:43]	[Recv]	in 3 3006 40926 186 37 2 100 100 0 0 0 -1 1 0 -1 - 0 -1 0 0 0 0 0 0 0 0 0 0 0 0 0

[00:51:43]	[Recv]	in 3 3006 40925 183 41 2 100 100 0 0 0 -1 1 0 -1 - 0 -1 0 0 0 0 0 0 0 0 0 0 0 0 0

[00:51:43]	[Recv]	in 3 3006 40924 178 84 2 100 100 0 0 0 -1 1 0 -1 - 0 -1 0 0 0 0 0 0 0 0 0 0 0 0 0

[00:51:43]	[Recv]	in 3 3006 40923 170 55 2 100 100 0 0 0 -1 1 0 -1 - 0 -1 0 0 0 0 0 0 0 0 0 0 0 0 0

[00:51:43]	[Recv]	in 3 3006 40922 162 36 2 100 100 0 0 0 -1 1 0 -1 - 0 -1 0 0 0 0 0 0 0 0 0 0 0 0 0

[00:51:43]	[Recv]	in 3 3006 40921 159 66 2 100 100 0 0 0 -1 1 0 -1 - 0 -1 0 0 0 0 0 0 0 0 0 0 0 0 0

[00:51:43]	[Recv]	in 3 3006 40920 150 101 2 100 100 0 0 0 -1 1 0 -1 - 0 -1 0 0 0 0 0 0 0 0 0 0 0 0 0

[00:51:43]	[Recv]	in 3 3006 40919 161 58 4 100 100 0 0 0 -1 1 0 -1 - 0 -1 0 0 0 0 0 0 0 0 0 0 0 0 0

[00:51:43]	[Recv]	in 3 3006 40917 150 46 2 100 100 0 0 0 -1 1 0 -1 - 0 -1 0 0 0 0 0 0 0 0 0 0 0 0 0

[00:51:43]	[Recv]	in 3 3006 40916 142 44 2 100 100 0 0 0 -1 1 0 -1 - 0 -1 0 0 0 0 0 0 0 0 0 0 0 0 0

[00:51:43]	[Recv]	in 3 3006 40915 140 76 2 100 100 0 0 0 -1 1 0 -1 - 0 -1 0 0 0 0 0 0 0 0 0 0 0 0 0

[00:51:43]	[Recv]	in 3 3006 40914 139 88 2 100 100 0 0 0 -1 1 0 -1 - 0 -1 0 0 0 0 0 0 0 0 0 0 0 0 0

[00:51:43]	[Recv]	in 3 3006 40913 142 27 0 100 100 0 0 0 -1 1 0 -1 - 0 -1 0 0 0 0 0 0 0 0 0 0 0 0 0

[00:51:43]	[Recv]	in 3 3006 40911 128 44 2 100 100 0 0 0 -1 1 0 -1 - 0 -1 0 0 0 0 0 0 0 0 0 0 0 0 0

[00:51:43]	[Recv]	in 3 3006 40910 122 71 2 100 100 0 0 0 -1 1 0 -1 - 0 -1 0 0 0 0 0 0 0 0 0 0 0 0 0

[00:51:43]	[Recv]	in 3 3006 40909 114 47 2 100 100 0 0 0 -1 1 0 -1 - 0 -1 0 0 0 0 0 0 0 0 0 0 0 0 0

[00:51:43]	[Recv]	in 3 3006 40908 106 34 2 100 100 0 0 0 -1 1 0 -1 - 0 -1 0 0 0 0 0 0 0 0 0 0 0 0 0

[00:51:43]	[Recv]	in 3 3006 40907 98 55 2 100 100 0 0 0 -1 1 0 -1 - 0 -1 0 0 0 0 0 0 0 0 0 0 0 0 0

[00:51:43]	[Recv]	in 3 3006 40906 110 52 1 100 100 0 0 0 -1 1 0 -1 - 0 -1 0 0 0 0 0 0 0 0 0 0 0 0 0

[00:51:43]	[Recv]	in 3 3006 40904 78 58 2 100 100 0 0 0 -1 1 0 -1 - 0 -1 0 0 0 0 0 0 0 0 0 0 0 0 0

[00:51:43]	[Recv]	in 3 3006 40903 64 97 2 100 100 0 0 0 -1 1 0 -1 - 0 -1 0 0 0 0 0 0 0 0 0 0 0 0 0

[00:51:43]	[Recv]	in 3 3006 40902 62 80 2 100 100 0 0 0 -1 1 0 -1 - 0 -1 0 0 0 0 0 0 0 0 0 0 0 0 0

[00:51:43]	[Recv]	in 3 3006 40901 63 50 2 100 100 0 0 0 -1 1 0 -1 - 0 -1 0 0 0 0 0 0 0 0 0 0 0 0 0

[00:51:43]	[Recv]	in 3 3006 40900 52 114 2 100 100 0 0 0 -1 1 0 -1 - 0 -1 0 0 0 0 0 0 0 0 0 0 0 0 0

[00:51:43]	[Recv]	in 3 3006 40899 47 101 2 100 100 0 0 0 -1 1 0 -1 - 0 -1 0 0 0 0 0 0 0 0 0 0 0 0 0

[00:51:43]	[Recv]	in 3 3004 40898 188 38 2 100 100 0 0 0 -1 1 0 -1 - 0 -1 0 0 0 0 0 0 0 0 0 0 0 0 0

[00:51:43]	[Recv]	in 3 3004 40897 180 73 2 100 100 0 0 0 -1 1 0 -1 - 0 -1 0 0 0 0 0 0 0 0 0 0 0 0 0

[00:51:43]	[Recv]	in 3 3004 40896 174 42 2 100 100 0 0 0 -1 1 0 -1 - 0 -1 0 0 0 0 0 0 0 0 0 0 0 0 0

[00:51:43]	[Recv]	in 3 3004 40895 173 41 2 100 100 0 0 0 -1 1 0 -1 - 0 -1 0 0 0 0 0 0 0 0 0 0 0 0 0

[00:51:43]	[Recv]	in 3 3004 40894 163 39 2 100 100 0 0 0 -1 1 0 -1 - 0 -1 0 0 0 0 0 0 0 0 0 0 0 0 0

[00:51:43]	[Recv]	in 3 3004 40893 164 49 2 100 100 0 0 0 -1 1 0 -1 - 0 -1 0 0 0 0 0 0 0 0 0 0 0 0 0

[00:51:43]	[Recv]	in 3 3004 40892 152 95 2 100 100 0 0 0 -1 1 0 -1 - 0 -1 0 0 0 0 0 0 0 0 0 0 0 0 0

[00:51:43]	[Recv]	in 3 3004 40891 54 63 0 100 100 0 0 0 -1 1 0 -1 - 0 -1 0 0 0 0 0 0 0 0 0 0 0 0 0

[00:51:43]	[Recv]	in 3 3004 40889 138 55 2 100 100 0 0 0 -1 1 0 -1 - 0 -1 0 0 0 0 0 0 0 0 0 0 0 0 0

[00:51:43]	[Recv]	in 3 3004 40888 127 35 2 100 100 0 0 0 -1 1 0 -1 - 0 -1 0 0 0 0 0 0 0 0 0 0 0 0 0

[00:51:43]	[Recv]	in 3 3004 40887 125 67 2 100 100 0 0 0 -1 1 0 -1 - 0 -1 0 0 0 0 0 0 0 0 0 0 0 0 0

[00:51:43]	[Recv]	in 3 3004 40886 125 28 2 100 100 0 0 0 -1 1 0 -1 - 0 -1 0 0 0 0 0 0 0 0 0 0 0 0 0

[00:51:43]	[Recv]	in 3 3004 40885 122 52 2 100 100 0 0 0 -1 1 0 -1 - 0 -1 0 0 0 0 0 0 0 0 0 0 0 0 0

[00:51:43]	[Recv]	in 3 3004 40884 48 114 1 100 100 0 0 0 -1 1 0 -1 - 0 -1 0 0 0 0 0 0 0 0 0 0 0 0 0

[00:51:43]	[Recv]	in 3 3004 40882 124 57 2 100 100 0 0 0 -1 1 0 -1 - 0 -1 0 0 0 0 0 0 0 0 0 0 0 0 0

[00:51:43]	[Recv]	in 3 3004 40881 117 81 2 100 100 0 0 0 -1 1 0 -1 - 0 -1 0 0 0 0 0 0 0 0 0 0 0 0 0

[00:51:43]	[Recv]	in 3 3004 40880 159 82 6 100 100 0 0 0 -1 1 0 -1 - 0 -1 0 0 0 0 0 0 0 0 0 0 0 0 0

[00:51:43]	[Recv]	in 3 3004 40878 85 46 2 100 100 0 0 0 -1 1 0 -1 - 0 -1 0 0 0 0 0 0 0 0 0 0 0 0 0

[00:51:43]	[Recv]	in 3 3004 40877 85 38 2 100 100 0 0 0 -1 1 0 -1 - 0 -1 0 0 0 0 0 0 0 0 0 0 0 0 0

[00:51:43]	[Recv]	in 3 3004 40876 80 47 2 100 100 0 0 0 -1 1 0 -1 - 0 -1 0 0 0 0 0 0 0 0 0 0 0 0 0

[00:51:43]	[Recv]	in 3 3004 40875 80 46 2 100 100 0 0 0 -1 1 0 -1 - 0 -1 0 0 0 0 0 0 0 0 0 0 0 0 0

[00:51:43]	[Recv]	in 3 3004 40874 67 49 2 100 100 0 0 0 -1 1 0 -1 - 0 -1 0 0 0 0 0 0 0 0 0 0 0 0 0

[00:51:43]	[Recv]	in 3 3004 40873 67 75 2 100 100 0 0 0 -1 1 0 -1 - 0 -1 0 0 0 0 0 0 0 0 0 0 0 0 0

[00:51:43]	[Recv]	in 3 3004 40872 64 105 2 100 100 0 0 0 -1 1 0 -1 - 0 -1 0 0 0 0 0 0 0 0 0 0 0 0 0

[00:51:43]	[Recv]	in 3 3004 40871 58 57 2 100 100 0 0 0 -1 1 0 -1 - 0 -1 0 0 0 0 0 0 0 0 0 0 0 0 0

[00:51:43]	[Recv]	in 3 3004 40870 52 78 2 100 100 0 0 0 -1 1 0 -1 - 0 -1 0 0 0 0 0 0 0 0 0 0 0 0 0

[00:51:43]	[Recv]	in 3 3004 40869 56 58 2 100 100 0 0 0 -1 1 0 -1 - 0 -1 0 0 0 0 0 0 0 0 0 0 0 0 0

[00:51:43]	[Recv]	in 3 3004 40868 52 50 2 100 100 0 0 0 -1 1 0 -1 - 0 -1 0 0 0 0 0 0 0 0 0 0 0 0 0

[00:51:43]	[Recv]	in 3 3004 40867 44 115 2 100 100 0 0 0 -1 1 0 -1 - 0 -1 0 0 0 0 0 0 0 0 0 0 0 0 0

[00:51:43]	[Recv]	in 3 3004 40866 110 43 2 100 100 0 0 0 -1 1 0 -1 - 0 -1 0 0 0 0 0 0 0 0 0 0 0 0 0

[00:51:43]	[Recv]	in 3 3003 40864 175 78 2 100 100 0 0 0 -1 1 0 -1 - 0 -1 0 0 0 0 0 0 0 0 0 0 0 0 0

[00:51:43]	[Recv]	in 3 3003 40863 158 38 2 100 100 0 0 0 -1 1 0 -1 - 0 -1 0 0 0 0 0 0 0 0 0 0 0 0 0

[00:51:43]	[Recv]	in 3 3003 40862 154 57 2 100 100 0 0 0 -1 1 0 -1 - 0 -1 0 0 0 0 0 0 0 0 0 0 0 0 0

[00:51:43]	[Recv]	in 3 3003 40861 150 42 2 100 100 0 0 0 -1 1 0 -1 - 0 -1 0 0 0 0 0 0 0 0 0 0 0 0 0

[00:51:43]	[Recv]	in 3 3003 40860 147 90 2 100 100 0 0 0 -1 1 0 -1 - 0 -1 0 0 0 0 0 0 0 0 0 0 0 0 0

[00:51:43]	[Recv]	in 3 3003 40859 134 37 2 100 100 0 0 0 -1 1 0 -1 - 0 -1 0 0 0 0 0 0 0 0 0 0 0 0 0

[00:51:43]	[Recv]	in 3 3003 40858 127 27 2 100 100 0 0 0 -1 1 0 -1 - 0 -1 0 0 0 0 0 0 0 0 0 0 0 0 0

[00:51:43]	[Recv]	in 3 3003 40857 120 39 2 100 100 0 0 0 -1 1 0 -1 - 0 -1 0 0 0 0 0 0 0 0 0 0 0 0 0

[00:51:43]	[Recv]	in 3 3003 40856 114 30 2 100 100 0 0 0 -1 1 0 -1 - 0 -1 0 0 0 0 0 0 0 0 0 0 0 0 0

[00:51:43]	[Recv]	in 3 3003 40855 97 61 2 100 100 0 0 0 -1 1 0 -1 - 0 -1 0 0 0 0 0 0 0 0 0 0 0 0 0

[00:51:43]	[Recv]	in 3 3003 40854 97 42 2 76 100 0 0 0 -1 1 0 -1 - 0 -1 0 0 0 0 0 0 0 0 0 0 0 0 0

[00:51:43]	[Recv]	in 3 3003 40853 85 39 2 100 100 0 0 0 -1 1 0 -1 - 0 -1 0 0 0 0 0 0 0 0 0 0 0 0 0

[00:51:43]	[Recv]	in 3 3003 40852 75 107 2 100 100 0 0 0 -1 1 0 -1 - 0 -1 0 0 0 0 0 0 0 0 0 0 0 0 0

[00:51:43]	[Recv]	in 3 3003 40851 73 46 2 100 100 0 0 0 -1 1 0 -1 - 0 -1 0 0 0 0 0 0 0 0 0 0 0 0 0

[00:51:43]	[Recv]	in 3 3003 40850 74 80 2 100 100 0 0 0 -1 1 0 -1 - 0 -1 0 0 0 0 0 0 0 0 0 0 0 0 0

[00:51:43]	[Recv]	in 3 3003 40849 64 57 2 100 100 0 0 0 -1 1 0 -1 - 0 -1 0 0 0 0 0 0 0 0 0 0 0 0 0

[00:51:43]	[Recv]	in 3 3003 40848 47 93 2 100 100 0 0 0 -1 1 0 -1 - 0 -1 0 0 0 0 0 0 0 0 0 0 0 0 0

[00:51:43]	[Recv]	in 3 3003 40847 40 114 2 100 100 0 0 0 -1 1 0 -1 - 0 -1 0 0 0 0 0 0 0 0 0 0 0 0 0

[00:51:43]	[Recv]	in 3 3003 40846 42 108 2 100 100 0 0 0 -1 1 0 -1 - 0 -1 0 0 0 0 0 0 0 0 0 0 0 0 0

[00:51:43]	[Recv]	in 3 3003 40845 34 104 2 100 100 0 0 0 -1 1 0 -1 - 0 -1 0 0 0 0 0 0 0 0 0 0 0 0 0

[00:51:43]	[Recv]	in 2 3133 40979 91 68 1 100 100 1 0 0 -1 1 0 -1 - 0 -1 0 0 0 0 0 0 0 0 0 0 0 0 0

[00:51:43]	[Recv]	in 2 3133 40978 77 46 5 100 100 1 0 0 -1 1 0 -1 - 0 -1 0 0 0 0 0 0 0 0 0 0 0 0 0

[00:51:43]	[Recv]	in 2 3133 40977 164 81 7 100 100 1 0 0 -1 1 0 -1 - 0 -1 0 0 0 0 0 0 0 0 0 0 0 0 0

[00:51:43]	[Recv]	in 2 3133 40976 146 62 2 100 100 1 0 0 -1 1 0 -1 - 0 -1 0 0 0 0 0 0 0 0 0 0 0 0 0

[00:51:43]	[Recv]	in 2 3133 40975 164 45 2 100 100 1 0 0 -1 1 0 -1 - 0 -1 0 0 0 0 0 0 0 0 0 0 0 0 0

[00:51:43]	[Recv]	in 2 3133 40974 54 107 6 100 100 1 0 0 -1 1 0 -1 - 0 -1 0 0 0 0 0 0 0 0 0 0 0 0 0

[00:51:43]	[Recv]	in 2 3133 40973 137 102 4 100 100 1 0 0 -1 1 0 -1 - 0 -1 0 0 0 0 0 0 0 0 0 0 0 0 0

[00:51:43]	[Recv]	in 2 3133 40972 56 46 4 100 100 1 0 0 -1 1 0 -1 - 0 -1 0 0 0 0 0 0 0 0 0 0 0 0 0

[00:51:43]	[Recv]	in 2 3133 40971 145 63 3 100 100 1 0 0 -1 1 0 -1 - 0 -1 0 0 0 0 0 0 0 0 0 0 0 0 0

[00:51:43]	[Recv]	in 2 3133 40970 162 65 3 100 100 1 0 0 -1 1 0 -1 - 0 -1 0 0 0 0 0 0 0 0 0 0 0 0 0

[00:51:43]	[Recv]	in 2 3063 40969 189 29 0 100 100 1 0 0 -1 1 0 -1 - 0 -1 0 0 0 0 0 0 0 0 0 0 0 0 0

[00:51:43]	[Recv]	in 2 3063 40968 185 41 0 100 100 1 0 0 -1 1 0 -1 - 0 -1 0 0 0 0 0 0 0 0 0 0 0 0 0

[00:51:43]	[Recv]	in 2 3063 40967 175 54 0 100 100 1 0 0 -1 1 0 -1 - 0 -1 0 0 0 0 0 0 0 0 0 0 0 0 0

[00:51:43]	[Recv]	in 2 3063 40966 171 51 0 100 100 1 0 0 -1 1 0 -1 - 0 -1 0 0 0 0 0 0 0 0 0 0 0 0 0

[00:51:43]	[Recv]	in 2 3063 40965 155 99 0 100 100 1 0 0 -1 1 0 -1 - 0 -1 0 0 0 0 0 0 0 0 0 0 0 0 0

[00:51:43]	[Recv]	in 2 3063 40964 141 69 0 100 100 1 0 0 -1 1 0 -1 - 0 -1 0 0 0 0 0 0 0 0 0 0 0 0 0

[00:51:43]	[Recv]	in 2 3063 40963 140 85 0 100 100 1 0 0 -1 1 0 -1 - 0 -1 0 0 0 0 0 0 0 0 0 0 0 0 0

[00:51:43]	[Recv]	in 2 3063 40962 132 67 0 100 100 1 0 0 -1 1 0 -1 - 0 -1 0 0 0 0 0 0 0 0 0 0 0 0 0

[00:51:43]	[Recv]	in 2 3063 40961 119 21 0 100 100 1 0 0 -1 1 0 -1 - 0 -1 0 0 0 0 0 0 0 0 0 0 0 0 0

[00:51:43]	[Recv]	in 2 3063 40960 110 69 0 100 100 1 0 0 -1 1 0 -1 - 0 -1 0 0 0 0 0 0 0 0 0 0 0 0 0

[00:51:43]	[Recv]	in 2 3063 40959 106 29 0 100 100 1 0 0 -1 1 0 -1 - 0 -1 0 0 0 0 0 0 0 0 0 0 0 0 0

[00:51:43]	[Recv]	in 2 3063 40958 102 35 0 100 100 1 0 0 -1 1 0 -1 - 0 -1 0 0 0 0 0 0 0 0 0 0 0 0 0

[00:51:43]	[Recv]	in 2 3063 40957 101 47 0 100 100 1 0 0 -1 1 0 -1 - 0 -1 0 0 0 0 0 0 0 0 0 0 0 0 0

[00:51:43]	[Recv]	in 2 3063 40956 98 44 0 100 100 1 0 0 -1 1 0 -1 - 0 -1 0 0 0 0 0 0 0 0 0 0 0 0 0

[00:51:43]	[Recv]	in 2 3063 40955 88 55 0 100 100 1 0 0 -1 1 0 -1 - 0 -1 0 0 0 0 0 0 0 0 0 0 0 0 0

[00:51:43]	[Recv]	in 2 3063 40954 83 64 0 100 100 1 0 0 -1 1 0 -1 - 0 -1 0 0 0 0 0 0 0 0 0 0 0 0 0

[00:51:43]	[Recv]	in 2 3063 40953 69 105 0 100 100 1 0 0 -1 1 0 -1 - 0 -1 0 0 0 0 0 0 0 0 0 0 0 0 0

[00:51:43]	[Recv]	in 2 3063 40952 67 48 0 100 100 1 0 0 -1 1 0 -1 - 0 -1 0 0 0 0 0 0 0 0 0 0 0 0 0

[00:51:43]	[Recv]	in 2 3063 40951 52 59 0 100 100 1 0 0 -1 1 0 -1 - 0 -1 0 0 0 0 0 0 0 0 0 0 0 0 0

[00:51:43]	[Recv]	in 2 3063 40950 38 93 0 100 100 1 0 0 -1 1 0 -1 - 0 -1 0 0 0 0 0 0 0 0 0 0 0 0 0

[00:51:43]	[Recv]	pst 2 2557262 0 100 100 34166 7013 0 0 0

[00:51:43]	[Recv]	pst 2 2557249 1 100 100 42830 3622 0 0 0

[00:51:43]	[Recv]	mv 3 40940 150 100 9

[00:51:43]	[Recv]	mv 3 40926 185 36 9

[00:51:43]	[Recv]	mv 3 40910 120 72 9

[00:51:43]	[Recv]	mv 3 40888 128 34 8

[00:51:43]	[Recv]	mv 3 40886 124 29 8

[00:51:43]	[Recv]	mv 3 40878 86 45 8

[00:51:43]	[Recv]	mv 3 40866 111 44 8

[00:51:43]	[Recv]	mv 3 40858 128 29 9

[00:51:43]	[Send]	walk 26 100 0 25
[00:51:43]	[Recv]	mv 3 40943 155 84 9

[00:51:43]	[Recv]	mv 3 40933 119 59 9

[00:51:43]	[Recv]	mv 3 40928 56 97 9

[00:51:43]	[Recv]	mv 3 40923 169 53 9

[00:51:43]	[Recv]	mv 3 40916 144 45 9

[00:51:43]	[Recv]	mv 3 40908 107 35 9

[00:51:43]	[Recv]	mv 3 40903 63 96 9

[00:51:43]	[Recv]	mv 3 40893 164 50 8

[00:51:43]	[Recv]	mv 3 40892 153 94 8

[00:51:43]	[Recv]	mv 3 40885 123 52 8

[00:51:43]	[Recv]	mv 3 40882 122 57 8

[00:51:43]	[Recv]	mv 3 40881 116 80 8

[00:51:43]	[Recv]	mv 3 40871 60 58 8

[00:51:43]	[Recv]	mv 3 40864 173 77 9

[00:51:43]	[Recv]	mv 3 40846 41 110 9

[00:51:43]	[Recv]	mv 3 40917 150 47 9

[00:51:43]	[Recv]	mv 3 40900 52 115 9

[00:51:43]	[Recv]	mv 3 40880 157 84 8

[00:51:43]	[Recv]	mv 3 40949 185 67 9

[00:51:43]	[Recv]	mv 3 40929 60 86 9

[00:51:43]	[Recv]	mv 3 40899 45 99 9

[00:51:43]	[Recv]	mv 3 40898 189 40 8

[00:51:43]	[Recv]	mv 3 40884 49 115 8

[00:51:43]	[Recv]	mv 3 40875 81 45 8

[00:51:43]	[Recv]	mv 3 40867 46 114 8

[00:51:43]	[Recv]	mv 3 40856 115 30 9

[00:51:43]	[Recv]	mv 3 40852 77 106 9

[00:51:43]	[Recv]	mv 3 40851 74 48 9

[00:51:43]	[Recv]	mv 3 40850 72 79 9

[00:51:44]	[Recv]	mv 3 40939 143 82 9

[00:51:44]	[Recv]	mv 3 40938 141 94 9

[00:51:44]	[Recv]	mv 3 40927 51 113 9

[00:51:44]	[Recv]	mv 3 40925 184 40 9

[00:51:44]	[Recv]	mv 3 40924 177 85 9

[00:51:44]	[Recv]	mv 3 40911 130 45 9

[00:51:44]	[Recv]	mv 3 40897 179 75 8

[00:51:44]	[Recv]	mv 3 40896 175 42 8

[00:51:44]	[Recv]	mv 3 40889 136 55 8

[00:51:44]	[Recv]	mv 3 40874 66 49 8

[00:51:44]	[Recv]	mv 3 40872 62 104 8

[00:51:44]	[Recv]	mv 3 40869 56 57 8

[00:51:44]	[Recv]	mv 3 40853 84 37 9

[00:51:44]	[Send]	walk 33 100 1 25
[00:51:44]	[Recv]	pst 2 2557262 0 100 100 34166 7013 0 0 0

[00:51:44]	[Recv]	pst 2 2557249 1 100 100 42830 3622 0 0 0

[00:51:44]	[Recv]	mv 3 40944 161 88 9

[00:51:44]	[Recv]	mv 3 40931 179 63 9

[00:51:44]	[Recv]	mv 3 40926 185 37 9

[00:51:44]	[Recv]	mv 3 40909 112 45 9

[00:51:44]	[Recv]	mv 3 40904 78 56 9

[00:51:44]	[Recv]	mv 3 40894 164 39 8

[00:51:44]	[Recv]	mv 3 40878 88 46 8

[00:51:44]	[Recv]	mv 3 40861 148 40 9

[00:51:44]	[Recv]	mv 3 40849 64 56 9

[00:51:44]	[Recv]	mv 3 40948 183 77 9

[00:51:44]	[Recv]	mv 3 40936 134 97 9

[00:51:44]	[Recv]	mv 3 40933 121 61 9

[00:51:44]	[Recv]	mv 3 40916 142 45 9

[00:51:44]	[Recv]	mv 3 40903 62 97 9

[00:51:44]	[Recv]	mv 3 40901 61 48 9

[00:51:44]	[Recv]	mv 3 40895 172 39 8

[00:51:44]	[Recv]	mv 3 40892 151 95 8

[00:51:44]	[Recv]	mv 3 40871 58 60 8

[00:51:44]	[Recv]	mv 3 40847 42 114 9

[00:51:44]	[Recv]	mv 3 40846 42 108 9

[00:51:44]	[Send]	walk 37 101 0 25
[00:51:44]	[Recv]	mv 3 40934 128 89 9

[00:51:44]	[Recv]	mv 3 40920 149 99 9

[00:51:44]	[Recv]	mv 3 40914 140 90 9

[00:51:44]	[Recv]	mv 3 40887 123 65 8

[00:51:44]	[Recv]	mv 3 40880 156 84 8

[00:51:44]	[Recv]	mv 3 40876 82 48 8

[00:51:44]	[Recv]	mv 3 40870 53 79 8

[00:51:44]	[Recv]	mv 3 40863 159 36 9

[00:51:44]	[Recv]	mv 3 40862 155 58 9

[00:51:44]	[Recv]	stat 75191 75191 14232 17265 0 1316

[00:51:44]	[Recv]	stat 75191 75191 14349 17265 0 1316

[00:51:44]	[Recv]	mv 3 40942 155 88 9

[00:51:44]	[Recv]	mv 3 40929 59 88 9

[00:51:44]	[Recv]	mv 3 40915 140 75 9

[00:51:44]	[Recv]	mv 3 40907 99 54 9

[00:51:44]	[Recv]	mv 3 40902 63 81 9

[00:51:44]	[Recv]	mv 3 40873 65 76 8

[00:51:44]	[Recv]	mv 3 40860 146 92 9

[00:51:44]	[Recv]	mv 3 40852 75 104 9

[00:51:44]	[Recv]	mv 3 40851 73 47 9

[00:51:44]	[Recv]	mv 3 40850 74 80 9

[00:51:44]	[Recv]	mv 3 40845 33 105 9

[00:51:45]	[Recv]	mv 3 40941 153 51 9

[00:51:45]	[Recv]	mv 3 40938 141 93 9

[00:51:45]	[Recv]	mv 3 40935 128 80 9

[00:51:45]	[Recv]	mv 3 40925 183 41 9

[00:51:45]	[Recv]	mv 3 40924 178 85 9

[00:51:45]	[Recv]	mv 3 40922 161 35 9

[00:51:45]	[Recv]	mv 3 40919 159 60 9

[00:51:45]	[Recv]	mv 3 40913 142 26 9

[00:51:45]	[Recv]	mv 3 40911 128 43 9

[00:51:45]	[Recv]	mv 3 40889 138 53 8

[00:51:45]	[Recv]	mv 3 40874 66 48 8

[00:51:45]	[Recv]	pst 2 2557262 0 100 100 34166 7013 0 0 0

[00:51:45]	[Recv]	pst 2 2557249 1 100 100 42830 3622 0 0 0

[00:51:45]	[Recv]	mv 3 40947 173 66 9

[00:51:45]	[Recv]	mv 3 40944 162 87 9

[00:51:45]	[Recv]	mv 3 40910 118 72 9

[00:51:45]	[Recv]	mv 3 40894 162 41 8

[00:51:45]	[Recv]	mv 3 40888 127 32 8

[00:51:45]	[Recv]	mv 3 40861 148 42 9

[00:51:45]	[Recv]	mv 3 40858 127 29 9

[00:51:45]	[Send]	walk 45 97 1 25
[00:51:45]	[Recv]	mv 3 40946 171 81 9

[00:51:45]	[Recv]	mv 3 40943 157 84 9

[00:51:45]	[Recv]	mv 3 40936 133 96 9

[00:51:45]	[Recv]	mv 3 40932 92 62 9

[00:51:45]	[Recv]	mv 3 40928 57 98 9

[00:51:45]	[Recv]	mv 3 40923 170 55 9

[00:51:45]	[Recv]	mv 3 40908 108 33 9

[00:51:45]	[Recv]	mv 3 40901 60 48 9

[00:51:45]	[Recv]	mv 3 40895 170 40 8

[00:51:45]	[Recv]	mv 3 40885 124 53 8

[00:51:45]	[Recv]	mv 3 40882 122 59 8

[00:51:45]	[Recv]	mv 3 40881 117 80 8

[00:51:45]	[Recv]	mv 3 40877 85 40 8

[00:51:45]	[Recv]	mv 3 40864 173 76 9

[00:51:45]	[Recv]	mv 3 40846 44 108 9

[00:51:45]	[Recv]	mv 3 40934 127 89 9

[00:51:45]	[Recv]	mv 3 40920 149 101 9

[00:51:45]	[Recv]	mv 3 40917 149 46 9

[00:51:45]	[Recv]	mv 3 40914 141 88 9

[00:51:45]	[Recv]	mv 3 40900 50 114 9

[00:51:45]	[Recv]	mv 3 40887 124 66 8

[00:51:45]	[Recv]	mv 3 40880 157 82 8

[00:51:45]	[Recv]	mv 3 40876 81 47 8

[00:51:45]	[Recv]	mv 3 40870 54 78 8

[00:51:45]	[Recv]	mv 3 40868 53 50 8

[00:51:45]	[Recv]	mv 3 40862 156 59 9

[00:51:45]	[Send]	walk 47 95 1 25
[00:51:45]	[Recv]	mv 3 40949 184 68 9

[00:51:45]	[Recv]	mv 3 40945 163 74 9

[00:51:45]	[Recv]	mv 3 40942 154 88 9

[00:51:45]	[Recv]	mv 3 40937 141 102 9

[00:51:45]	[Recv]	mv 3 40929 57 88 9

[00:51:45]	[Recv]	mv 3 40907 97 53 9

[00:51:45]	[Recv]	mv 3 40902 63 82 9

[00:51:45]	[Recv]	mv 3 40899 46 100 9

[00:51:45]	[Recv]	mv 3 40867 44 114 8

[00:51:45]	[Recv]	mv 3 40856 115 28 9

[00:51:45]	[Recv]	mv 3 40852 75 105 9

[00:51:45]	[Recv]	mv 3 40851 74 48 9

[00:51:45]	[Recv]	mv 3 40850 73 79 9

[00:51:45]	[Recv]	mv 3 40845 31 107 9

[00:51:46]	[Recv]	mv 3 40939 144 82 9

[00:51:46]	[Recv]	mv 3 40938 139 95 9

[00:51:46]	[Recv]	mv 3 40924 179 86 9

[00:51:46]	[Recv]	mv 3 40922 162 36 9

[00:51:46]	[Recv]	mv 3 40913 140 27 9

[00:51:46]	[Recv]	mv 3 40896 176 43 8

[00:51:46]	[Recv]	mv 3 40889 136 53 8

[00:51:46]	[Recv]	mv 3 40855 97 60 9

[00:51:46]	[Recv]	mv 3 40853 82 36 9

[00:51:46]	[Recv]	mv 3 40848 47 94 9

[00:51:46]	[Recv]	pst 2 2557262 0 100 100 34166 7013 0 0 0

[00:51:46]	[Recv]	pst 2 2557249 1 100 100 42830 3622 0 0 0

[00:51:46]	[Recv]	mv 3 40940 149 99 9

[00:51:46]	[Recv]	mv 3 40926 187 37 9

[00:51:46]	[Recv]	mv 3 40886 126 29 8

[00:51:46]	[Recv]	mv 3 40878 87 46 8

[00:51:46]	[Recv]	mv 3 40866 109 43 8

[00:51:46]	[Recv]	mv 3 40861 150 41 9

[00:51:46]	[Recv]	mv 3 40858 128 28 9

[00:51:46]	[Recv]	mv 3 40948 181 79 9

[00:51:46]	[Recv]	mv 3 40946 172 80 9

[00:51:46]	[Recv]	mv 3 40943 159 83 9

[00:51:46]	[Recv]	mv 3 40936 133 94 9

[00:51:46]	[Recv]	mv 3 40928 58 97 9

[00:51:46]	[Recv]	mv 3 40903 61 97 9

[00:51:46]	[Recv]	mv 3 40895 171 40 8

[00:51:46]	[Recv]	mv 3 40892 150 94 8

[00:51:46]	[Recv]	mv 3 40885 123 51 8

[00:51:46]	[Recv]	mv 3 40882 121 59 8

[00:51:46]	[Recv]	mv 3 40881 116 79 8

[00:51:46]	[Recv]	mv 3 40871 59 58 8

[00:51:46]	[Recv]	mv 3 40864 172 78 9

[00:51:46]	[Recv]	mv 3 40846 42 108 9

[00:51:46]	[Recv]	mv 3 40900 52 112 9

[00:51:46]	[Recv]	mv 3 40880 155 84 8

[00:51:46]	[Recv]	mv 3 40870 52 76 8

[00:51:46]	[Recv]	mv 3 40863 161 38 9

[00:51:46]	[Recv]	mv 3 40862 155 57 9

[00:51:46]	[Send]	walk 54 88 1 25
[00:51:46]	[Recv]	stat 75191 75191 14349 17265 0 1316

[00:51:46]	[Recv]	mv 3 40945 163 76 9

[00:51:46]	[Recv]	mv 3 40942 153 90 9

[00:51:46]	[Recv]	mv 3 40915 139 77 9

[00:51:46]	[Recv]	mv 3 40899 47 100 9

[00:51:46]	[Recv]	mv 3 40884 49 114 8

[00:51:46]	[Recv]	mv 3 40875 82 43 8

[00:51:46]	[Recv]	mv 3 40873 66 75 8

[00:51:46]	[Recv]	mv 3 40860 146 91 9

[00:51:46]	[Recv]	mv 3 40852 74 104 9

[00:51:46]	[Recv]	mv 3 40845 32 105 9

[00:51:47]	[Recv]	mv 3 40939 145 83 9

[00:51:47]	[Recv]	mv 3 40938 140 93 9

[00:51:47]	[Recv]	mv 3 40927 53 111 9

[00:51:47]	[Recv]	mv 3 40925 182 42 9

[00:51:47]	[Recv]	mv 3 40922 164 37 9

[00:51:47]	[Recv]	mv 3 40911 128 44 9

[00:51:47]	[Recv]	mv 3 40897 181 73 8

[00:51:47]	[Recv]	mv 3 40891 54 64 8

[00:51:47]	[Recv]	mv 3 40889 136 51 8

[00:51:47]	[Recv]	mv 3 40869 54 58 8

[00:51:47]	[Recv]	mv 3 40853 82 38 9

[00:51:47]	[Recv]	mv 3 40848 48 95 9

[00:51:47]	[Recv]	pst 2 2557262 0 100 100 34166 7013 0 0 0

[00:51:47]	[Recv]	pst 2 2557249 1 100 100 42830 3622 0 0 0

[00:51:47]	[Recv]	mv 3 40940 147 97 9

[00:51:47]	[Recv]	mv 3 40921 159 67 9

[00:51:47]	[Recv]	mv 3 40886 127 29 8

[00:51:47]	[Recv]	mv 3 40948 180 80 9

[00:51:47]	[Recv]	mv 3 40946 171 79 9

[00:51:47]	[Recv]	mv 3 40936 134 95 9

[00:51:47]	[Recv]	mv 3 40908 107 35 9

[00:51:47]	[Recv]	mv 3 40903 62 95 9

[00:51:47]	[Recv]	mv 3 40893 163 48 8

[00:51:47]	[Recv]	mv 3 40882 123 58 8

[00:51:47]	[Recv]	mv 3 40877 85 39 8

[00:51:47]	[Recv]	mv 3 40847 41 115 9

[00:51:47]	[Recv]	mv 3 40846 42 110 9

[00:51:47]	[Recv]	mv 3 40934 128 89 9

[00:51:47]	[Recv]	mv 3 40917 150 46 9

[00:51:47]	[Recv]	mv 3 40887 125 65 8

[00:51:47]	[Recv]	mv 3 40880 155 82 8

[00:51:47]	[Recv]	mv 3 40876 80 45 8

[00:51:47]	[Send]	walk 61 81 1 25
[00:51:47]	[Recv]	mv 3 40945 162 77 9

[00:51:47]	[Recv]	mv 3 40942 155 91 9

[00:51:47]	[Recv]	mv 3 40907 95 52 9

[00:51:47]	[Recv]	mv 3 40899 46 99 9

[00:51:47]	[Recv]	mv 3 40867 44 113 8

[00:51:47]	[Recv]	mv 3 40860 147 92 9

[00:51:47]	[Recv]	mv 3 40850 74 81 9

[00:51:48]	[Recv]	mv 3 40941 152 50 9

[00:51:48]	[Recv]	mv 3 40939 143 85 9

[00:51:48]	[Recv]	mv 3 40938 139 94 9

[00:51:48]	[Recv]	mv 3 40927 54 112 9

[00:51:48]	[Recv]	mv 3 40925 181 41 9

[00:51:48]	[Recv]	mv 3 40924 179 85 9

[00:51:48]	[Recv]	mv 3 40919 158 59 9

[00:51:48]	[Recv]	mv 3 40897 179 72 8

[00:51:48]	[Recv]	mv 3 40896 174 44 8

[00:51:48]	[Recv]	mv 3 40891 54 63 8

[00:51:48]	[Recv]	mv 3 40874 65 48 8

[00:51:48]	[Recv]	mv 3 40872 63 103 8

[00:51:48]	[Recv]	mv 3 40869 55 59 8

[00:51:48]	[Recv]	mv 3 40855 97 61 9

[00:51:48]	[Recv]	pst 2 2557262 0 100 100 34166 7013 0 0 0

[00:51:48]	[Recv]	pst 2 2557249 1 100 100 42830 3622 0 0 0

[00:51:48]	[Recv]	mv 3 40944 162 89 9

[00:51:48]	[Recv]	mv 3 40926 188 38 9

[00:51:48]	[Recv]	mv 3 40921 161 69 9

[00:51:48]	[Recv]	mv 3 40909 114 47 9

[00:51:48]	[Recv]	mv 3 40904 78 57 9

[00:51:48]	[Recv]	mv 3 40894 164 41 8

[00:51:48]	[Recv]	mv 3 40888 126 33 8

[00:51:48]	[Recv]	mv 3 40849 63 58 9

[00:51:48]	[Recv]	mv 3 40943 158 83 9

[00:51:48]	[Recv]	mv 3 40932 91 60 9

[00:51:48]	[Recv]	mv 3 40928 56 96 9

[00:51:48]	[Recv]	mv 3 40923 172 53 9

[00:51:48]	[Recv]	mv 3 40903 63 97 9

[00:51:48]	[Recv]	mv 3 40892 152 96 8

[00:51:48]	[Recv]	mv 3 40877 84 37 8

[00:51:48]	[Recv]	mv 3 40871 58 59 8

[00:51:48]	[Recv]	mv 3 40864 173 76 9

[00:51:48]	[Recv]	mv 3 40857 119 40 9

[00:51:48]	[Recv]	mv 3 40847 40 116 9

[00:51:48]	[Recv]	mv 3 40846 42 108 9

[00:51:48]	[Recv]	mv 3 40900 53 114 9

[00:51:48]	[Recv]	mv 3 40887 124 66 8

[00:51:48]	[Recv]	mv 3 40880 157 84 8

[00:51:48]	[Recv]	mv 3 40876 81 47 8

[00:51:48]	[Recv]	mv 3 40870 54 78 8

[00:51:48]	[Recv]	mv 3 40863 160 40 9

[00:51:48]	[Send]	walk 68 74 1 25
[00:51:48]	[Recv]	stat 75191 75191 14349 17265 0 1316

[00:51:48]	[Recv]	stat 75191 75191 14466 17265 0 1316

[00:51:48]	[Recv]	mv 3 40945 164 76 9

[00:51:48]	[Recv]	mv 3 40942 153 89 9

[00:51:48]	[Recv]	mv 3 40929 58 87 9

[00:51:48]	[Recv]	mv 3 40915 138 75 9

[00:51:48]	[Recv]	mv 3 40899 48 100 9

[00:51:48]	[Recv]	mv 3 40884 50 114 8

[00:51:48]	[Recv]	mv 3 40875 84 44 8

[00:51:48]	[Recv]	mv 3 40873 65 76 8

[00:51:48]	[Recv]	mv 3 40856 113 30 9

[00:51:48]	[Recv]	mv 3 40851 75 50 9

[00:51:48]	[Recv]	mv 3 40850 72 80 9

[00:51:48]	[Recv]	mv 3 40845 33 104 9

[00:51:49]	[Recv]	mv 3 40941 150 51 9

[00:51:49]	[Recv]	mv 3 40939 145 85 9

[00:51:49]	[Recv]	mv 3 40925 183 42 9

[00:51:49]	[Recv]	mv 3 40922 162 35 9

[00:51:49]	[Recv]	mv 3 40919 160 57 9

[00:51:49]	[Recv]	mv 3 40913 142 26 9

[00:51:49]	[Recv]	mv 3 40906 111 54 9

[00:51:49]	[Recv]	mv 3 40897 180 73 8

[00:51:49]	[Recv]	mv 3 40896 175 46 8

[00:51:49]	[Recv]	mv 3 40889 138 51 8

[00:51:49]	[Recv]	mv 3 40872 65 105 8

[00:51:49]	[Recv]	mv 3 40869 54 57 8

[00:51:49]	[Recv]	mv 3 40859 136 36 9

[00:51:49]	[Recv]	mv 3 40853 82 37 9

[00:51:49]	[Recv]	pst 2 2557262 0 100 100 34166 7013 0 0 0

[00:51:49]	[Recv]	pst 2 2557249 1 100 100 42830 3622 0 0 0

[00:51:49]	[Recv]	mv 3 40944 162 90 9

[00:51:49]	[Recv]	mv 3 40931 179 62 9

[00:51:49]	[Recv]	mv 3 40926 187 36 9

[00:51:49]	[Recv]	mv 3 40921 159 68 9

[00:51:49]	[Recv]	mv 3 40910 120 73 9

[00:51:49]	[Recv]	mv 3 40904 77 56 9

[00:51:49]	[Recv]	mv 3 40894 163 42 8

[00:51:49]	[Recv]	mv 3 40886 126 28 8

[00:51:49]	[Recv]	mv 3 40878 85 44 8

[00:51:49]	[Recv]	mv 3 40866 110 44 8

[00:51:49]	[Recv]	mv 3 40849 61 59 9

[00:51:49]	[Recv]	mv 3 40948 180 79 9

[00:51:49]	[Recv]	mv 3 40946 173 79 9

[00:51:49]	[Recv]	mv 3 40943 159 84 9

[00:51:49]	[Recv]	mv 3 40936 136 96 9

[00:51:49]	[Recv]	mv 3 40933 119 62 9

[00:51:49]	[Recv]	mv 3 40928 56 97 9

[00:51:49]	[Recv]	mv 3 40923 171 53 9

[00:51:49]	[Recv]	mv 3 40903 61 96 9

[00:51:49]	[Recv]	mv 3 40893 162 48 8

[00:51:49]	[Recv]	mv 3 40885 125 52 8

[00:51:49]	[Recv]	mv 3 40882 122 57 8

[00:51:49]	[Recv]	mv 3 40877 85 38 8

[00:51:49]	[Recv]	mv 3 40864 173 74 9

[00:51:49]	[Recv]	mv 3 40857 120 40 9

[00:51:49]	[Recv]	mv 3 40846 40 106 9

[00:51:49]	[Recv]	mv 3 40934 128 90 9

[00:51:49]	[Recv]	mv 3 40917 152 47 9

[00:51:49]	[Recv]	mv 3 40900 51 112 9

[00:51:49]	[Recv]	mv 3 40876 82 49 8

[00:51:49]	[Recv]	mv 3 40862 154 56 9

[00:51:49]	[Send]	walk 71 66 0 25
[00:51:49]	[Recv]	mv 3 40949 185 69 9

[00:51:49]	[Recv]	mv 3 40942 153 90 9

[00:51:49]	[Recv]	mv 3 40937 140 104 9

[00:51:49]	[Recv]	mv 3 40907 97 51 9

[00:51:49]	[Recv]	mv 3 40902 62 80 9

[00:51:49]	[Recv]	mv 3 40884 52 115 8

[00:51:49]	[Recv]	mv 3 40875 82 46 8

[00:51:49]	[Recv]	mv 3 40867 45 112 8

[00:51:49]	[Recv]	mv 3 40856 115 31 9

[00:51:49]	[Recv]	mv 3 40851 74 49 9

[00:51:49]	[Recv]	mv 3 40850 73 79 9

[00:51:49]	[Recv]	mv 3 40845 32 106 9

[00:51:50]	[Recv]	mv 3 40939 145 84 9

[00:51:50]	[Recv]	mv 3 40938 139 95 9

[00:51:50]	[Recv]	mv 3 40935 129 81 9

[00:51:50]	[Recv]	mv 3 40927 53 113 9

[00:51:50]	[Recv]	mv 3 40924 181 86 9

[00:51:50]	[Recv]	mv 3 40922 163 37 9

[00:51:50]	[Recv]	mv 3 40913 143 27 9

[00:51:50]	[Recv]	mv 3 40911 130 44 9

[00:51:50]	[Recv]	mv 3 40906 110 53 9

[00:51:50]	[Recv]	mv 3 40897 182 73 8

[00:51:50]	[Recv]	mv 3 40891 55 64 8

[00:51:50]	[Recv]	mv 3 40859 135 37 9

[00:51:50]	[Recv]	mv 3 40853 82 36 9

[00:51:50]	[Recv]	mv 3 40848 46 95 9

[00:51:50]	[Recv]	pst 2 2557262 0 100 100 34166 7013 0 0 0

[00:51:50]	[Recv]	pst 2 2557249 1 100 100 42830 3622 0 0 0

[00:51:50]	[Recv]	mv 3 40940 148 98 9

[00:51:50]	[Recv]	mv 3 40926 189 36 9

[00:51:50]	[Recv]	mv 3 40909 116 46 9

[00:51:50]	[Recv]	mv 3 40894 162 42 8

[00:51:50]	[Recv]	mv 3 40888 125 32 8

[00:51:50]	[Recv]	mv 3 40878 84 45 8

[00:51:50]	[Recv]	mv 3 40948 180 80 9

[00:51:50]	[Recv]	mv 3 40946 173 81 9

[00:51:50]	[Recv]	mv 3 40936 134 96 9

[00:51:50]	[Recv]	mv 3 40903 62 95 9

[00:51:50]	[Recv]	mv 3 40901 60 50 9

[00:51:50]	[Recv]	mv 3 40895 170 40 8

[00:51:50]	[Recv]	mv 3 40893 162 49 8

[00:51:50]	[Recv]	mv 3 40892 151 95 8

[00:51:50]	[Recv]	mv 3 40885 124 51 8

[00:51:50]	[Recv]	mv 3 40882 122 59 8

[00:51:50]	[Recv]	mv 3 40847 40 117 9

[00:51:50]	[Send]	walk 70 57 1 25
[00:51:50]	[Recv]	mv 3 40914 140 90 9

[00:51:50]	[Recv]	mv 3 40900 49 112 9

[00:51:50]	[Recv]	mv 3 40887 125 67 8

[00:51:50]	[Recv]	mv 3 40863 160 38 9

[00:51:50]	[Recv]	mv 3 40862 155 57 9

[00:51:50]	[Recv]	mv 3 40854 97 40 9

[00:51:50]	[Recv]	stat 75191 75191 14466 17265 0 1316

[00:51:50]	[Recv]	mv 3 40949 184 69 9

[00:51:50]	[Recv]	mv 3 40942 154 91 9

[00:51:50]	[Recv]	mv 3 40929 59 85 9

[00:51:50]	[Recv]	mv 3 40907 98 52 9

[00:51:50]	[Recv]	mv 3 40902 60 81 9

[00:51:50]	[Recv]	mv 3 40898 188 40 8

[00:51:50]	[Recv]	mv 3 40884 51 117 8

[00:51:50]	[Recv]	mv 3 40875 82 45 8

[00:51:50]	[Recv]	mv 3 40873 67 78 8

[00:51:50]	[Recv]	mv 3 40867 46 113 8

[00:51:50]	[Recv]	mv 3 40860 146 91 9

[00:51:50]	[Recv]	mv 3 40856 116 30 9

[00:51:50]	[Recv]	mv 3 40852 75 105 9

[00:51:50]	[Recv]	mv 3 40851 74 50 9

[00:51:50]	[Recv]	mv 3 40845 32 105 9

[00:51:51]	[Recv]	mv 3 40939 146 83 9

[00:51:51]	[Recv]	mv 3 40938 139 93 9

[00:51:51]	[Recv]	mv 3 40935 128 80 9

[00:51:51]	[Recv]	mv 3 40927 52 111 9

[00:51:51]	[Recv]	mv 3 40925 184 41 9

[00:51:51]	[Recv]	mv 3 40924 179 84 9

[00:51:51]	[Recv]	mv 3 40922 162 38 9

[00:51:51]	[Recv]	mv 3 40906 109 52 9

[00:51:51]	[Recv]	mv 3 40897 182 75 8

[00:51:51]	[Recv]	mv 3 40896 174 45 8

[00:51:51]	[Recv]	mv 3 40891 54 63 8

[00:51:51]	[Recv]	mv 3 40889 136 53 8

[00:51:51]	[Recv]	mv 3 40874 65 46 8

[00:51:51]	[Recv]	mv 3 40872 65 106 8

[00:51:51]	[Recv]	mv 3 40869 55 58 8

[00:51:51]	[Recv]	mv 3 40848 46 97 9

[00:51:51]	[Recv]	pst 2 2557262 0 100 100 34166 7013 0 0 0

[00:51:51]	[Recv]	pst 2 2557249 1 100 100 42830 3622 0 0 0

[00:51:51]	[Recv]	mv 3 40947 175 64 9

[00:51:51]	[Recv]	mv 3 40944 161 90 9

[00:51:51]	[Recv]	mv 3 40940 148 97 9

[00:51:51]	[Recv]	mv 3 40931 181 64 9

[00:51:51]	[Recv]	mv 3 40921 160 68 9

[00:51:51]	[Recv]	mv 3 40910 121 72 9

[00:51:51]	[Recv]	mv 3 40909 114 46 9

[00:51:51]	[Recv]	mv 3 40894 163 42 8

[00:51:51]	[Recv]	mv 3 40888 126 32 8

[00:51:51]	[Recv]	mv 3 40886 127 29 8

[00:51:51]	[Recv]	mv 3 40878 86 46 8

[00:51:51]	[Recv]	mv 3 40861 151 42 9

[00:51:51]	[Recv]	mv 3 40858 126 29 9

[00:51:51]	[Recv]	mv 3 40849 61 58 9

[00:51:51]	[Recv]	mv 3 40948 180 81 9

[00:51:51]	[Recv]	mv 3 40936 136 96 9

[00:51:51]	[Recv]	mv 3 40933 121 62 9

[00:51:51]	[Recv]	mv 3 40916 144 46 9

[00:51:51]	[Recv]	mv 3 40908 109 37 9

[00:51:51]	[Recv]	mv 3 40903 63 94 9

[00:51:51]	[Recv]	mv 3 40895 170 42 8

[00:51:51]	[Recv]	mv 3 40893 161 47 8

[00:51:51]	[Recv]	mv 3 40881 118 81 8

[00:51:51]	[Recv]	mv 3 40877 86 38 8

[00:51:51]	[Recv]	mv 3 40864 174 74 9

[00:51:51]	[Recv]	mv 3 40857 121 40 9

[00:51:51]	[Send]	walk 75 50 0 25
[00:51:51]	[Recv]	mv 3 40934 129 89 9

[00:51:51]	[Recv]	mv 3 40917 151 48 9

[00:51:51]	[Recv]	mv 3 40887 127 69 8

[00:51:51]	[Recv]	mv 3 40880 158 83 8

[00:51:51]	[Recv]	mv 3 40876 82 48 8

[00:51:51]	[Recv]	mv 3 40870 54 79 8

[00:51:51]	[Recv]	mv 3 40863 159 40 9

[00:51:51]	[Recv]	mv 3 40949 185 69 9

[00:51:51]	[Recv]	mv 3 40937 138 103 9

[00:51:51]	[Recv]	mv 3 40907 97 51 9

[00:51:51]	[Recv]	mv 3 40902 62 81 9

[00:51:51]	[Recv]	mv 3 40898 187 41 8

[00:51:51]	[Recv]	mv 3 40875 80 44 8

[00:51:51]	[Recv]	mv 3 40867 45 111 8

[00:51:51]	[Recv]	mv 3 40860 146 90 9

[00:51:51]	[Recv]	mv 3 40856 116 31 9

[00:51:51]	[Recv]	mv 3 40851 75 48 9

[00:51:51]	[Recv]	mv 3 40850 74 79 9

[00:51:51]	[Recv]	mv 3 40845 33 105 9

[00:51:52]	[Recv]	mv 3 40941 151 50 9

[00:51:52]	[Recv]	mv 3 40939 146 84 9

[00:51:52]	[Recv]	mv 3 40935 129 81 9

[00:51:52]	[Recv]	mv 3 40924 178 86 9

[00:51:52]	[Recv]	mv 3 40922 164 37 9

[00:51:52]	[Recv]	mv 3 40919 159 58 9

[00:51:52]	[Recv]	mv 3 40913 142 27 9

[00:51:52]	[Recv]	mv 3 40906 107 54 9

[00:51:52]	[Recv]	mv 3 40897 180 74 8

[00:51:52]	[Recv]	mv 3 40896 176 45 8

[00:51:52]	[Recv]	mv 3 40872 63 106 8

[00:51:52]	[Recv]	mv 3 40869 56 60 8

[00:51:52]	[Recv]	mv 3 40859 136 37 9

[00:51:52]	[Recv]	mv 3 40853 81 36 9

[00:51:52]	[Recv]	mv 3 40848 47 95 9

[00:51:52]	[Recv]	pst 2 2557262 0 100 100 34166 7013 0 0 0

[00:51:52]	[Recv]	pst 2 2557249 1 100 100 42830 3622 0 0 0

[00:51:52]	[Recv]	mv 3 40947 177 63 9

[00:51:52]	[Recv]	mv 3 40940 149 98 9

[00:51:52]	[Recv]	mv 3 40921 159 67 9

[00:51:52]	[Recv]	mv 3 40910 120 73 9

[00:51:52]	[Recv]	mv 3 40909 113 47 9

[00:51:52]	[Recv]	mv 3 40886 125 30 8

[00:51:52]	[Recv]	mv 3 40861 151 40 9

[00:51:52]	[Recv]	mv 3 40948 180 80 9

[00:51:52]	[Recv]	mv 3 40946 171 81 9

[00:51:52]	[Recv]	mv 3 40943 157 83 9

[00:51:52]	[Recv]	mv 3 40936 135 96 9

[00:51:52]	[Recv]	mv 3 40933 121 60 9

[00:51:52]	[Recv]	mv 3 40928 58 95 9

[00:51:52]	[Recv]	mv 3 40923 169 55 9

[00:51:52]	[Recv]	mv 3 40908 108 37 9

[00:51:52]	[Recv]	mv 3 40895 171 42 8

[00:51:52]	[Recv]	mv 3 40892 151 96 8

[00:51:52]	[Recv]	mv 3 40882 121 61 8

[00:51:52]	[Recv]	mv 3 40877 84 36 8

[00:51:52]	[Recv]	mv 3 40857 119 39 9

[00:51:52]	[Recv]	mv 3 40847 41 116 9

[00:51:52]	[Recv]	mv 3 40846 42 107 9

[00:51:52]	[Send]	walk 82 43 0 25
[00:51:52]	[Recv]	mv 3 40920 151 100 9

[00:51:52]	[Recv]	mv 3 40917 150 47 9

[00:51:52]	[Recv]	mv 3 40914 139 90 9

[00:51:52]	[Recv]	mv 3 40876 84 47 8

[00:51:52]	[Recv]	mv 3 40862 153 56 9

[00:51:52]	[Recv]	mv 3 40854 95 38 9

[00:51:52]	[Recv]	stat 75191 75191 14466 17265 0 1316

[00:51:52]	[Recv]	stat 75191 75191 14583 17265 0 1316

[00:51:52]	[Recv]	mv 3 40929 59 86 9

[00:51:52]	[Recv]	mv 3 40898 189 40 8

[00:51:52]	[Recv]	mv 3 40884 49 117 8

[00:51:52]	[Recv]	mv 3 40875 80 45 8

[00:51:52]	[Recv]	mv 3 40873 65 76 8

[00:51:52]	[Recv]	mv 3 40860 144 92 9

[00:51:52]	[Recv]	mv 3 40856 114 32 9

[00:51:52]	[Recv]	mv 3 40850 73 80 9

[00:51:52]	[Recv]	mv 3 40845 34 106 9

[00:51:53]	[Recv]	mv 3 40941 153 52 9

[00:51:53]	[Recv]	mv 3 40938 140 95 9

[00:51:53]	[Recv]	mv 3 40935 127 82 9

[00:51:53]	[Recv]	mv 3 40927 52 113 9

[00:51:53]	[Recv]	mv 3 40925 183 40 9

[00:51:53]	[Recv]	mv 3 40911 132 46 9

[00:51:53]	[Recv]	mv 3 40906 108 53 9

[00:51:53]	[Recv]	mv 3 40896 176 46 8

[00:51:53]	[Recv]	mv 3 40889 135 54 8

[00:51:53]	[Recv]	mv 3 40874 67 47 8

[00:51:53]	[Recv]	mv 3 40872 63 105 8

[00:51:53]	[Recv]	mv 3 40859 134 36 9

[00:51:53]	[Recv]	mv 3 40855 97 59 9

[00:51:53]	[Recv]	mv 3 40853 82 36 9

[00:51:53]	[Recv]	pst 2 2557262 0 100 100 34166 7013 0 0 0

[00:51:53]	[Recv]	pst 2 2557249 1 100 100 42830 3622 0 0 0

[00:51:53]	[Recv]	mv 3 40947 176 65 9

[00:51:53]	[Recv]	mv 3 40940 149 97 9

[00:51:53]	[Recv]	mv 3 40931 180 63 9

[00:51:53]	[Recv]	mv 3 40926 189 35 9

[00:51:53]	[Recv]	mv 3 40921 160 69 9

[00:51:53]	[Recv]	mv 3 40910 118 73 9

[00:51:53]	[Recv]	mv 3 40904 79 54 9

[00:51:53]	[Recv]	mv 3 40894 164 41 8

[00:51:53]	[Recv]	mv 3 40886 124 29 8

[00:51:53]	[Recv]	mv 3 40866 112 43 8

[00:51:53]	[Recv]	mv 3 40861 151 39 9

[00:51:53]	[Recv]	mv 3 40858 128 29 9

[00:51:53]	[Send]	walk 89 36 0 25
[00:51:53]	[Recv]	mv 3 40948 181 80 9

[00:51:53]	[Recv]	mv 3 40946 173 80 9

[00:51:53]	[Recv]	mv 3 40936 134 94 9

[00:51:53]	[Recv]	mv 3 40933 119 62 9

[00:51:53]	[Recv]	mv 3 40932 90 62 9

[00:51:53]	[Recv]	mv 3 40928 58 97 9

[00:51:53]	[Recv]	mv 3 40923 168 53 9

[00:51:53]	[Recv]	mv 3 40916 142 47 9

[00:51:53]	[Recv]	mv 3 40908 106 37 9

[00:51:53]	[Recv]	mv 3 40903 62 96 9

[00:51:53]	[Recv]	mv 3 40901 60 51 9

[00:51:53]	[Recv]	mv 3 40892 150 94 8

[00:51:53]	[Recv]	mv 3 40885 124 53 8

[00:51:53]	[Recv]	mv 3 40882 121 59 8

[00:51:53]	[Recv]	mv 3 40881 116 79 8

[00:51:53]	[Recv]	mv 3 40877 85 38 8

[00:51:53]	[Recv]	mv 3 40871 59 58 8

[00:51:53]	[Recv]	mv 3 40857 119 40 9

[00:51:53]	[Recv]	mv 3 40846 40 108 9

[00:51:53]	[Recv]	mv 3 40934 128 91 9

[00:51:53]	[Recv]	mv 3 40917 148 49 9

[00:51:53]	[Recv]	mv 3 40914 138 89 9

[00:51:53]	[Recv]	mv 3 40887 126 67 8

[00:51:53]	[Recv]	mv 3 40880 157 82 8

[00:51:53]	[Recv]	mv 3 40868 51 51 8

[00:51:53]	[Recv]	mv 3 40863 161 40 9

[00:51:53]	[Recv]	mv 3 40949 187 69 9

[00:51:53]	[Recv]	mv 3 40942 153 90 9

[00:51:53]	[Recv]	mv 3 40929 60 84 9

[00:51:53]	[Recv]	mv 3 40902 60 80 9

[00:51:53]	[Recv]	mv 3 40899 47 98 9

[00:51:53]	[Recv]	mv 3 40884 50 116 8

[00:51:53]	[Recv]	mv 3 40860 146 91 9

[00:51:53]	[Recv]	mv 3 40856 115 32 9

[00:51:53]	[Recv]	mv 3 40852 77 106 9

[00:51:53]	[Recv]	mv 3 40851 74 47 9

[00:51:53]	[Recv]	mv 3 40845 35 104 9

[00:51:54]	[Recv]	mv 3 40941 154 50 9

[00:51:54]	[Recv]	mv 3 40939 147 83 9

[00:51:54]	[Recv]	mv 3 40938 140 94 9

[00:51:54]	[Recv]	mv 3 40935 128 81 9

[00:51:54]	[Recv]	mv 3 40927 51 111 9

[00:51:54]	[Recv]	mv 3 40924 179 86 9

[00:51:54]	[Recv]	mv 3 40922 164 36 9

[00:51:54]	[Recv]	mv 3 40913 143 27 9

[00:51:54]	[Recv]	mv 3 40906 109 51 9

[00:51:54]	[Recv]	mv 3 40891 55 64 8

[00:51:54]	[Recv]	mv 3 40889 136 54 8

[00:51:54]	[Recv]	mv 3 40872 64 105 8

[00:51:54]	[Recv]	mv 3 40869 54 60 8

[00:51:54]	[Recv]	mv 3 40859 134 38 9

[00:51:54]	[Recv]	mv 3 40855 95 60 9

[00:51:54]	[Recv]	mv 3 40853 81 38 9

[00:51:54]	[Recv]	pst 2 2557262 0 100 100 34166 7013 0 0 0

[00:51:54]	[Recv]	pst 2 2557249 1 100 100 42830 3622 0 0 0

[00:51:54]	[Recv]	mv 3 40947 174 66 9

[00:51:54]	[Recv]	mv 3 40940 148 98 9

[00:51:54]	[Recv]	mv 3 40931 180 62 9

[00:51:54]	[Recv]	mv 3 40926 188 35 9

[00:51:54]	[Recv]	mv 3 40910 119 71 9

[00:51:54]	[Recv]	mv 3 40904 77 55 9

[00:51:54]	[Recv]	mv 3 40888 127 33 8

[00:51:54]	[Recv]	mv 3 40886 126 31 8

[00:51:54]	[Recv]	mv 3 40849 62 57 9

[00:51:54]	[Send]	walk 98 36 0 25
[00:51:54]	[Recv]	mv 3 40948 183 79 9

[00:51:54]	[Recv]	mv 3 40946 171 82 9

[00:51:54]	[Recv]	mv 3 40943 156 84 9

[00:51:54]	[Recv]	mv 3 40936 132 95 9

[00:51:54]	[Recv]	mv 3 40933 118 62 9

[00:51:54]	[Recv]	mv 3 40901 61 52 9

[00:51:54]	[Recv]	mv 3 40893 163 47 8

[00:51:54]	[Recv]	mv 3 40882 121 60 8

[00:51:54]	[Recv]	mv 3 40864 172 76 9

[00:51:54]	[Recv]	mv 3 40934 126 89 9

[00:51:54]	[Recv]	mv 3 40920 151 98 9

[00:51:54]	[Recv]	mv 3 40917 150 48 9

[00:51:54]	[Recv]	mv 3 40914 140 89 9

[00:51:54]	[Recv]	mv 3 40900 50 114 9

[00:51:54]	[Recv]	mv 3 40880 157 83 8

[00:51:54]	[Recv]	mv 3 40870 52 78 8

[00:51:54]	[Recv]	mv 3 40868 52 50 8

[00:51:54]	[Recv]	mv 3 40862 153 58 9

[00:51:54]	[Recv]	mv 3 40854 96 39 9

[00:51:54]	[Recv]	stat 75191 75191 14583 17265 0 1316

[00:51:54]	[Recv]	mv 3 40945 164 74 9

[00:51:54]	[Recv]	mv 3 40929 59 86 9

[00:51:54]	[Recv]	mv 3 40915 140 73 9

[00:51:54]	[Recv]	mv 3 40902 62 80 9

[00:51:54]	[Recv]	mv 3 40899 46 98 9

[00:51:54]	[Recv]	mv 3 40898 188 39 8

[00:51:54]	[Recv]	mv 3 40875 81 44 8

[00:51:54]	[Recv]	mv 3 40873 64 77 8

[00:51:54]	[Recv]	mv 3 40860 144 93 9

[00:51:54]	[Recv]	mv 3 40852 75 106 9

[00:51:54]	[Recv]	mv 3 40845 35 105 9

[00:51:54]	[Send]	walk 102 34 1 25
[00:51:55]	[Recv]	mv 3 40941 152 50 9

[00:51:55]	[Recv]	mv 3 40919 159 60 9

[00:51:55]	[Recv]	mv 3 40913 141 27 9

[00:51:55]	[Recv]	mv 3 40911 132 45 9

[00:51:55]	[Recv]	mv 3 40874 68 49 8

[00:51:55]	[Recv]	mv 3 40869 53 58 8

[00:51:55]	[Recv]	mv 3 40859 136 36 9

[00:51:55]	[Recv]	pst 2 2557262 0 100 100 34166 7013 0 0 0

[00:51:55]	[Recv]	pst 2 2557249 1 100 100 42830 3622 0 0 0

[00:51:55]	[Recv]	mv 3 40947 175 65 9

[00:51:55]	[Recv]	mv 3 40921 160 68 9

[00:51:55]	[Recv]	mv 3 40904 78 54 9

[00:51:55]	[Recv]	mv 3 40886 127 29 8

[00:51:55]	[Recv]	mv 3 40861 151 40 9

[00:51:55]	[Recv]	mv 3 40858 127 27 9

[00:51:55]	[Recv]	mv 3 40948 182 79 9

[00:51:55]	[Recv]	mv 3 40946 173 81 9

[00:51:55]	[Recv]	mv 3 40943 158 86 9

[00:51:55]	[Recv]	mv 3 40933 117 60 9

[00:51:55]	[Recv]	mv 3 40928 56 97 9

[00:51:55]	[Recv]	mv 3 40923 170 55 9

[00:51:55]	[Recv]	mv 3 40916 141 46 9

[00:51:55]	[Recv]	mv 3 40908 108 35 9

[00:51:55]	[Recv]	mv 3 40903 61 97 9

[00:51:55]	[Recv]	mv 3 40901 60 50 9

[00:51:55]	[Recv]	mv 3 40895 171 41 8

[00:51:55]	[Recv]	mv 3 40877 83 40 8

[00:51:55]	[Recv]	mv 3 40871 58 57 8

[00:51:55]	[Recv]	mv 3 40864 172 77 9

[00:51:55]	[Recv]	mv 3 40857 118 39 9

[00:51:55]	[Send]	walk 97 27 1 25
[00:51:55]	[Recv]	mv 3 40934 127 88 9

[00:51:55]	[Recv]	mv 3 40920 150 100 9

[00:51:55]	[Recv]	mv 3 40917 151 47 9

[00:51:55]	[Recv]	mv 3 40900 50 113 9

[00:51:55]	[Recv]	mv 3 40880 158 83 8

[00:51:55]	[Recv]	mv 3 40876 82 47 8

[00:51:55]	[Recv]	mv 3 40863 159 38 9

[00:51:55]	[Recv]	mv 3 40862 154 60 9

[00:51:55]	[Recv]	mv 3 40854 95 38 9

[00:51:55]	[Recv]	mv 3 40949 188 69 9

[00:51:55]	[Recv]	mv 3 40945 165 75 9

[00:51:55]	[Recv]	mv 3 40942 154 92 9

[00:51:55]	[Recv]	mv 3 40937 139 101 9

[00:51:55]	[Recv]	mv 3 40915 142 73 9

[00:51:55]	[Recv]	mv 3 40907 99 52 9

[00:51:55]	[Recv]	mv 3 40902 64 82 9

[00:51:55]	[Recv]	mv 3 40899 47 99 9

[00:51:55]	[Recv]	mv 3 40898 186 37 8

[00:51:55]	[Recv]	mv 3 40884 48 115 8

[00:51:55]	[Recv]	mv 3 40875 82 42 8

[00:51:55]	[Recv]	mv 3 40873 65 76 8

[00:51:55]	[Recv]	mv 3 40867 45 113 8

[00:51:55]	[Recv]	mv 3 40856 115 31 9

[00:51:55]	[Recv]	mv 3 40851 73 48 9

[00:51:55]	[Recv]	mv 3 40850 74 82 9

[00:51:55]	[Recv]	mv 3 40845 34 106 9

[00:51:55]	[Send]	walk 99 22 1 25
[00:51:56]	[Recv]	mv 3 40941 150 51 9

[00:51:56]	[Recv]	mv 3 40939 146 85 9

[00:51:56]	[Recv]	mv 3 40938 141 93 9

[00:51:56]	[Recv]	mv 3 40925 185 42 9

[00:51:56]	[Recv]	mv 3 40924 180 84 9

[00:51:56]	[Recv]	mv 3 40913 142 26 9

[00:51:56]	[Recv]	mv 3 40906 108 52 9

[00:51:56]	[Recv]	mv 3 40896 175 45 8

[00:51:56]	[Recv]	mv 3 40891 54 64 8

[00:51:56]	[Recv]	mv 3 40859 137 35 9

[00:51:56]	[Recv]	mv 3 40855 95 61 9

[00:51:56]	[Recv]	mv 3 40853 83 39 9

[00:51:56]	[Recv]	mv 3 40848 47 94 9

[00:51:56]	[Recv]	pst 2 2557262 0 100 100 34166 7013 0 0 0

[00:51:56]	[Recv]	pst 2 2557249 1 100 100 42830 3622 0 0 0

[00:51:56]	[Recv]	mv 3 40947 176 63 9

[00:51:56]	[Recv]	mv 3 40940 146 99 9

[00:51:56]	[Recv]	mv 3 40921 158 68 9

[00:51:56]	[Recv]	mv 3 40909 113 46 9

[00:51:56]	[Recv]	mv 3 40904 78 55 9

[00:51:56]	[Recv]	mv 3 40888 125 35 8

[00:51:56]	[Recv]	mv 3 40878 85 46 8

[00:51:56]	[Recv]	mv 3 40866 111 42 8

[00:51:56]	[Recv]	mv 3 40849 64 56 9

[00:51:56]	[Send]	walk 99 19 1 25
[00:51:56]	[Recv]	mv 3 40946 172 79 9

[00:51:56]	[Recv]	mv 3 40943 156 85 9

[00:51:56]	[Recv]	mv 3 40933 119 58 9

[00:51:56]	[Recv]	mv 3 40892 150 95 8

[00:51:56]	[Recv]	mv 3 40885 126 52 8

[00:51:56]	[Recv]	mv 3 40882 122 61 8

[00:51:56]	[Recv]	mv 3 40877 84 39 8

[00:51:56]	[Recv]	mv 3 40857 119 41 9

[00:51:56]	[Recv]	mv 3 40846 41 108 9

[00:51:56]	[Recv]	mv 3 40917 149 46 9

[00:51:56]	[Recv]	mv 3 40876 84 46 8

[00:51:56]	[Recv]	stat 75191 75191 14583 17265 0 1316

[00:51:56]	[Recv]	stat 75191 75191 14700 17265 0 1316

[00:51:56]	[Recv]	mv 3 40949 187 67 9

[00:51:56]	[Recv]	mv 3 40945 165 76 9

[00:51:56]	[Recv]	mv 3 40915 141 74 9

[00:51:56]	[Recv]	mv 3 40907 98 54 9

[00:51:56]	[Recv]	mv 3 40902 62 81 9

[00:51:56]	[Recv]	mv 3 40899 47 98 9

[00:51:56]	[Recv]	mv 3 40873 66 74 8

[00:51:56]	[Recv]	mv 3 40867 45 111 8

[00:51:56]	[Recv]	mv 3 40860 145 93 9

[00:51:56]	[Recv]	mv 3 40856 113 32 9

[00:51:56]	[Recv]	mv 3 40852 76 105 9

[00:51:56]	[Recv]	mv 3 40845 33 105 9

[00:51:57]	[Recv]	mv 3 40941 152 51 9

[00:51:57]	[Recv]	mv 3 40939 145 84 9

[00:51:57]	[Recv]	mv 3 40935 127 83 9

[00:51:57]	[Recv]	mv 3 40927 52 112 9

[00:51:57]	[Recv]	mv 3 40925 184 42 9

[00:51:57]	[Recv]	mv 3 40924 179 85 9

[00:51:57]	[Recv]	mv 3 40911 130 46 9

[00:51:57]	[Recv]	mv 3 40906 109 54 9

[00:51:57]	[Recv]	mv 3 40897 182 74 8

[00:51:57]	[Recv]	mv 3 40896 174 44 8

[00:51:57]	[Recv]	mv 3 40889 136 55 8

[00:51:57]	[Recv]	mv 3 40874 67 47 8

[00:51:57]	[Recv]	mv 3 40869 52 59 8

[00:51:57]	[Recv]	mv 3 40855 97 61 9

[00:51:57]	[Recv]	mv 3 40853 85 38 9

[00:51:57]	[Recv]	mv 3 40848 48 93 9

[00:51:57]	[Recv]	pst 2 2557262 0 100 100 34166 7013 0 0 0

[00:51:57]	[Recv]	pst 2 2557249 1 100 100 42830 3622 0 0 0

[00:51:57]	[Recv]	mv 3 40947 175 64 9

[00:51:57]	[Recv]	mv 3 40931 182 61 9

[00:51:57]	[Recv]	mv 3 40926 189 37 9

[00:51:57]	[Recv]	mv 3 40909 115 46 9

[00:51:57]	[Recv]	mv 3 40904 76 56 9

[00:51:57]	[Recv]	mv 3 40894 166 42 8

[00:51:57]	[Recv]	mv 3 40886 126 30 8

[00:51:57]	[Recv]	mv 3 40861 150 41 9

[00:51:57]	[Recv]	mv 3 40858 129 26 9

[00:51:57]	[Recv]	mv 3 40849 63 55 9

[00:51:57]	[Send]	walk 101 10 0 25
[00:51:57]	[Recv]	mv 3 40948 182 80 9

[00:51:57]	[Recv]	mv 3 40946 171 80 9

[00:51:57]	[Recv]	mv 3 40943 155 84 9

[00:51:57]	[Recv]	mv 3 40936 134 93 9

[00:51:57]	[Recv]	mv 3 40933 118 58 9

[00:51:57]	[Recv]	mv 3 40923 169 57 9

[00:51:57]	[Recv]	mv 3 40916 143 46 9

[00:51:57]	[Recv]	mv 3 40908 107 33 9

[00:51:57]	[Recv]	mv 3 40895 170 40 8

[00:51:57]	[Recv]	mv 3 40893 161 48 8

[00:51:57]	[Recv]	mv 3 40885 126 51 8

[00:51:57]	[Recv]	mv 3 40857 118 41 9

[00:51:57]	[Recv]	mv 3 40847 41 115 9

[00:51:57]	[Recv]	mv 3 40920 149 99 9

[00:51:57]	[Recv]	mv 3 40914 139 88 9

[00:51:57]	[Recv]	mv 3 40900 51 114 9

[00:51:57]	[Recv]	mv 3 40876 83 48 8

[00:51:57]	[Recv]	mv 3 40870 53 77 8

[00:51:57]	[Recv]	mv 3 40863 160 39 9

[00:51:57]	[Recv]	mv 3 40862 155 58 9

[00:51:57]	[Recv]	mv 3 40942 152 91 9

[00:51:57]	[Recv]	mv 3 40915 140 76 9

[00:51:57]	[Recv]	mv 3 40907 99 53 9

[00:51:57]	[Recv]	mv 3 40902 64 79 9

[00:51:57]	[Recv]	mv 3 40899 46 100 9

[00:51:57]	[Recv]	mv 3 40898 187 38 8

[00:51:57]	[Recv]	mv 3 40884 49 116 8

[00:51:57]	[Recv]	mv 3 40873 65 76 8

[00:51:57]	[Recv]	mv 3 40860 145 92 9

[00:51:57]	[Recv]	mv 3 40852 74 106 9

[00:51:57]	[Recv]	mv 3 40851 73 50 9

[00:51:57]	[Recv]	mv 3 40850 74 81 9

[00:51:58]	[Recv]	mv 3 40938 139 95 9

[00:51:58]	[Recv]	mv 3 40935 128 83 9

[00:51:58]	[Recv]	mv 3 40922 163 36 9

[00:51:58]	[Recv]	mv 3 40913 143 27 9

[00:51:58]	[Recv]	mv 3 40911 128 45 9

[00:51:58]	[Recv]	mv 3 40896 173 43 8

[00:51:58]	[Recv]	mv 3 40891 54 63 8

[00:51:58]	[Recv]	mv 3 40889 137 54 8

[00:51:58]	[Recv]	mv 3 40874 65 48 8

[00:51:58]	[Recv]	mv 3 40872 63 106 8

[00:51:58]	[Recv]	mv 3 40855 98 60 9

[00:51:58]	[Recv]	pst 2 2557262 0 100 100 34166 7013 0 0 0

[00:51:58]	[Recv]	pst 2 2557249 1 100 100 42830 3622 0 0 0

[00:51:58]	[Recv]	mv 3 40947 174 62 9

[00:51:58]	[Recv]	mv 3 40931 180 63 9

[00:51:58]	[Recv]	mv 3 40910 120 72 9

[00:51:58]	[Recv]	mv 3 40904 75 55 9

[00:51:58]	[Recv]	mv 3 40894 164 43 8

[00:51:58]	[Recv]	mv 3 40888 127 34 8

[00:51:58]	[Recv]	mv 3 40866 110 41 8

[00:51:58]	[Recv]	mv 3 40861 150 42 9

[00:51:58]	[Recv]	mv 3 40858 128 27 9

[00:51:58]	[Recv]	mv 3 40849 62 56 9

[00:51:58]	[Send]	walk 108 3 0 25
[00:51:58]	[Recv]	mv 3 40948 181 81 9

[00:51:58]	[Recv]	mv 3 40933 120 60 9

[00:51:58]	[Recv]	mv 3 40932 91 61 9

[00:51:58]	[Recv]	mv 3 40928 54 97 9

[00:51:58]	[Recv]	mv 3 40923 171 55 9

[00:51:58]	[Recv]	mv 3 40901 62 50 9

[00:51:58]	[Recv]	mv 3 40895 169 39 8

[00:51:58]	[Recv]	mv 3 40877 83 38 8

[00:51:58]	[Recv]	mv 3 40871 60 59 8

[00:51:58]	[Recv]	mv 3 40846 40 106 9

[00:51:58]	[Recv]	mv 3 40917 149 47 9

[00:51:58]	[Recv]	mv 3 40914 141 88 9

[00:51:58]	[Recv]	mv 3 40900 53 113 9

[00:51:58]	[Recv]	mv 3 40880 159 82 8

[00:51:58]	[Recv]	mv 3 40876 82 49 8

[00:51:58]	[Recv]	mv 3 40862 154 59 9

[00:51:58]	[Recv]	stat 75191 75191 14700 17265 0 1316

[00:51:58]	[Recv]	mv 3 40945 164 74 9

[00:51:58]	[Recv]	mv 3 40942 151 92 9

[00:51:58]	[Recv]	mv 3 40929 59 87 9

[00:51:58]	[Recv]	mv 3 40915 139 75 9

[00:51:58]	[Recv]	mv 3 40907 97 54 9

[00:51:58]	[Recv]	mv 3 40902 63 78 9

[00:51:58]	[Recv]	mv 3 40899 46 99 9

[00:51:58]	[Recv]	mv 3 40898 185 38 8

[00:51:58]	[Recv]	mv 3 40875 84 43 8

[00:51:58]	[Recv]	mv 3 40873 65 77 8

[00:51:58]	[Recv]	mv 3 40860 145 91 9

[00:51:58]	[Recv]	mv 3 40856 115 30 9

[00:51:58]	[Recv]	mv 3 40852 76 107 9

[00:51:58]	[Recv]	mv 3 40851 73 49 9

[00:51:58]	[Recv]	mv 3 40850 76 80 9

[00:51:58]	[Recv]	mv 3 40845 32 104 9

[00:51:59]	[Recv]	mv 3 40941 152 50 9

[00:51:59]	[Recv]	mv 3 40935 129 82 9

[00:51:59]	[Recv]	mv 3 40924 178 84 9

[00:51:59]	[Recv]	mv 3 40919 160 60 9

[00:51:59]	[Recv]	mv 3 40911 130 44 9

[00:51:59]	[Recv]	mv 3 40906 108 53 9

[00:51:59]	[Recv]	mv 3 40897 181 72 8

[00:51:59]	[Recv]	mv 3 40896 174 42 8

[00:51:59]	[Recv]	mv 3 40889 135 53 8

[00:51:59]	[Recv]	mv 3 40874 65 49 8

[00:51:59]	[Recv]	mv 3 40872 61 106 8

[00:51:59]	[Recv]	mv 3 40859 136 37 9

[00:51:59]	[Recv]	mv 3 40848 49 94 9

[00:51:59]	[Recv]	pst 2 2557262 0 100 100 34166 7013 0 0 0

[00:51:59]	[Recv]	pst 2 2557249 1 100 100 42830 3622 0 0 0

[00:51:59]	[Recv]	mv 3 40947 173 63 9

[00:51:59]	[Recv]	mv 3 40940 147 97 9

[00:51:59]	[Recv]	mv 3 40921 157 66 9

[00:51:59]	[Recv]	mv 3 40910 122 73 9

[00:51:59]	[Recv]	mv 3 40909 114 45 9

[00:51:59]	[Recv]	mv 3 40904 76 54 9

[00:51:59]	[Recv]	mv 3 40888 125 35 8

[00:51:59]	[Recv]	mv 3 40878 86 47 8

[00:51:59]	[Recv]	mv 3 40866 110 42 8

[00:51:59]	[Recv]	mv 3 40858 129 29 9

[00:51:59]	[Send]	walk 110 1 0 25
[00:51:59]	[Recv]	mv 3 40946 170 81 9

[00:51:59]	[Recv]	mv 3 40943 157 85 9

[00:51:59]	[Recv]	mv 3 40933 119 61 9

[00:51:59]	[Recv]	mv 3 40932 90 60 9

[00:51:59]	[Recv]	mv 3 40923 171 57 9

[00:51:59]	[Recv]	mv 3 40916 141 47 9

[00:51:59]	[Recv]	mv 3 40908 105 35 9

[00:51:59]	[Recv]	mv 3 40901 62 52 9

[00:51:59]	[Recv]	mv 3 40895 171 39 8

[00:51:59]	[Recv]	mv 3 40892 150 94 8

[00:51:59]	[Recv]	mv 3 40877 84 38 8

[00:51:59]	[Recv]	mv 3 40864 173 77 9

[00:51:59]	[Recv]	mv 3 40857 119 40 9

[00:51:59]	[Recv]	mv 3 40846 41 106 9

[00:51:59]	[Send]	preq
[00:51:59]	[Recv]	mv 3 40934 129 89 9

[00:51:59]	[Recv]	mv 3 40917 150 48 9

[00:51:59]	[Recv]	mv 3 40887 126 66 8

[00:51:59]	[Recv]	mv 3 40880 159 84 8

[00:51:59]	[Recv]	mv 3 40870 53 76 8

[00:51:59]	[Recv]	mv 3 40854 97 38 9

[00:51:59]	[Recv]	c_map 0 2637 0

[00:51:59]	[Recv]	mapout

[00:51:59]	[Send]	c_close 1
[00:51:59]	[Send]	c_close 0
[00:51:59]	[Send]	f_stash_end 
[00:51:59]	[Send]	c_close 1
[00:51:59]	[Recv]	c_info milkers - -1 3739.918 Sanguinarius 6835325 0 0 1 5 1 27 0 10 0 0 0 0 8151 9

[00:51:59]	[Send]	mall 50
[00:51:59]	[Send]	c_close 1
[00:51:59]	[Recv]	c_mode 1 6835325 3728 0 0 0 100 8151

[00:51:59]	[Recv]	equip 73 78 0.8628.3.7.0.8.82 1.8643.8.7.0.2.82 2.8689.0.0.0.0.0 3.8653.0.2.0.0.0 4.8655.0.0.0.0.0 5.8636.7.8.0.0.82 6.4657.0.0.0.0.0 7.4653.0.0.0.0.0 8.4647.0.0.0.0.0 9.8687.0.0.0.0.0 10.8674.9.0.0.0.0 12.909.0.20.100.0.0 13.8680.0.0.0.0.0 14.8566.0.0.0.0.0 15.8598.0.0.0.0.0 16.8568.0.0.0.0.0 17.8801.0.0.0.0.0

[00:51:59]	[Recv]	lev 99 0 99 0 2140719000 5991794 13364600 200 881816047 91 967912450 0

[00:51:59]	[Recv]	stat 75191 75191 14700 17265 0 1316

[00:51:59]	[Recv]	at 6835325 2628 111 124 2 0 115 1 -1

[00:51:59]	[Recv]	cond 1 6835325 0 0 25

[00:51:59]	[Recv]	cond 1 6835325 0 0 25

[00:51:59]	[Recv]	titinfo 1 6835325 9468 9468

[00:51:59]	[Recv]	eq 6835325 0 0 1 5 1 8689.8643.8628.8636.8687.8674.8680.8566.8598.8568.8801 73 78 100

[00:51:59]	[Recv]	c_map 0 2628 1

[00:51:59]	[Recv]	sc 0 7 4136 4278 1894 37 415 1 8 4111 4311 2101 43 405 7 2246 1268 2064 1268 1784 91 88 127 138

[00:51:59]	[Recv]	char_sc 1 6835325 100

[00:51:59]	[Recv]	gidx 1 6835325 3739.918 Sanguinarius 27 0|0|1

[00:51:59]	[Recv]	rsfp 0 -1

[00:51:59]	[Recv]	pairy 1 6835325 4 3 129 59

[00:51:59]	[Recv]	minipet 1 6835325 8801

[00:51:59]	[Recv]	act6 

[00:51:59]	[Recv]	pinit 2 2|2557262|0|99|@|-1|2789|1|2646|0|0 2|2557249|1|96|@|-1|2762|0|0|0|0


[00:51:59]	[Recv]	food 0

[00:51:59]	[Recv]	mv 1 7642878 108 106 24

[00:52:00]	[Recv]	mv 2 40299 63 132 4

[00:52:00]	[Recv]	gp 7 76 2633 -1 0 0

[00:52:00]	[Recv]	gp 60 120 4995 3 1 0

[00:52:00]	[Recv]	gp 111 126 2637 -1 2 0

[00:52:00]	[Recv]	gp 116 18 2640 -1 3 0

[00:52:00]	[Recv]	wp 105 114 90 4 85 99

[00:52:00]	[Recv]	in 2 3096 40312 42 75 3 100 100 11015 0 0 -1 1 0 -1 - 0 -1 0 0 0 0 0 0 0 0 0 0 0 0 0

[00:52:00]	[Recv]	shop 2 40312 1 5 48 Family Manager

[00:52:00]	[Recv]	in 2 3076 40311 43 50 6 100 100 11009 0 0 -1 1 0 -1 - 0 -1 0 0 0 0 0 0 0 0 0 0 0 0 0

[00:52:00]	[Recv]	shop 2 40311 1 0 88 Rune Workshop

[00:52:00]	[Recv]	in 2 3079 40310 76 43 2 100 100 11014 0 0 -1 1 0 -1 - 0 -1 0 0 0 0 0 0 0 0 0 0 0 0 0

[00:52:00]	[Recv]	shop 2 40310 1 0 87 Alchemy Shop

[00:52:00]	[Recv]	in 2 3070 40309 31 52 6 100 100 11008 0 0 -1 1 0 -1 - 0 -1 0 0 0 0 0 0 0 0 0 0 0 0 0

[00:52:00]	[Recv]	shop 2 40309 1 0 86 Supermarket

[00:52:00]	[Recv]	in 2 3097 40308 99 37 7 100 100 11020 0 0 -1 1 0 -1 - 0 -1 0 0 0 0 0 0 0 0 0 0 0 0 0

[00:52:00]	[Recv]	shop 2 40308 1 0 85 General Shop

[00:52:00]	[Recv]	in 2 3084 40307 46 49 6 100 100 11003 0 0 -1 1 0 -1 - 0 -1 0 0 0 0 0 0 0 0 0 0 0 0 0

[00:52:00]	[Recv]	shop 2 40307 1 0 84 Equipment Shop

[00:52:00]	[Recv]	in 2 3077 40306 71 42 2 100 100 11006 0 0 -1 1 0 -1 - 0 -1 0 0 0 0 0 0 0 0 0 0 0 0 0

[00:52:00]	[Recv]	shop 2 40306 1 0 83 Tattooist

[00:52:00]	[Recv]	in 2 3385 40305 37 52 6 100 100 571 0 0 -1 1 0 -1 - 0 -1 0 0 0 0 0 0 0 0 0 0 0 0 0

[00:52:00]	[Recv]	shop 2 40305 1 0 117 Shell Master

[00:52:00]	[Recv]	in 2 1579 40304 41 71 3 100 100 570 0 0 -1 1 0 -1 - 0 -1 0 0 0 0 0 0 0 0 0 0 0 0 0

[00:52:00]	[Recv]	shop 2 40304 1 0 116 Hardcore Raid Token Shop (Moritius)

[00:52:00]	[Recv]	in 2 3048 40303 153 84 3 100 100 11028 0 0 -1 1 0 -1 - 0 -1 0 0 0 0 0 0 0 0 0 0 0 0 0

[00:52:00]	[Recv]	shop 2 40303 1 0 92 Celestial Spire Guard

[00:52:00]	[Recv]	in 2 3081 40302 49 66 0 100 100 11030 0 0 -1 1 0 -1 - 0 -1 0 0 0 0 0 0 0 0 0 0 0 0 0

[00:52:00]	[Recv]	shop 2 40302 1 0 45 NosBazaar

[00:52:00]	[Recv]	in 2 3078 40301 119 30 7 100 100 11002 0 0 -1 1 0 -1 - 0 -1 0 0 0 0 0 0 0 0 0 0 0 0 0

[00:52:00]	[Recv]	shop 2 40301 1 0 82 Rainbow Shop

[00:52:00]	[Recv]	in 2 3115 40300 64 125 0 100 100 0 0 0 -1 1 0 -1 - 0 -1 0 0 0 0 0 0 0 0 0 0 0 0 0

[00:52:00]	[Recv]	in 2 3115 40299 63 132 0 100 100 0 0 0 -1 1 0 -1 - 0 -1 0 0 0 0 0 0 0 0 0 0 0 0 0

[00:52:00]	[Recv]	in 2 3115 40298 60 127 0 100 100 0 0 0 -1 1 0 -1 - 0 -1 0 0 0 0 0 0 0 0 0 0 0 0 0

[00:52:00]	[Recv]	in 2 3115 40297 60 129 0 100 100 0 0 0 -1 1 0 -1 - 0 -1 0 0 0 0 0 0 0 0 0 0 0 0 0

[00:52:00]	[Recv]	in 2 3115 40296 57 133 0 100 100 0 0 0 -1 1 0 -1 - 0 -1 0 0 0 0 0 0 0 0 0 0 0 0 0

[00:52:00]	[Recv]	in 2 3115 40295 53 128 0 100 100 0 0 0 -1 1 0 -1 - 0 -1 0 0 0 0 0 0 0 0 0 0 0 0 0

[00:52:00]	[Recv]	in 2 3115 40294 56 124 0 100 100 0 0 0 -1 1 0 -1 - 0 -1 0 0 0 0 0 0 0 0 0 0 0 0 0

[00:52:00]	[Recv]	in 2 3092 40293 117 40 0 100 100 0 0 0 -1 1 0 -1 - 0 -1 0 0 0 0 0 0 0 0 0 0 0 0 0

[00:52:00]	[Recv]	in 2 3091 40292 119 42 0 100 100 0 0 0 -1 1 0 -1 - 0 -1 0 0 0 0 0 0 0 0 0 0 0 0 0

[00:52:00]	[Recv]	in 2 3090 40291 126 55 3 100 100 11025 0 0 -1 1 0 -1 - 0 -1 0 0 0 0 0 0 0 0 0 0 0 0 0

[00:52:00]	[Recv]	in 2 3089 40290 126 57 3 100 100 11005 0 0 -1 1 0 -1 - 0 -1 0 0 0 0 0 0 0 0 0 0 0 0 0

[00:52:00]	[Recv]	in 2 3088 40289 120 112 3 100 100 0 0 0 -1 1 0 -1 - 0 -1 0 0 0 0 0 0 0 0 0 0 0 0 0

[00:52:00]	[Recv]	in 2 3087 40288 120 120 3 100 100 11001 0 0 -1 1 0 -1 - 0 -1 0 0 0 0 0 0 0 0 0 0 0 0 0

[00:52:00]	[Recv]	in 2 3083 40287 46 101 3 100 100 0 0 0 -1 1 0 -1 - 0 -1 0 0 0 0 0 0 0 0 0 0 0 0 0

[00:52:00]	[Recv]	in 2 3082 40286 30 107 1 100 100 0 0 0 -1 1 0 -1 - 0 -1 0 0 0 0 0 0 0 0 0 0 0 0 0

[00:52:00]	[Recv]	in 2 3080 40285 123 46 7 100 100 0 0 0 -1 1 0 -1 - 0 -1 0 0 0 0 0 0 0 0 0 0 0 0 0

[00:52:00]	[Recv]	in 2 3074 40284 52 90 0 100 100 11021 0 0 -1 1 0 -1 - 0 -1 0 0 0 0 0 0 0 0 0 0 0 0 0

[00:52:00]	[Recv]	in 2 3073 40283 33 89 5 100 100 11027 0 0 -1 1 0 -1 - 0 -1 0 0 0 0 0 0 0 0 0 0 0 0 0

[00:52:00]	[Recv]	in 2 3067 40282 82 99 0 100 100 11011 0 0 -1 1 0 -1 - 0 -1 0 0 0 0 0 0 0 0 0 0 0 0 0

[00:52:00]	[Recv]	in 2 3048 40281 116 35 2 100 100 0 0 0 -1 1 0 -1 - 0 -1 0 0 0 0 0 0 0 0 0 0 0 0 0

[00:52:00]	[Recv]	in 2 3048 40280 76 95 0 100 100 0 0 0 -1 1 0 -1 - 0 -1 0 0 0 0 0 0 0 0 0 0 0 0 0

[00:52:00]	[Recv]	in 2 3047 40279 152 81 3 100 100 0 0 0 -1 1 0 -1 - 0 -1 0 0 0 0 0 0 0 0 0 0 0 0 0

[00:52:00]	[Recv]	in 2 3047 40278 151 87 3 100 100 0 0 0 -1 1 0 -1 - 0 -1 0 0 0 0 0 0 0 0 0 0 0 0 0

[00:52:00]	[Recv]	in 2 3047 40277 136 78 3 100 100 0 0 0 -1 1 0 -1 - 0 -1 0 0 0 0 0 0 0 0 0 0 0 0 0

[00:52:00]	[Recv]	in 2 3047 40276 135 85 3 100 100 0 0 0 -1 1 0 -1 - 0 -1 0 0 0 0 0 0 0 0 0 0 0 0 0

[00:52:00]	[Recv]	in 2 3047 40275 109 33 2 100 100 0 0 0 -1 1 0 -1 - 0 -1 0 0 0 0 0 0 0 0 0 0 0 0 0

[00:52:00]	[Recv]	in 2 3047 40274 85 92 0 100 100 0 0 0 -1 1 0 -1 - 0 -1 0 0 0 0 0 0 0 0 0 0 0 0 0

[00:52:00]	[Recv]	in 2 3047 40273 19 66 1 100 100 0 0 0 -1 1 0 -1 - 0 -1 0 0 0 0 0 0 0 0 0 0 0 0 0

[00:52:00]	[Recv]	in 2 3047 40272 18 83 1 100 100 0 0 0 -1 1 0 -1 - 0 -1 0 0 0 0 0 0 0 0 0 0 0 0 0

[00:52:00]	[Recv]	in 2 2557 2443470 72 43 2 100 100 0 0 3 6916712 1 0 3206 @ 1 0 1 1880 1881 1882 4237 0 0 0 2723 0 1 0 0

[00:52:00]	[Recv]	in 2 1488 2443466 71 43 2 100 100 0 0 3 6916712 1 0 -1 @ 2 -1 0 0 0 0 0 0 0 0 0 0 0 6 0

[00:52:00]	[Recv]	in 1 kronyme - 6916712 71 45 2 0 1 3 5 2 221.4479.4451.4963.227.4131.8680.8682.8701.4443.8696 100 100 0 9 4 3 0 42 0 0 86 77 4268.918 GO-Pex-Zaby 25 0 0 0 0 97 3 0|0|0 0 0 100 57 9347

[00:52:00]	[Recv]	pst 2 2557262 0 100 100 34166 7013 0 0 0

[00:52:00]	[Recv]	pst 2 2557249 1 100 100 42830 3622 0 0 0

[00:52:00]	[Send]	walk 111 115 1 25
[00:52:00]	[Recv]	mv 2 40294 54 126 4

[00:52:00]	[Recv]	mv 1 7642878 110 114 24

[00:52:00]	[Recv]	stat 75191 75191 14700 17265 0 1316

[00:52:00]	[Recv]	stat 75191 75191 14817 17265 0 1316

[00:52:00]	[Send]	walk 111 110 0 25
[00:52:01]	[Recv]	mv 2 40299 63 133 4

[00:52:01]	[Send]	walk 103 115 0 25
[00:52:01]	[Recv]	mv 2 40297 61 130 4

[00:52:01]	[Recv]	in 1 alviiiiiin - 7642878 110 114 0 0 0 0 15 2 8016.4954.4966.4963.4610.8155.8564.8682.8550.8568.8720 100 73 0 -1 4 3 0 47 0 3760 97 97 3445.916 Llamas-Oscuras 23 0 0 0 20 93 13 0|0|0 0 0 100 39 9400

[00:52:01]	[Recv]	pst 2 2557262 0 100 100 34166 7013 0 0 0

[00:52:01]	[Recv]	pst 2 2557249 1 100 100 42830 3622 0 0 0

[00:52:01]	[Send]	walk 101 113 1 25
[00:52:01]	[Recv]	mv 2 40296 57 132 4

[00:52:01]	[Send]	walk 103 115 0 25
[00:52:01]	[Recv]	mv 1 7642878 111 115 24

[00:52:01]	[Recv]	mv 2 40294 55 127 4

[00:52:01]	[Send]	walk 103 116 0 25
[00:52:01]	[Recv]	in 2 317 2451709 110 116 2 100 54 0 0 3 7642878 1 0 2789 @ 1 1 1 307 308 309 0 4238 0 0 2646 0 1 0 0

[00:52:01]	[Recv]	in 2 683 2451716 110 115 2 100 100 0 0 3 7642878 1 0 -1 @ 2 -1 0 0 0 0 0 0 0 0 0 0 0 5 0

[00:52:01]	[Recv]	c_mode 1 7642878 13 13 20 0 100 8151

[00:52:02]	[Recv]	mv 2 40300 66 127 4

[00:52:02]	[Recv]	in 2 2557 2523825 70 44 2 100 100 0 0 3 7107564 1 0 2379 @ 1 1 1 1602 1603 1604 0 0 0 0 2366 0 0 0 0

[00:52:02]	[Recv]	in 2 683 2523821 72 46 2 100 100 0 0 3 7107564 1 0 -1 @ 2 -1 0 0 0 0 0 0 0 0 0 0 0 5 0

[00:52:02]	[Recv]	in 1 Pimento - 7107564 71 45 2 0 1 1 9 2 4507.4954.4966.4963.4928.802.8680.8682.8701.4557.-1 100 100 0 9 4 3 0 0 0 27 66 68 4268.918 GO-Pex-Zaby 24 0 10 0 7 95 3 0|0|0 0 0 100 51 9440

[00:52:02]	[Recv]	pst 2 2557262 0 100 100 34166 7013 0 0 0

[00:52:02]	[Recv]	pst 2 2557249 1 100 100 42830 3622 0 0 0

[00:52:02]	[Recv]	mv 2 40296 55 130 4

[00:52:02]	[Recv]	mv 2 40295 53 130 4

[00:52:02]	[Send]	walk 103 107 0 25
[00:52:02]	[Recv]	stat 75191 75191 14817 17265 0 1316

[00:52:03]	[Recv]	mv 2 40297 60 130 4

[00:52:03]	[Recv]	in 2 1613 2547953 44 53 2 100 140 0 0 3 7074610 1 0 -1 @ 1 0 0 0 0 0 0 0 0 0 0 0 0 0 0

[00:52:03]	[Recv]	in 2 1693 2547954 44 51 2 100 100 0 0 3 7074610 1 0 -1 @ 2 -1 0 0 0 0 0 0 0 0 0 0 0 6 0

[00:52:03]	[Recv]	in 1 SierzantPyrek - 7074610 44 52 2 0 0 1 7 2 8839.8831.8814.8822.8687.8674.8860.8862.8869.4531.8694 100 100 0 -1 4 3 0 59 0 0 76 83 5256.918 Strawhats 27 0 0 0 0 99 21 0|0|0 0 0 100 99 9468

[00:52:03]	[Recv]	pst 2 2557262 0 100 100 34166 7013 0 0 0

[00:52:03]	[Recv]	pst 2 2557249 1 100 100 42830 3622 0 0 0

[00:52:03]	[Recv]	mv 2 40296 53 131 4

[00:52:03]	[Send]	walk 97 100 0 25
[00:52:03]	[Recv]	mv 2 40294 54 128 4

[00:52:03]	[Send]	walk 95 98 1 25
[00:52:04]	[Recv]	mv 2 40300 65 126 4

[00:52:04]	[Recv]	mv 2 40299 61 132 4

[00:52:04]	[Send]	walk 93 96 0 25
[00:52:04]	[Recv]	mv 2 40298 61 127 4

[00:52:04]	[Recv]	pst 2 2557262 0 100 100 34166 7013 0 0 0

[00:52:04]	[Recv]	pst 2 2557249 1 100 100 42830 3622 0 0 0

[00:52:04]	[Send]	walk 90 94 1 25
[00:52:04]	[Recv]	mv 2 40296 54 132 4

[00:52:04]	[Recv]	umi 5060.257 9028.376

[00:52:04]	[Send]	pulse 240 0
[00:52:04]	[Recv]	stat 75191 75191 14817 17265 0 1316

[00:52:04]	[Recv]	stat 75191 75191 14934 17265 0 1316

[00:52:05]	[Recv]	mv 2 40299 61 130 4

[00:52:05]	[Recv]	mv 2 40298 60 129 4

[00:52:05]	[Recv]	mv 2 40297 58 130 4

[00:52:05]	[Recv]	pst 2 2557262 0 100 100 34166 7013 0 0 0

[00:52:05]	[Recv]	pst 2 2557249 1 100 100 42830 3622 0 0 0

[00:52:05]	[Recv]	mv 2 40295 54 129 4

[00:52:05]	[Send]	walk 81 92 0 25
[00:52:06]	[Recv]	mv 2 40300 63 127 4

[00:52:06]	[Recv]	mv 2 40297 59 132 4

[00:52:06]	[Recv]	pst 2 2557262 0 100 100 34166 7013 0 0 0

[00:52:06]	[Recv]	pst 2 2557249 1 100 100 42830 3622 0 0 0

[00:52:06]	[Send]	walk 72 92 0 25
[00:52:06]	[Recv]	mv 2 40294 53 127 4

[00:52:06]	[Recv]	stat 75191 75191 14934 17265 0 1316

[00:52:07]	[Recv]	mv 2 40297 58 132 4

[00:52:07]	[Recv]	pst 2 2557262 0 100 100 34166 7013 0 0 0

[00:52:07]	[Recv]	pst 2 2557249 1 100 100 42830 3622 0 0 0

[00:52:07]	[Send]	walk 63 91 1 25
[00:52:07]	[Recv]	mv 2 40295 54 130 4

[00:52:07]	[Recv]	mv 2 40294 53 126 4

[00:52:08]	[Recv]	mv 2 40300 65 125 4

[00:52:08]	[Recv]	mv 2 40299 63 132 4

[00:52:08]	[Recv]	mv 2 40298 60 128 4

[00:52:08]	[Recv]	mv 2 40297 59 131 4

[00:52:08]	[Recv]	pst 2 2557262 0 100 100 34166 7013 0 0 0

[00:52:08]	[Recv]	pst 2 2557249 1 100 100 42830 3622 0 0 0

[00:52:08]	[Send]	walk 54 91 1 25
[00:52:08]	[Recv]	stat 75191 75191 14934 17265 0 1316

[00:52:08]	[Recv]	stat 75191 75191 15051 17265 0 1316

[00:52:09]	[Recv]	mv 2 40300 66 126 4

[00:52:09]	[Send]	walk 45 91 1 25
[00:52:09]	[Recv]	mv 2 40298 61 128 4

[00:52:09]	[Recv]	pst 2 2557262 0 100 100 34166 7013 0 0 0

[00:52:09]	[Recv]	pst 2 2557249 1 100 100 42830 3622 0 0 0

[00:52:09]	[Recv]	mv 2 40294 55 127 4

[00:52:10]	[Recv]	mv 2 40299 61 133 4

[00:52:10]	[Send]	walk 36 91 1 25
[00:52:10]	[Recv]	mv 2 40297 59 130 4

[00:52:10]	[Recv]	pst 2 2557262 0 100 100 34166 7013 0 0 0

[00:52:10]	[Recv]	pst 2 2557249 1 100 100 42830 3622 0 0 0

[00:52:10]	[Recv]	mv 2 40295 55 130 4

[00:52:10]	[Recv]	mv 2 40294 53 126 4

[00:52:10]	[Recv]	stat 75191 75191 15051 17265 0 1316

[00:52:10]	[Send]	walk 27 90 0 25
[00:52:11]	[Recv]	mv 2 40300 65 124 4

[00:52:11]	[Recv]	mv 2 40299 61 132 4

[00:52:11]	[Recv]	mv 2 40298 62 127 4

[00:52:11]	[Recv]	mv 2 40297 60 132 4

[00:52:11]	[Recv]	pst 2 2557262 0 100 100 34166 7013 0 0 0

[00:52:11]	[Recv]	pst 2 2557249 1 100 100 42830 3622 0 0 0

[00:52:11]	[Recv]	mv 1 7642878 111 122 18

[00:52:11]	[Recv]	mv 2 40296 56 131 4

[00:52:11]	[Recv]	mv 2 40295 57 130 4

[00:52:11]	[Recv]	mv 2 2451709 110 121 17

[00:52:11]	[Recv]	mv 2 2451716 110 120 14

[00:52:11]	[Send]	walk 20 83 1 25
[00:52:12]	[Recv]	mv 2 40300 67 126 4

[00:52:12]	[Recv]	mv 2 40299 62 132 4

[00:52:12]	[Recv]	mv 2 40297 58 131 4

[00:52:12]	[Recv]	pst 2 2557262 0 100 100 34166 7013 0 0 0

[00:52:12]	[Recv]	pst 2 2557249 1 100 100 42830 3622 0 0 0

[00:52:12]	[Recv]	mv 2 2451709 111 126 17

[00:52:12]	[Recv]	mv 2 2451716 110 125 14

[00:52:12]	[Recv]	mv 2 40296 57 133 4

[00:52:12]	[Recv]	mv 1 7642878 111 126 18

[00:52:12]	[Recv]	mv 2 40294 55 126 4

[00:52:12]	[Recv]	stat 75191 75191 15051 17265 0 1316

[00:52:12]	[Recv]	stat 75191 75191 15168 17265 0 1316

[00:52:12]	[Recv]	out 1 7642878

[00:52:12]	[Recv]	out 2 2451709

[00:52:12]	[Recv]	out 2 2451716

[00:52:12]	[Send]	walk 13 78 1 25
[00:52:13]	[Recv]	mv 2 40297 60 131 4

[00:52:13]	[Recv]	pst 2 2557262 0 100 100 34166 7013 0 0 0

[00:52:13]	[Recv]	pst 2 2557249 1 100 100 42830 3622 0 0 0

[00:52:13]	[Recv]	mv 2 40294 55 127 4

[00:52:13]	[Send]	walk 6 71 0 25
[00:52:14]	[Recv]	mv 2 40300 67 125 4

[00:52:14]	[Recv]	mv 2 40299 61 134 4

[00:52:14]	[Recv]	pst 2 2557262 0 100 100 34166 7013 0 0 0

[00:52:14]	[Recv]	pst 2 2557249 1 100 100 42830 3622 0 0 0

[00:52:14]	[Recv]	mv 2 40296 56 132 4

[00:52:14]	[Recv]	mv 2 40295 56 131 4

[00:52:14]	[Recv]	mv 2 40294 53 126 4

[00:52:14]	[Recv]	stat 75191 75191 15168 17265 0 1316

[00:52:15]	[Recv]	mv 2 40299 63 133 4

[00:52:15]	[Recv]	pst 2 2557262 0 100 100 34166 7013 0 0 0

[00:52:15]	[Recv]	pst 2 2557249 1 100 100 42830 3622 0 0 0

[00:52:16]	[Recv]	mv 2 40300 65 126 4

[00:52:16]	[Recv]	mv 2 40299 65 134 4

[00:52:16]	[Recv]	pst 2 2557262 0 100 100 34166 7013 0 0 0

[00:52:16]	[Recv]	pst 2 2557249 1 100 100 42830 3622 0 0 0

[00:52:16]	[Send]	walk 6 72 0 25
[00:52:16]	[Send]	walk 6 73 1 25
[00:52:16]	[Recv]	stat 75191 75191 15168 17265 0 1316

[00:52:16]	[Recv]	stat 75191 75191 15285 17265 0 1316

[00:52:17]	[Send]	walk 7 75 1 25
[00:52:17]	[Recv]	mv 2 40299 63 134 4

[00:52:17]	[Recv]	mv 2 40298 60 128 4

[00:52:17]	[Recv]	pst 2 2557262 0 100 100 34166 7013 0 0 0

[00:52:17]	[Recv]	pst 2 2557249 1 100 100 42830 3622 0 0 0

[00:52:17]	[Send]	preq
[00:52:17]	[Recv]	c_map 0 2628 0

[00:52:17]	[Recv]	mapout

[00:52:17]	[Send]	c_close 1
[00:52:17]	[Send]	c_close 0
[00:52:17]	[Send]	f_stash_end 
[00:52:17]	[Send]	c_close 1
[00:52:17]	[Recv]	c_info milkers - -1 3739.918 Sanguinarius 6835325 0 0 1 5 1 27 0 10 0 0 0 0 8151 9

[00:52:17]	[Send]	mall 50
[00:52:17]	[Send]	c_close 1
[00:52:17]	[Recv]	c_mode 1 6835325 3728 0 0 0 100 8151

[00:52:17]	[Recv]	equip 73 78 0.8628.3.7.0.8.82 1.8643.8.7.0.2.82 2.8689.0.0.0.0.0 3.8653.0.2.0.0.0 4.8655.0.0.0.0.0 5.8636.7.8.0.0.82 6.4657.0.0.0.0.0 7.4653.0.0.0.0.0 8.4647.0.0.0.0.0 9.8687.0.0.0.0.0 10.8674.9.0.0.0.0 12.909.0.20.100.0.0 13.8680.0.0.0.0.0 14.8566.0.0.0.0.0 15.8598.0.0.0.0.0 16.8568.0.0.0.0.0 17.8801.0.0.0.0.0

[00:52:17]	[Recv]	lev 99 0 99 0 2140719000 5991794 13364600 200 881816047 91 967912450 0

[00:52:17]	[Recv]	stat 75191 75191 15285 17265 0 1316

[00:52:17]	[Recv]	at 6835325 2633 177 58 2 0 114 1 -1

[00:52:17]	[Recv]	cond 1 6835325 0 0 25

[00:52:17]	[Recv]	cond 1 6835325 0 0 25

[00:52:17]	[Recv]	titinfo 1 6835325 9468 9468

[00:52:17]	[Recv]	eq 6835325 0 0 1 5 1 8689.8643.8628.8636.8687.8674.8680.8566.8598.8568.8801 73 78 100

[00:52:17]	[Recv]	c_map 0 2633 1

[00:52:17]	[Recv]	sc 0 7 4136 4278 1894 37 415 1 8 4111 4311 2101 43 405 7 2246 1268 2064 1268 1784 91 88 127 138

[00:52:17]	[Recv]	char_sc 1 6835325 100

[00:52:17]	[Recv]	gidx 1 6835325 3739.918 Sanguinarius 27 0|0|1

[00:52:17]	[Recv]	rsfp 0 -1

[00:52:17]	[Recv]	pairy 1 6835325 4 3 129 59

[00:52:17]	[Recv]	minipet 1 6835325 8801

[00:52:17]	[Recv]	act6 

[00:52:17]	[Recv]	pinit 2 2|2557262|0|99|@|-1|2789|1|2646|0|0 2|2557249|1|96|@|-1|2762|0|0|0|0


[00:52:17]	[Recv]	food 0

[00:52:17]	[Recv]	mv 3 40486 149 48 9

[00:52:17]	[Recv]	mv 3 40461 57 89 8

[00:52:17]	[Recv]	mv 3 40458 30 31 8

[00:52:17]	[Recv]	mv 3 40454 155 37 9

[00:52:17]	[Recv]	mv 3 40453 138 40 9

[00:52:17]	[Recv]	mv 3 40451 114 20 9

[00:52:17]	[Recv]	mv 3 40441 16 34 9

[00:52:17]	[Recv]	mv 3 40440 16 37 9

[00:52:17]	[Recv]	mv 3 40433 102 54 8

[00:52:17]	[Recv]	mv 3 40429 54 76 8

[00:52:17]	[Recv]	mv 3 40428 51 61 8

[00:52:17]	[Recv]	mv 3 40485 136 36 9

[00:52:17]	[Recv]	mv 3 40484 125 25 9

[00:52:17]	[Recv]	mv 3 40478 62 59 9

[00:52:17]	[Recv]	mv 3 40474 25 26 9

[00:52:17]	[Recv]	mv 3 40470 151 42 8

[00:52:17]	[Recv]	ct 3 40469 2 40487 -1 -1 0

[00:52:17]	[Recv]	su 3 40469 2 40487 0 10 11 1055 0 0 1 99 1390 0 0 321850 323240

[00:52:17]	[Recv]	mv 3 40460 34 48 8

[00:52:17]	[Recv]	mv 3 40457 20 23 8

[00:52:17]	[Recv]	mv 3 40456 15 49 8

[00:52:17]	[Recv]	mv 3 40443 35 44 9

[00:52:17]	[Recv]	mv 3 40439 150 55 8

[00:52:17]	[Recv]	mv 3 40438 146 32 8

[00:52:17]	[Recv]	mv 3 40430 63 82 8

[00:52:17]	[Recv]	mv 3 40467 131 46 8

[00:52:17]	[Recv]	mv 3 40466 118 54 8

[00:52:17]	[Recv]	mv 3 40444 43 67 9

[00:52:17]	[Recv]	gp 1 40 2631 -1 0 0

[00:52:17]	[Recv]	gp 67 97 2635 -1 1 0

[00:52:17]	[Recv]	gp 120 2 2634 -1 2 0

[00:52:17]	[Recv]	gp 177 58 2628 -1 3 0

[00:52:17]	[Recv]	in 3 3019 40486 149 48 2 100 100 0 0 0 -1 1 0 -1 - 0 -1 0 0 0 0 0 0 0 0 0 0 0 0 0

[00:52:17]	[Recv]	in 3 3019 40485 136 36 2 63 100 0 0 0 -1 1 0 -1 - 0 -1 0 0 0 0 0 0 0 0 0 0 0 0 0

[00:52:17]	[Recv]	in 3 3019 40484 125 25 2 100 100 0 0 0 -1 1 0 -1 - 0 -1 0 0 0 0 0 0 0 0 0 0 0 0 0

[00:52:17]	[Recv]	in 3 3019 40483 113 46 2 100 100 0 0 0 -1 1 0 -1 - 0 -1 0 0 0 0 0 0 0 0 0 0 0 0 0

[00:52:17]	[Recv]	in 3 3019 40482 92 58 2 100 100 0 0 0 -1 1 0 -1 - 0 -1 0 0 0 0 0 0 0 0 0 0 0 0 0

[00:52:17]	[Recv]	in 3 3019 40481 93 32 2 100 100 0 0 0 -1 1 0 -1 - 0 -1 0 0 0 0 0 0 0 0 0 0 0 0 0

[00:52:17]	[Recv]	in 3 3019 40480 75 87 2 100 100 0 0 0 -1 1 0 -1 - 0 -1 0 0 0 0 0 0 0 0 0 0 0 0 0

[00:52:17]	[Recv]	in 3 3019 40479 76 60 2 100 100 0 0 0 -1 1 0 -1 - 0 -1 0 0 0 0 0 0 0 0 0 0 0 0 0

[00:52:17]	[Recv]	in 3 3019 40478 62 59 2 100 100 0 0 0 -1 1 0 -1 - 0 -1 0 0 0 0 0 0 0 0 0 0 0 0 0

[00:52:17]	[Recv]	in 3 3019 40477 55 70 2 100 100 0 0 0 -1 1 0 -1 - 0 -1 0 0 0 0 0 0 0 0 0 0 0 0 0

[00:52:17]	[Recv]	in 3 3019 40476 43 47 2 100 100 0 0 0 -1 1 0 -1 - 0 -1 0 0 0 0 0 0 0 0 0 0 0 0 0

[00:52:17]	[Recv]	in 3 3019 40475 43 78 2 100 100 0 0 0 -1 1 0 -1 - 0 -1 0 0 0 0 0 0 0 0 0 0 0 0 0

[00:52:17]	[Recv]	in 3 3019 40474 25 26 2 100 100 0 0 0 -1 1 0 -1 - 0 -1 0 0 0 0 0 0 0 0 0 0 0 0 0

[00:52:17]	[Recv]	in 3 3019 40473 67 48 2 100 100 0 0 0 -1 1 0 -1 - 0 -1 0 0 0 0 0 0 0 0 0 0 0 0 0

[00:52:17]	[Recv]	in 3 3019 40472 20 56 2 100 100 0 0 0 -1 1 0 -1 - 0 -1 0 0 0 0 0 0 0 0 0 0 0 0 0

[00:52:17]	[Recv]	in 3 3004 40471 174 55 2 100 100 0 0 0 -1 1 0 -1 - 0 -1 0 0 0 0 0 0 0 0 0 0 0 0 0

[00:52:17]	[Recv]	in 3 3004 40470 151 42 2 78 100 0 0 0 -1 1 0 -1 - 0 -1 0 0 0 0 0 0 0 0 0 0 0 0 0

[00:52:17]	[Recv]	in 3 3004 40469 172 57 2 100 100 0 0 0 -1 1 0 -1 - 0 -1 0 0 0 0 0 0 0 0 0 0 0 0 0

[00:52:17]	[Recv]	in 3 3004 40468 170 48 2 51 100 0 0 0 -1 1 0 -1 - 0 -1 0 0 0 0 0 0 0 0 0 0 0 0 0

[00:52:17]	[Recv]	in 3 3004 40467 131 46 2 59 100 0 0 0 -1 1 0 -1 - 0 -1 0 0 0 0 0 0 0 0 0 0 0 0 0

[00:52:17]	[Recv]	in 3 3004 40466 118 54 2 100 100 0 0 0 -1 1 0 -1 - 0 -1 0 0 0 0 0 0 0 0 0 0 0 0 0

[00:52:17]	[Recv]	in 3 3004 40465 108 36 2 100 100 0 0 0 -1 1 0 -1 - 0 -1 0 0 0 0 0 0 0 0 0 0 0 0 0

[00:52:17]	[Recv]	in 3 3004 40464 104 26 2 100 100 0 0 0 -1 1 0 -1 - 0 -1 0 0 0 0 0 0 0 0 0 0 0 0 0

[00:52:17]	[Recv]	in 3 3004 40463 77 82 2 100 100 0 0 0 -1 1 0 -1 - 0 -1 0 0 0 0 0 0 0 0 0 0 0 0 0

[00:52:17]	[Recv]	in 3 3004 40462 67 69 2 100 100 0 0 0 -1 1 0 -1 - 0 -1 0 0 0 0 0 0 0 0 0 0 0 0 0

[00:52:17]	[Recv]	in 3 3004 40461 57 89 2 100 100 0 0 0 -1 1 0 -1 - 0 -1 0 0 0 0 0 0 0 0 0 0 0 0 0

[00:52:17]	[Recv]	in 3 3004 40460 34 48 2 100 100 0 0 0 -1 1 0 -1 - 0 -1 0 0 0 0 0 0 0 0 0 0 0 0 0

[00:52:17]	[Recv]	in 3 3004 40459 29 57 2 100 100 0 0 0 -1 1 0 -1 - 0 -1 0 0 0 0 0 0 0 0 0 0 0 0 0

[00:52:17]	[Recv]	in 3 3004 40458 30 31 2 100 100 0 0 0 -1 1 0 -1 - 0 -1 0 0 0 0 0 0 0 0 0 0 0 0 0

[00:52:17]	[Recv]	in 3 3004 40457 20 23 2 100 100 0 0 0 -1 1 0 -1 - 0 -1 0 0 0 0 0 0 0 0 0 0 0 0 0

[00:52:17]	[Recv]	in 3 3004 40456 15 49 2 100 100 0 0 0 -1 1 0 -1 - 0 -1 0 0 0 0 0 0 0 0 0 0 0 0 0

[00:52:17]	[Recv]	in 3 3003 40455 159 52 2 100 100 0 0 0 -1 1 0 -1 - 0 -1 0 0 0 0 0 0 0 0 0 0 0 0 0

[00:52:17]	[Recv]	in 3 3003 40454 155 37 2 100 100 0 0 0 -1 1 0 -1 - 0 -1 0 0 0 0 0 0 0 0 0 0 0 0 0

[00:52:17]	[Recv]	in 3 3003 40453 138 40 2 100 100 0 0 0 -1 1 0 -1 - 0 -1 0 0 0 0 0 0 0 0 0 0 0 0 0

[00:52:17]	[Recv]	in 3 3003 40452 138 49 2 100 100 0 0 0 -1 1 0 -1 - 0 -1 0 0 0 0 0 0 0 0 0 0 0 0 0

[00:52:17]	[Recv]	in 3 3003 40451 114 20 2 100 100 0 0 0 -1 1 0 -1 - 0 -1 0 0 0 0 0 0 0 0 0 0 0 0 0

[00:52:17]	[Recv]	in 3 3003 40450 108 34 2 100 100 0 0 0 -1 1 0 -1 - 0 -1 0 0 0 0 0 0 0 0 0 0 0 0 0

[00:52:17]	[Recv]	in 3 3003 40449 106 46 2 100 100 0 0 0 -1 1 0 -1 - 0 -1 0 0 0 0 0 0 0 0 0 0 0 0 0

[00:52:17]	[Recv]	in 3 3003 40448 72 83 2 100 100 0 0 0 -1 1 0 -1 - 0 -1 0 0 0 0 0 0 0 0 0 0 0 0 0

[00:52:17]	[Recv]	in 3 3003 40447 61 55 2 100 100 0 0 0 -1 1 0 -1 - 0 -1 0 0 0 0 0 0 0 0 0 0 0 0 0

[00:52:17]	[Recv]	in 3 3003 40446 58 73 2 100 100 0 0 0 -1 1 0 -1 - 0 -1 0 0 0 0 0 0 0 0 0 0 0 0 0

[00:52:17]	[Recv]	in 3 3003 40445 48 78 2 100 100 0 0 0 -1 1 0 -1 - 0 -1 0 0 0 0 0 0 0 0 0 0 0 0 0

[00:52:17]	[Recv]	in 3 3003 40444 43 67 2 100 100 0 0 0 -1 1 0 -1 - 0 -1 0 0 0 0 0 0 0 0 0 0 0 0 0

[00:52:17]	[Recv]	in 3 3003 40443 35 44 2 100 100 0 0 0 -1 1 0 -1 - 0 -1 0 0 0 0 0 0 0 0 0 0 0 0 0

[00:52:17]	[Recv]	in 3 3003 40442 21 51 2 100 100 0 0 0 -1 1 0 -1 - 0 -1 0 0 0 0 0 0 0 0 0 0 0 0 0

[00:52:17]	[Recv]	in 3 3003 40441 16 34 2 100 100 0 0 0 -1 1 0 -1 - 0 -1 0 0 0 0 0 0 0 0 0 0 0 0 0

[00:52:17]	[Recv]	in 3 3003 40440 16 37 2 100 100 0 0 0 -1 1 0 -1 - 0 -1 0 0 0 0 0 0 0 0 0 0 0 0 0

[00:52:17]	[Recv]	in 3 3002 40439 150 55 2 100 100 0 0 0 -1 1 0 -1 - 0 -1 0 0 0 0 0 0 0 0 0 0 0 0 0

[00:52:17]	[Recv]	in 3 3002 40438 146 32 2 72 100 0 0 0 -1 1 0 -1 - 0 -1 0 0 0 0 0 0 0 0 0 0 0 0 0

[00:52:17]	[Recv]	in 3 3002 40437 133 34 2 88 100 0 0 0 -1 1 0 -1 - 0 -1 0 0 0 0 0 0 0 0 0 0 0 0 0

[00:52:17]	[Recv]	in 3 3002 40436 133 49 2 69 100 0 0 0 -1 1 0 -1 - 0 -1 0 0 0 0 0 0 0 0 0 0 0 0 0

[00:52:17]	[Recv]	in 3 3002 40435 115 37 2 100 100 0 0 0 -1 1 0 -1 - 0 -1 0 0 0 0 0 0 0 0 0 0 0 0 0

[00:52:17]	[Recv]	in 3 3002 40434 113 26 2 100 100 0 0 0 -1 1 0 -1 - 0 -1 0 0 0 0 0 0 0 0 0 0 0 0 0

[00:52:17]	[Recv]	in 3 3002 40433 102 54 2 100 100 0 0 0 -1 1 0 -1 - 0 -1 0 0 0 0 0 0 0 0 0 0 0 0 0

[00:52:17]	[Recv]	in 3 3002 40432 97 43 2 100 100 0 0 0 -1 1 0 -1 - 0 -1 0 0 0 0 0 0 0 0 0 0 0 0 0

[00:52:17]	[Recv]	in 3 3002 40431 74 73 2 100 100 0 0 0 -1 1 0 -1 - 0 -1 0 0 0 0 0 0 0 0 0 0 0 0 0

[00:52:17]	[Recv]	in 3 3002 40430 63 82 2 100 100 0 0 0 -1 1 0 -1 - 0 -1 0 0 0 0 0 0 0 0 0 0 0 0 0

[00:52:17]	[Recv]	in 3 3002 40429 54 76 2 100 100 0 0 0 -1 1 0 -1 - 0 -1 0 0 0 0 0 0 0 0 0 0 0 0 0

[00:52:17]	[Recv]	in 3 3002 40428 51 61 2 100 100 0 0 0 -1 1 0 -1 - 0 -1 0 0 0 0 0 0 0 0 0 0 0 0 0

[00:52:17]	[Recv]	in 3 3002 40427 42 52 2 100 100 0 0 0 -1 1 0 -1 - 0 -1 0 0 0 0 0 0 0 0 0 0 0 0 0

[00:52:17]	[Recv]	in 3 3002 40426 85 37 2 100 100 0 0 0 -1 1 0 -1 - 0 -1 0 0 0 0 0 0 0 0 0 0 0 0 0

[00:52:17]	[Recv]	in 3 3002 40425 22 44 2 100 100 0 0 0 -1 1 0 -1 - 0 -1 0 0 0 0 0 0 0 0 0 0 0 0 0

[00:52:17]	[Recv]	in 2 3133 40523 161 33 3 100 100 1 0 0 -1 1 0 -1 - 0 -1 0 0 0 0 0 0 0 0 0 0 0 0 0

[00:52:17]	[Recv]	in 2 3133 40522 136 62 7 100 100 1 0 0 -1 1 0 -1 - 0 -1 0 0 0 0 0 0 0 0 0 0 0 0 0

[00:52:17]	[Recv]	in 2 3133 40521 111 33 0 100 100 1 0 0 -1 1 0 -1 - 0 -1 0 0 0 0 0 0 0 0 0 0 0 0 0

[00:52:17]	[Recv]	in 2 3133 40520 104 27 4 100 100 1 0 0 -1 1 0 -1 - 0 -1 0 0 0 0 0 0 0 0 0 0 0 0 0

[00:52:17]	[Recv]	in 2 3133 40519 52 85 7 100 100 1 0 0 -1 1 0 -1 - 0 -1 0 0 0 0 0 0 0 0 0 0 0 0 0

[00:52:17]	[Recv]	in 2 3133 40518 66 54 3 100 100 1 0 0 -1 1 0 -1 - 0 -1 0 0 0 0 0 0 0 0 0 0 0 0 0

[00:52:17]	[Recv]	in 2 3133 40517 75 93 0 100 100 1 0 0 -1 1 0 -1 - 0 -1 0 0 0 0 0 0 0 0 0 0 0 0 0

[00:52:17]	[Recv]	in 2 3133 40516 126 35 2 100 100 1 0 0 -1 1 0 -1 - 0 -1 0 0 0 0 0 0 0 0 0 0 0 0 0

[00:52:17]	[Recv]	in 2 3133 40515 47 46 4 100 100 1 0 0 -1 1 0 -1 - 0 -1 0 0 0 0 0 0 0 0 0 0 0 0 0

[00:52:17]	[Recv]	in 2 3133 40514 67 68 3 100 100 1 0 0 -1 1 0 -1 - 0 -1 0 0 0 0 0 0 0 0 0 0 0 0 0

[00:52:17]	[Recv]	in 2 3071 40513 177 54 3 59 100 11026 0 0 -1 1 0 -1 - 0 -1 0 0 0 0 0 0 0 0 0 0 0 0 0

[00:52:17]	[Recv]	in 2 3051 40512 166 44 2 100 100 1 0 0 -1 1 0 -1 - 0 -1 0 0 0 0 0 0 0 0 0 0 0 0 0

[00:52:17]	[Recv]	in 2 3051 40511 163 62 2 100 100 1 0 0 -1 1 0 -1 - 0 -1 0 0 0 0 0 0 0 0 0 0 0 0 0

[00:52:17]	[Recv]	in 2 3051 40510 154 33 2 100 100 1 0 0 -1 1 0 -1 - 0 -1 0 0 0 0 0 0 0 0 0 0 0 0 0

[00:52:17]	[Recv]	in 2 3051 40509 146 61 2 100 100 1 0 0 -1 1 0 -1 - 0 -1 0 0 0 0 0 0 0 0 0 0 0 0 0

[00:52:17]	[Recv]	in 2 3051 40508 133 29 2 100 100 1 0 0 -1 1 0 -1 - 0 -1 0 0 0 0 0 0 0 0 0 0 0 0 0

[00:52:17]	[Recv]	in 2 3051 40507 128 13 2 100 100 1 0 0 -1 1 0 -1 - 0 -1 0 0 0 0 0 0 0 0 0 0 0 0 0

[00:52:17]	[Recv]	in 2 3051 40506 121 38 2 100 100 1 0 0 -1 1 0 -1 - 0 -1 0 0 0 0 0 0 0 0 0 0 0 0 0

[00:52:17]	[Recv]	in 2 3051 40505 119 27 2 100 100 1 0 0 -1 1 0 -1 - 0 -1 0 0 0 0 0 0 0 0 0 0 0 0 0

[00:52:17]	[Recv]	in 2 3051 40504 118 51 2 100 100 1 0 0 -1 1 0 -1 - 0 -1 0 0 0 0 0 0 0 0 0 0 0 0 0

[00:52:17]	[Recv]	in 2 3051 40503 114 67 2 100 100 1 0 0 -1 1 0 -1 - 0 -1 0 0 0 0 0 0 0 0 0 0 0 0 0

[00:52:17]	[Recv]	in 2 3051 40502 104 22 2 100 100 1 0 0 -1 1 0 -1 - 0 -1 0 0 0 0 0 0 0 0 0 0 0 0 0

[00:52:17]	[Recv]	in 2 3051 40501 99 60 2 100 100 1 0 0 -1 1 0 -1 - 0 -1 0 0 0 0 0 0 0 0 0 0 0 0 0

[00:52:17]	[Recv]	in 2 3051 40500 92 32 2 100 100 1 0 0 -1 1 0 -1 - 0 -1 0 0 0 0 0 0 0 0 0 0 0 0 0

[00:52:17]	[Recv]	in 2 3051 40499 90 47 2 100 100 1 0 0 -1 1 0 -1 - 0 -1 0 0 0 0 0 0 0 0 0 0 0 0 0

[00:52:17]	[Recv]	in 2 3051 40498 87 80 2 100 100 1 0 0 -1 1 0 -1 - 0 -1 0 0 0 0 0 0 0 0 0 0 0 0 0

[00:52:17]	[Recv]	in 2 3051 40497 81 70 2 100 100 1 0 0 -1 1 0 -1 - 0 -1 0 0 0 0 0 0 0 0 0 0 0 0 0

[00:52:17]	[Recv]	in 2 3051 40496 72 88 2 100 100 1 0 0 -1 1 0 -1 - 0 -1 0 0 0 0 0 0 0 0 0 0 0 0 0

[00:52:17]	[Recv]	in 2 3051 40495 70 58 2 100 100 1 0 0 -1 1 0 -1 - 0 -1 0 0 0 0 0 0 0 0 0 0 0 0 0

[00:52:17]	[Recv]	in 2 3051 40494 50 66 2 100 100 1 0 0 -1 1 0 -1 - 0 -1 0 0 0 0 0 0 0 0 0 0 0 0 0

[00:52:17]	[Recv]	in 2 3051 40493 50 50 2 100 100 1 0 0 -1 1 0 -1 - 0 -1 0 0 0 0 0 0 0 0 0 0 0 0 0

[00:52:17]	[Recv]	in 2 3051 40492 46 84 2 100 100 1 0 0 -1 1 0 -1 - 0 -1 0 0 0 0 0 0 0 0 0 0 0 0 0

[00:52:17]	[Recv]	in 2 3051 40491 36 67 2 100 100 1 0 0 -1 1 0 -1 - 0 -1 0 0 0 0 0 0 0 0 0 0 0 0 0

[00:52:17]	[Recv]	in 2 3051 40490 21 30 2 100 100 1 0 0 -1 1 0 -1 - 0 -1 0 0 0 0 0 0 0 0 0 0 0 0 0

[00:52:17]	[Recv]	in 2 3051 40489 16 55 2 100 100 1 0 0 -1 1 0 -1 - 0 -1 0 0 0 0 0 0 0 0 0 0 0 0 0

[00:52:17]	[Recv]	in 2 3051 40488 13 31 2 100 100 1 0 0 -1 1 0 -1 - 0 -1 0 0 0 0 0 0 0 0 0 0 0 0 0

[00:52:17]	[Recv]	in 2 3047 40487 177 61 3 99 18 0 0 0 -1 1 0 -1 - 0 -1 0 0 0 0 0 0 0 0 0 0 0 0 0

[00:52:17]	[Recv]	pst 2 2557262 0 100 100 34166 7013 0 0 0

[00:52:17]	[Recv]	pst 2 2557249 1 100 100 42830 3622 0 0 0

[00:52:18]	[Recv]	ct 3 40468 2 40513 -1 -1 0

[00:52:18]	[Recv]	su 3 40468 2 40513 0 10 11 1055 0 0 1 46 2763 0 0 9084 19775

[00:52:18]	[Recv]	mv 3 40459 29 56 8

[00:52:18]	[Recv]	mv 3 40447 63 53 9

[00:52:18]	[Recv]	mv 3 40483 112 44 9

[00:52:18]	[Recv]	ct 3 40471 2 40513 -1 -1 0

[00:52:18]	[Recv]	su 3 40471 2 40513 0 10 11 1055 0 0 1 20 5308 3 0 3973 19775

[00:52:18]	[Recv]	mv 3 40450 107 36 9

[00:52:18]	[Recv]	mv 3 40448 74 84 9

[00:52:18]	[Recv]	mv 3 40446 56 74 9

[00:52:18]	[Recv]	mv 3 40432 99 42 8

[00:52:18]	[Recv]	mv 3 40486 147 47 9

[00:52:18]	[Recv]	mv 3 40463 75 81 8

[00:52:18]	[Recv]	mv 3 40454 153 37 9

[00:52:18]	[Recv]	mv 3 40453 140 38 9

[00:52:18]	[Recv]	mv 3 40442 22 53 9

[00:52:18]	[Recv]	mv 3 40440 14 37 9

[00:52:18]	[Recv]	mv 3 40435 115 38 8

[00:52:18]	[Recv]	mv 3 40434 113 25 8

[00:52:18]	[Recv]	mv 3 40433 102 52 8

[00:52:18]	[Recv]	mv 3 40431 74 72 8

[00:52:18]	[Recv]	mv 3 40429 55 78 8

[00:52:18]	[Recv]	mv 3 40485 135 36 9

[00:52:18]	[Recv]	mv 3 40478 63 58 9

[00:52:18]	[Recv]	mv 3 40462 69 69 8

[00:52:18]	[Recv]	mv 3 40460 34 47 8

[00:52:18]	[Recv]	mv 3 40457 20 25 8

[00:52:18]	[Recv]	mv 3 40456 17 50 8

[00:52:18]	[Recv]	mv 3 40439 150 57 8

[00:52:18]	[Recv]	mv 3 40438 147 33 8

[00:52:18]	[Recv]	mv 3 40430 61 83 8

[00:52:18]	[Recv]	stat 75191 75191 15285 17265 0 1316

[00:52:18]	[Send]	walk 175 58 0 25
[00:52:18]	[Recv]	mv 3 40477 54 69 9

[00:52:18]	[Recv]	mv 3 40467 129 45 8

[00:52:18]	[Recv]	pst 2 2557262 0 100 100 34166 7013 0 0 0

[00:52:18]	[Recv]	pst 2 2557249 1 100 100 42830 3622 0 0 0

[00:52:19]	[Recv]	mv 3 40475 42 80 9

[00:52:19]	[Recv]	mv 3 40465 108 37 8

[00:52:19]	[Recv]	mv 3 40459 27 56 8

[00:52:19]	[Recv]	mv 3 40445 47 79 9

[00:52:19]	[Recv]	mv 3 40427 44 52 8

[00:52:19]	[Recv]	mv 3 40483 113 44 9

[00:52:19]	[Recv]	mv 3 40480 76 85 9

[00:52:19]	[Recv]	mv 3 40479 74 61 9

[00:52:19]	[Recv]	mv 3 40449 105 48 9

[00:52:19]	[Recv]	mv 3 40448 72 83 9

[00:52:19]	[Recv]	mv 3 40446 56 73 9

[00:52:19]	[Recv]	mv 3 40436 132 48 8

[00:52:19]	[Recv]	mv 3 40425 24 45 8

[00:52:19]	[Send]	walk 177 57 0 25
[00:52:19]	[Recv]	mv 3 40486 148 48 9

[00:52:19]	[Recv]	mv 3 40481 95 31 9

[00:52:19]	[Recv]	mv 3 40472 19 58 9

[00:52:19]	[Recv]	mv 3 40464 103 25 8

[00:52:19]	[Recv]	mv 3 40453 142 39 9

[00:52:19]	[Recv]	mv 3 40451 114 21 9

[00:52:19]	[Recv]	mv 3 40440 16 35 9

[00:52:19]	[Recv]	mv 3 40435 114 39 8

[00:52:19]	[Recv]	mv 3 40434 113 24 8

[00:52:19]	[Recv]	mv 3 40431 75 70 8

[00:52:19]	[Recv]	mv 3 40428 52 60 8

[00:52:19]	[Send]	preq
[00:52:19]	[Recv]	mv 3 40485 136 35 9

[00:52:19]	[Recv]	mv 3 40478 61 57 9

[00:52:19]	[Recv]	mv 3 40474 24 25 9

[00:52:19]	[Recv]	mv 3 40462 69 70 8

[00:52:19]	[Recv]	mv 3 40460 36 49 8

[00:52:19]	[Recv]	mv 3 40456 15 50 8

[00:52:19]	[Recv]	mv 3 40443 34 43 9

[00:52:19]	[Recv]	mv 3 40438 149 32 8

[00:52:19]	[Recv]	mv 3 40437 134 34 8

[00:52:19]	[Recv]	mv 3 40430 63 83 8

[00:52:19]	[Recv]	sayi 1 6835325 10 94 0 0 0 0 0

[00:52:19]	[Recv]	ct 3 40469 2 40487 -1 -1 0

[00:52:19]	[Recv]	su 3 40469 2 40487 0 10 11 1055 0 0 1 99 1282 0 0 321958 323240

[00:52:19]	[Recv]	mv 3 40444 44 68 9

[00:52:19]	[Recv]	pst 2 2557262 0 100 100 34166 7013 0 0 0

[00:52:19]	[Recv]	pst 2 2557249 1 100 100 42830 3622 0 0 0

[00:52:19]	[Send]	walk 178 58 0 25
[00:52:20]	[Recv]	mv 3 40475 43 79 9

[00:52:20]	[Recv]	mv 3 40459 29 57 8

[00:52:20]	[Recv]	mv 3 40455 159 51 9

[00:52:20]	[Send]	preq
[00:52:20]	[Recv]	mv 3 40479 73 62 9

[00:52:20]	[Recv]	ct 3 40468 2 40513 -1 -1 0

[00:52:20]	[Recv]	su 3 40468 2 40513 0 10 11 1055 0 0 1 3 3444 0 0 726 19775

[00:52:20]	[Recv]	mv 3 40449 104 49 9

[00:52:20]	[Recv]	mv 3 40448 71 82 9

[00:52:20]	[Recv]	mv 3 40446 57 72 9

[00:52:20]	[Recv]	mv 3 40432 101 44 8

[00:52:20]	[Recv]	c_map 0 2633 0

[00:52:20]	[Recv]	mapout

[00:52:20]	[Send]	c_close 1
[00:52:20]	[Send]	c_close 0
[00:52:20]	[Send]	f_stash_end 
[00:52:20]	[Send]	c_close 1
[00:52:20]	[Recv]	c_info milkers - -1 3739.918 Sanguinarius 6835325 0 0 1 5 1 27 0 10 0 0 0 0 8151 9

[00:52:20]	[Send]	mall 50
[00:52:20]	[Send]	c_close 1
[00:52:20]	[Recv]	c_mode 1 6835325 3728 0 0 0 100 8151

[00:52:20]	[Recv]	equip 73 78 0.8628.3.7.0.8.82 1.8643.8.7.0.2.82 2.8689.0.0.0.0.0 3.8653.0.2.0.0.0 4.8655.0.0.0.0.0 5.8636.7.8.0.0.82 6.4657.0.0.0.0.0 7.4653.0.0.0.0.0 8.4647.0.0.0.0.0 9.8687.0.0.0.0.0 10.8674.9.0.0.0.0 12.909.0.20.100.0.0 13.8680.0.0.0.0.0 14.8566.0.0.0.0.0 15.8598.0.0.0.0.0 16.8568.0.0.0.0.0 17.8801.0.0.0.0.0

[00:52:20]	[Recv]	lev 99 0 99 0 2140719000 5991794 13364600 200 881816047 91 967912450 0

[00:52:20]	[Recv]	stat 75191 75191 15285 17265 0 1316

[00:52:20]	[Recv]	at 6835325 2628 7 76 2 0 115 1 -1

[00:52:20]	[Recv]	cond 1 6835325 0 0 25

[00:52:20]	[Recv]	cond 1 6835325 0 0 25

[00:52:20]	[Recv]	titinfo 1 6835325 9468 9468

[00:52:20]	[Recv]	eq 6835325 0 0 1 5 1 8689.8643.8628.8636.8687.8674.8680.8566.8598.8568.8801 73 78 100

[00:52:20]	[Recv]	c_map 0 2628 1

[00:52:20]	[Recv]	sc 0 7 4136 4278 1894 37 415 1 8 4111 4311 2101 43 405 7 2246 1268 2064 1268 1784 91 88 127 138

[00:52:20]	[Recv]	char_sc 1 6835325 100

[00:52:20]	[Recv]	gidx 1 6835325 3739.918 Sanguinarius 27 0|0|1

[00:52:20]	[Recv]	rsfp 0 -1

[00:52:20]	[Recv]	pairy 1 6835325 4 3 129 59

[00:52:20]	[Recv]	minipet 1 6835325 8801

[00:52:20]	[Recv]	act6 

[00:52:20]	[Recv]	pinit 2 2|2557262|0|99|@|-1|2789|1|2646|0|0 2|2557249|1|96|@|-1|2762|0|0|0|0


[00:52:20]	[Recv]	food 0

[00:52:20]	[Recv]	mv 2 40295 56 131 4

[00:52:20]	[Recv]	mv 2 40294 55 126 4

[00:52:20]	[Recv]	stat 75191 75191 15285 17265 0 1316

[00:52:20]	[Recv]	stat 75191 75191 15402 17265 0 1316

[00:52:20]	[Recv]	gp 7 76 2633 -1 0 0

[00:52:20]	[Recv]	gp 60 120 4995 3 1 0

[00:52:20]	[Recv]	gp 111 126 2637 -1 2 0

[00:52:20]	[Recv]	gp 116 18 2640 -1 3 0

[00:52:20]	[Recv]	wp 105 114 90 4 85 99

[00:52:20]	[Recv]	in 2 3096 40312 42 75 3 100 100 11015 0 0 -1 1 0 -1 - 0 -1 0 0 0 0 0 0 0 0 0 0 0 0 0

[00:52:20]	[Recv]	shop 2 40312 1 5 48 Family Manager

[00:52:20]	[Recv]	in 2 3076 40311 43 50 6 100 100 11009 0 0 -1 1 0 -1 - 0 -1 0 0 0 0 0 0 0 0 0 0 0 0 0

[00:52:20]	[Recv]	shop 2 40311 1 0 88 Rune Workshop

[00:52:20]	[Recv]	in 2 3079 40310 76 43 2 100 100 11014 0 0 -1 1 0 -1 - 0 -1 0 0 0 0 0 0 0 0 0 0 0 0 0

[00:52:20]	[Recv]	shop 2 40310 1 0 87 Alchemy Shop

[00:52:20]	[Recv]	in 2 3070 40309 31 52 6 100 100 11008 0 0 -1 1 0 -1 - 0 -1 0 0 0 0 0 0 0 0 0 0 0 0 0

[00:52:20]	[Recv]	shop 2 40309 1 0 86 Supermarket

[00:52:20]	[Recv]	in 2 3097 40308 99 37 7 100 100 11020 0 0 -1 1 0 -1 - 0 -1 0 0 0 0 0 0 0 0 0 0 0 0 0

[00:52:20]	[Recv]	shop 2 40308 1 0 85 General Shop

[00:52:20]	[Recv]	in 2 3084 40307 46 49 6 100 100 11003 0 0 -1 1 0 -1 - 0 -1 0 0 0 0 0 0 0 0 0 0 0 0 0

[00:52:20]	[Recv]	shop 2 40307 1 0 84 Equipment Shop

[00:52:20]	[Recv]	in 2 3077 40306 71 42 2 100 100 11006 0 0 -1 1 0 -1 - 0 -1 0 0 0 0 0 0 0 0 0 0 0 0 0

[00:52:20]	[Recv]	shop 2 40306 1 0 83 Tattooist

[00:52:20]	[Recv]	in 2 3385 40305 37 52 6 100 100 571 0 0 -1 1 0 -1 - 0 -1 0 0 0 0 0 0 0 0 0 0 0 0 0

[00:52:20]	[Recv]	shop 2 40305 1 0 117 Shell Master

[00:52:20]	[Recv]	in 2 1579 40304 41 71 3 100 100 570 0 0 -1 1 0 -1 - 0 -1 0 0 0 0 0 0 0 0 0 0 0 0 0

[00:52:20]	[Recv]	shop 2 40304 1 0 116 Hardcore Raid Token Shop (Moritius)

[00:52:20]	[Recv]	in 2 3048 40303 153 84 3 100 100 11028 0 0 -1 1 0 -1 - 0 -1 0 0 0 0 0 0 0 0 0 0 0 0 0

[00:52:20]	[Recv]	shop 2 40303 1 0 92 Celestial Spire Guard

[00:52:20]	[Recv]	in 2 3081 40302 49 66 0 100 100 11030 0 0 -1 1 0 -1 - 0 -1 0 0 0 0 0 0 0 0 0 0 0 0 0

[00:52:20]	[Recv]	shop 2 40302 1 0 45 NosBazaar

[00:52:20]	[Recv]	in 2 3078 40301 119 30 7 100 100 11002 0 0 -1 1 0 -1 - 0 -1 0 0 0 0 0 0 0 0 0 0 0 0 0

[00:52:20]	[Recv]	shop 2 40301 1 0 82 Rainbow Shop

[00:52:20]	[Recv]	in 2 3115 40300 67 125 0 100 100 0 0 0 -1 1 0 -1 - 0 -1 0 0 0 0 0 0 0 0 0 0 0 0 0

[00:52:20]	[Recv]	in 2 3115 40299 63 133 0 100 100 0 0 0 -1 1 0 -1 - 0 -1 0 0 0 0 0 0 0 0 0 0 0 0 0

[00:52:20]	[Recv]	in 2 3115 40298 60 129 0 100 100 0 0 0 -1 1 0 -1 - 0 -1 0 0 0 0 0 0 0 0 0 0 0 0 0

[00:52:20]	[Recv]	in 2 3115 40297 58 132 0 100 100 0 0 0 -1 1 0 -1 - 0 -1 0 0 0 0 0 0 0 0 0 0 0 0 0

[00:52:20]	[Recv]	in 2 3115 40296 56 132 0 100 100 0 0 0 -1 1 0 -1 - 0 -1 0 0 0 0 0 0 0 0 0 0 0 0 0

[00:52:20]	[Recv]	in 2 3115 40295 56 131 0 100 100 0 0 0 -1 1 0 -1 - 0 -1 0 0 0 0 0 0 0 0 0 0 0 0 0

[00:52:20]	[Recv]	in 2 3115 40294 55 126 0 100 100 0 0 0 -1 1 0 -1 - 0 -1 0 0 0 0 0 0 0 0 0 0 0 0 0

[00:52:20]	[Recv]	in 2 3092 40293 117 40 0 100 100 0 0 0 -1 1 0 -1 - 0 -1 0 0 0 0 0 0 0 0 0 0 0 0 0

[00:52:20]	[Recv]	in 2 3091 40292 119 42 0 100 100 0 0 0 -1 1 0 -1 - 0 -1 0 0 0 0 0 0 0 0 0 0 0 0 0

[00:52:20]	[Recv]	in 2 3090 40291 126 55 3 100 100 11025 0 0 -1 1 0 -1 - 0 -1 0 0 0 0 0 0 0 0 0 0 0 0 0

[00:52:20]	[Recv]	in 2 3089 40290 126 57 3 100 100 11005 0 0 -1 1 0 -1 - 0 -1 0 0 0 0 0 0 0 0 0 0 0 0 0

[00:52:20]	[Recv]	in 2 3088 40289 120 112 3 100 100 0 0 0 -1 1 0 -1 - 0 -1 0 0 0 0 0 0 0 0 0 0 0 0 0

[00:52:20]	[Recv]	in 2 3087 40288 120 120 3 100 100 11001 0 0 -1 1 0 -1 - 0 -1 0 0 0 0 0 0 0 0 0 0 0 0 0

[00:52:20]	[Recv]	in 2 3083 40287 46 101 3 100 100 0 0 0 -1 1 0 -1 - 0 -1 0 0 0 0 0 0 0 0 0 0 0 0 0

[00:52:20]	[Recv]	in 2 3082 40286 30 107 1 100 100 0 0 0 -1 1 0 -1 - 0 -1 0 0 0 0 0 0 0 0 0 0 0 0 0

[00:52:20]	[Recv]	in 2 3080 40285 123 46 7 100 100 0 0 0 -1 1 0 -1 - 0 -1 0 0 0 0 0 0 0 0 0 0 0 0 0

[00:52:20]	[Recv]	in 2 3074 40284 52 90 0 100 100 11021 0 0 -1 1 0 -1 - 0 -1 0 0 0 0 0 0 0 0 0 0 0 0 0

[00:52:20]	[Recv]	in 2 3073 40283 33 89 5 100 100 11027 0 0 -1 1 0 -1 - 0 -1 0 0 0 0 0 0 0 0 0 0 0 0 0

[00:52:20]	[Recv]	in 2 3067 40282 82 99 0 100 100 11011 0 0 -1 1 0 -1 - 0 -1 0 0 0 0 0 0 0 0 0 0 0 0 0

[00:52:20]	[Recv]	in 2 3048 40281 116 35 2 100 100 0 0 0 -1 1 0 -1 - 0 -1 0 0 0 0 0 0 0 0 0 0 0 0 0

[00:52:20]	[Recv]	in 2 3048 40280 76 95 0 100 100 0 0 0 -1 1 0 -1 - 0 -1 0 0 0 0 0 0 0 0 0 0 0 0 0

[00:52:20]	[Recv]	in 2 3047 40279 152 81 3 100 100 0 0 0 -1 1 0 -1 - 0 -1 0 0 0 0 0 0 0 0 0 0 0 0 0

[00:52:20]	[Recv]	in 2 3047 40278 151 87 3 100 100 0 0 0 -1 1 0 -1 - 0 -1 0 0 0 0 0 0 0 0 0 0 0 0 0

[00:52:20]	[Recv]	in 2 3047 40277 136 78 3 100 100 0 0 0 -1 1 0 -1 - 0 -1 0 0 0 0 0 0 0 0 0 0 0 0 0

[00:52:20]	[Recv]	in 2 3047 40276 135 85 3 100 100 0 0 0 -1 1 0 -1 - 0 -1 0 0 0 0 0 0 0 0 0 0 0 0 0

[00:52:20]	[Recv]	in 2 3047 40275 109 33 2 100 100 0 0 0 -1 1 0 -1 - 0 -1 0 0 0 0 0 0 0 0 0 0 0 0 0

[00:52:20]	[Recv]	in 2 3047 40274 85 92 0 100 100 0 0 0 -1 1 0 -1 - 0 -1 0 0 0 0 0 0 0 0 0 0 0 0 0

[00:52:20]	[Recv]	in 2 3047 40273 19 66 1 100 100 0 0 0 -1 1 0 -1 - 0 -1 0 0 0 0 0 0 0 0 0 0 0 0 0

[00:52:20]	[Recv]	in 2 3047 40272 18 83 1 100 100 0 0 0 -1 1 0 -1 - 0 -1 0 0 0 0 0 0 0 0 0 0 0 0 0

[00:52:20]	[Recv]	in 2 2557 2443470 72 43 2 100 100 0 0 3 6916712 1 0 3206 @ 1 0 1 1880 1881 1882 4237 0 0 0 2723 0 1 0 0

[00:52:20]	[Recv]	in 2 1488 2443466 71 43 2 100 100 0 0 3 6916712 1 0 -1 @ 2 -1 0 0 0 0 0 0 0 0 0 0 0 6 0

[00:52:20]	[Recv]	in 1 kronyme - 6916712 71 45 2 0 1 3 5 2 221.4479.4451.4963.227.4131.8680.8682.8701.4443.8696 100 100 0 9 4 3 0 42 0 0 86 77 4268.918 GO-Pex-Zaby 25 0 0 0 0 97 3 0|0|0 0 0 100 57 9347

[00:52:20]	[Recv]	pst 2 2557262 0 100 100 34166 7013 0 0 0

[00:52:20]	[Recv]	pst 2 2557249 1 100 100 42830 3622 0 0 0

[00:52:21]	[Recv]	mv 2 40299 65 131 4

[00:52:21]	[Send]	walk 6 75 0 25
[00:52:21]	[Recv]	mv 2 40297 58 131 4

[00:52:21]	[Send]	preq
[00:52:21]	[Recv]	mv 2 40295 56 129 4

[00:52:21]	[Recv]	sayi 1 6835325 10 94 0 0 0 0 0

[00:52:21]	[Send]	walk 7 75 1 25
[00:52:21]	[Recv]	mv 2 40294 54 126 4

[00:52:21]	[Send]	preq
[00:52:21]	[Recv]	pst 2 2557262 0 100 100 34166 7013 0 0 0

[00:52:21]	[Recv]	pst 2 2557249 1 100 100 42830 3622 0 0 0

[00:52:21]	[Recv]	sayi 1 6835325 10 94 0 0 0 0 0

[00:52:21]	[Send]	walk 6 75 0 25
[00:52:22]	[Recv]	mv 2 40300 66 125 4

[00:52:22]	[Recv]	mv 2 40299 64 130 4

[00:52:22]	[Send]	preq
[00:52:22]	[Recv]	mv 2 40298 58 128 4

[00:52:22]	[Recv]	mv 2 40297 59 129 4

[00:52:22]	[Recv]	sayi 1 6835325 10 94 0 0 0 0 0

[00:52:22]	[Send]	walk 7 76 0 25
[00:52:22]	[Recv]	mv 2 40296 55 132 4

[00:52:22]	[Send]	preq
[00:52:22]	[Recv]	sayi 1 6835325 10 94 0 0 0 0 0

[00:52:22]	[Recv]	stat 75191 75191 15402 17265 0 1316

[00:52:22]	[Send]	walk 6 76 1 25
[00:52:22]	[Recv]	in 2 2557 2523825 70 44 2 100 100 0 0 3 7107564 1 0 2379 @ 1 1 1 1602 1603 1604 0 0 0 0 2366 0 0 0 0

[00:52:22]	[Recv]	in 2 683 2523821 72 46 2 100 100 0 0 3 7107564 1 0 -1 @ 2 -1 0 0 0 0 0 0 0 0 0 0 0 5 0

[00:52:22]	[Recv]	in 1 Pimento - 7107564 71 45 2 0 1 1 9 2 4507.4954.4966.4963.4928.802.8680.8682.8701.4557.-1 100 100 0 9 4 3 0 0 0 27 66 68 4268.918 GO-Pex-Zaby 24 0 10 0 7 95 3 0|0|0 0 0 100 51 9440

[00:52:22]	[Recv]	pst 2 2557262 0 100 100 34166 7013 0 0 0

[00:52:22]	[Recv]	pst 2 2557249 1 100 100 42830 3622 0 0 0

[00:52:22]	[Send]	preq
[00:52:23]	[Recv]	mv 2 40300 65 125 4

[00:52:23]	[Recv]	sayi 1 6835325 10 94 0 0 0 0 0

[00:52:23]	[Recv]	mv 2 40295 57 130 4

[00:52:23]	[Recv]	in 2 1613 2547953 44 53 2 100 140 0 0 3 7074610 1 0 -1 @ 1 0 0 0 0 0 0 0 0 0 0 0 0 0 0

[00:52:23]	[Recv]	in 2 1693 2547954 44 51 2 100 100 0 0 3 7074610 1 0 -1 @ 2 -1 0 0 0 0 0 0 0 0 0 0 0 6 0

[00:52:23]	[Recv]	in 1 SierzantPyrek - 7074610 44 52 2 0 0 1 7 2 8839.8831.8814.8822.8687.8674.8860.8862.8869.4531.8694 100 100 0 -1 4 3 0 59 0 0 76 83 5256.918 Strawhats 27 0 0 0 0 99 21 0|0|0 0 0 100 99 9468

[00:52:23]	[Recv]	pst 2 2557262 0 100 100 34166 7013 0 0 0

[00:52:23]	[Recv]	pst 2 2557249 1 100 100 42830 3622 0 0 0

[00:52:24]	[Send]	walk 7 76 0 25
[00:52:24]	[Recv]	mv 2 40300 67 127 4

[00:52:24]	[Recv]	mv 2 40299 63 132 4

[00:52:24]	[Send]	preq
[00:52:24]	[Recv]	mv 2 40298 60 129 4

[00:52:24]	[Recv]	mv 2 40297 58 129 4

[00:52:24]	[Recv]	c_map 0 2628 0

[00:52:24]	[Recv]	mapout

[00:52:24]	[Send]	c_close 1
[00:52:24]	[Send]	c_close 0
[00:52:24]	[Send]	f_stash_end 
[00:52:24]	[Send]	c_close 1
[00:52:24]	[Recv]	c_info milkers - -1 3739.918 Sanguinarius 6835325 0 0 1 5 1 27 0 10 0 0 0 0 8151 9

[00:52:24]	[Send]	mall 50
[00:52:24]	[Send]	c_close 1
[00:52:24]	[Recv]	c_mode 1 6835325 3728 0 0 0 100 8151

[00:52:24]	[Recv]	equip 73 78 0.8628.3.7.0.8.82 1.8643.8.7.0.2.82 2.8689.0.0.0.0.0 3.8653.0.2.0.0.0 4.8655.0.0.0.0.0 5.8636.7.8.0.0.82 6.4657.0.0.0.0.0 7.4653.0.0.0.0.0 8.4647.0.0.0.0.0 9.8687.0.0.0.0.0 10.8674.9.0.0.0.0 12.909.0.20.100.0.0 13.8680.0.0.0.0.0 14.8566.0.0.0.0.0 15.8598.0.0.0.0.0 16.8568.0.0.0.0.0 17.8801.0.0.0.0.0

[00:52:24]	[Recv]	lev 99 0 99 0 2140719000 5991794 13364600 200 881816047 91 967912450 0

[00:52:24]	[Recv]	stat 75191 75191 15402 17265 0 1316

[00:52:24]	[Recv]	at 6835325 2633 177 58 2 0 114 1 -1

[00:52:24]	[Recv]	cond 1 6835325 0 0 25

[00:52:24]	[Recv]	cond 1 6835325 0 0 25

[00:52:24]	[Recv]	titinfo 1 6835325 9468 9468

[00:52:24]	[Recv]	eq 6835325 0 0 1 5 1 8689.8643.8628.8636.8687.8674.8680.8566.8598.8568.8801 73 78 100

[00:52:24]	[Recv]	c_map 0 2633 1

[00:52:24]	[Recv]	sc 0 7 4136 4278 1894 37 415 1 8 4111 4311 2101 43 405 7 2246 1268 2064 1268 1784 91 88 127 138

[00:52:24]	[Recv]	char_sc 1 6835325 100

[00:52:24]	[Recv]	gidx 1 6835325 3739.918 Sanguinarius 27 0|0|1

[00:52:24]	[Recv]	rsfp 0 -1

[00:52:24]	[Recv]	pairy 1 6835325 4 3 129 59

[00:52:24]	[Recv]	minipet 1 6835325 8801

[00:52:24]	[Recv]	act6 

[00:52:24]	[Recv]	pinit 2 2|2557262|0|99|@|-1|2789|1|2646|0|0 2|2557249|1|96|@|-1|2762|0|0|0|0


[00:52:24]	[Recv]	food 0

[00:52:24]	[Recv]	mv 3 40485 135 37 9

[00:52:24]	[Recv]	mv 3 40466 116 52 8

[00:52:24]	[Recv]	mv 3 40464 104 26 8

[00:52:24]	[Recv]	mv 3 40462 67 70 8

[00:52:24]	[Recv]	mv 3 40459 29 55 8

[00:52:24]	[Recv]	mv 3 40440 16 36 9

[00:52:24]	[Recv]	mv 3 40434 113 22 8

[00:52:24]	[Recv]	mv 3 40428 53 60 8

[00:52:24]	[Recv]	mv 3 40486 151 47 9

[00:52:24]	[Recv]	ct 3 40468 2 40513 -1 -1 0

[00:52:24]	[Recv]	su 3 40468 2 40513 0 10 11 1055 0 0 1 5 0 4 0 1120 19775

[00:52:24]	[Recv]	mv 3 40465 107 36 8

[00:52:24]	[Recv]	mv 3 40456 15 48 8

[00:52:24]	[Recv]	stat 75191 75191 15402 17265 0 1316

[00:52:24]	[Recv]	stat 75191 75191 15519 17265 0 1316

[00:52:24]	[Recv]	mv 3 40477 56 70 9

[00:52:24]	[Recv]	mv 3 40474 26 24 9

[00:52:24]	[Recv]	mv 3 40451 115 19 9

[00:52:24]	[Recv]	mv 3 40442 20 53 9

[00:52:24]	[Recv]	mv 3 40437 134 35 8

[00:52:24]	[Recv]	mv 3 40436 134 48 8

[00:52:24]	[Recv]	mv 3 40435 117 36 8

[00:52:24]	[Recv]	mv 3 40432 101 42 8

[00:52:24]	[Recv]	mv 3 40431 77 73 8

[00:52:24]	[Recv]	gp 1 40 2631 -1 0 0

[00:52:24]	[Recv]	gp 67 97 2635 -1 1 0

[00:52:24]	[Recv]	gp 120 2 2634 -1 2 0

[00:52:24]	[Recv]	gp 177 58 2628 -1 3 0

[00:52:24]	[Recv]	in 3 3019 40486 151 47 2 100 100 0 0 0 -1 1 0 -1 - 0 -1 0 0 0 0 0 0 0 0 0 0 0 0 0

[00:52:24]	[Recv]	in 3 3019 40485 135 37 2 63 100 0 0 0 -1 1 0 -1 - 0 -1 0 0 0 0 0 0 0 0 0 0 0 0 0

[00:52:24]	[Recv]	in 3 3019 40484 124 26 2 100 100 0 0 0 -1 1 0 -1 - 0 -1 0 0 0 0 0 0 0 0 0 0 0 0 0

[00:52:24]	[Recv]	in 3 3019 40483 113 44 2 100 100 0 0 0 -1 1 0 -1 - 0 -1 0 0 0 0 0 0 0 0 0 0 0 0 0

[00:52:24]	[Recv]	in 3 3019 40482 92 58 2 100 100 0 0 0 -1 1 0 -1 - 0 -1 0 0 0 0 0 0 0 0 0 0 0 0 0

[00:52:24]	[Recv]	in 3 3019 40481 94 31 2 100 100 0 0 0 -1 1 0 -1 - 0 -1 0 0 0 0 0 0 0 0 0 0 0 0 0

[00:52:24]	[Recv]	in 3 3019 40480 76 85 2 100 100 0 0 0 -1 1 0 -1 - 0 -1 0 0 0 0 0 0 0 0 0 0 0 0 0

[00:52:24]	[Recv]	in 3 3019 40479 73 62 2 100 100 0 0 0 -1 1 0 -1 - 0 -1 0 0 0 0 0 0 0 0 0 0 0 0 0

[00:52:24]	[Recv]	in 3 3019 40478 61 57 2 100 100 0 0 0 -1 1 0 -1 - 0 -1 0 0 0 0 0 0 0 0 0 0 0 0 0

[00:52:24]	[Recv]	in 3 3019 40477 56 70 2 100 100 0 0 0 -1 1 0 -1 - 0 -1 0 0 0 0 0 0 0 0 0 0 0 0 0

[00:52:24]	[Recv]	in 3 3019 40476 43 47 2 100 100 0 0 0 -1 1 0 -1 - 0 -1 0 0 0 0 0 0 0 0 0 0 0 0 0

[00:52:24]	[Recv]	in 3 3019 40475 43 79 2 100 100 0 0 0 -1 1 0 -1 - 0 -1 0 0 0 0 0 0 0 0 0 0 0 0 0

[00:52:24]	[Recv]	in 3 3019 40474 26 24 2 100 100 0 0 0 -1 1 0 -1 - 0 -1 0 0 0 0 0 0 0 0 0 0 0 0 0

[00:52:24]	[Recv]	in 3 3019 40473 67 48 2 100 100 0 0 0 -1 1 0 -1 - 0 -1 0 0 0 0 0 0 0 0 0 0 0 0 0

[00:52:24]	[Recv]	in 3 3019 40472 19 58 2 100 100 0 0 0 -1 1 0 -1 - 0 -1 0 0 0 0 0 0 0 0 0 0 0 0 0

[00:52:24]	[Recv]	in 3 3004 40471 174 55 2 100 100 0 0 0 -1 1 0 -1 - 0 -1 0 0 0 0 0 0 0 0 0 0 0 0 0

[00:52:24]	[Recv]	in 3 3004 40470 150 44 2 78 100 0 0 0 -1 1 0 -1 - 0 -1 0 0 0 0 0 0 0 0 0 0 0 0 0

[00:52:24]	[Recv]	in 3 3004 40469 172 57 2 100 100 0 0 0 -1 1 0 -1 - 0 -1 0 0 0 0 0 0 0 0 0 0 0 0 0

[00:52:24]	[Recv]	in 3 3004 40468 170 48 2 51 100 0 0 0 -1 1 0 -1 - 0 -1 0 0 0 0 0 0 0 0 0 0 0 0 0

[00:52:24]	[Recv]	in 3 3004 40467 129 45 2 59 100 0 0 0 -1 1 0 -1 - 0 -1 0 0 0 0 0 0 0 0 0 0 0 0 0

[00:52:24]	[Recv]	in 3 3004 40466 116 52 2 100 100 0 0 0 -1 1 0 -1 - 0 -1 0 0 0 0 0 0 0 0 0 0 0 0 0

[00:52:24]	[Recv]	in 3 3004 40465 107 36 2 100 100 0 0 0 -1 1 0 -1 - 0 -1 0 0 0 0 0 0 0 0 0 0 0 0 0

[00:52:24]	[Recv]	in 3 3004 40464 104 26 2 100 100 0 0 0 -1 1 0 -1 - 0 -1 0 0 0 0 0 0 0 0 0 0 0 0 0

[00:52:24]	[Recv]	in 3 3004 40463 77 80 2 100 100 0 0 0 -1 1 0 -1 - 0 -1 0 0 0 0 0 0 0 0 0 0 0 0 0

[00:52:24]	[Recv]	in 3 3004 40462 67 70 2 100 100 0 0 0 -1 1 0 -1 - 0 -1 0 0 0 0 0 0 0 0 0 0 0 0 0

[00:52:24]	[Recv]	in 3 3004 40461 57 89 2 100 100 0 0 0 -1 1 0 -1 - 0 -1 0 0 0 0 0 0 0 0 0 0 0 0 0

[00:52:24]	[Recv]	in 3 3004 40460 36 49 2 100 100 0 0 0 -1 1 0 -1 - 0 -1 0 0 0 0 0 0 0 0 0 0 0 0 0

[00:52:24]	[Recv]	in 3 3004 40459 29 55 2 100 100 0 0 0 -1 1 0 -1 - 0 -1 0 0 0 0 0 0 0 0 0 0 0 0 0

[00:52:24]	[Recv]	in 3 3004 40458 28 33 2 100 100 0 0 0 -1 1 0 -1 - 0 -1 0 0 0 0 0 0 0 0 0 0 0 0 0

[00:52:24]	[Recv]	in 3 3004 40457 20 25 2 100 100 0 0 0 -1 1 0 -1 - 0 -1 0 0 0 0 0 0 0 0 0 0 0 0 0

[00:52:24]	[Recv]	in 3 3004 40456 15 48 2 100 100 0 0 0 -1 1 0 -1 - 0 -1 0 0 0 0 0 0 0 0 0 0 0 0 0

[00:52:24]	[Recv]	in 3 3003 40455 159 51 2 100 100 0 0 0 -1 1 0 -1 - 0 -1 0 0 0 0 0 0 0 0 0 0 0 0 0

[00:52:24]	[Recv]	in 3 3003 40454 153 39 2 100 100 0 0 0 -1 1 0 -1 - 0 -1 0 0 0 0 0 0 0 0 0 0 0 0 0

[00:52:24]	[Recv]	in 3 3003 40453 141 40 2 100 100 0 0 0 -1 1 0 -1 - 0 -1 0 0 0 0 0 0 0 0 0 0 0 0 0

[00:52:24]	[Recv]	in 3 3003 40452 138 49 2 100 100 0 0 0 -1 1 0 -1 - 0 -1 0 0 0 0 0 0 0 0 0 0 0 0 0

[00:52:24]	[Recv]	in 3 3003 40451 115 19 2 100 100 0 0 0 -1 1 0 -1 - 0 -1 0 0 0 0 0 0 0 0 0 0 0 0 0

[00:52:24]	[Recv]	in 3 3003 40450 107 36 2 100 100 0 0 0 -1 1 0 -1 - 0 -1 0 0 0 0 0 0 0 0 0 0 0 0 0

[00:52:24]	[Recv]	in 3 3003 40449 104 49 2 100 100 0 0 0 -1 1 0 -1 - 0 -1 0 0 0 0 0 0 0 0 0 0 0 0 0

[00:52:24]	[Recv]	in 3 3003 40448 71 82 2 100 100 0 0 0 -1 1 0 -1 - 0 -1 0 0 0 0 0 0 0 0 0 0 0 0 0

[00:52:24]	[Recv]	in 3 3003 40447 63 53 2 100 100 0 0 0 -1 1 0 -1 - 0 -1 0 0 0 0 0 0 0 0 0 0 0 0 0

[00:52:24]	[Recv]	in 3 3003 40446 57 72 2 100 100 0 0 0 -1 1 0 -1 - 0 -1 0 0 0 0 0 0 0 0 0 0 0 0 0

[00:52:24]	[Recv]	in 3 3003 40445 47 79 2 100 100 0 0 0 -1 1 0 -1 - 0 -1 0 0 0 0 0 0 0 0 0 0 0 0 0

[00:52:24]	[Recv]	in 3 3003 40444 44 68 2 100 100 0 0 0 -1 1 0 -1 - 0 -1 0 0 0 0 0 0 0 0 0 0 0 0 0

[00:52:24]	[Recv]	in 3 3003 40443 34 43 2 100 100 0 0 0 -1 1 0 -1 - 0 -1 0 0 0 0 0 0 0 0 0 0 0 0 0

[00:52:24]	[Recv]	in 3 3003 40442 20 53 2 100 100 0 0 0 -1 1 0 -1 - 0 -1 0 0 0 0 0 0 0 0 0 0 0 0 0

[00:52:24]	[Recv]	in 3 3003 40441 18 33 2 100 100 0 0 0 -1 1 0 -1 - 0 -1 0 0 0 0 0 0 0 0 0 0 0 0 0

[00:52:24]	[Recv]	in 3 3003 40440 16 36 2 100 100 0 0 0 -1 1 0 -1 - 0 -1 0 0 0 0 0 0 0 0 0 0 0 0 0

[00:52:24]	[Recv]	in 3 3002 40439 150 57 2 100 100 0 0 0 -1 1 0 -1 - 0 -1 0 0 0 0 0 0 0 0 0 0 0 0 0

[00:52:24]	[Recv]	in 3 3002 40438 149 32 2 72 100 0 0 0 -1 1 0 -1 - 0 -1 0 0 0 0 0 0 0 0 0 0 0 0 0

[00:52:24]	[Recv]	in 3 3002 40437 134 35 2 88 100 0 0 0 -1 1 0 -1 - 0 -1 0 0 0 0 0 0 0 0 0 0 0 0 0

[00:52:24]	[Recv]	in 3 3002 40436 134 48 2 69 100 0 0 0 -1 1 0 -1 - 0 -1 0 0 0 0 0 0 0 0 0 0 0 0 0

[00:52:24]	[Recv]	in 3 3002 40435 117 36 2 100 100 0 0 0 -1 1 0 -1 - 0 -1 0 0 0 0 0 0 0 0 0 0 0 0 0

[00:52:24]	[Recv]	in 3 3002 40434 113 22 2 100 100 0 0 0 -1 1 0 -1 - 0 -1 0 0 0 0 0 0 0 0 0 0 0 0 0

[00:52:24]	[Recv]	in 3 3002 40433 101 52 2 100 100 0 0 0 -1 1 0 -1 - 0 -1 0 0 0 0 0 0 0 0 0 0 0 0 0

[00:52:24]	[Recv]	in 3 3002 40432 101 42 2 100 100 0 0 0 -1 1 0 -1 - 0 -1 0 0 0 0 0 0 0 0 0 0 0 0 0

[00:52:24]	[Recv]	in 3 3002 40431 77 73 2 100 100 0 0 0 -1 1 0 -1 - 0 -1 0 0 0 0 0 0 0 0 0 0 0 0 0

[00:52:24]	[Recv]	in 3 3002 40430 64 85 2 100 100 0 0 0 -1 1 0 -1 - 0 -1 0 0 0 0 0 0 0 0 0 0 0 0 0

[00:52:24]	[Recv]	in 3 3002 40429 56 76 2 100 100 0 0 0 -1 1 0 -1 - 0 -1 0 0 0 0 0 0 0 0 0 0 0 0 0

[00:52:24]	[Recv]	in 3 3002 40428 53 60 2 100 100 0 0 0 -1 1 0 -1 - 0 -1 0 0 0 0 0 0 0 0 0 0 0 0 0

[00:52:24]	[Recv]	in 3 3002 40427 44 52 2 100 100 0 0 0 -1 1 0 -1 - 0 -1 0 0 0 0 0 0 0 0 0 0 0 0 0

[00:52:24]	[Recv]	in 3 3002 40426 85 37 2 100 100 0 0 0 -1 1 0 -1 - 0 -1 0 0 0 0 0 0 0 0 0 0 0 0 0

[00:52:24]	[Recv]	in 3 3002 40425 24 45 2 100 100 0 0 0 -1 1 0 -1 - 0 -1 0 0 0 0 0 0 0 0 0 0 0 0 0

[00:52:24]	[Recv]	in 2 3133 40523 161 33 3 100 100 1 0 0 -1 1 0 -1 - 0 -1 0 0 0 0 0 0 0 0 0 0 0 0 0

[00:52:24]	[Recv]	in 2 3133 40522 136 62 7 100 100 1 0 0 -1 1 0 -1 - 0 -1 0 0 0 0 0 0 0 0 0 0 0 0 0

[00:52:24]	[Recv]	in 2 3133 40521 111 33 0 100 100 1 0 0 -1 1 0 -1 - 0 -1 0 0 0 0 0 0 0 0 0 0 0 0 0

[00:52:24]	[Recv]	in 2 3133 40520 104 27 4 100 100 1 0 0 -1 1 0 -1 - 0 -1 0 0 0 0 0 0 0 0 0 0 0 0 0

[00:52:24]	[Recv]	in 2 3133 40519 52 85 7 100 100 1 0 0 -1 1 0 -1 - 0 -1 0 0 0 0 0 0 0 0 0 0 0 0 0

[00:52:24]	[Recv]	in 2 3133 40518 66 54 3 100 100 1 0 0 -1 1 0 -1 - 0 -1 0 0 0 0 0 0 0 0 0 0 0 0 0

[00:52:24]	[Recv]	in 2 3133 40517 75 93 0 100 100 1 0 0 -1 1 0 -1 - 0 -1 0 0 0 0 0 0 0 0 0 0 0 0 0

[00:52:24]	[Recv]	in 2 3133 40516 126 35 2 100 100 1 0 0 -1 1 0 -1 - 0 -1 0 0 0 0 0 0 0 0 0 0 0 0 0

[00:52:24]	[Recv]	in 2 3133 40515 47 46 4 100 100 1 0 0 -1 1 0 -1 - 0 -1 0 0 0 0 0 0 0 0 0 0 0 0 0

[00:52:24]	[Recv]	in 2 3133 40514 67 68 3 100 100 1 0 0 -1 1 0 -1 - 0 -1 0 0 0 0 0 0 0 0 0 0 0 0 0

[00:52:24]	[Recv]	in 2 3071 40513 177 54 3 5 100 11026 0 0 -1 1 0 -1 - 0 -1 0 0 0 0 0 0 0 0 0 0 0 0 0

[00:52:24]	[Recv]	in 2 3051 40512 166 44 2 100 100 1 0 0 -1 1 0 -1 - 0 -1 0 0 0 0 0 0 0 0 0 0 0 0 0

[00:52:24]	[Recv]	in 2 3051 40511 163 62 2 100 100 1 0 0 -1 1 0 -1 - 0 -1 0 0 0 0 0 0 0 0 0 0 0 0 0

[00:52:24]	[Recv]	in 2 3051 40510 154 33 2 100 100 1 0 0 -1 1 0 -1 - 0 -1 0 0 0 0 0 0 0 0 0 0 0 0 0

[00:52:24]	[Recv]	in 2 3051 40509 146 61 2 100 100 1 0 0 -1 1 0 -1 - 0 -1 0 0 0 0 0 0 0 0 0 0 0 0 0

[00:52:24]	[Recv]	in 2 3051 40508 133 29 2 100 100 1 0 0 -1 1 0 -1 - 0 -1 0 0 0 0 0 0 0 0 0 0 0 0 0

[00:52:24]	[Recv]	in 2 3051 40507 128 13 2 100 100 1 0 0 -1 1 0 -1 - 0 -1 0 0 0 0 0 0 0 0 0 0 0 0 0

[00:52:24]	[Recv]	in 2 3051 40506 121 38 2 100 100 1 0 0 -1 1 0 -1 - 0 -1 0 0 0 0 0 0 0 0 0 0 0 0 0

[00:52:24]	[Recv]	in 2 3051 40505 119 27 2 100 100 1 0 0 -1 1 0 -1 - 0 -1 0 0 0 0 0 0 0 0 0 0 0 0 0

[00:52:24]	[Recv]	in 2 3051 40504 118 51 2 100 100 1 0 0 -1 1 0 -1 - 0 -1 0 0 0 0 0 0 0 0 0 0 0 0 0

[00:52:24]	[Recv]	in 2 3051 40503 114 67 2 100 100 1 0 0 -1 1 0 -1 - 0 -1 0 0 0 0 0 0 0 0 0 0 0 0 0

[00:52:24]	[Recv]	in 2 3051 40502 104 22 2 100 100 1 0 0 -1 1 0 -1 - 0 -1 0 0 0 0 0 0 0 0 0 0 0 0 0

[00:52:24]	[Recv]	in 2 3051 40501 99 60 2 100 100 1 0 0 -1 1 0 -1 - 0 -1 0 0 0 0 0 0 0 0 0 0 0 0 0

[00:52:24]	[Recv]	in 2 3051 40500 92 32 2 100 100 1 0 0 -1 1 0 -1 - 0 -1 0 0 0 0 0 0 0 0 0 0 0 0 0

[00:52:24]	[Recv]	in 2 3051 40499 90 47 2 100 100 1 0 0 -1 1 0 -1 - 0 -1 0 0 0 0 0 0 0 0 0 0 0 0 0

[00:52:24]	[Recv]	in 2 3051 40498 87 80 2 100 100 1 0 0 -1 1 0 -1 - 0 -1 0 0 0 0 0 0 0 0 0 0 0 0 0

[00:52:24]	[Recv]	in 2 3051 40497 81 70 2 100 100 1 0 0 -1 1 0 -1 - 0 -1 0 0 0 0 0 0 0 0 0 0 0 0 0

[00:52:24]	[Recv]	in 2 3051 40496 72 88 2 100 100 1 0 0 -1 1 0 -1 - 0 -1 0 0 0 0 0 0 0 0 0 0 0 0 0

[00:52:24]	[Recv]	in 2 3051 40495 70 58 2 100 100 1 0 0 -1 1 0 -1 - 0 -1 0 0 0 0 0 0 0 0 0 0 0 0 0

[00:52:24]	[Recv]	in 2 3051 40494 50 66 2 100 100 1 0 0 -1 1 0 -1 - 0 -1 0 0 0 0 0 0 0 0 0 0 0 0 0

[00:52:24]	[Recv]	in 2 3051 40493 50 50 2 100 100 1 0 0 -1 1 0 -1 - 0 -1 0 0 0 0 0 0 0 0 0 0 0 0 0

[00:52:24]	[Recv]	in 2 3051 40492 46 84 2 100 100 1 0 0 -1 1 0 -1 - 0 -1 0 0 0 0 0 0 0 0 0 0 0 0 0

[00:52:24]	[Recv]	in 2 3051 40491 36 67 2 100 100 1 0 0 -1 1 0 -1 - 0 -1 0 0 0 0 0 0 0 0 0 0 0 0 0

[00:52:24]	[Recv]	in 2 3051 40490 21 30 2 100 100 1 0 0 -1 1 0 -1 - 0 -1 0 0 0 0 0 0 0 0 0 0 0 0 0

[00:52:24]	[Recv]	in 2 3051 40489 16 55 2 100 100 1 0 0 -1 1 0 -1 - 0 -1 0 0 0 0 0 0 0 0 0 0 0 0 0

[00:52:24]	[Recv]	in 2 3051 40488 13 31 2 100 100 1 0 0 -1 1 0 -1 - 0 -1 0 0 0 0 0 0 0 0 0 0 0 0 0

[00:52:24]	[Recv]	in 2 3047 40487 177 61 3 100 20 0 0 0 -1 1 0 -1 - 0 -1 0 0 0 0 0 0 0 0 0 0 0 0 0

[00:52:24]	[Recv]	pst 2 2557262 0 100 100 34166 7013 0 0 0

[00:52:24]	[Recv]	pst 2 2557249 1 100 100 42830 3622 0 0 0

[00:52:25]	[Send]	walk 170 54 0 25
[00:52:25]	[Recv]	mv 3 40481 96 33 9

[00:52:25]	[Recv]	mv 3 40478 62 59 9

[00:52:25]	[Recv]	mv 3 40472 18 58 9

[00:52:25]	[Recv]	ct 3 40471 2 40513 -1 -1 0

[00:52:25]	[Recv]	su 3 40471 2 40513 0 10 11 1055 0 0 0 0 3278 0 0 0 19775

[00:52:25]	[Recv]	ct 3 40469 2 40487 -1 -1 0

[00:52:25]	[Recv]	su 3 40469 2 40487 0 10 11 1055 0 0 1 99 1362 0 0 321878 323240

[00:52:25]	[Recv]	mv 3 40458 28 31 8

[00:52:25]	[Recv]	mv 3 40453 140 39 9

[00:52:25]	[Recv]	mv 3 40446 58 72 9

[00:52:25]	[Recv]	mv 3 40433 103 52 8

[00:52:25]	[Recv]	mv 3 40484 125 27 9

[00:52:25]	[Recv]	mv 3 40470 151 43 8

[00:52:25]	[Recv]	mv 3 40447 61 55 9

[00:52:25]	[Recv]	mv 3 40444 43 66 9

[00:52:25]	[Recv]	mv 3 40479 75 61 9

[00:52:25]	[Recv]	mv 3 40468 166 46 8

[00:52:25]	[Recv]	mv 3 40466 118 53 8

[00:52:25]	[Recv]	mv 3 40462 68 70 8

[00:52:25]	[Recv]	mv 3 40460 35 48 8

[00:52:25]	[Recv]	mv 3 40459 29 56 8

[00:52:25]	[Recv]	mv 3 40440 16 38 9

[00:52:25]	[Recv]	mv 3 40439 151 55 8

[00:52:25]	[Recv]	mv 3 40438 149 33 8

[00:52:25]	[Recv]	mv 3 40428 51 59 8

[00:52:25]	[Send]	walk 168 50 0 25
[00:52:25]	[Recv]	mv 3 40486 149 45 9

[00:52:25]	[Recv]	mv 3 40465 108 37 8

[00:52:25]	[Recv]	mv 3 40457 22 25 8

[00:52:25]	[Recv]	mv 3 40456 15 50 8

[00:52:25]	[Recv]	mv 3 40448 71 84 9

[00:52:25]	[Recv]	mv 3 40441 16 34 9

[00:52:25]	[Recv]	mv 3 40425 25 46 8

[00:52:25]	[Recv]	mv 3 40477 54 69 9

[00:52:25]	[Recv]	mv 3 40476 42 45 9

[00:52:25]	[Recv]	mv 3 40475 41 79 9

[00:52:25]	[Recv]	mv 3 40451 113 20 9

[00:52:25]	[Recv]	mv 3 40442 19 53 9

[00:52:25]	[Recv]	mv 3 40436 132 47 8

[00:52:25]	[Recv]	mv 3 40435 117 37 8

[00:52:25]	[Recv]	mv 3 40430 62 83 8

[00:52:25]	[Recv]	pst 2 2557262 0 100 100 34166 7013 0 0 0

[00:52:25]	[Recv]	pst 2 2557249 1 100 100 42830 3622 0 0 0

[00:52:25]	[Send]	walk 166 47 0 25
[00:52:26]	[Recv]	mv 3 40480 77 86 9

[00:52:26]	[Recv]	mv 3 40472 19 58 9

[00:52:26]	[Recv]	mv 3 40458 29 32 8

[00:52:26]	[Recv]	mv 3 40453 142 39 9

[00:52:26]	[Recv]	mv 3 40452 140 49 9

[00:52:26]	[Recv]	mv 3 40443 34 41 9

[00:52:26]	[Recv]	mv 3 40427 42 54 8

[00:52:26]	[Recv]	revive 2 40513 1

[00:52:26]	[Send]	walk 166 45 1 25
[00:52:26]	[Recv]	mv 3 40483 111 44 9

[00:52:26]	[Recv]	mv 3 40470 150 42 8

[00:52:26]	[Recv]	mv 3 40463 79 81 8

[00:52:26]	[Recv]	mv 3 40461 58 87 8

[00:52:26]	[Recv]	mv 3 40454 154 37 9

[00:52:26]	[Recv]	mv 3 40447 61 56 9

[00:52:26]	[Recv]	mv 3 40444 44 67 9

[00:52:26]	[Send]	walk 164 44 1 25
[00:52:26]	[Recv]	mv 3 40485 136 36 9

[00:52:26]	[Recv]	mv 3 40479 73 62 9

[00:52:26]	[Recv]	mv 3 40466 118 51 8

[00:52:26]	[Recv]	mv 3 40464 103 27 8

[00:52:26]	[Recv]	mv 3 40460 36 49 8

[00:52:26]	[Recv]	mv 3 40459 28 57 8

[00:52:26]	[Recv]	mv 3 40440 15 36 9

[00:52:26]	[Recv]	mv 3 40439 149 56 8

[00:52:26]	[Recv]	mv 3 40428 52 61 8

[00:52:26]	[Send]	walk 161 44 1 25
[00:52:26]	[Recv]	msgi2 0 905 14 ~Dardy~ 3027 

[00:52:26]	[Recv]	mv 3 40465 109 35 8

[00:52:26]	[Send]	walk 160 44 0 25
[00:52:26]	[Recv]	stat 75191 75191 15519 17265 0 1316

[00:52:26]	[Recv]	mv 3 40477 56 70 9

[00:52:26]	[Recv]	mv 3 40476 43 46 9

[00:52:26]	[Recv]	mv 3 40475 42 80 9

[00:52:26]	[Recv]	mv 3 40467 130 45 8

[00:52:26]	[Recv]	mv 3 40451 114 20 9

[00:52:26]	[Recv]	mv 3 40449 106 48 9

[00:52:26]	[Recv]	mv 3 40445 49 78 9

[00:52:26]	[Recv]	mv 3 40442 19 52 9

[00:52:26]	[Recv]	mv 3 40437 135 35 8

[00:52:26]	[Recv]	mv 3 40436 132 46 8

[00:52:26]	[Recv]	mv 3 40435 115 36 8

[00:52:26]	[Recv]	mv 3 40432 99 42 8

[00:52:26]	[Recv]	mv 3 40430 63 82 8

[00:52:26]	[Recv]	pst 2 2557262 0 100 100 34166 7013 0 0 0

[00:52:26]	[Recv]	pst 2 2557249 1 100 100 42830 3622 0 0 0

[00:52:27]	[Recv]	mv 3 40481 96 32 9

[00:52:27]	[Recv]	mv 3 40480 77 87 9

[00:52:27]	[Recv]	mv 3 40472 19 57 9

[00:52:27]	[Recv]	mv 3 40458 30 30 8

[00:52:27]	[Recv]	mv 3 40453 141 40 9

[00:52:27]	[Recv]	mv 3 40452 141 50 9

[00:52:27]	[Recv]	mv 3 40446 56 72 9

[00:52:27]	[Recv]	mv 3 40443 33 41 9

[00:52:27]	[Recv]	mv 3 40427 44 55 8

[00:52:27]	[Recv]	mv 3 40484 127 25 9

[00:52:27]	[Recv]	ct 3 40471 2 40487 -1 -1 0

[00:52:27]	[Recv]	su 3 40471 2 40487 0 10 11 1055 0 0 1 99 1370 0 0 321870 323240

[00:52:27]	[Recv]	mv 3 40470 148 40 8

[00:52:27]	[Recv]	ct 3 40469 2 40487 -1 -1 0

[00:52:27]	[Recv]	su 3 40469 2 40487 0 10 11 1055 0 0 1 99 1398 0 0 320472 323240

[00:52:27]	[Recv]	mv 3 40463 77 81 8

[00:52:27]	[Recv]	mv 3 40461 57 88 8

[00:52:27]	[Recv]	mv 3 40444 45 67 9

[00:52:27]	[Send]	walk 157 42 1 25
[00:52:27]	[Recv]	mv 3 40485 137 34 9

[00:52:27]	[Recv]	mv 3 40479 74 61 9

[00:52:27]	[Recv]	mv 3 40468 165 44 8

[00:52:27]	[Recv]	mv 3 40466 117 51 8

[00:52:27]	[Recv]	mv 3 40462 67 72 8

[00:52:27]	[Recv]	mv 3 40459 30 55 8

[00:52:27]	[Recv]	mv 3 40441 18 32 9

[00:52:27]	[Recv]	mv 3 40477 56 72 9

[00:52:27]	[Recv]	mv 3 40476 42 48 9

[00:52:27]	[Recv]	mv 3 40474 25 23 9

[00:52:27]	[Recv]	mv 3 40467 129 44 8

[00:52:27]	[Recv]	mv 3 40450 108 34 9

[00:52:27]	[Recv]	mv 3 40445 48 78 9

[00:52:27]	[Recv]	mv 3 40442 19 50 9

[00:52:27]	[Recv]	mv 3 40437 133 34 8

[00:52:27]	[Recv]	mv 3 40435 113 37 8

[00:52:27]	[Recv]	mv 3 40431 75 72 8

[00:52:27]	[Recv]	mv 3 40430 64 83 8

[00:52:27]	[Recv]	mv 3 40429 55 75 8

[00:52:27]	[Recv]	pst 2 2557262 0 100 100 34166 7013 0 0 0

[00:52:27]	[Recv]	pst 2 2557249 1 100 100 42830 3622 0 0 0

[00:52:27]	[Send]	walk 153 40 1 25
[00:52:28]	[Recv]	mv 3 40481 97 32 9

[00:52:28]	[Recv]	mv 3 40480 77 89 9

[00:52:28]	[Recv]	mv 3 40453 139 38 9

[00:52:28]	[Recv]	mv 3 40452 139 49 9

[00:52:28]	[Recv]	mv 3 40446 58 70 9

[00:52:28]	[Recv]	mv 3 40433 101 53 8

[00:52:28]	[Recv]	mv 3 40470 150 42 8

[00:52:28]	[Recv]	mv 3 40461 55 88 8

[00:52:28]	[Recv]	mv 3 40455 158 49 9

[00:52:28]	[Recv]	mv 3 40454 153 37 9

[00:52:28]	[Recv]	mv 3 40447 63 54 9

[00:52:28]	[Send]	walk 149 37 0 25
[00:52:28]	[Recv]	mv 3 40485 136 36 9

[00:52:28]	[Recv]	mv 3 40479 75 60 9

[00:52:28]	[Recv]	mv 3 40466 119 51 8

[00:52:28]	[Recv]	mv 3 40462 65 73 8

[00:52:28]	[Recv]	mv 3 40439 148 56 8

[00:52:28]	[Recv]	mv 3 40438 148 35 8

[00:52:28]	[Recv]	mv 3 40428 51 59 8

[00:52:28]	[Recv]	msgi2 0 905 14 •Sarah 2514 

[00:52:28]	[Recv]	mv 3 40486 151 45 9

[00:52:28]	[Recv]	mv 3 40457 21 25 8

[00:52:28]	[Recv]	mv 3 40456 17 51 8

[00:52:28]	[Recv]	mv 3 40425 23 46 8

[00:52:28]	[Send]	walk 145 33 1 25
[00:52:28]	[Recv]	stat 75191 75191 15519 17265 0 1316

[00:52:28]	[Recv]	stat 75191 75191 15636 17265 0 1316

[00:52:28]	[Recv]	mv 3 40477 54 71 9

[00:52:28]	[Recv]	mv 3 40476 44 47 9

[00:52:28]	[Recv]	mv 3 40467 131 42 8

[00:52:28]	[Recv]	mv 3 40450 109 32 9

[00:52:28]	[Recv]	mv 3 40445 49 80 9

[00:52:28]	[Recv]	mv 3 40442 20 50 9

[00:52:28]	[Recv]	mv 3 40437 134 32 8

[00:52:28]	[Recv]	mv 3 40436 133 47 8

[00:52:28]	[Recv]	mv 3 40432 98 42 8

[00:52:28]	[Recv]	mv 3 40431 75 70 8

[00:52:28]	[Recv]	mv 3 40430 63 81 8

[00:52:28]	[Recv]	mv 3 40429 55 77 8

[00:52:28]	[Recv]	pst 2 2557262 0 100 100 34166 7013 0 0 0

[00:52:28]	[Recv]	pst 2 2557249 1 100 100 42830 3622 0 0 0

[00:52:29]	[Recv]	mv 3 40481 95 34 9

[00:52:29]	[Recv]	mv 3 40458 28 30 8

[00:52:29]	[Recv]	mv 3 40453 141 40 9

[00:52:29]	[Recv]	mv 3 40433 99 51 8

[00:52:29]	[Recv]	mv 3 40427 42 54 8

[00:52:29]	[Send]	walk 142 30 1 25
[00:52:29]	[Recv]	mv 3 40484 127 27 9

[00:52:29]	[Recv]	mv 3 40470 148 40 8

[00:52:29]	[Recv]	mv 3 40463 78 82 8

[00:52:29]	[Recv]	mv 3 40455 160 50 9

[00:52:29]	[Recv]	mv 3 40444 43 65 9

[00:52:29]	[Recv]	mv 3 40468 164 44 8

[00:52:29]	[Recv]	mv 3 40466 119 52 8

[00:52:29]	[Recv]	mv 3 40464 104 27 8

[00:52:29]	[Recv]	mv 3 40460 34 48 8

[00:52:29]	[Recv]	mv 3 40438 146 34 8

[00:52:29]	[Recv]	mv 3 40434 114 23 8

[00:52:29]	[Recv]	mv 3 40428 51 61 8

[00:52:29]	[Send]	walk 138 27 0 25
[00:52:29]	[Recv]	mv 3 40486 149 47 9

[00:52:29]	[Recv]	mv 3 40465 110 36 8

[00:52:29]	[Recv]	mv 3 40441 20 33 9

[00:52:29]	[Recv]	mv 3 40477 53 71 9

[00:52:29]	[Recv]	mv 3 40476 44 46 9

[00:52:29]	[Recv]	mv 3 40474 26 25 9

[00:52:29]	[Recv]	mv 3 40467 132 44 8

[00:52:29]	[Recv]	mv 3 40451 114 21 9

[00:52:29]	[Recv]	mv 3 40450 108 34 9

[00:52:29]	[Recv]	mv 3 40445 49 81 9

[00:52:29]	[Recv]	mv 3 40442 18 52 9

[00:52:29]	[Recv]	mv 3 40436 133 46 8

[00:52:29]	[Recv]	mv 3 40432 100 40 8

[00:52:29]	[Recv]	mv 3 40430 62 82 8

[00:52:29]	[Recv]	mv 3 40429 54 76 8

[00:52:29]	[Recv]	pst 2 2557262 0 100 100 34166 7013 0 0 0

[00:52:29]	[Recv]	pst 2 2557249 1 100 100 42830 3622 0 0 0

[00:52:29]	[Send]	walk 134 27 0 25
[00:52:30]	[Recv]	mv 3 40481 96 32 9

[00:52:30]	[Recv]	mv 3 40472 18 55 9

[00:52:30]	[Recv]	mv 3 40452 137 51 9

[00:52:30]	[Recv]	mv 3 40446 58 71 9

[00:52:30]	[Recv]	mv 3 40433 101 51 8

[00:52:30]	[Recv]	mv 3 40427 43 53 8

[00:52:30]	[Send]	walk 131 28 0 25
[00:52:30]	[Recv]	mv 3 40447 63 55 9

[00:52:30]	[Recv]	mv 3 40485 137 37 9

[00:52:30]	[Recv]	mv 3 40466 119 53 8

[00:52:30]	[Recv]	mv 3 40464 103 26 8

[00:52:30]	[Recv]	mv 3 40459 28 57 8

[00:52:30]	[Recv]	mv 3 40438 147 32 8

[00:52:30]	[Recv]	mv 3 40434 115 23 8

[00:52:30]	[Recv]	mv 3 40428 53 59 8

[00:52:30]	[Recv]	mv 3 40486 147 47 9

[00:52:30]	[Recv]	mv 3 40456 17 50 8

[00:52:30]	[Recv]	mv 3 40425 25 44 8

[00:52:30]	[Recv]	stat 75191 75191 15636 17265 0 1316

[00:52:30]	[Recv]	mv 3 40477 52 69 9

[00:52:30]	[Recv]	mv 3 40474 24 25 9

[00:52:30]	[Recv]	mv 3 40467 132 46 8

[00:52:30]	[Recv]	mv 3 40451 115 21 9

[00:52:30]	[Recv]	mv 3 40442 19 51 9

[00:52:30]	[Recv]	mv 3 40432 99 41 8

[00:52:30]	[Recv]	mv 3 40431 74 72 8

[00:52:30]	[Recv]	pst 2 2557262 0 100 100 34166 7013 0 0 0

[00:52:30]	[Recv]	pst 2 2557249 1 100 100 42830 3622 0 0 0

[00:52:30]	[Send]	walk 127 22 0 25
[00:52:31]	[Recv]	mv 3 40472 19 56 9

[00:52:31]	[Recv]	mv 3 40446 57 72 9

[00:52:31]	[Recv]	mv 3 40433 101 52 8

[00:52:31]	[Recv]	mv 3 40427 44 53 8

[00:52:31]	[Recv]	mv 3 40463 78 80 8

[00:52:31]	[Recv]	mv 3 40461 56 88 8

[00:52:31]	[Recv]	mv 3 40447 63 56 9

[00:52:31]	[Recv]	mv 3 40444 44 67 9

[00:52:31]	[Recv]	mv 3 40485 136 37 9

[00:52:31]	[Recv]	mv 3 40468 162 43 8

[00:52:31]	[Recv]	mv 3 40466 117 54 8

[00:52:31]	[Recv]	mv 3 40464 102 28 8

[00:52:31]	[Recv]	mv 3 40462 67 71 8

[00:52:31]	[Recv]	mv 3 40439 149 58 8

[00:52:31]	[Recv]	mv 3 40438 149 34 8

[00:52:31]	[Recv]	mv 3 40428 53 57 8

[00:52:31]	[Recv]	mv 3 40456 16 52 8

[00:52:31]	[Recv]	mv 3 40441 18 32 9

[00:52:31]	[Send]	walk 123 16 1 25
[00:52:31]	[Recv]	mv 3 40477 54 68 9

[00:52:31]	[Recv]	mv 3 40476 44 47 9

[00:52:31]	[Recv]	mv 3 40451 116 22 9

[00:52:31]	[Recv]	mv 3 40450 107 35 9

[00:52:31]	[Recv]	mv 3 40449 107 48 9

[00:52:31]	[Recv]	mv 3 40437 135 34 8

[00:52:31]	[Recv]	mv 3 40431 75 71 8

[00:52:31]	[Recv]	mv 3 40430 62 84 8

[00:52:31]	[Recv]	mv 3 40429 54 77 8

[00:52:31]	[Recv]	pst 2 2557262 0 100 100 34166 7013 0 0 0

[00:52:31]	[Recv]	pst 2 2557249 1 100 100 42830 3622 0 0 0

[00:52:32]	[Recv]	mv 3 40472 19 58 9

[00:52:32]	[Recv]	mv 3 40443 33 42 9

[00:52:32]	[Recv]	mv 3 40427 42 52 8

[00:52:32]	[Send]	walk 125 11 1 25
[00:52:32]	[Recv]	mv 3 40484 126 26 9

[00:52:32]	[Recv]	mv 3 40483 113 46 9

[00:52:32]	[Recv]	mv 3 40470 150 41 8

[00:52:32]	[Recv]	mv 3 40463 77 82 8

[00:52:32]	[Recv]	mv 3 40455 161 50 9

[00:52:32]	[Recv]	mv 3 40454 153 35 9

[00:52:32]	[Recv]	mv 3 40447 62 54 9

[00:52:32]	[Send]	walk 124 10 0 25
[00:52:32]	[Recv]	mv 3 40485 135 35 9

[00:52:32]	[Recv]	mv 3 40479 73 60 9

[00:52:32]	[Recv]	mv 3 40466 118 53 8

[00:52:32]	[Recv]	mv 3 40464 103 28 8

[00:52:32]	[Recv]	mv 3 40462 66 70 8

[00:52:32]	[Recv]	mv 3 40460 36 49 8

[00:52:32]	[Recv]	mv 3 40438 147 32 8

[00:52:32]	[Recv]	mv 3 40486 148 49 9

[00:52:32]	[Recv]	mv 3 40465 108 37 8

[00:52:32]	[Recv]	mv 3 40457 19 26 8

[00:52:32]	[Recv]	mv 3 40425 23 45 8

[00:52:32]	[Recv]	stat 75191 75191 15636 17265 0 1316

[00:52:32]	[Recv]	stat 75191 75191 15753 17265 0 1316

[00:52:32]	[Recv]	mv 3 40477 52 68 9

[00:52:32]	[Recv]	mv 3 40476 45 46 9

[00:52:32]	[Recv]	mv 3 40475 42 79 9

[00:52:32]	[Recv]	mv 3 40474 24 23 9

[00:52:32]	[Recv]	mv 3 40450 108 34 9

[00:52:32]	[Recv]	mv 3 40445 47 80 9

[00:52:32]	[Recv]	mv 3 40442 18 52 9

[00:52:32]	[Recv]	mv 3 40436 134 48 8

[00:52:32]	[Recv]	mv 3 40432 99 40 8

[00:52:32]	[Recv]	mv 3 40431 76 70 8

[00:52:32]	[Recv]	mv 3 40430 64 82 8

[00:52:32]	[Recv]	mv 3 40429 55 78 8

[00:52:32]	[Recv]	pst 2 2557262 0 100 100 34166 7013 0 0 0

[00:52:32]	[Recv]	pst 2 2557249 1 100 100 42830 3622 0 0 0

[00:52:33]	[Recv]	mv 3 40478 61 60 9

[00:52:33]	[Recv]	mv 3 40446 58 74 9

[00:52:33]	[Recv]	mv 3 40483 113 45 9

[00:52:33]	[Recv]	mv 3 40463 78 84 8

[00:52:33]	[Recv]	mv 3 40461 55 89 8

[00:52:33]	[Recv]	mv 3 40455 159 51 9

[00:52:33]	[Recv]	mv 3 40454 153 36 9

[00:52:33]	[Recv]	mv 3 40447 61 53 9

[00:52:33]	[Recv]	mv 3 40444 46 68 9

[00:52:33]	[Send]	walk 121 2 0 25
[00:52:33]	[Recv]	mv 3 40485 135 37 9

[00:52:33]	[Recv]	mv 3 40466 118 54 8

[00:52:33]	[Recv]	mv 3 40464 104 28 8

[00:52:33]	[Recv]	mv 3 40462 65 69 8

[00:52:33]	[Recv]	mv 3 40459 29 57 8

[00:52:33]	[Recv]	mv 3 40428 55 57 8

[00:52:33]	[Recv]	mv 3 40465 109 36 8

[00:52:33]	[Recv]	mv 3 40457 21 25 8

[00:52:33]	[Recv]	mv 3 40456 15 50 8

[00:52:33]	[Recv]	mv 3 40448 73 85 9

[00:52:33]	[Recv]	mv 3 40477 54 70 9

[00:52:33]	[Recv]	mv 3 40475 41 79 9

[00:52:33]	[Recv]	mv 3 40450 107 36 9

[00:52:33]	[Recv]	mv 3 40436 133 47 8

[00:52:33]	[Recv]	mv 3 40435 115 39 8

[00:52:33]	[Recv]	mv 3 40432 98 42 8

[00:52:33]	[Recv]	pst 2 2557262 0 100 100 34166 7013 0 0 0

[00:52:33]	[Recv]	pst 2 2557249 1 100 100 42830 3622 0 0 0

[00:52:34]	[Recv]	mv 3 40481 96 31 9

[00:52:34]	[Recv]	mv 3 40480 76 87 9

[00:52:34]	[Recv]	mv 3 40478 61 59 9

[00:52:34]	[Recv]	mv 3 40458 26 32 8

[00:52:34]	[Recv]	mv 3 40453 140 42 9

[00:52:34]	[Recv]	mv 3 40452 138 52 9

[00:52:34]	[Recv]	mv 3 40446 60 72 9

[00:52:34]	[Recv]	mv 3 40443 34 40 9

[00:52:34]	[Recv]	mv 3 40433 100 51 8

[00:52:34]	[Recv]	mv 3 40427 41 54 8

[00:52:34]	[Send]	preq
[00:52:34]	[Recv]	mv 3 40470 150 43 8

[00:52:34]	[Recv]	mv 3 40463 76 82 8

[00:52:34]	[Recv]	mv 3 40444 45 68 9

[00:52:34]	[Recv]	c_map 0 2633 0

[00:52:34]	[Recv]	mapout

[00:52:34]	[Send]	c_close 1
[00:52:34]	[Send]	c_close 0
[00:52:34]	[Send]	f_stash_end 
[00:52:34]	[Send]	c_close 1
[00:52:34]	[Recv]	c_info milkers - -1 3739.918 Sanguinarius 6835325 0 0 1 5 1 27 0 10 0 0 0 0 8151 9

[00:52:34]	[Send]	mall 50
[00:52:34]	[Send]	c_close 1
[00:52:34]	[Recv]	c_mode 1 6835325 3728 0 0 0 100 8151

[00:52:34]	[Recv]	equip 73 78 0.8628.3.7.0.8.82 1.8643.8.7.0.2.82 2.8689.0.0.0.0.0 3.8653.0.2.0.0.0 4.8655.0.0.0.0.0 5.8636.7.8.0.0.82 6.4657.0.0.0.0.0 7.4653.0.0.0.0.0 8.4647.0.0.0.0.0 9.8687.0.0.0.0.0 10.8674.9.0.0.0.0 12.909.0.20.100.0.0 13.8680.0.0.0.0.0 14.8566.0.0.0.0.0 15.8598.0.0.0.0.0 16.8568.0.0.0.0.0 17.8801.0.0.0.0.0

[00:52:34]	[Recv]	lev 99 0 99 0 2140719000 5991794 13364600 200 881816047 91 967912450 0

[00:52:34]	[Recv]	stat 75191 75191 15753 17265 0 1316

[00:52:34]	[Recv]	at 6835325 2634 79 168 2 0 114 1 -1

[00:52:34]	[Recv]	cond 1 6835325 0 0 25

[00:52:34]	[Recv]	cond 1 6835325 0 0 25

[00:52:34]	[Recv]	titinfo 1 6835325 9468 9468

[00:52:34]	[Recv]	eq 6835325 0 0 1 5 1 8689.8643.8628.8636.8687.8674.8680.8566.8598.8568.8801 73 78 100

[00:52:34]	[Recv]	c_map 0 2634 1

[00:52:34]	[Recv]	sc 0 7 4136 4278 1894 37 415 1 8 4111 4311 2101 43 405 7 2246 1268 2064 1268 1784 91 88 127 138

[00:52:34]	[Recv]	char_sc 1 6835325 100

[00:52:34]	[Recv]	gidx 1 6835325 3739.918 Sanguinarius 27 0|0|1

[00:52:34]	[Recv]	rsfp 0 -1

[00:52:34]	[Recv]	pairy 1 6835325 4 3 129 59

[00:52:34]	[Recv]	minipet 1 6835325 8801

[00:52:34]	[Recv]	act6 

[00:52:34]	[Recv]	pinit 2 2|2557262|0|99|@|-1|2789|1|2646|0|0 2|2557249|1|96|@|-1|2762|0|0|0|0


[00:52:34]	[Recv]	food 0

[00:52:34]	[Recv]	mv 3 40590 82 59 8

[00:52:34]	[Recv]	mv 3 40580 84 57 8

[00:52:34]	[Recv]	mv 3 40579 108 152 8

[00:52:34]	[Recv]	mv 3 40561 84 20 9

[00:52:34]	[Recv]	mv 3 40555 43 50 9

[00:52:34]	[Recv]	mv 3 40537 106 60 8

[00:52:34]	[Recv]	mv 3 40524 9 77 8

[00:52:34]	[Recv]	mv 3 40550 103 115 9

[00:52:34]	[Recv]	mv 3 40546 92 58 9

[00:52:34]	[Recv]	stat 75191 75191 15753 17265 0 1316

[00:52:34]	[Recv]	mv 3 40589 65 108 8

[00:52:34]	[Recv]	mv 3 40587 48 21 8

[00:52:34]	[Recv]	mv 3 40572 44 68 8

[00:52:34]	[Recv]	mv 3 40569 17 78 8

[00:52:34]	[Recv]	mv 3 40557 54 59 9

[00:52:34]	[Recv]	mv 3 40554 25 85 9

[00:52:34]	[Recv]	mv 3 40553 25 53 9

[00:52:34]	[Recv]	mv 3 40544 77 16 9

[00:52:34]	[Recv]	gp 79 168 2633 -1 0 0

[00:52:34]	[Recv]	wp 35 22 96 4 85 99

[00:52:34]	[Recv]	in 3 3025 40592 101 62 2 100 100 0 0 0 -1 1 0 -1 - 0 -1 0 0 0 0 0 0 0 0 0 0 0 0 0

[00:52:34]	[Recv]	in 3 3025 40591 88 15 2 100 100 0 0 0 -1 1 0 -1 - 0 -1 0 0 0 0 0 0 0 0 0 0 0 0 0

[00:52:34]	[Recv]	in 3 3025 40590 82 59 2 100 100 0 0 0 -1 1 0 -1 - 0 -1 0 0 0 0 0 0 0 0 0 0 0 0 0

[00:52:34]	[Recv]	in 3 3025 40589 65 108 2 100 100 0 0 0 -1 1 0 -1 - 0 -1 0 0 0 0 0 0 0 0 0 0 0 0 0

[00:52:34]	[Recv]	in 3 3025 40588 46 61 2 100 100 0 0 0 -1 1 0 -1 - 0 -1 0 0 0 0 0 0 0 0 0 0 0 0 0

[00:52:34]	[Recv]	in 3 3025 40587 48 21 2 98 100 0 0 0 -1 1 0 -1 - 0 -1 0 0 0 0 0 0 0 0 0 0 0 0 0

[00:52:34]	[Recv]	in 3 3025 40586 20 90 2 100 100 0 0 0 -1 1 0 -1 - 0 -1 0 0 0 0 0 0 0 0 0 0 0 0 0

[00:52:34]	[Recv]	in 3 3018 40585 104 47 2 100 100 0 0 0 -1 1 0 -1 - 0 -1 0 0 0 0 0 0 0 0 0 0 0 0 0

[00:52:34]	[Recv]	in 3 3018 40584 104 109 2 100 100 0 0 0 -1 1 0 -1 - 0 -1 0 0 0 0 0 0 0 0 0 0 0 0 0

[00:52:34]	[Recv]	in 3 3018 40583 101 53 2 100 100 0 0 0 -1 1 0 -1 - 0 -1 0 0 0 0 0 0 0 0 0 0 0 0 0

[00:52:34]	[Recv]	in 3 3018 40582 97 69 2 100 100 0 0 0 -1 1 0 -1 - 0 -1 0 0 0 0 0 0 0 0 0 0 0 0 0

[00:52:34]	[Recv]	in 3 3018 40581 91 35 2 100 100 0 0 0 -1 1 0 -1 - 0 -1 0 0 0 0 0 0 0 0 0 0 0 0 0

[00:52:34]	[Recv]	in 3 3018 40580 84 57 2 100 100 0 0 0 -1 1 0 -1 - 0 -1 0 0 0 0 0 0 0 0 0 0 0 0 0

[00:52:34]	[Recv]	in 3 3018 40579 108 152 3 100 100 0 0 0 -1 1 0 -1 - 0 -1 0 0 0 0 0 0 0 0 0 0 0 0 0

[00:52:34]	[Recv]	in 3 3018 40577 70 61 2 100 100 0 0 0 -1 1 0 -1 - 0 -1 0 0 0 0 0 0 0 0 0 0 0 0 0

[00:52:34]	[Recv]	in 3 3018 40576 53 70 2 100 100 0 0 0 -1 1 0 -1 - 0 -1 0 0 0 0 0 0 0 0 0 0 0 0 0

[00:52:34]	[Recv]	in 3 3018 40575 52 88 2 100 100 0 0 0 -1 1 0 -1 - 0 -1 0 0 0 0 0 0 0 0 0 0 0 0 0

[00:52:34]	[Recv]	in 3 3018 40574 52 109 2 100 100 0 0 0 -1 1 0 -1 - 0 -1 0 0 0 0 0 0 0 0 0 0 0 0 0

[00:52:34]	[Recv]	in 3 3018 40573 44 39 2 100 100 0 0 0 -1 1 0 -1 - 0 -1 0 0 0 0 0 0 0 0 0 0 0 0 0

[00:52:34]	[Recv]	in 3 3018 40572 44 68 2 100 100 0 0 0 -1 1 0 -1 - 0 -1 0 0 0 0 0 0 0 0 0 0 0 0 0

[00:52:34]	[Recv]	in 3 3018 40571 84 128 2 100 100 0 0 0 -1 1 0 -1 - 0 -1 0 0 0 0 0 0 0 0 0 0 0 0 0

[00:52:34]	[Recv]	in 3 3018 40569 17 78 2 100 100 0 0 0 -1 1 0 -1 - 0 -1 0 0 0 0 0 0 0 0 0 0 0 0 0

[00:52:34]	[Recv]	in 3 3018 40568 17 56 2 100 100 0 0 0 -1 1 0 -1 - 0 -1 0 0 0 0 0 0 0 0 0 0 0 0 0

[00:52:34]	[Recv]	in 3 3018 40567 14 72 2 100 100 0 0 0 -1 1 0 -1 - 0 -1 0 0 0 0 0 0 0 0 0 0 0 0 0

[00:52:34]	[Recv]	in 3 3017 40566 110 59 2 100 100 0 0 0 -1 1 0 -1 - 0 -1 0 0 0 0 0 0 0 0 0 0 0 0 0

[00:52:34]	[Recv]	in 3 3017 40565 106 106 2 100 100 0 0 0 -1 1 0 -1 - 0 -1 0 0 0 0 0 0 0 0 0 0 0 0 0

[00:52:34]	[Recv]	in 3 3017 40564 99 43 2 100 100 0 0 0 -1 1 0 -1 - 0 -1 0 0 0 0 0 0 0 0 0 0 0 0 0

[00:52:34]	[Recv]	in 3 3017 40563 95 16 2 100 100 0 0 0 -1 1 0 -1 - 0 -1 0 0 0 0 0 0 0 0 0 0 0 0 0

[00:52:34]	[Recv]	in 3 3017 40562 94 59 2 100 100 0 0 0 -1 1 0 -1 - 0 -1 0 0 0 0 0 0 0 0 0 0 0 0 0

[00:52:34]	[Recv]	in 3 3017 40561 84 20 2 100 100 0 0 0 -1 1 0 -1 - 0 -1 0 0 0 0 0 0 0 0 0 0 0 0 0

[00:52:34]	[Recv]	in 3 3017 40560 76 61 2 100 100 0 0 0 -1 1 0 -1 - 0 -1 0 0 0 0 0 0 0 0 0 0 0 0 0

[00:52:34]	[Recv]	in 3 3017 40559 55 106 2 100 100 0 0 0 -1 1 0 -1 - 0 -1 0 0 0 0 0 0 0 0 0 0 0 0 0

[00:52:34]	[Recv]	in 3 3017 40558 57 94 2 100 100 0 0 0 -1 1 0 -1 - 0 -1 0 0 0 0 0 0 0 0 0 0 0 0 0

[00:52:34]	[Recv]	in 3 3017 40557 54 59 2 100 100 0 0 0 -1 1 0 -1 - 0 -1 0 0 0 0 0 0 0 0 0 0 0 0 0

[00:52:34]	[Recv]	in 3 3017 40556 54 75 2 100 100 0 0 0 -1 1 0 -1 - 0 -1 0 0 0 0 0 0 0 0 0 0 0 0 0

[00:52:34]	[Recv]	in 3 3017 40555 43 50 2 100 100 0 0 0 -1 1 0 -1 - 0 -1 0 0 0 0 0 0 0 0 0 0 0 0 0

[00:52:34]	[Recv]	in 3 3017 40554 25 85 2 100 100 0 0 0 -1 1 0 -1 - 0 -1 0 0 0 0 0 0 0 0 0 0 0 0 0

[00:52:34]	[Recv]	in 3 3017 40553 25 53 2 100 100 0 0 0 -1 1 0 -1 - 0 -1 0 0 0 0 0 0 0 0 0 0 0 0 0

[00:52:34]	[Recv]	in 3 3017 40552 11 75 2 100 100 0 0 0 -1 1 0 -1 - 0 -1 0 0 0 0 0 0 0 0 0 0 0 0 0

[00:52:34]	[Recv]	in 3 3005 40551 110 63 2 100 100 0 0 0 -1 1 0 -1 - 0 -1 0 0 0 0 0 0 0 0 0 0 0 0 0

[00:52:34]	[Recv]	in 3 3005 40550 103 115 2 100 100 0 0 0 -1 1 0 -1 - 0 -1 0 0 0 0 0 0 0 0 0 0 0 0 0

[00:52:34]	[Recv]	in 3 3005 40549 100 84 2 100 100 0 0 0 -1 1 0 -1 - 0 -1 0 0 0 0 0 0 0 0 0 0 0 0 0

[00:52:34]	[Recv]	in 3 3005 40548 99 48 2 100 100 0 0 0 -1 1 0 -1 - 0 -1 0 0 0 0 0 0 0 0 0 0 0 0 0

[00:52:34]	[Recv]	in 3 3005 40547 94 38 2 100 100 0 0 0 -1 1 0 -1 - 0 -1 0 0 0 0 0 0 0 0 0 0 0 0 0

[00:52:34]	[Recv]	in 3 3005 40546 92 58 2 100 100 0 0 0 -1 1 0 -1 - 0 -1 0 0 0 0 0 0 0 0 0 0 0 0 0

[00:52:34]	[Recv]	in 3 3005 40545 86 28 2 100 100 0 0 0 -1 1 0 -1 - 0 -1 0 0 0 0 0 0 0 0 0 0 0 0 0

[00:52:34]	[Recv]	in 3 3005 40544 77 16 2 100 100 0 0 0 -1 1 0 -1 - 0 -1 0 0 0 0 0 0 0 0 0 0 0 0 0

[00:52:34]	[Recv]	in 3 3005 40543 75 60 2 100 100 0 0 0 -1 1 0 -1 - 0 -1 0 0 0 0 0 0 0 0 0 0 0 0 0

[00:52:34]	[Recv]	in 3 3005 40542 62 65 2 100 100 0 0 0 -1 1 0 -1 - 0 -1 0 0 0 0 0 0 0 0 0 0 0 0 0

[00:52:34]	[Recv]	in 3 3005 40541 50 80 2 100 100 0 0 0 -1 1 0 -1 - 0 -1 0 0 0 0 0 0 0 0 0 0 0 0 0

[00:52:34]	[Recv]	in 3 3005 40540 25 73 2 100 100 0 0 0 -1 1 0 -1 - 0 -1 0 0 0 0 0 0 0 0 0 0 0 0 0

[00:52:34]	[Recv]	in 3 3005 40539 20 93 2 100 100 0 0 0 -1 1 0 -1 - 0 -1 0 0 0 0 0 0 0 0 0 0 0 0 0

[00:52:34]	[Recv]	in 3 3002 40538 107 43 2 100 100 0 0 0 -1 1 0 -1 - 0 -1 0 0 0 0 0 0 0 0 0 0 0 0 0

[00:52:34]	[Recv]	in 3 3002 40537 106 60 2 100 100 0 0 0 -1 1 0 -1 - 0 -1 0 0 0 0 0 0 0 0 0 0 0 0 0

[00:52:34]	[Recv]	in 3 3002 40536 104 143 2 100 100 0 0 0 -1 1 0 -1 - 0 -1 0 0 0 0 0 0 0 0 0 0 0 0 0

[00:52:34]	[Recv]	in 3 3002 40535 98 150 2 100 100 0 0 0 -1 1 0 -1 - 0 -1 0 0 0 0 0 0 0 0 0 0 0 0 0

[00:52:34]	[Recv]	in 3 3002 40534 77 42 2 100 100 0 0 0 -1 1 0 -1 - 0 -1 0 0 0 0 0 0 0 0 0 0 0 0 0

[00:52:34]	[Recv]	in 3 3002 40533 68 110 2 97 100 0 0 0 -1 1 0 -1 - 0 -1 0 0 0 0 0 0 0 0 0 0 0 0 0

[00:52:34]	[Recv]	in 3 3002 40532 64 63 2 100 100 0 0 0 -1 1 0 -1 - 0 -1 0 0 0 0 0 0 0 0 0 0 0 0 0

[00:52:34]	[Recv]	in 3 3002 40531 65 101 2 100 100 0 0 0 -1 1 0 -1 - 0 -1 0 0 0 0 0 0 0 0 0 0 0 0 0

[00:52:34]	[Recv]	in 3 3002 40530 61 79 2 100 100 0 0 0 -1 1 0 -1 - 0 -1 0 0 0 0 0 0 0 0 0 0 0 0 0

[00:52:34]	[Recv]	in 3 3002 40529 51 67 2 100 100 0 0 0 -1 1 0 -1 - 0 -1 0 0 0 0 0 0 0 0 0 0 0 0 0

[00:52:34]	[Recv]	in 3 3002 40528 46 137 2 100 100 0 0 0 -1 1 0 -1 - 0 -1 0 0 0 0 0 0 0 0 0 0 0 0 0

[00:52:34]	[Recv]	in 3 3002 40527 40 21 2 95 100 0 0 0 -1 1 0 -1 - 0 -1 0 0 0 0 0 0 0 0 0 0 0 0 0

[00:52:34]	[Recv]	in 3 3002 40526 38 49 2 100 100 0 0 0 -1 1 0 -1 - 0 -1 0 0 0 0 0 0 0 0 0 0 0 0 0

[00:52:34]	[Recv]	in 3 3002 40525 24 61 2 100 100 0 0 0 -1 1 0 -1 - 0 -1 0 0 0 0 0 0 0 0 0 0 0 0 0

[00:52:34]	[Recv]	in 3 3002 40524 9 77 2 100 100 0 0 0 -1 1 0 -1 - 0 -1 0 0 0 0 0 0 0 0 0 0 0 0 0

[00:52:34]	[Recv]	in 2 3133 40629 55 54 5 100 100 1 0 0 -1 1 0 -1 - 0 -1 0 0 0 0 0 0 0 0 0 0 0 0 0

[00:52:34]	[Recv]	in 2 3133 40628 84 21 5 100 100 1 0 0 -1 1 0 -1 - 0 -1 0 0 0 0 0 0 0 0 0 0 0 0 0

[00:52:34]	[Recv]	in 2 3133 40627 12 62 6 100 100 1 0 0 -1 1 0 -1 - 0 -1 0 0 0 0 0 0 0 0 0 0 0 0 0

[00:52:34]	[Recv]	in 2 3133 40626 44 47 3 100 100 1 0 0 -1 1 0 -1 - 0 -1 0 0 0 0 0 0 0 0 0 0 0 0 0

[00:52:34]	[Recv]	in 2 3133 40625 62 89 0 100 100 1 0 0 -1 1 0 -1 - 0 -1 0 0 0 0 0 0 0 0 0 0 0 0 0

[00:52:34]	[Recv]	in 2 3133 40624 94 54 2 100 100 1 0 0 -1 1 0 -1 - 0 -1 0 0 0 0 0 0 0 0 0 0 0 0 0

[00:52:34]	[Recv]	in 2 3133 40623 37 22 5 100 100 1 0 0 -1 1 0 -1 - 0 -1 0 0 0 0 0 0 0 0 0 0 0 0 0

[00:52:34]	[Recv]	in 2 3133 40622 43 121 2 100 100 1 0 0 -1 1 0 -1 - 0 -1 0 0 0 0 0 0 0 0 0 0 0 0 0

[00:52:34]	[Recv]	in 2 3133 40621 99 95 7 100 100 1 0 0 -1 1 0 -1 - 0 -1 0 0 0 0 0 0 0 0 0 0 0 0 0

[00:52:34]	[Recv]	in 2 3133 40620 102 98 2 100 100 1 0 0 -1 1 0 -1 - 0 -1 0 0 0 0 0 0 0 0 0 0 0 0 0

[00:52:34]	[Recv]	in 2 3062 40619 100 21 0 100 100 0 0 0 -1 1 0 -1 - 0 -1 0 0 0 0 0 0 0 0 0 0 0 0 0

[00:52:34]	[Recv]	in 2 3052 40618 113 110 2 100 100 1 0 0 -1 1 0 -1 - 0 -1 0 0 0 0 0 0 0 0 0 0 0 0 0

[00:52:34]	[Recv]	in 2 3052 40617 113 43 2 100 100 1 0 0 -1 1 0 -1 - 0 -1 0 0 0 0 0 0 0 0 0 0 0 0 0

[00:52:34]	[Recv]	in 2 3052 40616 112 67 2 100 100 1 0 0 -1 1 0 -1 - 0 -1 0 0 0 0 0 0 0 0 0 0 0 0 0

[00:52:34]	[Recv]	in 2 3052 40615 110 137 2 100 100 1 0 0 -1 1 0 -1 - 0 -1 0 0 0 0 0 0 0 0 0 0 0 0 0

[00:52:34]	[Recv]	in 2 3052 40614 109 88 2 100 100 1 0 0 -1 1 0 -1 - 0 -1 0 0 0 0 0 0 0 0 0 0 0 0 0

[00:52:34]	[Recv]	in 2 3052 40613 107 31 2 100 100 1 0 0 -1 1 0 -1 - 0 -1 0 0 0 0 0 0 0 0 0 0 0 0 0

[00:52:34]	[Recv]	in 2 3052 40612 104 150 2 100 100 1 0 0 -1 1 0 -1 - 0 -1 0 0 0 0 0 0 0 0 0 0 0 0 0

[00:52:34]	[Recv]	in 2 3052 40611 104 13 2 100 100 1 0 0 -1 1 0 -1 - 0 -1 0 0 0 0 0 0 0 0 0 0 0 0 0

[00:52:34]	[Recv]	in 2 3052 40610 103 102 2 100 100 1 0 0 -1 1 0 -1 - 0 -1 0 0 0 0 0 0 0 0 0 0 0 0 0

[00:52:34]	[Recv]	in 2 3052 40609 99 93 2 100 100 1 0 0 -1 1 0 -1 - 0 -1 0 0 0 0 0 0 0 0 0 0 0 0 0

[00:52:34]	[Recv]	in 2 3052 40608 98 159 2 100 100 1 0 0 -1 1 0 -1 - 0 -1 0 0 0 0 0 0 0 0 0 0 0 0 0

[00:52:34]	[Recv]	in 2 3052 40607 95 113 2 100 100 1 0 0 -1 1 0 -1 - 0 -1 0 0 0 0 0 0 0 0 0 0 0 0 0

[00:52:34]	[Recv]	in 2 3052 40606 90 167 2 100 100 1 0 0 -1 1 0 -1 - 0 -1 0 0 0 0 0 0 0 0 0 0 0 0 0

[00:52:34]	[Recv]	in 2 3052 40605 76 37 2 100 100 1 0 0 -1 1 0 -1 - 0 -1 0 0 0 0 0 0 0 0 0 0 0 0 0

[00:52:34]	[Recv]	in 2 3052 40604 75 51 2 100 100 1 0 0 -1 1 0 -1 - 0 -1 0 0 0 0 0 0 0 0 0 0 0 0 0

[00:52:34]	[Recv]	in 2 3052 40603 74 70 2 100 100 1 0 0 -1 1 0 -1 - 0 -1 0 0 0 0 0 0 0 0 0 0 0 0 0

[00:52:34]	[Recv]	in 2 3052 40602 67 74 2 100 100 1 0 0 -1 1 0 -1 - 0 -1 0 0 0 0 0 0 0 0 0 0 0 0 0

[00:52:34]	[Recv]	in 2 3052 40601 63 95 2 100 100 1 0 0 -1 1 0 -1 - 0 -1 0 0 0 0 0 0 0 0 0 0 0 0 0

[00:52:34]	[Recv]	in 2 3052 40600 60 54 2 100 100 1 0 0 -1 1 0 -1 - 0 -1 0 0 0 0 0 0 0 0 0 0 0 0 0

[00:52:34]	[Recv]	in 2 3052 40599 52 91 2 100 100 1 0 0 -1 1 0 -1 - 0 -1 0 0 0 0 0 0 0 0 0 0 0 0 0

[00:52:34]	[Recv]	in 2 3052 40598 45 109 2 100 100 1 0 0 -1 1 0 -1 - 0 -1 0 0 0 0 0 0 0 0 0 0 0 0 0

[00:52:34]	[Recv]	in 2 3052 40597 22 35 2 100 100 1 0 0 -1 1 0 -1 - 0 -1 0 0 0 0 0 0 0 0 0 0 0 0 0

[00:52:34]	[Recv]	in 2 3052 40596 16 47 2 100 100 1 0 0 -1 1 0 -1 - 0 -1 0 0 0 0 0 0 0 0 0 0 0 0 0

[00:52:34]	[Recv]	in 2 3052 40595 5 97 2 100 100 1 0 0 -1 1 0 -1 - 0 -1 0 0 0 0 0 0 0 0 0 0 0 0 0

[00:52:34]	[Recv]	in 2 3052 40594 3 70 2 100 100 1 0 0 -1 1 0 -1 - 0 -1 0 0 0 0 0 0 0 0 0 0 0 0 0

[00:52:34]	[Recv]	in 2 3043 40593 64 147 3 100 100 11019 0 0 -1 1 0 -1 - 0 -1 0 0 0 0 0 0 0 0 0 0 0 0 0

[00:52:34]	[Recv]	pst 2 2557262 0 100 100 34166 7013 0 0 0

[00:52:34]	[Recv]	pst 2 2557249 1 100 100 42830 3622 0 0 0

[00:52:35]	[Recv]	mv 3 40591 90 14 8

[00:52:35]	[Recv]	mv 3 40584 105 108 8

[00:52:35]	[Recv]	mv 3 40582 96 67 8

[00:52:35]	[Recv]	mv 3 40577 69 60 8

[00:52:35]	[Recv]	mv 3 40575 53 89 8

[00:52:35]	[Recv]	mv 3 40565 107 107 9

[00:52:35]	[Recv]	mv 3 40563 97 18 9

[00:52:35]	[Recv]	mv 3 40562 93 57 9

[00:52:35]	[Recv]	mv 3 40559 55 107 9

[00:52:35]	[Recv]	mv 3 40552 11 73 9

[00:52:35]	[Recv]	mv 3 40548 100 48 9

[00:52:35]	[Recv]	mv 3 40545 84 27 9

[00:52:35]	[Recv]	mv 3 40541 49 78 9

[00:52:35]	[Recv]	mv 3 40538 108 42 8

[00:52:35]	[Recv]	mv 3 40526 40 49 8

[00:52:35]	[Recv]	mv 3 40592 102 63 8

[00:52:35]	[Recv]	mv 3 40586 18 91 8

[00:52:35]	[Recv]	mv 3 40581 93 33 8

[00:52:35]	[Recv]	mv 3 40574 52 107 8

[00:52:35]	[Recv]	mv 3 40566 108 60 9

[00:52:35]	[Recv]	mv 3 40564 98 43 9

[00:52:35]	[Recv]	mv 3 40560 75 59 9

[00:52:35]	[Recv]	mv 3 40533 67 109 8

[00:52:35]	[Recv]	mv 3 40531 64 101 8

[00:52:35]	[Recv]	mv 3 40530 59 77 8

[00:52:35]	[Send]	walk 84 165 0 25
[00:52:35]	[Recv]	mv 3 40590 82 61 8

[00:52:35]	[Recv]	mv 3 40585 104 48 8

[00:52:35]	[Recv]	mv 3 40580 84 56 8

[00:52:35]	[Recv]	mv 3 40567 15 73 8

[00:52:35]	[Recv]	mv 3 40561 86 19 9

[00:52:35]	[Recv]	mv 3 40555 42 48 9

[00:52:35]	[Recv]	mv 3 40549 98 83 9

[00:52:35]	[Recv]	mv 3 40540 24 72 9

[00:52:35]	[Recv]	mv 3 40537 107 61 8

[00:52:35]	[Recv]	mv 3 40573 45 40 8

[00:52:35]	[Recv]	mv 3 40550 102 115 9

[00:52:35]	[Recv]	mv 3 40546 91 58 9

[00:52:35]	[Recv]	mv 3 40589 64 108 8

[00:52:35]	[Recv]	mv 3 40587 46 21 8

[00:52:35]	[Recv]	mv 3 40583 100 54 8

[00:52:35]	[Recv]	mv 3 40569 19 78 8

[00:52:35]	[Recv]	mv 3 40557 55 58 9

[00:52:35]	[Recv]	mv 3 40554 24 87 9

[00:52:35]	[Recv]	mv 3 40553 24 53 9

[00:52:35]	[Recv]	mv 3 40544 79 17 9

[00:52:35]	[Recv]	mv 3 40543 76 59 9

[00:52:35]	[Recv]	pst 2 2557262 0 100 100 34166 7013 0 0 0

[00:52:35]	[Recv]	pst 2 2557249 1 100 100 42830 3622 0 0 0

[00:52:35]	[Send]	walk 87 163 1 25
[00:52:36]	[Recv]	mv 3 40591 89 13 8

[00:52:36]	[Recv]	mv 3 40588 48 60 8

[00:52:36]	[Recv]	mv 3 40582 95 67 8

[00:52:36]	[Recv]	mv 3 40562 93 56 9

[00:52:36]	[Recv]	mv 3 40558 58 92 9

[00:52:36]	[Recv]	mv 3 40552 13 73 9

[00:52:36]	[Recv]	mv 3 40548 98 48 9

[00:52:36]	[Recv]	mv 3 40542 60 67 9

[00:52:36]	[Recv]	mv 3 40538 107 42 8

[00:52:36]	[Recv]	mv 3 40534 78 40 8

[00:52:36]	[Recv]	mv 3 40527 40 20 8

[00:52:36]	[Recv]	mv 3 40526 41 48 8

[00:52:36]	[Recv]	mv 3 40592 101 64 8

[00:52:36]	[Recv]	mv 3 40581 92 34 8

[00:52:36]	[Recv]	mv 3 40574 50 107 8

[00:52:36]	[Recv]	mv 3 40566 107 60 9

[00:52:36]	[Recv]	mv 3 40564 100 44 9

[00:52:36]	[Recv]	mv 3 40560 77 61 9

[00:52:36]	[Recv]	mv 3 40539 21 94 9

[00:52:36]	[Recv]	mv 3 40585 103 47 8

[00:52:36]	[Recv]	mv 3 40580 85 55 8

[00:52:36]	[Recv]	mv 3 40561 84 20 9

[00:52:36]	[Recv]	mv 3 40551 111 64 9

[00:52:36]	[Recv]	mv 3 40549 99 83 9

[00:52:36]	[Recv]	mv 3 40537 108 61 8

[00:52:36]	[Recv]	mv 3 40536 106 145 8

[00:52:36]	[Recv]	mv 3 40532 63 64 8

[00:52:36]	[Recv]	mv 3 40524 9 79 8

[00:52:36]	[Send]	walk 85 165 1 25
[00:52:36]	[Recv]	mv 3 40568 16 54 8

[00:52:36]	[Recv]	mv 3 40550 103 116 9

[00:52:36]	[Recv]	mv 2 40593 66 146 4

[00:52:36]	[Recv]	stat 75191 75191 15753 17265 0 1316

[00:52:36]	[Recv]	stat 75191 75191 15870 17265 0 1316

[00:52:36]	[Recv]	mv 3 40587 47 19 8

[00:52:36]	[Recv]	mv 3 40583 99 52 8

[00:52:36]	[Recv]	mv 3 40572 43 68 8

[00:52:36]	[Recv]	mv 3 40569 17 77 8

[00:52:36]	[Recv]	mv 3 40557 54 58 9

[00:52:36]	[Recv]	mv 3 40554 26 85 9

[00:52:36]	[Recv]	mv 3 40553 25 53 9

[00:52:36]	[Recv]	mv 3 40544 79 15 9

[00:52:36]	[Recv]	pst 2 2557262 0 100 100 34166 7013 0 0 0

[00:52:36]	[Recv]	pst 2 2557249 1 100 100 42830 3622 0 0 0

[00:52:36]	[Send]	walk 80 167 1 25
[00:52:37]	[Recv]	mv 3 40591 90 14 8

[00:52:37]	[Recv]	mv 3 40584 104 107 8

[00:52:37]	[Recv]	mv 3 40582 97 67 8

[00:52:37]	[Recv]	mv 3 40577 70 59 8

[00:52:37]	[Recv]	mv 3 40563 99 18 9

[00:52:37]	[Recv]	mv 3 40562 94 56 9

[00:52:37]	[Recv]	mv 3 40559 57 106 9

[00:52:37]	[Recv]	mv 3 40558 56 91 9

[00:52:37]	[Recv]	mv 3 40552 12 74 9

[00:52:37]	[Recv]	mv 3 40542 59 67 9

[00:52:37]	[Recv]	mv 3 40541 49 80 9

[00:52:37]	[Recv]	mv 3 40538 108 41 8

[00:52:37]	[Recv]	mv 3 40534 80 41 8

[00:52:37]	[Recv]	mv 3 40527 41 19 8

[00:52:37]	[Send]	walk 79 167 0 25
[00:52:37]	[Recv]	mv 3 40581 93 33 8

[00:52:37]	[Recv]	mv 3 40574 50 106 8

[00:52:37]	[Recv]	mv 3 40564 101 43 9

[00:52:37]	[Recv]	mv 3 40560 76 60 9

[00:52:37]	[Recv]	mv 3 40539 19 92 9

[00:52:37]	[Recv]	mv 3 40533 65 111 8

[00:52:37]	[Recv]	mv 3 40531 63 100 8

[00:52:37]	[Recv]	mv 3 40530 59 79 8

[00:52:37]	[Recv]	mv 3 40590 82 59 8

[00:52:37]	[Recv]	mv 3 40580 83 54 8

[00:52:37]	[Recv]	mv 3 40579 108 153 8

[00:52:37]	[Recv]	mv 3 40567 13 74 8

[00:52:37]	[Recv]	mv 3 40540 24 71 9

[00:52:37]	[Recv]	mv 3 40532 64 62 8

[00:52:37]	[Recv]	mv 3 40528 46 139 8

[00:52:37]	[Recv]	mv 3 40524 11 78 8

[00:52:37]	[Send]	preq
[00:52:37]	[Recv]	mv 3 40550 101 115 9

[00:52:37]	[Recv]	mv 3 40546 91 59 9

[00:52:37]	[Recv]	mv 2 40593 65 147 4

[00:52:37]	[Recv]	c_map 0 2634 0

[00:52:37]	[Recv]	mapout

[00:52:37]	[Send]	c_close 1
[00:52:37]	[Send]	c_close 0
[00:52:37]	[Send]	f_stash_end 
[00:52:37]	[Send]	c_close 1
[00:52:37]	[Recv]	c_info milkers - -1 3739.918 Sanguinarius 6835325 0 0 1 5 1 27 0 10 0 0 0 0 8151 9

[00:52:37]	[Send]	mall 50
[00:52:37]	[Send]	c_close 1
[00:52:37]	[Recv]	c_mode 1 6835325 3728 0 0 0 100 8151

[00:52:37]	[Recv]	equip 73 78 0.8628.3.7.0.8.82 1.8643.8.7.0.2.82 2.8689.0.0.0.0.0 3.8653.0.2.0.0.0 4.8655.0.0.0.0.0 5.8636.7.8.0.0.82 6.4657.0.0.0.0.0 7.4653.0.0.0.0.0 8.4647.0.0.0.0.0 9.8687.0.0.0.0.0 10.8674.9.0.0.0.0 12.909.0.20.100.0.0 13.8680.0.0.0.0.0 14.8566.0.0.0.0.0 15.8598.0.0.0.0.0 16.8568.0.0.0.0.0 17.8801.0.0.0.0.0

[00:52:37]	[Recv]	lev 99 0 99 0 2140719000 5991794 13364600 200 881816047 91 967912450 0

[00:52:37]	[Recv]	stat 75191 75191 15870 17265 0 1316

[00:52:37]	[Recv]	at 6835325 2633 120 2 2 0 114 1 -1

[00:52:37]	[Recv]	cond 1 6835325 0 0 25

[00:52:37]	[Recv]	cond 1 6835325 0 0 25

[00:52:37]	[Recv]	titinfo 1 6835325 9468 9468

[00:52:37]	[Recv]	eq 6835325 0 0 1 5 1 8689.8643.8628.8636.8687.8674.8680.8566.8598.8568.8801 73 78 100

[00:52:37]	[Recv]	c_map 0 2633 1

[00:52:37]	[Recv]	sc 0 7 4136 4278 1894 37 415 1 8 4111 4311 2101 43 405 7 2246 1268 2064 1268 1784 91 88 127 138

[00:52:37]	[Recv]	char_sc 1 6835325 100

[00:52:37]	[Recv]	gidx 1 6835325 3739.918 Sanguinarius 27 0|0|1

[00:52:37]	[Recv]	rsfp 0 -1

[00:52:37]	[Recv]	pairy 1 6835325 4 3 129 59

[00:52:37]	[Recv]	minipet 1 6835325 8801

[00:52:37]	[Recv]	act6 

[00:52:37]	[Recv]	pinit 2 2|2557262|0|99|@|-1|2789|1|2646|0|0 2|2557249|1|96|@|-1|2762|0|0|0|0


[00:52:37]	[Recv]	food 0

[00:52:37]	[Recv]	mv 3 40477 56 68 9

[00:52:37]	[Recv]	mv 3 40458 28 34 8

[00:52:37]	[Recv]	mv 3 40452 137 52 9

[00:52:37]	[Recv]	mv 3 40451 117 21 9

[00:52:37]	[Recv]	mv 3 40449 106 49 9

[00:52:37]	[Recv]	mv 3 40440 16 38 9

[00:52:37]	[Recv]	mv 3 40431 76 71 8

[00:52:38]	[Recv]	mv 3 40474 26 25 9

[00:52:38]	[Recv]	mv 3 40461 55 88 8

[00:52:38]	[Recv]	mv 3 40455 160 52 9

[00:52:38]	[Recv]	mv 3 40450 107 35 9

[00:52:38]	[Recv]	mv 3 40446 59 72 9

[00:52:38]	[Recv]	mv 3 40445 45 78 9

[00:52:38]	[Recv]	mv 3 40439 149 57 8

[00:52:38]	[Recv]	mv 3 40433 101 53 8

[00:52:38]	[Recv]	mv 3 40429 57 77 8

[00:52:38]	[Recv]	mv 3 40483 114 45 9

[00:52:38]	[Recv]	mv 3 40475 41 78 9

[00:52:38]	[Recv]	mv 3 40467 130 44 8

[00:52:38]	[Recv]	mv 3 40464 104 28 8

[00:52:38]	[Recv]	mv 3 40459 29 56 8

[00:52:38]	[Recv]	mv 3 40454 153 37 9

[00:52:38]	[Recv]	mv 3 40442 19 51 9

[00:52:38]	[Recv]	gp 1 40 2631 -1 0 0

[00:52:38]	[Recv]	gp 67 97 2635 -1 1 0

[00:52:38]	[Recv]	gp 120 2 2634 -1 2 0

[00:52:38]	[Recv]	gp 177 58 2628 -1 3 0

[00:52:38]	[Recv]	in 3 3019 40486 148 49 2 100 100 0 0 0 -1 1 0 -1 - 0 -1 0 0 0 0 0 0 0 0 0 0 0 0 0

[00:52:38]	[Recv]	in 3 3019 40485 135 37 2 63 100 0 0 0 -1 1 0 -1 - 0 -1 0 0 0 0 0 0 0 0 0 0 0 0 0

[00:52:38]	[Recv]	in 3 3019 40484 126 26 2 100 100 0 0 0 -1 1 0 -1 - 0 -1 0 0 0 0 0 0 0 0 0 0 0 0 0

[00:52:38]	[Recv]	in 3 3019 40483 114 45 2 100 100 0 0 0 -1 1 0 -1 - 0 -1 0 0 0 0 0 0 0 0 0 0 0 0 0

[00:52:38]	[Recv]	in 3 3019 40482 92 58 2 100 100 0 0 0 -1 1 0 -1 - 0 -1 0 0 0 0 0 0 0 0 0 0 0 0 0

[00:52:38]	[Recv]	in 3 3019 40481 96 31 2 100 100 0 0 0 -1 1 0 -1 - 0 -1 0 0 0 0 0 0 0 0 0 0 0 0 0

[00:52:38]	[Recv]	in 3 3019 40480 76 87 2 100 100 0 0 0 -1 1 0 -1 - 0 -1 0 0 0 0 0 0 0 0 0 0 0 0 0

[00:52:38]	[Recv]	in 3 3019 40479 73 60 2 100 100 0 0 0 -1 1 0 -1 - 0 -1 0 0 0 0 0 0 0 0 0 0 0 0 0

[00:52:38]	[Recv]	in 3 3019 40478 61 59 2 100 100 0 0 0 -1 1 0 -1 - 0 -1 0 0 0 0 0 0 0 0 0 0 0 0 0

[00:52:38]	[Recv]	in 3 3019 40477 56 68 2 100 100 0 0 0 -1 1 0 -1 - 0 -1 0 0 0 0 0 0 0 0 0 0 0 0 0

[00:52:38]	[Recv]	in 3 3019 40476 45 46 2 100 100 0 0 0 -1 1 0 -1 - 0 -1 0 0 0 0 0 0 0 0 0 0 0 0 0

[00:52:38]	[Recv]	in 3 3019 40475 41 78 2 100 100 0 0 0 -1 1 0 -1 - 0 -1 0 0 0 0 0 0 0 0 0 0 0 0 0

[00:52:38]	[Recv]	in 3 3019 40474 26 25 2 100 100 0 0 0 -1 1 0 -1 - 0 -1 0 0 0 0 0 0 0 0 0 0 0 0 0

[00:52:38]	[Recv]	in 3 3019 40473 67 48 2 100 100 0 0 0 -1 1 0 -1 - 0 -1 0 0 0 0 0 0 0 0 0 0 0 0 0

[00:52:38]	[Recv]	in 3 3019 40472 19 58 2 100 100 0 0 0 -1 1 0 -1 - 0 -1 0 0 0 0 0 0 0 0 0 0 0 0 0

[00:52:38]	[Recv]	in 3 3004 40471 174 55 2 100 100 0 0 0 -1 1 0 -1 - 0 -1 0 0 0 0 0 0 0 0 0 0 0 0 0

[00:52:38]	[Recv]	in 3 3004 40470 150 43 2 78 100 0 0 0 -1 1 0 -1 - 0 -1 0 0 0 0 0 0 0 0 0 0 0 0 0

[00:52:38]	[Recv]	in 3 3004 40469 172 57 2 100 100 0 0 0 -1 1 0 -1 - 0 -1 0 0 0 0 0 0 0 0 0 0 0 0 0

[00:52:38]	[Recv]	in 3 3004 40468 162 43 2 51 100 0 0 0 -1 1 0 -1 - 0 -1 0 0 0 0 0 0 0 0 0 0 0 0 0

[00:52:38]	[Recv]	in 3 3004 40467 130 44 2 59 100 0 0 0 -1 1 0 -1 - 0 -1 0 0 0 0 0 0 0 0 0 0 0 0 0

[00:52:38]	[Recv]	in 3 3004 40466 120 53 2 100 100 0 0 0 -1 1 0 -1 - 0 -1 0 0 0 0 0 0 0 0 0 0 0 0 0

[00:52:38]	[Recv]	in 3 3004 40465 109 36 2 100 100 0 0 0 -1 1 0 -1 - 0 -1 0 0 0 0 0 0 0 0 0 0 0 0 0

[00:52:38]	[Recv]	in 3 3004 40464 104 28 2 100 100 0 0 0 -1 1 0 -1 - 0 -1 0 0 0 0 0 0 0 0 0 0 0 0 0

[00:52:38]	[Recv]	in 3 3004 40463 76 82 2 100 100 0 0 0 -1 1 0 -1 - 0 -1 0 0 0 0 0 0 0 0 0 0 0 0 0

[00:52:38]	[Recv]	in 3 3004 40462 66 71 2 100 100 0 0 0 -1 1 0 -1 - 0 -1 0 0 0 0 0 0 0 0 0 0 0 0 0

[00:52:38]	[Recv]	in 3 3004 40461 55 88 2 100 100 0 0 0 -1 1 0 -1 - 0 -1 0 0 0 0 0 0 0 0 0 0 0 0 0

[00:52:38]	[Recv]	in 3 3004 40460 36 49 2 100 100 0 0 0 -1 1 0 -1 - 0 -1 0 0 0 0 0 0 0 0 0 0 0 0 0

[00:52:38]	[Recv]	in 3 3004 40459 29 56 2 100 100 0 0 0 -1 1 0 -1 - 0 -1 0 0 0 0 0 0 0 0 0 0 0 0 0

[00:52:38]	[Recv]	in 3 3004 40458 28 34 2 100 100 0 0 0 -1 1 0 -1 - 0 -1 0 0 0 0 0 0 0 0 0 0 0 0 0

[00:52:38]	[Recv]	in 3 3004 40457 21 25 2 100 100 0 0 0 -1 1 0 -1 - 0 -1 0 0 0 0 0 0 0 0 0 0 0 0 0

[00:52:38]	[Recv]	in 3 3004 40456 17 52 2 100 100 0 0 0 -1 1 0 -1 - 0 -1 0 0 0 0 0 0 0 0 0 0 0 0 0

[00:52:38]	[Recv]	in 3 3003 40455 160 52 2 100 100 0 0 0 -1 1 0 -1 - 0 -1 0 0 0 0 0 0 0 0 0 0 0 0 0

[00:52:38]	[Recv]	in 3 3003 40454 153 37 2 100 100 0 0 0 -1 1 0 -1 - 0 -1 0 0 0 0 0 0 0 0 0 0 0 0 0

[00:52:38]	[Recv]	in 3 3003 40453 140 42 2 100 100 0 0 0 -1 1 0 -1 - 0 -1 0 0 0 0 0 0 0 0 0 0 0 0 0

[00:52:38]	[Recv]	in 3 3003 40452 137 52 2 100 100 0 0 0 -1 1 0 -1 - 0 -1 0 0 0 0 0 0 0 0 0 0 0 0 0

[00:52:38]	[Recv]	in 3 3003 40451 117 21 2 100 100 0 0 0 -1 1 0 -1 - 0 -1 0 0 0 0 0 0 0 0 0 0 0 0 0

[00:52:38]	[Recv]	in 3 3003 40450 107 35 2 100 100 0 0 0 -1 1 0 -1 - 0 -1 0 0 0 0 0 0 0 0 0 0 0 0 0

[00:52:38]	[Recv]	in 3 3003 40449 106 49 2 100 100 0 0 0 -1 1 0 -1 - 0 -1 0 0 0 0 0 0 0 0 0 0 0 0 0

[00:52:38]	[Recv]	in 3 3003 40448 74 84 2 100 100 0 0 0 -1 1 0 -1 - 0 -1 0 0 0 0 0 0 0 0 0 0 0 0 0

[00:52:38]	[Recv]	in 3 3003 40447 61 53 2 100 100 0 0 0 -1 1 0 -1 - 0 -1 0 0 0 0 0 0 0 0 0 0 0 0 0

[00:52:38]	[Recv]	in 3 3003 40446 59 72 2 100 100 0 0 0 -1 1 0 -1 - 0 -1 0 0 0 0 0 0 0 0 0 0 0 0 0

[00:52:38]	[Recv]	in 3 3003 40445 45 78 2 100 100 0 0 0 -1 1 0 -1 - 0 -1 0 0 0 0 0 0 0 0 0 0 0 0 0

[00:52:38]	[Recv]	in 3 3003 40444 45 68 2 100 100 0 0 0 -1 1 0 -1 - 0 -1 0 0 0 0 0 0 0 0 0 0 0 0 0

[00:52:38]	[Recv]	in 3 3003 40443 34 40 2 100 100 0 0 0 -1 1 0 -1 - 0 -1 0 0 0 0 0 0 0 0 0 0 0 0 0

[00:52:38]	[Recv]	in 3 3003 40442 19 51 2 100 100 0 0 0 -1 1 0 -1 - 0 -1 0 0 0 0 0 0 0 0 0 0 0 0 0

[00:52:38]	[Recv]	in 3 3003 40441 18 32 2 100 100 0 0 0 -1 1 0 -1 - 0 -1 0 0 0 0 0 0 0 0 0 0 0 0 0

[00:52:38]	[Recv]	in 3 3003 40440 16 38 2 100 100 0 0 0 -1 1 0 -1 - 0 -1 0 0 0 0 0 0 0 0 0 0 0 0 0

[00:52:38]	[Recv]	in 3 3002 40439 149 57 2 100 100 0 0 0 -1 1 0 -1 - 0 -1 0 0 0 0 0 0 0 0 0 0 0 0 0

[00:52:38]	[Recv]	in 3 3002 40438 147 32 2 72 100 0 0 0 -1 1 0 -1 - 0 -1 0 0 0 0 0 0 0 0 0 0 0 0 0

[00:52:38]	[Recv]	in 3 3002 40437 135 34 2 88 100 0 0 0 -1 1 0 -1 - 0 -1 0 0 0 0 0 0 0 0 0 0 0 0 0

[00:52:38]	[Recv]	in 3 3002 40436 133 47 2 69 100 0 0 0 -1 1 0 -1 - 0 -1 0 0 0 0 0 0 0 0 0 0 0 0 0

[00:52:38]	[Recv]	in 3 3002 40435 115 39 2 100 100 0 0 0 -1 1 0 -1 - 0 -1 0 0 0 0 0 0 0 0 0 0 0 0 0

[00:52:38]	[Recv]	in 3 3002 40434 115 23 2 100 100 0 0 0 -1 1 0 -1 - 0 -1 0 0 0 0 0 0 0 0 0 0 0 0 0

[00:52:38]	[Recv]	in 3 3002 40433 101 53 2 100 100 0 0 0 -1 1 0 -1 - 0 -1 0 0 0 0 0 0 0 0 0 0 0 0 0

[00:52:38]	[Recv]	in 3 3002 40432 98 42 2 100 100 0 0 0 -1 1 0 -1 - 0 -1 0 0 0 0 0 0 0 0 0 0 0 0 0

[00:52:38]	[Recv]	in 3 3002 40431 76 71 2 100 100 0 0 0 -1 1 0 -1 - 0 -1 0 0 0 0 0 0 0 0 0 0 0 0 0

[00:52:38]	[Recv]	in 3 3002 40430 64 82 2 100 100 0 0 0 -1 1 0 -1 - 0 -1 0 0 0 0 0 0 0 0 0 0 0 0 0

[00:52:38]	[Recv]	in 3 3002 40429 57 77 2 100 100 0 0 0 -1 1 0 -1 - 0 -1 0 0 0 0 0 0 0 0 0 0 0 0 0

[00:52:38]	[Recv]	in 3 3002 40428 55 57 2 100 100 0 0 0 -1 1 0 -1 - 0 -1 0 0 0 0 0 0 0 0 0 0 0 0 0

[00:52:38]	[Recv]	in 3 3002 40427 41 54 2 100 100 0 0 0 -1 1 0 -1 - 0 -1 0 0 0 0 0 0 0 0 0 0 0 0 0

[00:52:38]	[Recv]	in 3 3002 40426 85 37 2 100 100 0 0 0 -1 1 0 -1 - 0 -1 0 0 0 0 0 0 0 0 0 0 0 0 0

[00:52:38]	[Recv]	in 3 3002 40425 23 45 2 100 100 0 0 0 -1 1 0 -1 - 0 -1 0 0 0 0 0 0 0 0 0 0 0 0 0

[00:52:38]	[Recv]	in 2 3133 40523 161 33 3 100 100 1 0 0 -1 1 0 -1 - 0 -1 0 0 0 0 0 0 0 0 0 0 0 0 0

[00:52:38]	[Recv]	in 2 3133 40522 136 62 7 100 100 1 0 0 -1 1 0 -1 - 0 -1 0 0 0 0 0 0 0 0 0 0 0 0 0

[00:52:38]	[Recv]	in 2 3133 40521 111 33 0 100 100 1 0 0 -1 1 0 -1 - 0 -1 0 0 0 0 0 0 0 0 0 0 0 0 0

[00:52:38]	[Recv]	in 2 3133 40520 104 27 4 100 100 1 0 0 -1 1 0 -1 - 0 -1 0 0 0 0 0 0 0 0 0 0 0 0 0

[00:52:38]	[Recv]	in 2 3133 40519 52 85 7 100 100 1 0 0 -1 1 0 -1 - 0 -1 0 0 0 0 0 0 0 0 0 0 0 0 0

[00:52:38]	[Recv]	in 2 3133 40518 66 54 3 100 100 1 0 0 -1 1 0 -1 - 0 -1 0 0 0 0 0 0 0 0 0 0 0 0 0

[00:52:38]	[Recv]	in 2 3133 40517 75 93 0 100 100 1 0 0 -1 1 0 -1 - 0 -1 0 0 0 0 0 0 0 0 0 0 0 0 0

[00:52:38]	[Recv]	in 2 3133 40516 126 35 2 100 100 1 0 0 -1 1 0 -1 - 0 -1 0 0 0 0 0 0 0 0 0 0 0 0 0

[00:52:38]	[Recv]	in 2 3133 40515 47 46 4 100 100 1 0 0 -1 1 0 -1 - 0 -1 0 0 0 0 0 0 0 0 0 0 0 0 0

[00:52:38]	[Recv]	in 2 3133 40514 67 68 3 100 100 1 0 0 -1 1 0 -1 - 0 -1 0 0 0 0 0 0 0 0 0 0 0 0 0

[00:52:38]	[Recv]	in 2 3071 40513 177 54 3 100 100 11026 0 0 -1 1 0 -1 - 0 -1 0 0 0 0 0 0 0 0 0 0 0 0 0

[00:52:38]	[Recv]	in 2 3051 40512 166 44 2 100 100 1 0 0 -1 1 0 -1 - 0 -1 0 0 0 0 0 0 0 0 0 0 0 0 0

[00:52:38]	[Recv]	in 2 3051 40511 163 62 2 100 100 1 0 0 -1 1 0 -1 - 0 -1 0 0 0 0 0 0 0 0 0 0 0 0 0

[00:52:38]	[Recv]	in 2 3051 40510 154 33 2 100 100 1 0 0 -1 1 0 -1 - 0 -1 0 0 0 0 0 0 0 0 0 0 0 0 0

[00:52:38]	[Recv]	in 2 3051 40509 146 61 2 100 100 1 0 0 -1 1 0 -1 - 0 -1 0 0 0 0 0 0 0 0 0 0 0 0 0

[00:52:38]	[Recv]	in 2 3051 40508 133 29 2 100 100 1 0 0 -1 1 0 -1 - 0 -1 0 0 0 0 0 0 0 0 0 0 0 0 0

[00:52:38]	[Recv]	in 2 3051 40507 128 13 2 100 100 1 0 0 -1 1 0 -1 - 0 -1 0 0 0 0 0 0 0 0 0 0 0 0 0

[00:52:38]	[Recv]	in 2 3051 40506 121 38 2 100 100 1 0 0 -1 1 0 -1 - 0 -1 0 0 0 0 0 0 0 0 0 0 0 0 0

[00:52:38]	[Recv]	in 2 3051 40505 119 27 2 100 100 1 0 0 -1 1 0 -1 - 0 -1 0 0 0 0 0 0 0 0 0 0 0 0 0

[00:52:38]	[Recv]	in 2 3051 40504 118 51 2 100 100 1 0 0 -1 1 0 -1 - 0 -1 0 0 0 0 0 0 0 0 0 0 0 0 0

[00:52:38]	[Recv]	in 2 3051 40503 114 67 2 100 100 1 0 0 -1 1 0 -1 - 0 -1 0 0 0 0 0 0 0 0 0 0 0 0 0

[00:52:38]	[Recv]	in 2 3051 40502 104 22 2 100 100 1 0 0 -1 1 0 -1 - 0 -1 0 0 0 0 0 0 0 0 0 0 0 0 0

[00:52:38]	[Recv]	in 2 3051 40501 99 60 2 100 100 1 0 0 -1 1 0 -1 - 0 -1 0 0 0 0 0 0 0 0 0 0 0 0 0

[00:52:38]	[Recv]	in 2 3051 40500 92 32 2 100 100 1 0 0 -1 1 0 -1 - 0 -1 0 0 0 0 0 0 0 0 0 0 0 0 0

[00:52:38]	[Recv]	in 2 3051 40499 90 47 2 100 100 1 0 0 -1 1 0 -1 - 0 -1 0 0 0 0 0 0 0 0 0 0 0 0 0

[00:52:38]	[Recv]	in 2 3051 40498 87 80 2 100 100 1 0 0 -1 1 0 -1 - 0 -1 0 0 0 0 0 0 0 0 0 0 0 0 0

[00:52:38]	[Recv]	in 2 3051 40497 81 70 2 100 100 1 0 0 -1 1 0 -1 - 0 -1 0 0 0 0 0 0 0 0 0 0 0 0 0

[00:52:38]	[Recv]	in 2 3051 40496 72 88 2 100 100 1 0 0 -1 1 0 -1 - 0 -1 0 0 0 0 0 0 0 0 0 0 0 0 0

[00:52:38]	[Recv]	in 2 3051 40495 70 58 2 100 100 1 0 0 -1 1 0 -1 - 0 -1 0 0 0 0 0 0 0 0 0 0 0 0 0

[00:52:38]	[Recv]	in 2 3051 40494 50 66 2 100 100 1 0 0 -1 1 0 -1 - 0 -1 0 0 0 0 0 0 0 0 0 0 0 0 0

[00:52:38]	[Recv]	in 2 3051 40493 50 50 2 100 100 1 0 0 -1 1 0 -1 - 0 -1 0 0 0 0 0 0 0 0 0 0 0 0 0

[00:52:38]	[Recv]	in 2 3051 40492 46 84 2 100 100 1 0 0 -1 1 0 -1 - 0 -1 0 0 0 0 0 0 0 0 0 0 0 0 0

[00:52:38]	[Recv]	in 2 3051 40491 36 67 2 100 100 1 0 0 -1 1 0 -1 - 0 -1 0 0 0 0 0 0 0 0 0 0 0 0 0

[00:52:38]	[Recv]	in 2 3051 40490 21 30 2 100 100 1 0 0 -1 1 0 -1 - 0 -1 0 0 0 0 0 0 0 0 0 0 0 0 0

[00:52:38]	[Recv]	in 2 3051 40489 16 55 2 100 100 1 0 0 -1 1 0 -1 - 0 -1 0 0 0 0 0 0 0 0 0 0 0 0 0

[00:52:38]	[Recv]	in 2 3051 40488 13 31 2 100 100 1 0 0 -1 1 0 -1 - 0 -1 0 0 0 0 0 0 0 0 0 0 0 0 0

[00:52:38]	[Recv]	in 2 3047 40487 177 61 3 100 22 0 0 0 -1 1 0 -1 - 0 -1 0 0 0 0 0 0 0 0 0 0 0 0 0

[00:52:38]	[Recv]	pst 2 2557262 0 100 100 34166 7013 0 0 0

[00:52:38]	[Recv]	pst 2 2557249 1 100 100 42830 3622 0 0 0

[00:52:38]	[Recv]	mv 3 40480 77 86 9

[00:52:38]	[Recv]	mv 3 40453 139 42 9

[00:52:38]	[Recv]	mv 3 40448 73 86 9

[00:52:38]	[Recv]	mv 3 40447 62 52 9

[00:52:38]	[Recv]	mv 3 40443 34 42 9

[00:52:38]	[Recv]	mv 3 40438 146 32 8

[00:52:38]	[Send]	walk 120 8 0 25
[00:52:38]	[Recv]	mv 3 40486 149 49 9

[00:52:38]	[Recv]	mv 3 40470 151 44 8

[00:52:38]	[Recv]	mv 3 40468 161 42 8

[00:52:38]	[Recv]	mv 3 40466 118 53 8

[00:52:38]	[Recv]	mv 3 40465 108 37 8

[00:52:38]	[Recv]	mv 3 40457 20 24 8

[00:52:38]	[Recv]	mv 3 40436 133 49 8

[00:52:38]	[Recv]	mv 3 40435 114 38 8

[00:52:38]	[Recv]	mv 3 40428 53 59 8

[00:52:38]	[Recv]	mv 3 40425 22 45 8

[00:52:38]	[Recv]	stat 75191 75191 15870 17265 0 1316

[00:52:38]	[Send]	walk 120 9 0 25
[00:52:38]	[Recv]	mv 3 40477 55 69 9

[00:52:38]	[Recv]	mv 3 40472 18 57 9

[00:52:38]	[Recv]	mv 3 40463 77 83 8

[00:52:38]	[Recv]	mv 3 40460 35 48 8

[00:52:38]	[Recv]	mv 3 40452 139 50 9

[00:52:38]	[Recv]	mv 3 40449 107 48 9

[00:52:38]	[Recv]	mv 3 40430 64 81 8

[00:52:38]	[Send]	walk 120 11 0 25
[00:52:39]	[Recv]	mv 3 40485 134 35 9

[00:52:39]	[Recv]	mv 3 40474 24 25 9

[00:52:39]	[Recv]	mv 3 40461 55 90 8

[00:52:39]	[Recv]	mv 3 40455 159 53 9

[00:52:39]	[Recv]	mv 3 40444 46 67 9

[00:52:39]	[Recv]	mv 3 40437 135 32 8

[00:52:39]	[Recv]	mv 3 40429 56 75 8

[00:52:39]	[Send]	walk 120 12 0 25
[00:52:39]	[Send]	walk 120 14 0 25
[00:52:39]	[Recv]	mv 3 40483 113 45 9

[00:52:39]	[Recv]	mv 3 40479 74 60 9

[00:52:39]	[Recv]	mv 3 40475 40 77 9

[00:52:39]	[Recv]	mv 3 40464 104 27 8

[00:52:39]	[Recv]	mv 3 40454 153 39 9

[00:52:39]	[Recv]	mv 3 40442 19 49 9

[00:52:39]	[Recv]	mv 3 40427 42 53 8

[00:52:39]	[Recv]	pst 2 2557262 0 100 100 34166 7013 0 0 0

[00:52:39]	[Recv]	pst 2 2557249 1 100 100 42830 3622 0 0 0

[00:52:39]	[Recv]	mv 3 40480 77 87 9

[00:52:39]	[Recv]	mv 3 40478 63 58 9

[00:52:39]	[Recv]	mv 3 40456 17 51 8

[00:52:39]	[Recv]	mv 3 40453 141 42 9

[00:52:39]	[Recv]	mv 3 40448 73 84 9

[00:52:39]	[Recv]	mv 3 40486 149 48 9

[00:52:39]	[Recv]	mv 3 40484 125 26 9

[00:52:39]	[Recv]	mv 3 40470 150 42 8

[00:52:39]	[Recv]	mv 3 40468 156 41 8

[00:52:39]	[Recv]	mv 3 40466 116 51 8

[00:52:39]	[Recv]	mv 3 40465 108 36 8

[00:52:39]	[Recv]	mv 3 40436 135 48 8

[00:52:39]	[Recv]	mv 3 40428 55 58 8

[00:52:39]	[Send]	walk 120 23 0 25
[00:52:39]	[Recv]	mv 3 40477 55 71 9

[00:52:39]	[Recv]	mv 3 40463 77 81 8

[00:52:39]	[Recv]	mv 3 40460 34 47 8

[00:52:39]	[Recv]	mv 3 40458 27 32 8

[00:52:39]	[Recv]	mv 3 40452 139 49 9

[00:52:39]	[Recv]	mv 3 40451 117 22 9

[00:52:39]	[Recv]	mv 3 40431 75 71 8

[00:52:39]	[Recv]	mv 3 40430 65 83 8

[00:52:40]	[Recv]	mv 3 40461 56 90 8

[00:52:40]	[Recv]	mv 3 40455 158 52 9

[00:52:40]	[Recv]	mv 3 40446 58 73 9

[00:52:40]	[Recv]	mv 3 40445 47 80 9

[00:52:40]	[Recv]	mv 3 40444 45 67 9

[00:52:40]	[Recv]	mv 3 40439 148 56 8

[00:52:40]	[Recv]	mv 3 40433 100 53 8

[00:52:40]	[Recv]	mv 3 40429 57 75 8

[00:52:40]	[Send]	walk 120 26 0 25
[00:52:40]	[Recv]	mv 3 40483 113 43 9

[00:52:40]	[Recv]	mv 3 40475 41 78 9

[00:52:40]	[Recv]	mv 3 40464 104 26 8

[00:52:40]	[Recv]	mv 3 40459 27 55 8

[00:52:40]	[Recv]	mv 3 40454 154 38 9

[00:52:40]	[Recv]	mv 3 40442 18 51 9

[00:52:40]	[Recv]	mv 3 40427 40 52 8

[00:52:40]	[Recv]	pst 2 2557262 0 100 100 34166 7013 0 0 0

[00:52:40]	[Recv]	pst 2 2557249 1 100 100 42830 3622 0 0 0

[00:52:40]	[Send]	walk 120 28 1 25
[00:52:40]	[Recv]	mv 3 40478 61 58 9

[00:52:40]	[Recv]	mv 3 40447 61 52 9

[00:52:40]	[Recv]	mv 3 40438 146 33 8

[00:52:40]	[Send]	walk 120 30 0 25
[00:52:40]	[Recv]	mv 3 40468 152 40 8

[00:52:40]	[Recv]	mv 3 40466 117 51 8

[00:52:40]	[Recv]	mv 3 40457 21 24 8

[00:52:40]	[Recv]	mv 3 40436 134 47 8

[00:52:40]	[Recv]	mv 3 40435 114 37 8

[00:52:40]	[Recv]	mv 3 40428 53 57 8

[00:52:40]	[Recv]	mv 3 40425 23 44 8

[00:52:40]	[Recv]	stat 75191 75191 15870 17265 0 1316

[00:52:40]	[Recv]	stat 75191 75191 15987 17265 0 1316

[00:52:40]	[Recv]	mv 3 40463 76 82 8

[00:52:40]	[Recv]	mv 3 40458 28 31 8

[00:52:40]	[Recv]	mv 3 40451 115 20 9

[00:52:40]	[Recv]	mv 3 40440 15 37 9

[00:52:41]	[Recv]	mv 3 40474 25 24 9

[00:52:41]	[Recv]	mv 3 40450 108 34 9

[00:52:41]	[Recv]	mv 3 40446 60 72 9

[00:52:41]	[Recv]	mv 3 40445 46 82 9

[00:52:41]	[Recv]	mv 3 40444 43 67 9

[00:52:41]	[Recv]	mv 3 40437 136 33 8

[00:52:41]	[Recv]	mv 3 40483 114 45 9

[00:52:41]	[Recv]	mv 3 40479 76 61 9

[00:52:41]	[Recv]	mv 3 40467 129 46 8

[00:52:41]	[Recv]	mv 3 40462 68 73 8

[00:52:41]	[Recv]	mv 3 40454 155 37 9

[00:52:41]	[Recv]	pst 2 2557262 0 100 100 34166 7013 0 0 0

[00:52:41]	[Recv]	pst 2 2557249 1 100 100 42830 3622 0 0 0

[00:52:41]	[Send]	walk 122 39 0 25
[00:52:41]	[Recv]	mv 3 40480 76 89 9

[00:52:41]	[Recv]	mv 3 40478 62 59 9

[00:52:41]	[Recv]	mv 3 40456 16 51 8

[00:52:41]	[Recv]	mv 3 40447 62 54 9

[00:52:41]	[Recv]	mv 3 40443 36 41 9

[00:52:41]	[Recv]	mv 3 40486 149 47 9

[00:52:41]	[Recv]	mv 3 40466 119 53 8

[00:52:41]	[Recv]	mv 3 40465 110 35 8

[00:52:41]	[Recv]	mv 3 40457 22 26 8

[00:52:41]	[Recv]	mv 3 40441 20 33 9

[00:52:41]	[Recv]	mv 3 40435 115 37 8

[00:52:41]	[Recv]	mv 3 40434 113 24 8

[00:52:41]	[Recv]	mv 3 40477 53 70 9

[00:52:41]	[Recv]	mv 3 40472 20 56 9

[00:52:41]	[Recv]	mv 3 40463 77 80 8

[00:52:41]	[Recv]	mv 3 40460 35 46 8

[00:52:41]	[Recv]	mv 3 40458 26 32 8

[00:52:41]	[Recv]	mv 3 40451 115 19 9

[00:52:41]	[Recv]	mv 3 40440 16 35 9

[00:52:42]	[Recv]	mv 3 40481 97 33 9

[00:52:42]	[Recv]	mv 3 40474 25 23 9

[00:52:42]	[Recv]	mv 3 40461 58 88 8

[00:52:42]	[Recv]	mv 3 40455 160 51 9

[00:52:42]	[Recv]	mv 3 40450 109 34 9

[00:52:42]	[Recv]	mv 3 40445 46 81 9

[00:52:42]	[Recv]	mv 3 40444 45 68 9

[00:52:42]	[Recv]	mv 3 40432 97 40 8

[00:52:42]	[Recv]	mv 3 40429 57 76 8

[00:52:42]	[Recv]	mv 3 40479 75 59 9

[00:52:42]	[Recv]	mv 3 40467 130 46 8

[00:52:42]	[Recv]	mv 3 40464 103 25 8

[00:52:42]	[Recv]	mv 3 40462 66 71 8

[00:52:42]	[Recv]	mv 3 40442 20 50 9

[00:52:42]	[Recv]	mv 3 40427 41 53 8

[00:52:42]	[Recv]	pst 2 2557262 0 100 100 34166 7013 0 0 0

[00:52:42]	[Recv]	pst 2 2557249 1 100 100 42830 3622 0 0 0

[00:52:42]	[Recv]	mv 3 40480 75 87 9

[00:52:42]	[Recv]	mv 3 40453 141 40 9

[00:52:42]	[Recv]	mv 3 40448 73 85 9

[00:52:42]	[Recv]	mv 3 40447 60 54 9

[00:52:42]	[Send]	walk 122 48 0 25
[00:52:42]	[Recv]	mv 3 40486 150 46 9

[00:52:42]	[Recv]	mv 3 40484 124 27 9

[00:52:42]	[Recv]	mv 3 40470 149 43 8

[00:52:42]	[Recv]	mv 3 40466 117 51 8

[00:52:42]	[Recv]	mv 3 40465 109 34 8

[00:52:42]	[Recv]	mv 3 40457 23 27 8

[00:52:42]	[Recv]	mv 3 40441 19 32 9

[00:52:42]	[Recv]	mv 3 40436 132 49 8

[00:52:42]	[Recv]	mv 3 40434 111 22 8

[00:52:42]	[Recv]	mv 3 40425 21 44 8

[00:52:42]	[Recv]	stat 75191 75191 15987 17265 0 1316

[00:52:42]	[Recv]	mv 3 40472 19 57 9

[00:52:42]	[Recv]	mv 3 40460 33 48 8

[00:52:42]	[Recv]	mv 3 40452 137 51 9

[00:52:42]	[Recv]	mv 3 40449 106 46 9

[00:52:42]	[Recv]	mv 3 40440 14 36 9

[00:52:42]	[Recv]	mv 3 40431 77 69 8

[00:52:42]	[Recv]	mv 3 40430 64 82 8

[00:52:43]	[Recv]	mv 3 40474 23 25 9

[00:52:43]	[Recv]	mv 3 40455 161 53 9

[00:52:43]	[Recv]	mv 3 40444 46 67 9

[00:52:43]	[Recv]	mv 3 40439 149 54 8

[00:52:43]	[Recv]	mv 3 40437 135 32 8

[00:52:43]	[Recv]	mv 3 40429 56 76 8

[00:52:43]	[Recv]	mv 3 40483 113 45 9

[00:52:43]	[Recv]	mv 3 40479 73 59 9

[00:52:43]	[Recv]	mv 3 40475 40 78 9

[00:52:43]	[Recv]	mv 3 40467 129 45 8

[00:52:43]	[Recv]	mv 3 40462 65 69 8

[00:52:43]	[Recv]	mv 3 40454 154 38 9

[00:52:43]	[Recv]	mv 3 40442 22 51 9

[00:52:43]	[Recv]	pst 2 2557262 0 100 100 34166 7013 0 0 0

[00:52:43]	[Recv]	pst 2 2557249 1 100 100 42830 3622 0 0 0

[00:52:43]	[Send]	walk 118 55 0 25
[00:52:43]	[Recv]	mv 3 40480 73 85 9

[00:52:43]	[Recv]	mv 3 40478 61 57 9

[00:52:43]	[Recv]	mv 3 40456 15 51 8

[00:52:43]	[Recv]	mv 3 40447 59 52 9

[00:52:43]	[Recv]	mv 3 40443 35 40 9

[00:52:43]	[Recv]	mv 3 40486 151 46 9

[00:52:43]	[Recv]	mv 3 40484 125 25 9

[00:52:43]	[Recv]	mv 3 40470 150 42 8

[00:52:43]	[Recv]	mv 3 40457 22 26 8

[00:52:43]	[Recv]	mv 3 40441 17 31 9

[00:52:43]	[Recv]	mv 3 40436 133 47 8

[00:52:43]	[Recv]	mv 3 40428 52 58 8

[00:52:43]	[Recv]	mv 3 40425 23 42 8

[00:52:43]	[Recv]	mv 3 40477 54 68 9

[00:52:43]	[Recv]	mv 3 40472 20 57 9

[00:52:43]	[Recv]	mv 3 40463 77 81 8

[00:52:43]	[Recv]	mv 3 40460 34 46 8

[00:52:43]	[Recv]	mv 3 40452 138 52 9

[00:52:43]	[Recv]	mv 3 40451 114 19 9

[00:52:43]	[Recv]	mv 3 40449 104 46 9

[00:52:43]	[Recv]	mv 3 40440 15 38 9

[00:52:43]	[Recv]	mv 3 40431 76 69 8

[00:52:44]	[Recv]	mv 3 40485 136 33 9

[00:52:44]	[Recv]	mv 3 40481 95 33 9

[00:52:44]	[Recv]	mv 3 40455 161 52 9

[00:52:44]	[Recv]	mv 3 40450 107 32 9

[00:52:44]	[Recv]	mv 3 40445 46 80 9

[00:52:44]	[Recv]	mv 3 40444 44 66 9

[00:52:44]	[Recv]	mv 3 40439 147 56 8

[00:52:44]	[Recv]	mv 3 40437 135 33 8

[00:52:44]	[Recv]	mv 3 40429 55 77 8

[00:52:44]	[Send]	walk 111 62 0 25
[00:52:44]	[Recv]	mv 3 40483 111 44 9

[00:52:44]	[Recv]	mv 3 40479 75 59 9

[00:52:44]	[Recv]	mv 3 40467 130 45 8

[00:52:44]	[Recv]	mv 3 40454 156 36 9

[00:52:44]	[Recv]	mv 3 40442 20 53 9

[00:52:44]	[Recv]	mv 3 40427 42 51 8

[00:52:44]	[Recv]	pst 2 2557262 0 100 100 34166 7013 0 0 0

[00:52:44]	[Recv]	pst 2 2557249 1 100 100 42830 3622 0 0 0

[00:52:44]	[Recv]	mv 3 40480 75 85 9

[00:52:44]	[Recv]	mv 3 40456 14 51 8

[00:52:44]	[Recv]	mv 3 40453 139 41 9

[00:52:44]	[Recv]	mv 3 40447 61 54 9

[00:52:44]	[Recv]	mv 3 40486 150 48 9

[00:52:44]	[Recv]	mv 3 40484 125 23 9

[00:52:44]	[Recv]	mv 3 40476 45 47 9

[00:52:44]	[Recv]	mv 3 40466 119 52 8

[00:52:44]	[Recv]	mv 3 40465 108 36 8

[00:52:44]	[Recv]	mv 3 40457 23 25 8

[00:52:44]	[Recv]	mv 3 40441 18 33 9

[00:52:44]	[Recv]	mv 3 40434 113 23 8

[00:52:44]	[Send]	walk 108 62 0 25
[00:52:44]	[Recv]	stat 75191 75191 15987 17265 0 1316

[00:52:44]	[Recv]	stat 75191 75191 16104 17265 0 1316

[00:52:44]	[Recv]	mv 3 40477 56 70 9

[00:52:44]	[Recv]	mv 3 40458 27 30 8

[00:52:44]	[Recv]	mv 3 40452 139 51 9

[00:52:44]	[Recv]	mv 3 40449 106 47 9

[00:52:44]	[Recv]	mv 3 40440 14 37 9

[00:52:44]	[Recv]	mv 3 40431 74 71 8

[00:52:44]	[Recv]	mv 3 40430 63 83 8

[00:52:45]	[Send]	walk 104 63 0 25
[00:52:45]	[Recv]	mv 3 40485 134 34 9

[00:52:45]	[Recv]	mv 3 40450 106 34 9

[00:52:45]	[Recv]	mv 3 40446 58 71 9

[00:52:45]	[Recv]	mv 3 40445 48 82 9

[00:52:45]	[Recv]	mv 3 40444 43 67 9

[00:52:45]	[Recv]	mv 3 40439 148 57 8

[00:52:45]	[Recv]	mv 3 40437 135 34 8

[00:52:45]	[Recv]	mv 3 40433 101 52 8

[00:52:45]	[Recv]	mv 3 40432 99 41 8

[00:52:45]	[Recv]	mv 3 40429 56 75 8

[00:52:45]	[Send]	walk 102 63 0 25
[00:52:45]	[Recv]	mv 3 40483 113 45 9

[00:52:45]	[Recv]	mv 3 40467 129 43 8

[00:52:45]	[Recv]	mv 3 40464 101 24 8

[00:52:45]	[Recv]	mv 3 40454 155 36 9

[00:52:45]	[Recv]	mv 3 40442 19 53 9

[00:52:45]	[Recv]	pst 2 2557262 0 100 100 34166 7013 0 0 0

[00:52:45]	[Recv]	pst 2 2557249 1 100 100 42830 3622 0 0 0

[00:52:45]	[Recv]	mv 3 40480 73 86 9

[00:52:45]	[Recv]	mv 3 40478 63 57 9

[00:52:45]	[Recv]	mv 3 40456 15 50 8

[00:52:45]	[Recv]	mv 3 40453 140 41 9

[00:52:45]	[Recv]	mv 3 40448 74 86 9

[00:52:45]	[Send]	walk 100 63 1 25
[00:52:45]	[Recv]	mv 3 40484 127 25 9

[00:52:45]	[Recv]	mv 3 40476 44 47 9

[00:52:45]	[Recv]	mv 3 40470 149 43 8

[00:52:45]	[Recv]	mv 3 40468 148 38 8

[00:52:45]	[Recv]	mv 3 40466 118 54 8

[00:52:45]	[Recv]	mv 3 40457 21 23 8

[00:52:45]	[Recv]	mv 3 40441 20 31 9

[00:52:45]	[Recv]	mv 3 40436 131 45 8

[00:52:45]	[Recv]	mv 3 40435 116 39 8

[00:52:45]	[Send]	walk 95 56 1 25
[00:52:45]	[Recv]	mv 3 40472 21 56 9

[00:52:45]	[Recv]	mv 3 40463 75 82 8

[00:52:45]	[Recv]	mv 3 40460 36 48 8

[00:52:45]	[Recv]	mv 3 40458 26 31 8

[00:52:45]	[Recv]	mv 3 40449 104 48 9

[00:52:45]	[Recv]	mv 3 40440 15 35 9

[00:52:45]	[Recv]	mv 3 40431 75 73 8

[00:52:45]	[Recv]	mv 3 40430 64 84 8

[00:52:46]	[Recv]	mv 3 40485 136 35 9

[00:52:46]	[Recv]	mv 3 40455 161 50 9

[00:52:46]	[Recv]	mv 3 40450 107 34 9

[00:52:46]	[Recv]	mv 3 40444 43 66 9

[00:52:46]	[Recv]	mv 3 40437 135 33 8

[00:52:46]	[Recv]	mv 3 40432 97 42 8

[00:52:46]	[Recv]	mv 3 40483 115 45 9

[00:52:46]	[Recv]	mv 3 40479 73 61 9

[00:52:46]	[Recv]	mv 3 40475 42 79 9

[00:52:46]	[Recv]	mv 3 40467 129 44 8

[00:52:46]	[Recv]	mv 3 40459 28 55 8

[00:52:46]	[Recv]	mv 3 40442 21 52 9

[00:52:46]	[Recv]	mv 3 40427 41 52 8

[00:52:46]	[Recv]	pst 2 2557262 0 100 100 34166 7013 0 0 0

[00:52:46]	[Recv]	pst 2 2557249 1 100 100 42830 3622 0 0 0

[00:52:46]	[Recv]	mv 3 40480 75 88 9

[00:52:46]	[Recv]	mv 3 40478 61 57 9

[00:52:46]	[Recv]	mv 3 40456 15 51 8

[00:52:46]	[Recv]	mv 3 40448 73 86 9

[00:52:46]	[Recv]	mv 3 40447 63 55 9

[00:52:46]	[Recv]	mv 3 40438 147 34 8

[00:52:46]	[Send]	walk 88 58 0 25
[00:52:46]	[Recv]	mv 3 40486 151 47 9

[00:52:46]	[Recv]	mv 3 40476 43 48 9

[00:52:46]	[Recv]	mv 3 40470 150 41 8

[00:52:46]	[Recv]	mv 3 40468 146 35 8

[00:52:46]	[Recv]	mv 3 40465 110 37 8

[00:52:46]	[Recv]	mv 3 40435 115 38 8

[00:52:46]	[Recv]	mv 3 40428 52 59 8

[00:52:46]	[Recv]	stat 75191 75191 16104 17265 0 1316

[00:52:46]	[Recv]	mv 3 40477 56 72 9

[00:52:46]	[Recv]	mv 3 40463 76 82 8

[00:52:46]	[Recv]	mv 3 40460 35 46 8

[00:52:46]	[Recv]	mv 3 40452 141 52 9

[00:52:46]	[Recv]	mv 3 40449 106 50 9

[00:52:46]	[Recv]	mv 3 40430 65 82 8

[00:52:47]	[Recv]	mv 3 40485 138 36 9

[00:52:47]	[Recv]	mv 3 40461 59 89 8

[00:52:47]	[Recv]	mv 3 40455 160 50 9

[00:52:47]	[Recv]	mv 3 40446 57 72 9

[00:52:47]	[Recv]	mv 3 40439 149 58 8

[00:52:47]	[Recv]	mv 3 40437 134 34 8

[00:52:47]	[Recv]	mv 3 40433 99 52 8

[00:52:47]	[Recv]	mv 3 40432 99 43 8

[00:52:47]	[Send]	walk 85 59 0 25
[00:52:47]	[Recv]	mv 3 40483 114 46 9

[00:52:47]	[Recv]	mv 3 40475 41 78 9

[00:52:47]	[Recv]	mv 3 40462 67 69 8

[00:52:47]	[Recv]	mv 3 40454 156 37 9

[00:52:47]	[Recv]	mv 3 40442 22 53 9

[00:52:47]	[Recv]	mv 3 40427 42 52 8

[00:52:47]	[Recv]	pst 2 2557262 0 100 100 34166 7013 0 0 0

[00:52:47]	[Recv]	pst 2 2557249 1 100 100 42830 3622 0 0 0

[00:52:47]	[Send]	walk 83 59 1 25
[00:52:47]	[Send]	walk 80 59 1 25
[00:52:47]	[Recv]	mv 3 40478 63 58 9

[00:52:47]	[Recv]	mv 3 40456 14 49 8

[00:52:47]	[Recv]	mv 3 40443 33 40 9

[00:52:47]	[Recv]	mv 3 40438 149 32 8

[00:52:47]	[Recv]	mv 3 40486 149 49 9

[00:52:47]	[Recv]	mv 3 40484 126 26 9

[00:52:47]	[Recv]	mv 3 40476 42 46 9

[00:52:47]	[Recv]	mv 3 40468 142 34 8

[00:52:47]	[Recv]	mv 3 40465 109 36 8

[00:52:47]	[Recv]	mv 3 40457 20 24 8

[00:52:47]	[Recv]	mv 3 40435 116 37 8

[00:52:47]	[Recv]	mv 3 40434 114 25 8

[00:52:47]	[Recv]	mv 3 40428 53 57 8

[00:52:47]	[Recv]	mv 3 40463 76 80 8

[00:52:47]	[Recv]	mv 3 40460 35 47 8

[00:52:47]	[Recv]	mv 3 40458 28 32 8

[00:52:47]	[Recv]	mv 3 40452 139 50 9

[00:52:47]	[Recv]	mv 3 40451 116 18 9

[00:52:47]	[Recv]	mv 3 40449 107 48 9

[00:52:47]	[Recv]	mv 3 40430 63 83 8

[00:52:48]	[Recv]	mv 3 40481 95 34 9

[00:52:48]	[Recv]	mv 3 40461 57 89 8

[00:52:48]	[Recv]	mv 3 40455 162 51 9

[00:52:48]	[Recv]	mv 3 40450 107 36 9

[00:52:48]	[Recv]	mv 3 40446 58 73 9

[00:52:48]	[Recv]	mv 3 40444 45 65 9

[00:52:48]	[Recv]	mv 3 40439 151 56 8

[00:52:48]	[Recv]	mv 3 40437 136 36 8

[00:52:48]	[Recv]	mv 3 40433 100 53 8

[00:52:48]	[Recv]	mv 3 40429 54 76 8

[00:52:48]	[Send]	walk 82 68 0 25
[00:52:48]	[Recv]	mv 3 40479 73 62 9

[00:52:48]	[Recv]	mv 3 40475 42 78 9

[00:52:48]	[Recv]	mv 3 40467 131 43 8

[00:52:48]	[Recv]	mv 3 40459 26 56 8

[00:52:48]	[Recv]	mv 3 40427 44 54 8

[00:52:48]	[Recv]	pst 2 2557262 0 100 100 34166 7013 0 0 0

[00:52:48]	[Recv]	pst 2 2557249 1 100 100 42830 3622 0 0 0

[00:52:48]	[Recv]	mv 3 40480 75 87 9

[00:52:48]	[Recv]	mv 3 40478 63 57 9

[00:52:48]	[Recv]	mv 3 40456 13 51 8

[00:52:48]	[Recv]	mv 3 40443 34 40 9

[00:52:48]	[Send]	walk 82 71 0 25
[00:52:48]	[Recv]	mv 3 40486 147 48 9

[00:52:48]	[Recv]	mv 3 40484 125 25 9

[00:52:48]	[Recv]	mv 3 40470 150 42 8

[00:52:48]	[Recv]	mv 3 40466 118 53 8

[00:52:48]	[Recv]	mv 3 40465 108 36 8

[00:52:48]	[Recv]	mv 3 40441 19 32 9

[00:52:48]	[Recv]	mv 3 40436 133 45 8

[00:52:48]	[Recv]	mv 3 40434 114 24 8

[00:52:48]	[Recv]	mv 3 40428 55 58 8

[00:52:48]	[Recv]	mv 3 40425 21 44 8

[00:52:48]	[Recv]	stat 75191 75191 16104 17265 0 1316

[00:52:48]	[Recv]	stat 75191 75191 16221 17265 0 1316

[00:52:48]	[Recv]	mv 3 40463 75 82 8

[00:52:48]	[Recv]	mv 3 40460 33 47 8

[00:52:48]	[Recv]	mv 3 40458 29 32 8

[00:52:48]	[Recv]	mv 3 40452 140 49 9

[00:52:48]	[Recv]	mv 3 40451 115 20 9

[00:52:48]	[Recv]	mv 3 40440 17 35 9

[00:52:48]	[Recv]	mv 3 40431 76 73 8

[00:52:49]	[Send]	walk 82 76 0 25
[00:52:49]	[Recv]	mv 3 40481 93 32 9

[00:52:49]	[Recv]	mv 3 40461 55 87 8

[00:52:49]	[Recv]	mv 3 40450 108 35 9

[00:52:49]	[Recv]	mv 3 40446 57 73 9

[00:52:49]	[Recv]	mv 3 40444 47 67 9

[00:52:49]	[Recv]	mv 3 40433 101 52 8

[00:52:49]	[Recv]	mv 3 40483 114 45 9

[00:52:49]	[Recv]	pst 2 2557262 0 100 100 34166 7013 0 0 0

[00:52:49]	[Recv]	pst 2 2557249 1 100 100 42830 3622 0 0 0

[00:52:49]	[Recv]	mv 3 40480 74 86 9

[00:52:49]	[Recv]	mv 3 40478 62 58 9

[00:52:49]	[Recv]	mv 3 40453 141 40 9

[00:52:49]	[Recv]	mv 3 40443 32 41 9

[00:52:49]	[Recv]	mv 3 40486 148 47 9

[00:52:49]	[Recv]	mv 3 40468 140 33 8

[00:52:49]	[Recv]	mv 3 40466 117 52 8

[00:52:49]	[Recv]	mv 3 40465 109 34 8

[00:52:49]	[Recv]	mv 3 40457 19 25 8

[00:52:49]	[Recv]	mv 3 40435 115 35 8

[00:52:49]	[Recv]	mv 3 40428 53 59 8

[00:52:49]	[Recv]	mv 3 40425 22 45 8

[00:52:49]	[Recv]	mv 3 40460 33 48 8

[00:52:49]	[Recv]	mv 3 40458 30 30 8

[00:52:49]	[Recv]	mv 3 40431 77 71 8

[00:52:49]	[Send]	walk 76 83 0 25
[00:52:50]	[Recv]	mv 3 40474 24 23 9

[00:52:50]	[Recv]	mv 3 40450 108 36 9

[00:52:50]	[Recv]	mv 3 40437 135 35 8

[00:52:50]	[Recv]	mv 3 40433 103 53 8

[00:52:50]	[Recv]	mv 3 40432 97 44 8

[00:52:50]	[Recv]	mv 3 40429 55 75 8

[00:52:50]	[Recv]	mv 3 40483 112 43 9

[00:52:50]	[Recv]	mv 3 40479 75 60 9

[00:52:50]	[Recv]	mv 3 40475 44 78 9

[00:52:50]	[Recv]	mv 3 40462 68 69 8

[00:52:50]	[Recv]	mv 3 40459 28 58 8

[00:52:50]	[Recv]	mv 3 40427 44 55 8

[00:52:50]	[Recv]	pst 2 2557262 0 100 100 34166 7013 0 0 0

[00:52:50]	[Recv]	pst 2 2557249 1 100 100 42830 3622 0 0 0

[00:52:50]	[Recv]	mv 3 40480 74 87 9

[00:52:50]	[Recv]	mv 3 40478 63 60 9

[00:52:50]	[Recv]	mv 3 40456 15 52 8

[00:52:50]	[Recv]	mv 3 40453 140 40 9

[00:52:50]	[Recv]	mv 3 40448 71 85 9

[00:52:50]	[Recv]	mv 3 40476 44 46 9

[00:52:50]	[Recv]	mv 3 40470 151 40 8

[00:52:50]	[Recv]	mv 3 40466 119 51 8

[00:52:50]	[Recv]	mv 3 40441 20 32 9

[00:52:50]	[Recv]	mv 3 40435 113 36 8

[00:52:50]	[Recv]	mv 3 40428 54 61 8

[00:52:50]	[Recv]	mv 3 40425 22 44 8

[00:52:50]	[Recv]	stat 75191 75191 16221 17265 0 1316

[00:52:50]	[Recv]	mv 3 40463 77 84 8

[00:52:50]	[Recv]	mv 3 40458 29 31 8

[00:52:50]	[Recv]	mv 3 40452 138 48 9

[00:52:50]	[Recv]	mv 3 40451 117 22 9

[00:52:50]	[Recv]	mv 3 40449 105 48 9

[00:52:50]	[Recv]	mv 3 40440 15 37 9

[00:52:50]	[Recv]	mv 3 40431 75 69 8

[00:52:50]	[Recv]	mv 3 40430 61 84 8

[00:52:50]	[Send]	walk 69 90 0 25
[00:52:51]	[Recv]	mv 3 40461 57 89 8

[00:52:51]	[Recv]	mv 3 40455 161 49 9

[00:52:51]	[Recv]	mv 3 40450 106 35 9

[00:52:51]	[Recv]	mv 3 40445 49 81 9

[00:52:51]	[Recv]	mv 3 40439 150 56 8

[00:52:51]	[Recv]	mv 3 40437 133 34 8

[00:52:51]	[Recv]	mv 3 40432 98 43 8

[00:52:51]	[Recv]	mv 3 40429 54 75 8

[00:52:51]	[Recv]	mv 3 40483 111 44 9

[00:52:51]	[Recv]	mv 3 40479 77 59 9

[00:52:51]	[Recv]	mv 3 40475 42 78 9

[00:52:51]	[Recv]	mv 3 40464 103 26 8

[00:52:51]	[Recv]	mv 3 40459 29 57 8

[00:52:51]	[Recv]	mv 3 40427 42 54 8

[00:52:51]	[Recv]	pst 2 2557262 0 100 100 34166 7013 0 0 0

[00:52:51]	[Recv]	pst 2 2557249 1 100 100 42830 3622 0 0 0

[00:52:51]	[Recv]	mv 3 40480 75 87 9

[00:52:51]	[Recv]	mv 3 40456 16 51 8

[00:52:51]	[Recv]	mv 3 40453 139 39 9

[00:52:51]	[Recv]	mv 3 40448 70 85 9

[00:52:51]	[Recv]	mv 3 40447 62 53 9

[00:52:51]	[Recv]	mv 3 40443 33 42 9

[00:52:51]	[Recv]	mv 3 40476 45 48 9

[00:52:51]	[Recv]	mv 3 40470 149 41 8

[00:52:51]	[Recv]	mv 3 40468 141 33 8

[00:52:51]	[Recv]	mv 3 40465 107 35 8

[00:52:51]	[Recv]	mv 3 40434 113 26 8

[00:52:51]	[Recv]	mv 3 40428 52 61 8

[00:52:51]	[Recv]	mv 3 40425 22 42 8

[00:52:51]	[Recv]	mv 3 40477 56 71 9

[00:52:51]	[Recv]	mv 3 40463 79 83 8

[00:52:51]	[Recv]	mv 3 40460 34 50 8

[00:52:51]	[Recv]	mv 3 40458 27 31 8

[00:52:51]	[Recv]	mv 3 40452 138 50 9

[00:52:51]	[Recv]	mv 3 40451 117 20 9

[00:52:51]	[Recv]	mv 3 40449 105 46 9

[00:52:51]	[Recv]	mv 3 40431 77 70 8

[00:52:51]	[Recv]	mv 3 40430 62 85 8

[00:52:51]	[Send]	walk 62 97 0 25
[00:52:52]	[Recv]	mv 3 40485 136 36 9

[00:52:52]	[Recv]	mv 3 40481 94 34 9

[00:52:52]	[Recv]	mv 3 40461 58 88 8

[00:52:52]	[Recv]	mv 3 40455 160 51 9

[00:52:52]	[Recv]	mv 3 40450 106 36 9

[00:52:52]	[Recv]	mv 3 40446 58 74 9

[00:52:52]	[Recv]	mv 3 40445 47 79 9

[00:52:52]	[Recv]	mv 3 40432 99 43 8

[00:52:52]	[Recv]	mv 3 40429 56 77 8

[00:52:52]	[Recv]	mv 3 40483 113 45 9

[00:52:52]	[Recv]	mv 3 40479 76 60 9

[00:52:52]	[Recv]	mv 3 40475 42 79 9

[00:52:52]	[Recv]	mv 3 40467 129 43 8

[00:52:52]	[Recv]	mv 3 40464 104 28 8

[00:52:52]	[Recv]	mv 3 40454 156 39 9

[00:52:52]	[Recv]	mv 3 40427 40 53 8

[00:52:52]	[Recv]	pst 2 2557262 0 100 100 34166 7013 0 0 0

[00:52:52]	[Recv]	pst 2 2557249 1 100 100 42830 3622 0 0 0

[00:52:52]	[Recv]	mv 3 40480 77 86 9

[00:52:52]	[Recv]	mv 3 40478 65 60 9

[00:52:52]	[Recv]	mv 3 40456 15 51 8

[00:52:52]	[Recv]	mv 3 40453 140 38 9

[00:52:52]	[Recv]	mv 3 40448 72 86 9

[00:52:52]	[Recv]	mv 3 40447 63 53 9

[00:52:52]	[Recv]	mv 3 40443 32 41 9

[00:52:52]	[Recv]	mv 3 40438 148 33 8

[00:52:52]	[Recv]	mv 3 40486 148 49 9

[00:52:52]	[Recv]	mv 3 40484 124 25 9

[00:52:52]	[Recv]	mv 3 40476 46 49 9

[00:52:52]	[Recv]	mv 3 40470 150 42 8

[00:52:52]	[Recv]	mv 3 40468 140 33 8

[00:52:52]	[Recv]	mv 3 40466 119 50 8

[00:52:52]	[Recv]	mv 3 40465 108 37 8

[00:52:52]	[Recv]	mv 3 40457 19 23 8

[00:52:52]	[Recv]	mv 3 40436 134 45 8

[00:52:52]	[Recv]	mv 3 40435 115 36 8

[00:52:52]	[Recv]	mv 3 40428 51 60 8

[00:52:52]	[Recv]	mv 3 40425 24 42 8

[00:52:52]	[Recv]	stat 75191 75191 16221 17265 0 1316

[00:52:52]	[Recv]	stat 75191 75191 16338 17265 0 1316

[00:52:52]	[Recv]	mv 3 40472 21 57 9

[00:52:52]	[Recv]	mv 3 40463 77 81 8

[00:52:52]	[Recv]	mv 3 40458 26 30 8

[00:52:52]	[Recv]	mv 3 40452 140 49 9

[00:52:52]	[Recv]	mv 3 40451 116 19 9

[00:52:52]	[Recv]	mv 3 40440 13 39 9

[00:52:53]	[Recv]	mv 3 40485 136 35 9

[00:52:53]	[Recv]	mv 3 40481 95 33 9

[00:52:53]	[Recv]	mv 3 40474 25 25 9

[00:52:53]	[Recv]	mv 3 40450 107 36 9

[00:52:53]	[Recv]	mv 3 40439 149 55 8

[00:52:53]	[Recv]	mv 3 40433 103 52 8

[00:52:53]	[Recv]	mv 3 40432 97 42 8

[00:52:53]	[Recv]	mv 3 40483 115 47 9

[00:52:53]	[Recv]	mv 3 40467 129 44 8

[00:52:53]	[Recv]	mv 3 40464 104 26 8

[00:52:53]	[Recv]	mv 3 40462 67 70 8

[00:52:53]	[Recv]	mv 3 40459 28 59 8

[00:52:53]	[Recv]	mv 3 40427 41 53 8

[00:52:53]	[Recv]	pst 2 2557262 0 100 100 34166 7013 0 0 0

[00:52:53]	[Recv]	pst 2 2557249 1 100 100 42830 3622 0 0 0

[00:52:53]	[Send]	walk 67 98 0 25
[00:52:53]	[Recv]	mv 3 40480 75 88 9

[00:52:53]	[Recv]	mv 3 40478 63 60 9

[00:52:53]	[Recv]	mv 3 40456 16 51 8

[00:52:53]	[Recv]	mv 3 40453 138 39 9

[00:52:53]	[Recv]	mv 3 40448 70 84 9

[00:52:53]	[Recv]	mv 3 40438 148 34 8

[00:52:53]	[Recv]	mv 3 40486 149 47 9

[00:52:53]	[Recv]	mv 3 40484 125 23 9

[00:52:53]	[Recv]	mv 3 40476 45 48 9

[00:52:53]	[Recv]	mv 3 40468 141 33 8

[00:52:53]	[Recv]	mv 3 40466 120 52 8

[00:52:53]	[Recv]	mv 3 40465 107 36 8

[00:52:53]	[Recv]	mv 3 40457 20 24 8

[00:52:53]	[Recv]	mv 3 40441 19 32 9

[00:52:53]	[Recv]	mv 3 40436 133 46 8

[00:52:53]	[Recv]	mv 3 40435 116 35 8

[00:52:53]	[Recv]	mv 3 40428 53 61 8

[00:52:53]	[Recv]	mv 3 40425 22 43 8

[00:52:53]	[Recv]	mv 3 40477 55 70 9

[00:52:53]	[Recv]	mv 3 40472 19 55 9

[00:52:53]	[Recv]	mv 3 40463 78 82 8

[00:52:53]	[Recv]	mv 3 40460 34 49 8

[00:52:53]	[Recv]	mv 3 40458 28 31 8

[00:52:53]	[Recv]	mv 3 40452 141 50 9

[00:52:53]	[Recv]	mv 3 40451 114 20 9

[00:52:53]	[Recv]	mv 3 40449 105 48 9

[00:52:53]	[Recv]	mv 3 40440 13 38 9

[00:52:53]	[Recv]	mv 3 40431 75 71 8

[00:52:53]	[Recv]	mv 3 40430 62 84 8

[00:52:53]	[Send]	preq
[00:52:54]	[Recv]	mv 3 40474 26 27 9

[00:52:54]	[Recv]	mv 3 40446 56 73 9

[00:52:54]	[Recv]	mv 3 40445 48 80 9

[00:52:54]	[Recv]	mv 3 40429 57 76 8

[00:52:54]	[Recv]	c_map 0 2633 0

[00:52:54]	[Recv]	mapout

[00:52:54]	[Send]	c_close 1
[00:52:54]	[Send]	c_close 0
[00:52:54]	[Send]	f_stash_end 
[00:52:54]	[Send]	c_close 1
[00:52:54]	[Recv]	c_info milkers - -1 3739.918 Sanguinarius 6835325 0 0 1 5 1 27 0 10 0 0 0 0 8151 9

[00:52:54]	[Send]	mall 50
[00:52:54]	[Send]	c_close 1
[00:52:54]	[Recv]	c_mode 1 6835325 3728 0 0 0 100 8151

[00:52:54]	[Recv]	equip 73 78 0.8628.3.7.0.8.82 1.8643.8.7.0.2.82 2.8689.0.0.0.0.0 3.8653.0.2.0.0.0 4.8655.0.0.0.0.0 5.8636.7.8.0.0.82 6.4657.0.0.0.0.0 7.4653.0.0.0.0.0 8.4647.0.0.0.0.0 9.8687.0.0.0.0.0 10.8674.9.0.0.0.0 12.909.0.20.100.0.0 13.8680.0.0.0.0.0 14.8566.0.0.0.0.0 15.8598.0.0.0.0.0 16.8568.0.0.0.0.0 17.8801.0.0.0.0.0

[00:52:54]	[Recv]	lev 99 0 99 0 2140719000 5991794 13364600 200 881816047 91 967912450 0

[00:52:54]	[Recv]	stat 75191 75191 16338 17265 0 1316

[00:52:54]	[Recv]	at 6835325 2635 130 2 2 0 116 1 -1

[00:52:54]	[Recv]	cond 1 6835325 0 0 25

[00:52:54]	[Recv]	cond 1 6835325 0 0 25

[00:52:54]	[Recv]	titinfo 1 6835325 9468 9468

[00:52:54]	[Recv]	eq 6835325 0 0 1 5 1 8689.8643.8628.8636.8687.8674.8680.8566.8598.8568.8801 73 78 100

[00:52:54]	[Recv]	c_map 0 2635 1

[00:52:54]	[Recv]	sc 0 7 4136 4278 1894 37 415 1 8 4111 4311 2101 43 405 7 2246 1268 2064 1268 1784 91 88 127 138

[00:52:54]	[Recv]	char_sc 1 6835325 100

[00:52:54]	[Recv]	gidx 1 6835325 3739.918 Sanguinarius 27 0|0|1

[00:52:54]	[Recv]	rsfp 0 -1

[00:52:54]	[Recv]	pairy 1 6835325 4 3 129 59

[00:52:54]	[Recv]	minipet 1 6835325 8801

[00:52:54]	[Recv]	act6 

[00:52:54]	[Recv]	pinit 2 2|2557262|0|99|@|-1|2789|1|2646|0|0 2|2557249|1|96|@|-1|2762|0|0|0|0


[00:52:54]	[Recv]	food 0

[00:52:54]	[Recv]	mv 2 2510598 81 79 14

[00:52:54]	[Recv]	eff 1 8117013 870

[00:52:54]	[Recv]	mv 3 40742 74 47 9

[00:52:54]	[Recv]	mv 3 40738 133 64 9

[00:52:54]	[Recv]	drop 2460 8025596 82 79 2 0 -1

[00:52:54]	[Recv]	drop 1012 8025597 82 80 1 0 -1

[00:52:54]	[Recv]	mv 3 40706 97 51 11

[00:52:54]	[Recv]	mv 3 40703 91 46 11

[00:52:54]	[Recv]	mv 2 2510598 80 81 14

[00:52:54]	[Recv]	get 1 8117015 8025516 0

[00:52:54]	[Recv]	mv 3 40704 92 20 11

[00:52:54]	[Recv]	mv 3 40667 135 73 11

[00:52:54]	[Recv]	get 1 8117013 8025508 0

[00:52:54]	[Recv]	gp 2 7 2636 -1 0 0

[00:52:54]	[Recv]	gp 130 2 2633 -1 1 0

[00:52:54]	[Recv]	gp 145 70 2637 -1 2 0

[00:52:54]	[Recv]	gp 57 38 4996 8 3 0

[00:52:54]	[Recv]	wp 27 82 95 4 85 99

[00:52:54]	[Recv]	wp 144 64 104 4 88 99

[00:52:54]	[Recv]	in 3 3015 40742 74 47 2 100 100 0 0 0 -1 1 0 -1 - 0 -1 0 0 0 0 0 0 0 0 0 0 0 0 0

[00:52:54]	[Recv]	in 3 3015 40741 58 55 2 100 100 0 0 0 -1 1 0 -1 - 0 -1 0 0 0 0 0 0 0 0 0 0 0 0 0

[00:52:54]	[Recv]	in 3 3015 40740 138 70 2 100 100 0 0 0 -1 1 0 -1 - 0 -1 0 0 0 0 0 0 0 0 0 0 0 0 0

[00:52:54]	[Recv]	in 3 3015 40738 133 64 2 100 100 0 0 0 -1 1 0 -1 - 0 -1 0 0 0 0 0 0 0 0 0 0 0 0 0

[00:52:54]	[Recv]	in 3 3015 40737 121 68 2 100 100 0 0 0 -1 1 0 -1 - 0 -1 0 0 0 0 0 0 0 0 0 0 0 0 0

[00:52:54]	[Recv]	in 3 3015 40736 99 53 2 100 100 0 0 0 -1 1 0 -1 - 0 -1 0 0 0 0 0 0 0 0 0 0 0 0 0

[00:52:54]	[Recv]	in 3 3015 40735 100 43 2 100 100 0 0 0 -1 1 0 -1 - 0 -1 0 0 0 0 0 0 0 0 0 0 0 0 0

[00:52:54]	[Recv]	in 3 3015 40734 91 31 2 100 100 0 0 0 -1 1 0 -1 - 0 -1 0 0 0 0 0 0 0 0 0 0 0 0 0

[00:52:54]	[Recv]	in 3 3015 40731 54 63 2 100 100 0 0 0 -1 1 0 -1 - 0 -1 0 0 0 0 0 0 0 0 0 0 0 0 0

[00:52:54]	[Recv]	in 3 3014 40722 99 39 2 100 100 0 0 0 -1 1 0 -1 - 0 -1 0 0 0 0 0 0 0 0 0 0 0 0 0

[00:52:54]	[Recv]	in 3 3014 40721 62 57 2 100 100 0 0 0 -1 1 0 -1 - 0 -1 0 0 0 0 0 0 0 0 0 0 0 0 0

[00:52:54]	[Recv]	in 3 3014 40717 136 65 2 100 100 0 0 0 -1 1 0 -1 - 0 -1 0 0 0 0 0 0 0 0 0 0 0 0 0

[00:52:54]	[Recv]	in 3 3014 40716 133 78 2 100 100 0 0 0 -1 1 0 -1 - 0 -1 0 0 0 0 0 0 0 0 0 0 0 0 0

[00:52:54]	[Recv]	in 3 3014 40715 132 72 2 100 100 0 0 0 -1 1 0 -1 - 0 -1 0 0 0 0 0 0 0 0 0 0 0 0 0

[00:52:54]	[Recv]	in 3 3014 40712 128 71 2 100 100 0 0 0 -1 1 0 -1 - 0 -1 0 0 0 0 0 0 0 0 0 0 0 0 0

[00:52:54]	[Recv]	in 3 3014 40711 125 80 2 100 100 0 0 0 -1 1 0 -1 - 0 -1 0 0 0 0 0 0 0 0 0 0 0 0 0

[00:52:54]	[Recv]	in 3 3014 40710 123 60 2 100 100 0 0 0 -1 1 0 -1 - 0 -1 0 0 0 0 0 0 0 0 0 0 0 0 0

[00:52:54]	[Recv]	in 3 3014 40708 106 39 2 100 100 0 0 0 -1 1 0 -1 - 0 -1 0 0 0 0 0 0 0 0 0 0 0 0 0

[00:52:54]	[Recv]	in 3 3014 40707 101 50 2 100 100 0 0 0 -1 1 0 -1 - 0 -1 0 0 0 0 0 0 0 0 0 0 0 0 0

[00:52:54]	[Recv]	in 3 3014 40706 97 51 2 100 100 0 0 0 -1 1 0 -1 - 0 -1 0 0 0 0 0 0 0 0 0 0 0 0 0

[00:52:54]	[Recv]	in 3 3014 40705 98 48 2 100 100 0 0 0 -1 1 0 -1 - 0 -1 0 0 0 0 0 0 0 0 0 0 0 0 0

[00:52:54]	[Recv]	in 3 3014 40704 92 20 2 100 100 0 0 0 -1 1 0 -1 - 0 -1 0 0 0 0 0 0 0 0 0 0 0 0 0

[00:52:54]	[Recv]	in 3 3014 40703 91 46 2 100 100 0 0 0 -1 1 0 -1 - 0 -1 0 0 0 0 0 0 0 0 0 0 0 0 0

[00:52:54]	[Recv]	in 3 3014 40702 88 30 2 100 100 0 0 0 -1 1 0 -1 - 0 -1 0 0 0 0 0 0 0 0 0 0 0 0 0

[00:52:54]	[Recv]	in 3 3014 40701 84 36 2 100 100 0 0 0 -1 1 0 -1 - 0 -1 0 0 0 0 0 0 0 0 0 0 0 0 0

[00:52:54]	[Recv]	in 3 3014 40699 84 44 2 100 100 0 0 0 -1 1 0 -1 - 0 -1 0 0 0 0 0 0 0 0 0 0 0 0 0

[00:52:54]	[Recv]	in 3 3014 40697 73 51 2 100 100 0 0 0 -1 1 0 -1 - 0 -1 0 0 0 0 0 0 0 0 0 0 0 0 0

[00:52:54]	[Recv]	in 3 3014 40696 88 25 4 100 100 0 0 0 -1 1 0 -1 - 0 -1 0 0 0 0 0 0 0 0 0 0 0 0 0

[00:52:54]	[Recv]	in 3 3014 40690 22 78 2 100 100 0 0 0 -1 1 0 -1 - 0 -1 0 0 0 0 0 0 0 0 0 0 0 0 0

[00:52:54]	[Recv]	in 3 3014 40689 22 78 2 100 100 0 0 0 -1 1 0 -1 - 0 -1 0 0 0 0 0 0 0 0 0 0 0 0 0

[00:52:54]	[Recv]	in 3 3014 40688 36 62 2 100 100 0 0 0 -1 1 0 -1 - 0 -1 0 0 0 0 0 0 0 0 0 0 0 0 0

[00:52:54]	[Recv]	in 3 3013 40669 48 69 2 100 100 0 0 0 -1 1 0 -1 - 0 -1 0 0 0 0 0 0 0 0 0 0 0 0 0

[00:52:54]	[Recv]	in 3 3013 40668 137 66 2 100 100 0 0 0 -1 1 0 -1 - 0 -1 0 0 0 0 0 0 0 0 0 0 0 0 0

[00:52:54]	[Recv]	in 3 3013 40667 135 73 2 100 100 0 0 0 -1 1 0 -1 - 0 -1 0 0 0 0 0 0 0 0 0 0 0 0 0

[00:52:54]	[Recv]	in 3 3013 40665 129 74 2 100 100 0 0 0 -1 1 0 -1 - 0 -1 0 0 0 0 0 0 0 0 0 0 0 0 0

[00:52:54]	[Recv]	in 3 3013 40662 129 65 2 100 100 0 0 0 -1 1 0 -1 - 0 -1 0 0 0 0 0 0 0 0 0 0 0 0 0

[00:52:54]	[Recv]	in 3 3013 40661 121 59 2 100 100 0 0 0 -1 1 0 -1 - 0 -1 0 0 0 0 0 0 0 0 0 0 0 0 0

[00:52:54]	[Recv]	in 3 3013 40657 103 44 2 100 100 0 0 0 -1 1 0 -1 - 0 -1 0 0 0 0 0 0 0 0 0 0 0 0 0

[00:52:54]	[Recv]	in 3 3013 40656 106 52 2 100 100 0 0 0 -1 1 0 -1 - 0 -1 0 0 0 0 0 0 0 0 0 0 0 0 0

[00:52:54]	[Recv]	in 3 3013 40655 94 42 2 100 100 0 0 0 -1 1 0 -1 - 0 -1 0 0 0 0 0 0 0 0 0 0 0 0 0

[00:52:54]	[Recv]	in 3 3013 40654 94 48 2 100 100 0 0 0 -1 1 0 -1 - 0 -1 0 0 0 0 0 0 0 0 0 0 0 0 0

[00:52:54]	[Recv]	in 3 3013 40653 89 26 2 56 100 0 0 0 -1 1 0 -1 - 0 -1 0 0 0 0 0 0 0 0 0 0 0 0 0

[00:52:54]	[Recv]	in 3 3013 40651 83 36 2 100 100 0 0 0 -1 1 0 -1 - 0 -1 0 0 0 0 0 0 0 0 0 0 0 0 0

[00:52:54]	[Recv]	in 3 3013 40648 67 53 2 100 100 0 0 0 -1 1 0 -1 - 0 -1 0 0 0 0 0 0 0 0 0 0 0 0 0

[00:52:54]	[Recv]	in 3 3013 40647 88 56 2 100 100 0 0 0 -1 1 0 -1 - 0 -1 0 0 0 0 0 0 0 0 0 0 0 0 0

[00:52:54]	[Recv]	in 3 3013 40646 36 84 2 100 100 0 0 0 -1 1 0 -1 - 0 -1 0 0 0 0 0 0 0 0 0 0 0 0 0

[00:52:54]	[Recv]	in 3 3013 40638 21 77 2 100 100 0 0 0 -1 1 0 -1 - 0 -1 0 0 0 0 0 0 0 0 0 0 0 0 0

[00:52:54]	[Recv]	in 3 3013 40636 33 81 2 100 100 0 0 0 -1 1 0 -1 - 0 -1 0 0 0 0 0 0 0 0 0 0 0 0 0

[00:52:54]	[Recv]	in 3 3013 40631 62 52 0 100 100 0 0 0 -1 1 0 -1 - 0 -1 0 0 0 0 0 0 0 0 0 0 0 0 0

[00:52:54]	[Recv]	in 2 3133 40757 28 23 2 100 100 1 0 0 -1 1 0 -1 - 0 -1 0 0 0 0 0 0 0 0 0 0 0 0 0

[00:52:54]	[Recv]	in 2 3133 40756 56 47 3 100 100 1 0 0 -1 1 0 -1 - 0 -1 0 0 0 0 0 0 0 0 0 0 0 0 0

[00:52:54]	[Recv]	in 2 3133 40755 116 25 5 100 100 1 0 0 -1 1 0 -1 - 0 -1 0 0 0 0 0 0 0 0 0 0 0 0 0

[00:52:54]	[Recv]	in 2 3133 40754 92 81 1 100 100 1 0 0 -1 1 0 -1 - 0 -1 0 0 0 0 0 0 0 0 0 0 0 0 0

[00:52:54]	[Recv]	in 2 3133 40753 33 44 0 100 100 1 0 0 -1 1 0 -1 - 0 -1 0 0 0 0 0 0 0 0 0 0 0 0 0

[00:52:54]	[Recv]	in 2 3133 40752 64 60 2 100 100 1 0 0 -1 1 0 -1 - 0 -1 0 0 0 0 0 0 0 0 0 0 0 0 0

[00:52:54]	[Recv]	in 2 3133 40751 126 77 2 100 100 1 0 0 -1 1 0 -1 - 0 -1 0 0 0 0 0 0 0 0 0 0 0 0 0

[00:52:54]	[Recv]	in 2 3133 40750 89 35 5 100 100 1 0 0 -1 1 0 -1 - 0 -1 0 0 0 0 0 0 0 0 0 0 0 0 0

[00:52:54]	[Recv]	in 2 3133 40749 13 6 5 100 100 1 0 0 -1 1 0 -1 - 0 -1 0 0 0 0 0 0 0 0 0 0 0 0 0

[00:52:54]	[Recv]	in 2 3133 40748 58 76 5 100 100 1 0 0 -1 1 0 -1 - 0 -1 0 0 0 0 0 0 0 0 0 0 0 0 0

[00:52:54]	[Recv]	in 2 3054 40747 57 59 0 100 100 0 0 0 -1 1 0 -1 - 0 -1 0 0 0 0 0 0 0 0 0 0 0 0 0

[00:52:54]	[Recv]	in 2 3053 40746 138 76 0 100 100 0 0 0 -1 1 0 -1 - 0 -1 0 0 0 0 0 0 0 0 0 0 0 0 0

[00:52:54]	[Recv]	in 2 3053 40745 122 7 0 100 100 0 0 0 -1 1 0 -1 - 0 -1 0 0 0 0 0 0 0 0 0 0 0 0 0

[00:52:54]	[Recv]	in 2 3053 40744 7 4 0 100 100 0 0 0 -1 1 0 -1 - 0 -1 0 0 0 0 0 0 0 0 0 0 0 0 0

[00:52:54]	[Recv]	in 2 3044 40743 101 8 2 100 100 11013 0 0 -1 1 0 -1 - 0 -1 0 0 0 0 0 0 0 0 0 0 0 0 0

[00:52:54]	[Recv]	in 9 1012 8025597 82 80 1 0 0 -1

[00:52:54]	[Recv]	in 9 2460 8025596 82 79 2 0 0 -1

[00:52:54]	[Recv]	in 2 319 2510597 2 9 2 100 100 0 0 3 8117022 1 0 2731 @ 1 0 1 660 661 662 0 0 0 0 2420 0 0 0 0

[00:52:54]	[Recv]	in 2 806 2510598 80 81 2 100 100 0 0 3 8117022 1 0 -1 @ 2 -1 0 0 0 0 0 0 0 0 0 0 0 5 0

[00:52:54]	[Recv]	in 1 subarlashi - 8117022 83 81 2 0 1 0 2 3 4026.4953.4453.4469.4031.886.4660.4616.-1.-1.-1 100 96 0 2 4 3 0 0 0 7 6 37 -1 - 14 0 5 0 7 87 0 0|0|0 0 0 100 29 0

[00:52:54]	[Recv]	pst 2 2557262 0 100 100 34166 7013 0 0 0

[00:52:54]	[Recv]	pst 2 2557249 1 100 100 42830 3622 0 0 0

[00:52:54]	[Recv]	get 1 8117022 8025597 0

[00:52:54]	[Recv]	mv 3 40741 56 54 9

[00:52:54]	[Recv]	mv 3 40708 106 38 11

[00:52:54]	[Recv]	mv 3 40702 89 31 11

[00:52:54]	[Recv]	mv 3 40657 104 45 11

[00:52:54]	[Recv]	mv 3 40651 84 37 11

[00:52:54]	[Recv]	stat 75191 75191 16338 17265 0 1316

[00:52:54]	[Recv]	mv 3 40696 89 24 11

[00:52:54]	[Recv]	mv 3 40654 92 49 11

[00:52:54]	[Recv]	mv 3 40631 60 50 11

[00:52:55]	[Recv]	mv 3 40740 138 72 9

[00:52:55]	[Recv]	mv 3 40736 101 54 9

[00:52:55]	[Recv]	mv 3 40716 131 80 11

[00:52:55]	[Recv]	mv 3 40705 96 49 11

[00:52:55]	[Recv]	mv 3 40665 130 75 11

[00:52:55]	[Recv]	mv 3 40662 130 67 11

[00:52:55]	[Recv]	mv 3 40653 91 26 11

[00:52:55]	[Recv]	mv 1 8117015 81 80 15

[00:52:55]	[Recv]	mv 1 8117013 82 79 14

[00:52:55]	[Recv]	mv 3 40742 75 49 9

[00:52:55]	[Recv]	mv 3 40734 90 33 9

[00:52:55]	[Recv]	mv 3 40717 138 67 11

[00:52:55]	[Recv]	mv 3 40706 99 50 11

[00:52:55]	[Recv]	mv 3 40699 82 46 11

[00:52:55]	[Recv]	mv 1 8117022 83 80 15

[00:52:55]	[Recv]	get 1 8117015 8025596 0

[00:52:55]	[Recv]	mv 2 1576695 82 78 18

[00:52:55]	[Recv]	mv 2 1576696 83 79 14

[00:52:55]	[Recv]	mv 2 1576695 83 78 18

[00:52:55]	[Recv]	mv 2 1576696 82 80 14

[00:52:55]	[Send]	walk 128 1 0 25
[00:52:55]	[Recv]	mv 3 40667 137 75 11

[00:52:55]	[Recv]	in 2 319 1576695 83 78 2 100 89 0 0 3 8117013 1 0 2731 @ 1 0 1 660 661 662 0 0 0 0 2420 0 0 0 0

[00:52:55]	[Recv]	in 2 806 1576696 82 80 2 70 100 0 0 3 8117013 1 0 -1 @ 2 -1 0 0 0 0 0 0 0 0 0 0 0 5 0

[00:52:55]	[Recv]	in 1 dombashiya - 8117013 82 79 1 0 0 1 9 1 4026.4475.4964.4459.4031.887.4660.4616.8598.-1.-1 100 98 0 2 4 4 0 0 0 11 37 42 -1 - 14 0 9 0 13 89 0 0|0|0 0 0 100 41 0

[00:52:55]	[Recv]	pst 2 2557262 0 100 100 34166 7013 0 0 0

[00:52:55]	[Recv]	pst 2 2557249 1 100 100 42830 3622 0 0 0

[00:52:55]	[Recv]	mv 1 8117013 81 80 14

[00:52:55]	[Recv]	mv 3 40737 122 67 9

[00:52:55]	[Recv]	mv 3 40708 107 36 11

[00:52:55]	[Recv]	mv 3 40707 103 49 11

[00:52:55]	[Recv]	mv 3 40702 87 33 11

[00:52:55]	[Recv]	mv 3 40651 85 37 11

[00:52:55]	[Recv]	mv 1 8117013 77 80 14

[00:52:55]	[Recv]	mv 3 40696 88 26 11

[00:52:55]	[Recv]	mv 3 40668 139 67 11

[00:52:55]	[Recv]	mv 3 40654 90 51 11

[00:52:55]	[Recv]	mv 3 40648 68 54 11

[00:52:55]	[Recv]	mv 3 40631 62 51 11

[00:52:55]	[Recv]	mv 1 8117022 79 79 15

[00:52:55]	[Recv]	mv 1 8117015 77 79 15

[00:52:55]	[Recv]	mv 2 1576695 78 81 18

[00:52:55]	[Recv]	mv 2 1576696 77 80 14

[00:52:55]	[Recv]	mv 2 2510598 80 78 14

[00:52:55]	[Recv]	mv 2 1972782 78 78 14

[00:52:55]	[Recv]	mv 2 1972783 77 80 14

[00:52:56]	[Recv]	mv 3 40736 103 56 9

[00:52:56]	[Recv]	mv 3 40716 130 81 11

[00:52:56]	[Recv]	mv 3 40715 134 73 11

[00:52:56]	[Recv]	mv 3 40712 126 70 11

[00:52:56]	[Recv]	mv 3 40705 94 50 11

[00:52:56]	[Recv]	mv 3 40701 82 34 11

[00:52:56]	[Recv]	mv 3 40697 71 49 11

[00:52:56]	[Recv]	mv 3 40665 131 73 11

[00:52:56]	[Recv]	mv 3 40662 131 68 11

[00:52:56]	[Recv]	mv 3 40661 122 60 11

[00:52:56]	[Recv]	mv 3 40653 90 27 11

[00:52:56]	[Recv]	mv 2 40743 103 6 4

[00:52:56]	[Recv]	mv 3 40738 133 66 9

[00:52:56]	[Recv]	mv 3 40717 137 65 11

[00:52:56]	[Recv]	mv 3 40669 48 67 11

[00:52:56]	[Recv]	mv 1 8117013 73 80 14

[00:52:56]	[Recv]	mv 1 8117022 75 79 15

[00:52:56]	[Recv]	mv 2 1576695 73 79 18

[00:52:56]	[Recv]	mv 2 1576696 74 80 14

[00:52:56]	[Recv]	mv 3 40704 94 20 11

[00:52:56]	[Recv]	mv 3 40667 138 74 11

[00:52:56]	[Recv]	mv 2 2510598 76 79 14

[00:52:56]	[Recv]	pst 2 2557262 0 100 100 34166 7013 0 0 0

[00:52:56]	[Recv]	pst 2 2557249 1 100 100 42830 3622 0 0 0

[00:52:56]	[Recv]	mv 3 40741 57 54 9

[00:52:56]	[Recv]	mv 3 40737 122 69 9

[00:52:56]	[Recv]	mv 1 8117015 73 79 15

[00:52:56]	[Recv]	stat 75191 75191 16338 17265 0 1316

[00:52:56]	[Recv]	stat 75191 75191 16455 17265 0 1316

[00:52:56]	[Recv]	mv 2 1972782 73 79 14

[00:52:56]	[Recv]	mv 2 1972783 74 78 14

[00:52:56]	[Recv]	mv 3 40696 89 24 11

[00:52:56]	[Recv]	mv 3 40668 138 68 11

[00:52:56]	[Recv]	mv 3 40636 32 82 11

[00:52:56]	[Recv]	mv 3 40631 60 50 11

[00:52:56]	[Send]	walk 130 2 0 25
[00:52:56]	[Recv]	mv 1 8117013 69 80 14

[00:52:57]	[Recv]	mv 3 40740 138 70 9

[00:52:57]	[Recv]	mv 3 40736 101 56 9

[00:52:57]	[Recv]	mv 3 40722 100 38 11

[00:52:57]	[Recv]	mv 3 40716 132 79 11

[00:52:57]	[Recv]	mv 3 40712 128 70 11

[00:52:57]	[Recv]	mv 3 40701 84 35 11

[00:52:57]	[Recv]	mv 3 40697 72 47 11

[00:52:57]	[Recv]	mv 3 40688 38 62 11

[00:52:57]	[Recv]	mv 3 40665 132 73 11

[00:52:57]	[Recv]	mv 3 40662 130 66 11

[00:52:57]	[Recv]	mv 3 40661 122 62 11

[00:52:57]	[Recv]	mv 2 40743 102 6 4

[00:52:57]	[Recv]	mv 1 8117022 71 79 15

[00:52:57]	[Recv]	mv 2 1576695 70 80 18

[00:52:57]	[Recv]	mv 2 1576696 70 80 14

[00:52:57]	[Send]	preq
[00:52:57]	[Recv]	mv 3 40742 75 47 9

[00:52:57]	[Recv]	mv 3 40738 133 65 9

[00:52:57]	[Recv]	mv 3 40735 99 44 9

[00:52:57]	[Recv]	mv 3 40721 64 59 11

[00:52:57]	[Recv]	mv 3 40717 137 67 11

[00:52:57]	[Recv]	mv 3 40710 124 58 11

[00:52:57]	[Recv]	mv 3 40699 82 44 11

[00:52:57]	[Recv]	mv 3 40669 50 69 11

[00:52:57]	[Recv]	mv 3 40655 93 44 11

[00:52:57]	[Recv]	mv 2 2510598 71 79 14

[00:52:57]	[Recv]	c_map 0 2635 0

[00:52:57]	[Recv]	mapout

[00:52:57]	[Send]	c_close 1
[00:52:57]	[Send]	c_close 0
[00:52:57]	[Send]	f_stash_end 
[00:52:57]	[Send]	c_close 1
[00:52:57]	[Recv]	c_info milkers - -1 3739.918 Sanguinarius 6835325 0 0 1 5 1 27 0 10 0 0 0 0 8151 9

[00:52:57]	[Send]	mall 50
[00:52:57]	[Send]	c_close 1
[00:52:57]	[Recv]	c_mode 1 6835325 3728 0 0 0 100 8151

[00:52:57]	[Recv]	equip 73 78 0.8628.3.7.0.8.82 1.8643.8.7.0.2.82 2.8689.0.0.0.0.0 3.8653.0.2.0.0.0 4.8655.0.0.0.0.0 5.8636.7.8.0.0.82 6.4657.0.0.0.0.0 7.4653.0.0.0.0.0 8.4647.0.0.0.0.0 9.8687.0.0.0.0.0 10.8674.9.0.0.0.0 12.909.0.20.100.0.0 13.8680.0.0.0.0.0 14.8566.0.0.0.0.0 15.8598.0.0.0.0.0 16.8568.0.0.0.0.0 17.8801.0.0.0.0.0

[00:52:57]	[Recv]	lev 99 0 99 0 2140719000 5991794 13364600 200 881816047 91 967912450 0

[00:52:57]	[Recv]	stat 75191 75191 16455 17265 0 1316

[00:52:57]	[Recv]	at 6835325 2633 67 97 2 0 114 1 -1

[00:52:57]	[Recv]	cond 1 6835325 0 0 25

[00:52:57]	[Recv]	cond 1 6835325 0 0 25

[00:52:57]	[Recv]	titinfo 1 6835325 9468 9468

[00:52:57]	[Recv]	eq 6835325 0 0 1 5 1 8689.8643.8628.8636.8687.8674.8680.8566.8598.8568.8801 73 78 100

[00:52:57]	[Recv]	c_map 0 2633 1

[00:52:57]	[Recv]	sc 0 7 4136 4278 1894 37 415 1 8 4111 4311 2101 43 405 7 2246 1268 2064 1268 1784 91 88 127 138

[00:52:57]	[Recv]	char_sc 1 6835325 100

[00:52:57]	[Recv]	gidx 1 6835325 3739.918 Sanguinarius 27 0|0|1

[00:52:57]	[Recv]	rsfp 0 -1

[00:52:57]	[Recv]	pairy 1 6835325 4 3 129 59

[00:52:57]	[Recv]	minipet 1 6835325 8801

[00:52:57]	[Recv]	act6 

[00:52:57]	[Recv]	pinit 2 2|2557262|0|99|@|-1|2789|1|2646|0|0 2|2557249|1|96|@|-1|2762|0|0|0|0


[00:52:57]	[Recv]	food 0

[00:52:57]	[Recv]	mv 3 40484 125 24 9

[00:52:57]	[Recv]	mv 3 40481 97 34 9

[00:52:57]	[Recv]	mv 3 40476 44 46 9

[00:52:57]	[Recv]	mv 3 40472 19 56 9

[00:52:57]	[Recv]	mv 3 40457 19 26 8

[00:52:57]	[Recv]	mv 3 40454 155 38 9

[00:52:57]	[Recv]	mv 3 40442 21 52 9

[00:52:57]	[Recv]	mv 3 40439 149 54 8

[00:52:57]	[Recv]	mv 3 40431 76 69 8

[00:52:57]	[Recv]	mv 3 40468 141 34 8

[00:52:57]	[Recv]	mv 3 40459 28 57 8

[00:52:57]	[Recv]	mv 3 40458 26 30 8

[00:52:57]	[Recv]	mv 3 40434 113 25 8

[00:52:57]	[Recv]	mv 3 40430 61 85 8

[00:52:57]	[Recv]	mv 3 40428 55 60 8

[00:52:57]	[Recv]	mv 3 40451 116 18 9

[00:52:57]	[Recv]	mv 3 40449 104 46 9

[00:52:57]	[Recv]	mv 3 40441 19 34 9

[00:52:57]	[Recv]	mv 3 40425 21 45 8

[00:52:57]	[Recv]	gp 1 40 2631 -1 0 0

[00:52:57]	[Recv]	gp 67 97 2635 -1 1 0

[00:52:57]	[Recv]	gp 120 2 2634 -1 2 0

[00:52:57]	[Recv]	gp 177 58 2628 -1 3 0

[00:52:57]	[Recv]	in 3 3019 40486 149 47 2 100 100 0 0 0 -1 1 0 -1 - 0 -1 0 0 0 0 0 0 0 0 0 0 0 0 0

[00:52:57]	[Recv]	in 3 3019 40485 136 35 2 63 100 0 0 0 -1 1 0 -1 - 0 -1 0 0 0 0 0 0 0 0 0 0 0 0 0

[00:52:57]	[Recv]	in 3 3019 40484 125 24 2 100 100 0 0 0 -1 1 0 -1 - 0 -1 0 0 0 0 0 0 0 0 0 0 0 0 0

[00:52:57]	[Recv]	in 3 3019 40483 115 47 2 100 100 0 0 0 -1 1 0 -1 - 0 -1 0 0 0 0 0 0 0 0 0 0 0 0 0

[00:52:57]	[Recv]	in 3 3019 40482 92 58 2 100 100 0 0 0 -1 1 0 -1 - 0 -1 0 0 0 0 0 0 0 0 0 0 0 0 0

[00:52:57]	[Recv]	in 3 3019 40481 97 34 2 100 100 0 0 0 -1 1 0 -1 - 0 -1 0 0 0 0 0 0 0 0 0 0 0 0 0

[00:52:57]	[Recv]	in 3 3019 40480 75 88 2 100 100 0 0 0 -1 1 0 -1 - 0 -1 0 0 0 0 0 0 0 0 0 0 0 0 0

[00:52:57]	[Recv]	in 3 3019 40479 76 60 2 100 100 0 0 0 -1 1 0 -1 - 0 -1 0 0 0 0 0 0 0 0 0 0 0 0 0

[00:52:57]	[Recv]	in 3 3019 40478 63 59 2 100 100 0 0 0 -1 1 0 -1 - 0 -1 0 0 0 0 0 0 0 0 0 0 0 0 0

[00:52:57]	[Recv]	in 3 3019 40477 54 71 2 100 100 0 0 0 -1 1 0 -1 - 0 -1 0 0 0 0 0 0 0 0 0 0 0 0 0

[00:52:57]	[Recv]	in 3 3019 40476 44 46 2 100 100 0 0 0 -1 1 0 -1 - 0 -1 0 0 0 0 0 0 0 0 0 0 0 0 0

[00:52:57]	[Recv]	in 3 3019 40475 42 79 2 100 100 0 0 0 -1 1 0 -1 - 0 -1 0 0 0 0 0 0 0 0 0 0 0 0 0

[00:52:57]	[Recv]	in 3 3019 40474 26 27 2 100 100 0 0 0 -1 1 0 -1 - 0 -1 0 0 0 0 0 0 0 0 0 0 0 0 0

[00:52:57]	[Recv]	in 3 3019 40473 67 48 2 100 100 0 0 0 -1 1 0 -1 - 0 -1 0 0 0 0 0 0 0 0 0 0 0 0 0

[00:52:57]	[Recv]	in 3 3019 40472 19 56 2 100 100 0 0 0 -1 1 0 -1 - 0 -1 0 0 0 0 0 0 0 0 0 0 0 0 0

[00:52:57]	[Recv]	in 3 3004 40471 174 55 2 100 100 0 0 0 -1 1 0 -1 - 0 -1 0 0 0 0 0 0 0 0 0 0 0 0 0

[00:52:57]	[Recv]	in 3 3004 40470 150 42 2 78 100 0 0 0 -1 1 0 -1 - 0 -1 0 0 0 0 0 0 0 0 0 0 0 0 0

[00:52:57]	[Recv]	in 3 3004 40469 172 57 2 100 100 0 0 0 -1 1 0 -1 - 0 -1 0 0 0 0 0 0 0 0 0 0 0 0 0

[00:52:57]	[Recv]	in 3 3004 40468 141 34 2 51 100 0 0 0 -1 1 0 -1 - 0 -1 0 0 0 0 0 0 0 0 0 0 0 0 0

[00:52:57]	[Recv]	in 3 3004 40467 129 44 2 59 100 0 0 0 -1 1 0 -1 - 0 -1 0 0 0 0 0 0 0 0 0 0 0 0 0

[00:52:57]	[Recv]	in 3 3004 40466 120 52 2 100 100 0 0 0 -1 1 0 -1 - 0 -1 0 0 0 0 0 0 0 0 0 0 0 0 0

[00:52:57]	[Recv]	in 3 3004 40465 107 36 2 100 100 0 0 0 -1 1 0 -1 - 0 -1 0 0 0 0 0 0 0 0 0 0 0 0 0

[00:52:57]	[Recv]	in 3 3004 40464 102 28 2 100 100 0 0 0 -1 1 0 -1 - 0 -1 0 0 0 0 0 0 0 0 0 0 0 0 0

[00:52:57]	[Recv]	in 3 3004 40463 78 82 2 100 100 0 0 0 -1 1 0 -1 - 0 -1 0 0 0 0 0 0 0 0 0 0 0 0 0

[00:52:57]	[Recv]	in 3 3004 40462 67 70 2 100 100 0 0 0 -1 1 0 -1 - 0 -1 0 0 0 0 0 0 0 0 0 0 0 0 0

[00:52:57]	[Recv]	in 3 3004 40461 58 88 2 100 100 0 0 0 -1 1 0 -1 - 0 -1 0 0 0 0 0 0 0 0 0 0 0 0 0

[00:52:57]	[Recv]	in 3 3004 40460 34 49 2 100 100 0 0 0 -1 1 0 -1 - 0 -1 0 0 0 0 0 0 0 0 0 0 0 0 0

[00:52:57]	[Recv]	in 3 3004 40459 28 57 2 100 100 0 0 0 -1 1 0 -1 - 0 -1 0 0 0 0 0 0 0 0 0 0 0 0 0

[00:52:57]	[Recv]	in 3 3004 40458 26 30 2 100 100 0 0 0 -1 1 0 -1 - 0 -1 0 0 0 0 0 0 0 0 0 0 0 0 0

[00:52:57]	[Recv]	in 3 3004 40457 19 26 2 100 100 0 0 0 -1 1 0 -1 - 0 -1 0 0 0 0 0 0 0 0 0 0 0 0 0

[00:52:57]	[Recv]	in 3 3004 40456 16 51 2 100 100 0 0 0 -1 1 0 -1 - 0 -1 0 0 0 0 0 0 0 0 0 0 0 0 0

[00:52:57]	[Recv]	in 3 3003 40455 160 51 2 100 100 0 0 0 -1 1 0 -1 - 0 -1 0 0 0 0 0 0 0 0 0 0 0 0 0

[00:52:57]	[Recv]	in 3 3003 40454 155 38 2 100 100 0 0 0 -1 1 0 -1 - 0 -1 0 0 0 0 0 0 0 0 0 0 0 0 0

[00:52:57]	[Recv]	in 3 3003 40453 138 39 2 100 100 0 0 0 -1 1 0 -1 - 0 -1 0 0 0 0 0 0 0 0 0 0 0 0 0

[00:52:57]	[Recv]	in 3 3003 40452 141 50 2 100 100 0 0 0 -1 1 0 -1 - 0 -1 0 0 0 0 0 0 0 0 0 0 0 0 0

[00:52:57]	[Recv]	in 3 3003 40451 116 18 2 100 100 0 0 0 -1 1 0 -1 - 0 -1 0 0 0 0 0 0 0 0 0 0 0 0 0

[00:52:57]	[Recv]	in 3 3003 40450 107 36 2 100 100 0 0 0 -1 1 0 -1 - 0 -1 0 0 0 0 0 0 0 0 0 0 0 0 0

[00:52:57]	[Recv]	in 3 3003 40449 104 46 2 100 100 0 0 0 -1 1 0 -1 - 0 -1 0 0 0 0 0 0 0 0 0 0 0 0 0

[00:52:57]	[Recv]	in 3 3003 40448 70 84 2 100 100 0 0 0 -1 1 0 -1 - 0 -1 0 0 0 0 0 0 0 0 0 0 0 0 0

[00:52:57]	[Recv]	in 3 3003 40447 63 53 2 100 100 0 0 0 -1 1 0 -1 - 0 -1 0 0 0 0 0 0 0 0 0 0 0 0 0

[00:52:57]	[Recv]	in 3 3003 40446 56 73 2 100 100 0 0 0 -1 1 0 -1 - 0 -1 0 0 0 0 0 0 0 0 0 0 0 0 0

[00:52:57]	[Recv]	in 3 3003 40445 48 80 2 100 100 0 0 0 -1 1 0 -1 - 0 -1 0 0 0 0 0 0 0 0 0 0 0 0 0

[00:52:57]	[Recv]	in 3 3003 40444 47 67 2 100 100 0 0 0 -1 1 0 -1 - 0 -1 0 0 0 0 0 0 0 0 0 0 0 0 0

[00:52:57]	[Recv]	in 3 3003 40443 32 41 2 100 100 0 0 0 -1 1 0 -1 - 0 -1 0 0 0 0 0 0 0 0 0 0 0 0 0

[00:52:57]	[Recv]	in 3 3003 40442 21 52 2 100 100 0 0 0 -1 1 0 -1 - 0 -1 0 0 0 0 0 0 0 0 0 0 0 0 0

[00:52:57]	[Recv]	in 3 3003 40441 19 34 2 100 100 0 0 0 -1 1 0 -1 - 0 -1 0 0 0 0 0 0 0 0 0 0 0 0 0

[00:52:57]	[Recv]	in 3 3003 40440 13 38 2 100 100 0 0 0 -1 1 0 -1 - 0 -1 0 0 0 0 0 0 0 0 0 0 0 0 0

[00:52:57]	[Recv]	in 3 3002 40439 149 54 2 100 100 0 0 0 -1 1 0 -1 - 0 -1 0 0 0 0 0 0 0 0 0 0 0 0 0

[00:52:57]	[Recv]	in 3 3002 40438 148 34 2 72 100 0 0 0 -1 1 0 -1 - 0 -1 0 0 0 0 0 0 0 0 0 0 0 0 0

[00:52:57]	[Recv]	in 3 3002 40437 133 34 2 88 100 0 0 0 -1 1 0 -1 - 0 -1 0 0 0 0 0 0 0 0 0 0 0 0 0

[00:52:57]	[Recv]	in 3 3002 40436 133 46 2 69 100 0 0 0 -1 1 0 -1 - 0 -1 0 0 0 0 0 0 0 0 0 0 0 0 0

[00:52:57]	[Recv]	in 3 3002 40435 116 35 2 100 100 0 0 0 -1 1 0 -1 - 0 -1 0 0 0 0 0 0 0 0 0 0 0 0 0

[00:52:57]	[Recv]	in 3 3002 40434 113 25 2 100 100 0 0 0 -1 1 0 -1 - 0 -1 0 0 0 0 0 0 0 0 0 0 0 0 0

[00:52:57]	[Recv]	in 3 3002 40433 103 52 2 100 100 0 0 0 -1 1 0 -1 - 0 -1 0 0 0 0 0 0 0 0 0 0 0 0 0

[00:52:57]	[Recv]	in 3 3002 40432 97 42 2 100 100 0 0 0 -1 1 0 -1 - 0 -1 0 0 0 0 0 0 0 0 0 0 0 0 0

[00:52:57]	[Recv]	in 3 3002 40431 76 69 2 100 100 0 0 0 -1 1 0 -1 - 0 -1 0 0 0 0 0 0 0 0 0 0 0 0 0

[00:52:57]	[Recv]	in 3 3002 40430 61 85 2 100 100 0 0 0 -1 1 0 -1 - 0 -1 0 0 0 0 0 0 0 0 0 0 0 0 0

[00:52:57]	[Recv]	in 3 3002 40429 57 76 2 100 100 0 0 0 -1 1 0 -1 - 0 -1 0 0 0 0 0 0 0 0 0 0 0 0 0

[00:52:57]	[Recv]	in 3 3002 40428 55 60 2 100 100 0 0 0 -1 1 0 -1 - 0 -1 0 0 0 0 0 0 0 0 0 0 0 0 0

[00:52:57]	[Recv]	in 3 3002 40427 40 55 2 100 100 0 0 0 -1 1 0 -1 - 0 -1 0 0 0 0 0 0 0 0 0 0 0 0 0

[00:52:57]	[Recv]	in 3 3002 40426 85 37 2 100 100 0 0 0 -1 1 0 -1 - 0 -1 0 0 0 0 0 0 0 0 0 0 0 0 0

[00:52:57]	[Recv]	in 3 3002 40425 21 45 2 100 100 0 0 0 -1 1 0 -1 - 0 -1 0 0 0 0 0 0 0 0 0 0 0 0 0

[00:52:57]	[Recv]	in 2 3133 40523 161 33 3 100 100 1 0 0 -1 1 0 -1 - 0 -1 0 0 0 0 0 0 0 0 0 0 0 0 0

[00:52:57]	[Recv]	in 2 3133 40522 136 62 7 100 100 1 0 0 -1 1 0 -1 - 0 -1 0 0 0 0 0 0 0 0 0 0 0 0 0

[00:52:57]	[Recv]	in 2 3133 40521 111 33 0 100 100 1 0 0 -1 1 0 -1 - 0 -1 0 0 0 0 0 0 0 0 0 0 0 0 0

[00:52:57]	[Recv]	in 2 3133 40520 104 27 4 100 100 1 0 0 -1 1 0 -1 - 0 -1 0 0 0 0 0 0 0 0 0 0 0 0 0

[00:52:57]	[Recv]	in 2 3133 40519 52 85 7 100 100 1 0 0 -1 1 0 -1 - 0 -1 0 0 0 0 0 0 0 0 0 0 0 0 0

[00:52:57]	[Recv]	in 2 3133 40518 66 54 3 100 100 1 0 0 -1 1 0 -1 - 0 -1 0 0 0 0 0 0 0 0 0 0 0 0 0

[00:52:57]	[Recv]	in 2 3133 40517 75 93 0 100 100 1 0 0 -1 1 0 -1 - 0 -1 0 0 0 0 0 0 0 0 0 0 0 0 0

[00:52:57]	[Recv]	in 2 3133 40516 126 35 2 100 100 1 0 0 -1 1 0 -1 - 0 -1 0 0 0 0 0 0 0 0 0 0 0 0 0

[00:52:57]	[Recv]	in 2 3133 40515 47 46 4 100 100 1 0 0 -1 1 0 -1 - 0 -1 0 0 0 0 0 0 0 0 0 0 0 0 0

[00:52:57]	[Recv]	in 2 3133 40514 67 68 3 100 100 1 0 0 -1 1 0 -1 - 0 -1 0 0 0 0 0 0 0 0 0 0 0 0 0

[00:52:57]	[Recv]	in 2 3071 40513 177 54 3 100 100 11026 0 0 -1 1 0 -1 - 0 -1 0 0 0 0 0 0 0 0 0 0 0 0 0

[00:52:57]	[Recv]	in 2 3051 40512 166 44 2 100 100 1 0 0 -1 1 0 -1 - 0 -1 0 0 0 0 0 0 0 0 0 0 0 0 0

[00:52:57]	[Recv]	in 2 3051 40511 163 62 2 100 100 1 0 0 -1 1 0 -1 - 0 -1 0 0 0 0 0 0 0 0 0 0 0 0 0

[00:52:57]	[Recv]	in 2 3051 40510 154 33 2 100 100 1 0 0 -1 1 0 -1 - 0 -1 0 0 0 0 0 0 0 0 0 0 0 0 0

[00:52:57]	[Recv]	in 2 3051 40509 146 61 2 100 100 1 0 0 -1 1 0 -1 - 0 -1 0 0 0 0 0 0 0 0 0 0 0 0 0

[00:52:57]	[Recv]	in 2 3051 40508 133 29 2 100 100 1 0 0 -1 1 0 -1 - 0 -1 0 0 0 0 0 0 0 0 0 0 0 0 0

[00:52:57]	[Recv]	in 2 3051 40507 128 13 2 100 100 1 0 0 -1 1 0 -1 - 0 -1 0 0 0 0 0 0 0 0 0 0 0 0 0

[00:52:57]	[Recv]	in 2 3051 40506 121 38 2 100 100 1 0 0 -1 1 0 -1 - 0 -1 0 0 0 0 0 0 0 0 0 0 0 0 0

[00:52:57]	[Recv]	in 2 3051 40505 119 27 2 100 100 1 0 0 -1 1 0 -1 - 0 -1 0 0 0 0 0 0 0 0 0 0 0 0 0

[00:52:57]	[Recv]	in 2 3051 40504 118 51 2 100 100 1 0 0 -1 1 0 -1 - 0 -1 0 0 0 0 0 0 0 0 0 0 0 0 0

[00:52:57]	[Recv]	in 2 3051 40503 114 67 2 100 100 1 0 0 -1 1 0 -1 - 0 -1 0 0 0 0 0 0 0 0 0 0 0 0 0

[00:52:57]	[Recv]	in 2 3051 40502 104 22 2 100 100 1 0 0 -1 1 0 -1 - 0 -1 0 0 0 0 0 0 0 0 0 0 0 0 0

[00:52:57]	[Recv]	in 2 3051 40501 99 60 2 100 100 1 0 0 -1 1 0 -1 - 0 -1 0 0 0 0 0 0 0 0 0 0 0 0 0

[00:52:57]	[Recv]	in 2 3051 40500 92 32 2 100 100 1 0 0 -1 1 0 -1 - 0 -1 0 0 0 0 0 0 0 0 0 0 0 0 0

[00:52:57]	[Recv]	in 2 3051 40499 90 47 2 100 100 1 0 0 -1 1 0 -1 - 0 -1 0 0 0 0 0 0 0 0 0 0 0 0 0

[00:52:57]	[Recv]	in 2 3051 40498 87 80 2 100 100 1 0 0 -1 1 0 -1 - 0 -1 0 0 0 0 0 0 0 0 0 0 0 0 0

[00:52:57]	[Recv]	in 2 3051 40497 81 70 2 100 100 1 0 0 -1 1 0 -1 - 0 -1 0 0 0 0 0 0 0 0 0 0 0 0 0

[00:52:57]	[Recv]	in 2 3051 40496 72 88 2 100 100 1 0 0 -1 1 0 -1 - 0 -1 0 0 0 0 0 0 0 0 0 0 0 0 0

[00:52:57]	[Recv]	in 2 3051 40495 70 58 2 100 100 1 0 0 -1 1 0 -1 - 0 -1 0 0 0 0 0 0 0 0 0 0 0 0 0

[00:52:57]	[Recv]	in 2 3051 40494 50 66 2 100 100 1 0 0 -1 1 0 -1 - 0 -1 0 0 0 0 0 0 0 0 0 0 0 0 0

[00:52:57]	[Recv]	in 2 3051 40493 50 50 2 100 100 1 0 0 -1 1 0 -1 - 0 -1 0 0 0 0 0 0 0 0 0 0 0 0 0

[00:52:57]	[Recv]	in 2 3051 40492 46 84 2 100 100 1 0 0 -1 1 0 -1 - 0 -1 0 0 0 0 0 0 0 0 0 0 0 0 0

[00:52:57]	[Recv]	in 2 3051 40491 36 67 2 100 100 1 0 0 -1 1 0 -1 - 0 -1 0 0 0 0 0 0 0 0 0 0 0 0 0

[00:52:57]	[Recv]	in 2 3051 40490 21 30 2 100 100 1 0 0 -1 1 0 -1 - 0 -1 0 0 0 0 0 0 0 0 0 0 0 0 0

[00:52:57]	[Recv]	in 2 3051 40489 16 55 2 100 100 1 0 0 -1 1 0 -1 - 0 -1 0 0 0 0 0 0 0 0 0 0 0 0 0

[00:52:57]	[Recv]	in 2 3051 40488 13 31 2 100 100 1 0 0 -1 1 0 -1 - 0 -1 0 0 0 0 0 0 0 0 0 0 0 0 0

[00:52:57]	[Recv]	in 2 3047 40487 177 61 3 98 24 0 0 0 -1 1 0 -1 - 0 -1 0 0 0 0 0 0 0 0 0 0 0 0 0

[00:52:57]	[Recv]	pst 2 2557262 0 100 100 34166 7013 0 0 0

[00:52:57]	[Recv]	pst 2 2557249 1 100 100 42830 3622 0 0 0

[00:52:58]	[Recv]	mv 3 40483 114 46 9

[00:52:58]	[Recv]	mv 3 40474 26 25 9

[00:52:58]	[Recv]	mv 3 40455 162 51 9

[00:52:58]	[Recv]	mv 3 40453 138 41 9

[00:52:58]	[Recv]	mv 3 40446 56 74 9

[00:52:58]	[Recv]	mv 3 40437 135 35 8

[00:52:58]	[Recv]	mv 3 40429 56 77 8

[00:52:58]	[Send]	walk 67 88 0 25
[00:52:58]	[Recv]	mv 3 40477 52 70 9

[00:52:58]	[Recv]	mv 3 40470 149 41 8

[00:52:58]	[Recv]	mv 3 40462 67 69 8

[00:52:58]	[Recv]	mv 3 40461 57 88 8

[00:52:58]	[Recv]	mv 3 40447 63 54 9

[00:52:58]	[Recv]	mv 3 40432 99 41 8

[00:52:58]	[Recv]	mv 3 40484 125 25 9

[00:52:58]	[Recv]	mv 3 40481 96 32 9

[00:52:58]	[Recv]	mv 3 40480 77 89 9

[00:52:58]	[Recv]	mv 3 40476 44 45 9

[00:52:58]	[Recv]	mv 3 40457 21 27 8

[00:52:58]	[Recv]	mv 3 40454 154 38 9

[00:52:58]	[Recv]	mv 3 40440 14 38 9

[00:52:58]	[Recv]	mv 3 40439 151 55 8

[00:52:58]	[Recv]	mv 3 40431 76 70 8

[00:52:58]	[Recv]	mv 3 40468 139 32 8

[00:52:58]	[Recv]	mv 3 40465 107 38 8

[00:52:58]	[Recv]	mv 3 40460 33 47 8

[00:52:58]	[Recv]	mv 3 40459 29 57 8

[00:52:58]	[Recv]	mv 3 40458 27 32 8

[00:52:58]	[Recv]	mv 3 40452 139 49 9

[00:52:58]	[Recv]	mv 3 40436 132 47 8

[00:52:58]	[Recv]	mv 3 40430 63 85 8

[00:52:58]	[Recv]	stat 75191 75191 16455 17265 0 1316

[00:52:58]	[Recv]	mv 3 40450 108 35 9

[00:52:58]	[Recv]	mv 3 40441 20 33 9

[00:52:58]	[Recv]	mv 3 40433 101 50 8

[00:52:58]	[Recv]	pst 2 2557262 0 100 100 34166 7013 0 0 0

[00:52:58]	[Recv]	pst 2 2557249 1 100 100 42830 3622 0 0 0

[00:52:58]	[Send]	walk 67 87 1 25
[00:52:59]	[Recv]	mv 3 40483 114 45 9

[00:52:59]	[Recv]	mv 3 40474 24 25 9

[00:52:59]	[Recv]	mv 3 40453 139 42 9

[00:52:59]	[Recv]	mv 3 40443 34 41 9

[00:52:59]	[Recv]	qnamli2 100 #rl 1646 11 2514 •Sarah

[00:52:59]	[Recv]	mv 3 40486 151 49 9

[00:52:59]	[Recv]	mv 3 40478 65 59 9

[00:52:59]	[Recv]	mv 3 40470 150 42 8

[00:52:59]	[Recv]	mv 3 40466 120 54 8

[00:52:59]	[Recv]	mv 3 40461 56 89 8

[00:52:59]	[Recv]	mv 3 40448 71 86 9

[00:52:59]	[Recv]	mv 3 40447 62 52 9

[00:52:59]	[Recv]	mv 3 40432 97 40 8

[00:52:59]	[Recv]	mv 3 40481 95 32 9

[00:52:59]	[Recv]	mv 3 40476 43 45 9

[00:52:59]	[Recv]	mv 3 40472 18 56 9

[00:52:59]	[Recv]	mv 3 40467 131 46 8

[00:52:59]	[Recv]	mv 3 40457 22 25 8

[00:52:59]	[Recv]	mv 3 40442 20 51 9

[00:52:59]	[Recv]	mv 3 40440 15 37 9

[00:52:59]	[Recv]	mv 3 40439 149 54 8

[00:52:59]	[Recv]	mv 3 40431 77 71 8

[00:52:59]	[Recv]	qnamli2 100 #rl 1646 11 3027 ~Dardy~

[00:52:59]	[Send]	walk 64 84 1 25
[00:52:59]	[Recv]	mv 3 40468 140 33 8

[00:52:59]	[Recv]	mv 3 40465 108 37 8

[00:52:59]	[Recv]	mv 3 40459 27 59 8

[00:52:59]	[Recv]	mv 3 40452 137 50 9

[00:52:59]	[Recv]	mv 3 40445 47 82 9

[00:52:59]	[Recv]	mv 3 40436 132 48 8

[00:52:59]	[Recv]	mv 3 40434 115 24 8

[00:52:59]	[Recv]	mv 3 40430 61 85 8

[00:52:59]	[Recv]	mv 3 40428 53 59 8

[00:52:59]	[Recv]	mv 3 40463 78 80 8

[00:52:59]	[Recv]	mv 3 40451 116 20 9

[00:52:59]	[Recv]	mv 3 40449 105 48 9

[00:52:59]	[Recv]	mv 3 40441 19 32 9

[00:52:59]	[Recv]	mv 3 40433 100 51 8

[00:52:59]	[Recv]	pst 2 2557262 0 100 100 34166 7013 0 0 0

[00:52:59]	[Recv]	pst 2 2557249 1 100 100 42830 3622 0 0 0

[00:53:00]	[Send]	walk 67 86 0 25
[00:53:00]	[Recv]	mv 3 40483 115 47 9

[00:53:00]	[Recv]	mv 3 40455 160 52 9

[00:53:00]	[Recv]	mv 3 40453 140 40 9

[00:53:00]	[Recv]	mv 3 40437 136 36 8

[00:53:00]	[Recv]	mv 3 40429 57 79 8

[00:53:00]	[Send]	walk 68 89 1 25
[00:53:00]	[Recv]	mv 3 40479 75 62 9

[00:53:00]	[Recv]	mv 3 40478 64 59 9

[00:53:00]	[Recv]	mv 3 40461 55 90 8

[00:53:00]	[Recv]	mv 3 40438 148 35 8

[00:53:00]	[Recv]	mv 3 40432 99 40 8

[00:53:00]	[Send]	walk 68 91 0 25
[00:53:00]	[Recv]	mv 3 40481 93 30 9

[00:53:00]	[Recv]	mv 3 40480 75 88 9

[00:53:00]	[Recv]	mv 3 40476 43 46 9

[00:53:00]	[Recv]	mv 3 40457 21 24 8

[00:53:00]	[Recv]	mv 3 40454 153 37 9

[00:53:00]	[Recv]	mv 3 40442 20 49 9

[00:53:00]	[Recv]	mv 3 40440 17 36 9

[00:53:00]	[Recv]	mv 3 40439 149 55 8

[00:53:00]	[Recv]	mv 3 40431 76 73 8

[00:53:00]	[Send]	walk 66 92 0 25
[00:53:00]	[Recv]	mv 3 40468 141 34 8

[00:53:00]	[Recv]	mv 3 40465 106 35 8

[00:53:00]	[Recv]	mv 3 40460 34 46 8

[00:53:00]	[Recv]	mv 3 40459 26 57 8

[00:53:00]	[Recv]	mv 3 40458 26 31 8

[00:53:00]	[Recv]	mv 3 40452 137 48 9

[00:53:00]	[Recv]	mv 3 40445 48 81 9

[00:53:00]	[Recv]	mv 3 40430 62 83 8

[00:53:00]	[Recv]	stat 75191 75191 16455 17265 0 1316

[00:53:00]	[Recv]	stat 75191 75191 16572 17265 0 1316

[00:53:00]	[Send]	walk 66 94 1 25
[00:53:00]	[Recv]	mv 3 40463 77 81 8

[00:53:00]	[Recv]	mv 3 40451 114 20 9

[00:53:00]	[Recv]	mv 3 40441 20 31 9

[00:53:00]	[Recv]	mv 3 40433 102 52 8

[00:53:00]	[Recv]	mv 3 40425 21 44 8

[00:53:00]	[Recv]	pst 2 2557262 0 100 100 34166 7013 0 0 0

[00:53:00]	[Recv]	pst 2 2557249 1 100 100 42830 3622 0 0 0

[00:53:00]	[Send]	walk 66 96 0 25
[00:53:01]	[Recv]	mv 3 40485 136 36 9

[00:53:01]	[Recv]	mv 3 40483 114 45 9

[00:53:01]	[Recv]	mv 3 40453 139 40 9

[00:53:01]	[Recv]	mv 3 40443 35 41 9

[00:53:01]	[Recv]	mv 3 40429 58 78 8

[00:53:01]	[Recv]	mv 3 40486 150 47 9

[00:53:01]	[Recv]	mv 3 40478 63 61 9

[00:53:01]	[Recv]	mv 3 40477 53 69 9

[00:53:01]	[Recv]	mv 3 40470 149 43 8

[00:53:01]	[Recv]	mv 3 40466 119 53 8

[00:53:01]	[Recv]	mv 3 40464 102 26 8

[00:53:01]	[Recv]	mv 3 40462 66 71 8

[00:53:01]	[Recv]	mv 3 40461 57 90 8

[00:53:01]	[Recv]	mv 3 40447 63 53 9

[00:53:01]	[Recv]	mv 3 40432 101 42 8

[00:53:01]	[Recv]	mv 3 40427 42 53 8

[00:53:01]	[Send]	preq
[00:53:01]	[Recv]	mv 3 40484 127 25 9

[00:53:01]	[Recv]	mv 3 40472 19 54 9

[00:53:01]	[Recv]	mv 3 40454 153 39 9

[00:53:01]	[Recv]	mv 3 40440 17 38 9

[00:53:01]	[Recv]	mv 3 40431 75 72 8

[00:53:01]	[Recv]	c_map 0 2633 0

[00:53:01]	[Recv]	mapout

[00:53:01]	[Send]	c_close 1
[00:53:01]	[Send]	c_close 0
[00:53:01]	[Send]	f_stash_end 
[00:53:01]	[Send]	c_close 1
[00:53:01]	[Recv]	c_info milkers - -1 3739.918 Sanguinarius 6835325 0 0 1 5 1 27 0 10 0 0 0 0 8151 9

[00:53:01]	[Send]	mall 50
[00:53:01]	[Send]	c_close 1
[00:53:01]	[Recv]	c_mode 1 6835325 3728 0 0 0 100 8151

[00:53:01]	[Recv]	equip 73 78 0.8628.3.7.0.8.82 1.8643.8.7.0.2.82 2.8689.0.0.0.0.0 3.8653.0.2.0.0.0 4.8655.0.0.0.0.0 5.8636.7.8.0.0.82 6.4657.0.0.0.0.0 7.4653.0.0.0.0.0 8.4647.0.0.0.0.0 9.8687.0.0.0.0.0 10.8674.9.0.0.0.0 12.909.0.20.100.0.0 13.8680.0.0.0.0.0 14.8566.0.0.0.0.0 15.8598.0.0.0.0.0 16.8568.0.0.0.0.0 17.8801.0.0.0.0.0

[00:53:01]	[Recv]	lev 99 0 99 0 2140719000 5991794 13364600 200 881816047 91 967912450 0

[00:53:01]	[Recv]	stat 75191 75191 16572 17265 0 1316

[00:53:01]	[Recv]	at 6835325 2635 130 2 2 0 116 1 -1

[00:53:01]	[Recv]	cond 1 6835325 0 0 25

[00:53:01]	[Recv]	cond 1 6835325 0 0 25

[00:53:01]	[Recv]	titinfo 1 6835325 9468 9468

[00:53:01]	[Recv]	eq 6835325 0 0 1 5 1 8689.8643.8628.8636.8687.8674.8680.8566.8598.8568.8801 73 78 100

[00:53:01]	[Recv]	c_map 0 2635 1

[00:53:01]	[Recv]	sc 0 7 4136 4278 1894 37 415 1 8 4111 4311 2101 43 405 7 2246 1268 2064 1268 1784 91 88 127 138

[00:53:01]	[Recv]	char_sc 1 6835325 100

[00:53:01]	[Recv]	gidx 1 6835325 3739.918 Sanguinarius 27 0|0|1

[00:53:01]	[Recv]	rsfp 0 -1

[00:53:01]	[Recv]	pairy 1 6835325 4 3 129 59

[00:53:01]	[Recv]	minipet 1 6835325 8801

[00:53:01]	[Recv]	act6 

[00:53:01]	[Recv]	pinit 2 2|2557262|0|99|@|-1|2789|1|2646|0|0 2|2557249|1|96|@|-1|2762|0|0|0|0


[00:53:01]	[Recv]	food 0

[00:53:01]	[Recv]	mv 3 40741 59 54 9

[00:53:01]	[Recv]	mv 3 40737 122 68 9

[00:53:01]	[Recv]	mv 3 40731 50 66 13

[00:53:01]	[Recv]	mv 3 40708 110 40 11

[00:53:01]	[Recv]	mv 3 40707 102 47 11

[00:53:01]	[Recv]	mv 3 40702 85 29 11

[00:53:01]	[Recv]	mv 3 40657 104 42 11

[00:53:01]	[Recv]	mv 3 40651 84 39 11

[00:53:01]	[Recv]	mv 1 8117013 50 68 14

[00:53:01]	[Recv]	mv 3 40696 88 26 11

[00:53:01]	[Recv]	mv 3 40636 32 82 11

[00:53:01]	[Recv]	mv 2 2510598 48 73 14

[00:53:01]	[Recv]	mv 2 1972782 49 71 14

[00:53:01]	[Recv]	mv 2 1972783 50 72 14

[00:53:01]	[Recv]	mv 2 1576695 49 68 18

[00:53:01]	[Recv]	mv 2 1576696 51 69 14

[00:53:01]	[Recv]	mv 1 8117015 49 67 15

[00:53:01]	[Recv]	mv 2 1576695 51 69 18

[00:53:01]	[Recv]	mv 2 1576696 50 69 14

[00:53:02]	[Recv]	mv 3 40740 137 72 9

[00:53:02]	[Recv]	mv 3 40736 100 55 9

[00:53:02]	[Recv]	mv 3 40716 130 79 11

[00:53:02]	[Recv]	mv 3 40715 131 72 11

[00:53:02]	[Recv]	mv 3 40712 126 70 11

[00:53:02]	[Recv]	mv 3 40705 94 49 11

[00:53:02]	[Recv]	mv 3 40701 83 35 11

[00:53:02]	[Recv]	mv 3 40697 73 48 11

[00:53:02]	[Recv]	mv 3 40665 128 74 11

[00:53:02]	[Recv]	mv 3 40661 120 61 11

[00:53:02]	[Recv]	gp 2 7 2636 -1 0 0

[00:53:02]	[Recv]	gp 130 2 2633 -1 1 0

[00:53:02]	[Recv]	gp 145 70 2637 -1 2 0

[00:53:02]	[Recv]	gp 57 38 4996 8 3 0

[00:53:02]	[Recv]	wp 27 82 95 4 85 99

[00:53:02]	[Recv]	wp 144 64 104 4 88 99

[00:53:02]	[Recv]	in 3 3015 40742 75 46 2 100 100 0 0 0 -1 1 0 -1 - 0 -1 0 0 0 0 0 0 0 0 0 0 0 0 0

[00:53:02]	[Recv]	in 3 3015 40741 59 54 2 100 100 0 0 0 -1 1 0 -1 - 0 -1 0 0 0 0 0 0 0 0 0 0 0 0 0

[00:53:02]	[Recv]	in 3 3015 40740 137 72 2 100 100 0 0 0 -1 1 0 -1 - 0 -1 0 0 0 0 0 0 0 0 0 0 0 0 0

[00:53:02]	[Recv]	in 3 3015 40738 132 65 2 100 100 0 0 0 -1 1 0 -1 - 0 -1 0 0 0 0 0 0 0 0 0 0 0 0 0

[00:53:02]	[Recv]	in 3 3015 40737 122 68 2 100 100 0 0 0 -1 1 0 -1 - 0 -1 0 0 0 0 0 0 0 0 0 0 0 0 0

[00:53:02]	[Recv]	in 3 3015 40736 100 55 2 100 100 0 0 0 -1 1 0 -1 - 0 -1 0 0 0 0 0 0 0 0 0 0 0 0 0

[00:53:02]	[Recv]	in 3 3015 40735 97 44 2 100 100 0 0 0 -1 1 0 -1 - 0 -1 0 0 0 0 0 0 0 0 0 0 0 0 0

[00:53:02]	[Recv]	in 3 3015 40734 91 29 2 100 100 0 0 0 -1 1 0 -1 - 0 -1 0 0 0 0 0 0 0 0 0 0 0 0 0

[00:53:02]	[Recv]	in 3 3015 40731 50 66 2 100 100 0 0 0 -1 1 0 -1 - 0 -1 0 0 0 0 0 0 0 0 0 0 0 0 0

[00:53:02]	[Recv]	in 3 3014 40722 99 39 2 100 100 0 0 0 -1 1 0 -1 - 0 -1 0 0 0 0 0 0 0 0 0 0 0 0 0

[00:53:02]	[Recv]	in 3 3014 40721 62 57 2 100 100 0 0 0 -1 1 0 -1 - 0 -1 0 0 0 0 0 0 0 0 0 0 0 0 0

[00:53:02]	[Recv]	in 3 3014 40717 135 68 2 100 100 0 0 0 -1 1 0 -1 - 0 -1 0 0 0 0 0 0 0 0 0 0 0 0 0

[00:53:02]	[Recv]	in 3 3014 40716 130 79 2 100 100 0 0 0 -1 1 0 -1 - 0 -1 0 0 0 0 0 0 0 0 0 0 0 0 0

[00:53:02]	[Recv]	in 3 3014 40715 131 72 2 100 100 0 0 0 -1 1 0 -1 - 0 -1 0 0 0 0 0 0 0 0 0 0 0 0 0

[00:53:02]	[Recv]	in 3 3014 40712 126 70 2 100 100 0 0 0 -1 1 0 -1 - 0 -1 0 0 0 0 0 0 0 0 0 0 0 0 0

[00:53:02]	[Recv]	in 3 3014 40711 126 77 2 100 100 0 0 0 -1 1 0 -1 - 0 -1 0 0 0 0 0 0 0 0 0 0 0 0 0

[00:53:02]	[Recv]	in 3 3014 40710 126 59 2 100 100 0 0 0 -1 1 0 -1 - 0 -1 0 0 0 0 0 0 0 0 0 0 0 0 0

[00:53:02]	[Recv]	in 3 3014 40708 110 40 2 100 100 0 0 0 -1 1 0 -1 - 0 -1 0 0 0 0 0 0 0 0 0 0 0 0 0

[00:53:02]	[Recv]	in 3 3014 40707 102 47 2 100 100 0 0 0 -1 1 0 -1 - 0 -1 0 0 0 0 0 0 0 0 0 0 0 0 0

[00:53:02]	[Recv]	in 3 3014 40706 97 51 2 100 100 0 0 0 -1 1 0 -1 - 0 -1 0 0 0 0 0 0 0 0 0 0 0 0 0

[00:53:02]	[Recv]	in 3 3014 40705 94 49 2 100 100 0 0 0 -1 1 0 -1 - 0 -1 0 0 0 0 0 0 0 0 0 0 0 0 0

[00:53:02]	[Recv]	in 3 3014 40704 94 20 2 100 100 0 0 0 -1 1 0 -1 - 0 -1 0 0 0 0 0 0 0 0 0 0 0 0 0

[00:53:02]	[Recv]	in 3 3014 40703 90 45 2 100 100 0 0 0 -1 1 0 -1 - 0 -1 0 0 0 0 0 0 0 0 0 0 0 0 0

[00:53:02]	[Recv]	in 3 3014 40702 85 29 2 100 100 0 0 0 -1 1 0 -1 - 0 -1 0 0 0 0 0 0 0 0 0 0 0 0 0

[00:53:02]	[Recv]	in 3 3014 40701 83 35 2 100 100 0 0 0 -1 1 0 -1 - 0 -1 0 0 0 0 0 0 0 0 0 0 0 0 0

[00:53:02]	[Recv]	in 3 3014 40699 80 44 2 100 100 0 0 0 -1 1 0 -1 - 0 -1 0 0 0 0 0 0 0 0 0 0 0 0 0

[00:53:02]	[Recv]	in 3 3014 40697 73 48 2 100 100 0 0 0 -1 1 0 -1 - 0 -1 0 0 0 0 0 0 0 0 0 0 0 0 0

[00:53:02]	[Recv]	in 3 3014 40696 88 26 4 100 100 0 0 0 -1 1 0 -1 - 0 -1 0 0 0 0 0 0 0 0 0 0 0 0 0

[00:53:02]	[Recv]	in 3 3014 40690 22 78 2 100 100 0 0 0 -1 1 0 -1 - 0 -1 0 0 0 0 0 0 0 0 0 0 0 0 0

[00:53:02]	[Recv]	in 3 3014 40689 22 78 2 100 100 0 0 0 -1 1 0 -1 - 0 -1 0 0 0 0 0 0 0 0 0 0 0 0 0

[00:53:02]	[Recv]	in 3 3014 40688 47 65 2 100 100 0 0 0 -1 1 0 -1 - 0 -1 0 0 0 0 0 0 0 0 0 0 0 0 0

[00:53:02]	[Recv]	in 3 3013 40669 52 72 2 100 100 0 0 0 -1 1 0 -1 - 0 -1 0 0 0 0 0 0 0 0 0 0 0 0 0

[00:53:02]	[Recv]	in 3 3013 40668 141 68 2 100 100 0 0 0 -1 1 0 -1 - 0 -1 0 0 0 0 0 0 0 0 0 0 0 0 0

[00:53:02]	[Recv]	in 3 3013 40667 137 75 2 100 100 0 0 0 -1 1 0 -1 - 0 -1 0 0 0 0 0 0 0 0 0 0 0 0 0

[00:53:02]	[Recv]	in 3 3013 40665 128 74 2 100 100 0 0 0 -1 1 0 -1 - 0 -1 0 0 0 0 0 0 0 0 0 0 0 0 0

[00:53:02]	[Recv]	in 3 3013 40662 130 65 2 100 100 0 0 0 -1 1 0 -1 - 0 -1 0 0 0 0 0 0 0 0 0 0 0 0 0

[00:53:02]	[Recv]	in 3 3013 40661 120 61 2 100 100 0 0 0 -1 1 0 -1 - 0 -1 0 0 0 0 0 0 0 0 0 0 0 0 0

[00:53:02]	[Recv]	in 3 3013 40657 104 42 2 100 100 0 0 0 -1 1 0 -1 - 0 -1 0 0 0 0 0 0 0 0 0 0 0 0 0

[00:53:02]	[Recv]	in 3 3013 40656 104 54 2 100 100 0 0 0 -1 1 0 -1 - 0 -1 0 0 0 0 0 0 0 0 0 0 0 0 0

[00:53:02]	[Recv]	in 3 3013 40655 95 43 2 100 100 0 0 0 -1 1 0 -1 - 0 -1 0 0 0 0 0 0 0 0 0 0 0 0 0

[00:53:02]	[Recv]	in 3 3013 40654 94 52 2 100 100 0 0 0 -1 1 0 -1 - 0 -1 0 0 0 0 0 0 0 0 0 0 0 0 0

[00:53:02]	[Recv]	in 3 3013 40653 87 26 2 56 100 0 0 0 -1 1 0 -1 - 0 -1 0 0 0 0 0 0 0 0 0 0 0 0 0

[00:53:02]	[Recv]	in 3 3013 40651 84 39 2 100 100 0 0 0 -1 1 0 -1 - 0 -1 0 0 0 0 0 0 0 0 0 0 0 0 0

[00:53:02]	[Recv]	in 3 3013 40648 64 53 2 100 100 0 0 0 -1 1 0 -1 - 0 -1 0 0 0 0 0 0 0 0 0 0 0 0 0

[00:53:02]	[Recv]	in 3 3013 40647 88 56 2 100 100 0 0 0 -1 1 0 -1 - 0 -1 0 0 0 0 0 0 0 0 0 0 0 0 0

[00:53:02]	[Recv]	in 3 3013 40646 36 84 2 100 100 0 0 0 -1 1 0 -1 - 0 -1 0 0 0 0 0 0 0 0 0 0 0 0 0

[00:53:02]	[Recv]	in 3 3013 40638 21 77 2 100 100 0 0 0 -1 1 0 -1 - 0 -1 0 0 0 0 0 0 0 0 0 0 0 0 0

[00:53:02]	[Recv]	in 3 3013 40636 32 82 2 100 100 0 0 0 -1 1 0 -1 - 0 -1 0 0 0 0 0 0 0 0 0 0 0 0 0

[00:53:02]	[Recv]	in 3 3013 40631 59 54 0 100 100 0 0 0 -1 1 0 -1 - 0 -1 0 0 0 0 0 0 0 0 0 0 0 0 0

[00:53:02]	[Recv]	in 2 3133 40757 28 23 2 100 100 1 0 0 -1 1 0 -1 - 0 -1 0 0 0 0 0 0 0 0 0 0 0 0 0

[00:53:02]	[Recv]	in 2 3133 40756 56 47 3 100 100 1 0 0 -1 1 0 -1 - 0 -1 0 0 0 0 0 0 0 0 0 0 0 0 0

[00:53:02]	[Recv]	in 2 3133 40755 116 25 5 100 100 1 0 0 -1 1 0 -1 - 0 -1 0 0 0 0 0 0 0 0 0 0 0 0 0

[00:53:02]	[Recv]	in 2 3133 40754 92 81 1 100 100 1 0 0 -1 1 0 -1 - 0 -1 0 0 0 0 0 0 0 0 0 0 0 0 0

[00:53:02]	[Recv]	in 2 3133 40753 33 44 0 100 100 1 0 0 -1 1 0 -1 - 0 -1 0 0 0 0 0 0 0 0 0 0 0 0 0

[00:53:02]	[Recv]	in 2 3133 40752 64 60 2 100 100 1 0 0 -1 1 0 -1 - 0 -1 0 0 0 0 0 0 0 0 0 0 0 0 0

[00:53:02]	[Recv]	in 2 3133 40751 126 77 2 100 100 1 0 0 -1 1 0 -1 - 0 -1 0 0 0 0 0 0 0 0 0 0 0 0 0

[00:53:02]	[Recv]	in 2 3133 40750 89 35 5 100 100 1 0 0 -1 1 0 -1 - 0 -1 0 0 0 0 0 0 0 0 0 0 0 0 0

[00:53:02]	[Recv]	in 2 3133 40749 13 6 5 100 100 1 0 0 -1 1 0 -1 - 0 -1 0 0 0 0 0 0 0 0 0 0 0 0 0

[00:53:02]	[Recv]	in 2 3133 40748 58 76 5 100 100 1 0 0 -1 1 0 -1 - 0 -1 0 0 0 0 0 0 0 0 0 0 0 0 0

[00:53:02]	[Recv]	in 2 3054 40747 57 59 0 100 100 0 0 0 -1 1 0 -1 - 0 -1 0 0 0 0 0 0 0 0 0 0 0 0 0

[00:53:02]	[Recv]	in 2 3053 40746 138 76 0 100 100 0 0 0 -1 1 0 -1 - 0 -1 0 0 0 0 0 0 0 0 0 0 0 0 0

[00:53:02]	[Recv]	in 2 3053 40745 122 7 0 100 100 0 0 0 -1 1 0 -1 - 0 -1 0 0 0 0 0 0 0 0 0 0 0 0 0

[00:53:02]	[Recv]	in 2 3053 40744 7 4 0 100 100 0 0 0 -1 1 0 -1 - 0 -1 0 0 0 0 0 0 0 0 0 0 0 0 0

[00:53:02]	[Recv]	in 2 3044 40743 102 6 2 100 100 11013 0 0 -1 1 0 -1 - 0 -1 0 0 0 0 0 0 0 0 0 0 0 0 0

[00:53:02]	[Recv]	in 2 319 2510597 2 9 2 100 100 0 0 3 8117022 1 0 2731 @ 1 0 1 660 661 662 0 0 0 0 2420 0 0 0 0

[00:53:02]	[Recv]	in 2 806 2510598 48 73 2 100 100 0 0 3 8117022 1 0 -1 @ 2 -1 0 0 0 0 0 0 0 0 0 0 0 5 0

[00:53:02]	[Recv]	in 1 subarlashi - 8117022 49 72 2 0 1 0 2 3 4026.4953.4453.4469.4031.886.4660.4616.-1.-1.-1 100 96 0 2 4 3 0 0 0 7 6 37 -1 - 14 0 5 0 7 87 0 0|0|0 0 0 100 29 0

[00:53:02]	[Recv]	pst 2 2557262 0 100 100 34166 7013 0 0 0

[00:53:02]	[Recv]	pst 2 2557249 1 100 100 42830 3622 0 0 0

[00:53:02]	[Recv]	mv 2 1972782 51 70 14

[00:53:02]	[Recv]	mv 2 1972783 51 68 14

[00:53:02]	[Recv]	mv 1 8117022 49 68 15

[00:53:02]	[Recv]	mv 3 40742 75 45 9

[00:53:02]	[Recv]	mv 3 40735 99 44 9

[00:53:02]	[Recv]	mv 3 40734 92 29 9

[00:53:02]	[Recv]	mv 3 40710 125 61 11

[00:53:02]	[Recv]	mv 3 40706 98 49 11

[00:53:02]	[Recv]	mv 3 40703 92 45 11

[00:53:02]	[Recv]	mv 3 40688 38 56 16

[00:53:02]	[Recv]	mv 3 40655 97 42 11

[00:53:02]	[Recv]	mv 2 2510598 51 70 14

[00:53:02]	[Send]	walk 128 7 0 25
[00:53:02]	[Recv]	mv 3 40667 139 75 11

[00:53:02]	[Send]	walk 125 7 0 25
[00:53:02]	[Recv]	mv 1 8117013 50 65 14

[00:53:02]	[Recv]	mv 3 40708 109 39 11

[00:53:02]	[Recv]	mv 3 40707 103 47 11

[00:53:02]	[Recv]	mv 3 40702 85 31 11

[00:53:02]	[Recv]	mv 3 40657 105 43 11

[00:53:02]	[Recv]	mv 3 40651 84 37 11

[00:53:02]	[Recv]	mv 1 8117022 49 66 15

[00:53:02]	[Recv]	mv 1 8117015 49 64 15

[00:53:02]	[Recv]	stat 75191 75191 16572 17265 0 1316

[00:53:02]	[Recv]	mv 2 2510598 50 67 14

[00:53:02]	[Recv]	mv 2 1972782 50 66 14

[00:53:02]	[Recv]	mv 2 1972783 50 64 14

[00:53:02]	[Recv]	mv 2 1576695 49 65 18

[00:53:02]	[Recv]	mv 2 1576696 51 65 14

[00:53:02]	[Send]	walk 122 9 0 25
[00:53:02]	[Recv]	mv 3 40696 88 28 11

[00:53:02]	[Recv]	mv 3 40668 140 67 11

[00:53:02]	[Recv]	mv 3 40654 92 50 11

[00:53:02]	[Recv]	mv 3 40648 65 51 11

[00:53:02]	[Recv]	mv 3 40636 31 83 11

[00:53:02]	[Recv]	mv 3 40631 60 54 11

[00:53:03]	[Recv]	mv 3 40736 100 54 9

[00:53:03]	[Recv]	mv 3 40722 98 39 11

[00:53:03]	[Recv]	mv 3 40715 131 73 11

[00:53:03]	[Recv]	mv 3 40712 127 69 11

[00:53:03]	[Recv]	mv 3 40705 95 50 11

[00:53:03]	[Recv]	mv 3 40669 51 66 16

[00:53:03]	[Recv]	mv 3 40665 129 75 11

[00:53:03]	[Recv]	mv 3 40661 122 59 11

[00:53:03]	[Recv]	mv 3 40656 106 55 11

[00:53:03]	[Recv]	in 2 319 1576695 49 65 2 96 90 0 0 3 8117013 1 0 2731 @ 1 0 1 660 661 662 0 0 0 0 2420 0 0 0 0

[00:53:03]	[Recv]	in 2 806 1576696 51 65 2 71 100 0 0 3 8117013 1 0 -1 @ 2 -1 0 0 0 0 0 0 0 0 0 0 0 5 0

[00:53:03]	[Recv]	in 1 dombashiya - 8117013 50 65 1 0 0 1 9 1 4026.4475.4964.4459.4031.887.4660.4616.8598.-1.-1 100 99 0 2 4 4 0 0 0 11 37 42 -1 - 14 0 9 0 13 89 0 0|0|0 0 0 100 41 0

[00:53:03]	[Recv]	pst 2 2557262 0 100 100 34166 7013 0 0 0

[00:53:03]	[Recv]	pst 2 2557249 1 100 100 42830 3622 0 0 0

[00:53:03]	[Recv]	mv 1 8117022 53 63 15

[00:53:03]	[Recv]	mv 1 8117013 54 62 14

[00:53:03]	[Send]	walk 121 11 0 25
[00:53:03]	[Recv]	mv 2 2510598 51 65 14

[00:53:03]	[Recv]	mv 1 8117015 53 61 15

[00:53:03]	[Recv]	mv 2 1576695 53 62 18

[00:53:03]	[Recv]	mv 2 1576696 53 64 14

[00:53:03]	[Recv]	mv 3 40742 76 47 9

[00:53:03]	[Recv]	mv 3 40738 134 63 9

[00:53:03]	[Recv]	mv 3 40735 99 42 9

[00:53:03]	[Recv]	mv 3 40717 135 66 11

[00:53:03]	[Recv]	mv 3 40710 124 60 11

[00:53:03]	[Recv]	mv 3 40706 100 47 11

[00:53:03]	[Recv]	mv 3 40688 26 52 16

[00:53:03]	[Send]	walk 122 13 0 25
[00:53:03]	[Recv]	mv 2 1972782 51 63 14

[00:53:03]	[Recv]	mv 2 1972783 54 61 14

[00:53:03]	[Recv]	mv 3 40731 52 63 13

[00:53:03]	[Recv]	mv 3 40721 57 60 16

[00:53:03]	[Send]	walk 122 14 1 25
[00:53:03]	[Send]	walk 122 15 0 25
[00:53:03]	[Recv]	mv 3 40737 121 67 9

[00:53:03]	[Recv]	mv 3 40708 108 40 11

[00:53:03]	[Recv]	mv 3 40702 85 30 11

[00:53:03]	[Recv]	mv 3 40651 84 38 11

[00:53:03]	[Send]	walk 122 17 1 25
[00:53:03]	[Recv]	mv 3 40741 56 58 13

[00:53:03]	[Recv]	mv 3 40648 66 51 11

[00:53:03]	[Recv]	mv 3 40636 33 81 11

[00:53:03]	[Recv]	mv 1 8117022 57 59 15

[00:53:03]	[Recv]	mv 2 1576696 55 62 14

[00:53:03]	[Send]	walk 122 19 0 25
[00:53:03]	[Recv]	mv 2 2510598 54 61 14

[00:53:03]	[Recv]	mv 1 8117015 54 57 15

[00:53:04]	[Recv]	mv 3 40740 136 71 9

[00:53:04]	[Recv]	mv 3 40716 131 78 11

[00:53:04]	[Recv]	mv 3 40712 126 71 11

[00:53:04]	[Recv]	mv 3 40705 94 49 11

[00:53:04]	[Recv]	mv 3 40701 84 37 11

[00:53:04]	[Recv]	mv 3 40697 72 47 11

[00:53:04]	[Recv]	mv 3 40665 130 75 11

[00:53:04]	[Recv]	mv 3 40662 131 67 11

[00:53:04]	[Recv]	mv 3 40661 120 59 11

[00:53:04]	[Recv]	mv 3 40653 88 25 11

[00:53:04]	[Recv]	mv 3 40647 88 55 11

[00:53:04]	[Recv]	mv 3 40631 57 59 16

[00:53:04]	[Recv]	mv 2 40743 101 6 4

[00:53:04]	[Recv]	pst 2 2557262 0 100 100 34166 7013 0 0 0

[00:53:04]	[Recv]	pst 2 2557249 1 100 100 42830 3622 0 0 0

[00:53:04]	[Recv]	mv 2 2510598 55 62 14

[00:53:04]	[Recv]	mv 2 1972782 52 59 14

[00:53:04]	[Recv]	mv 2 1972783 54 58 14

[00:53:04]	[Recv]	mv 1 8117013 55 58 14

[00:53:04]	[Send]	walk 123 20 0 25
[00:53:04]	[Recv]	sayi2 1 -1  10 1992 17 ~~*nova*~~ 918 

[00:53:04]	[Recv]	gcon 2421514|1|0

[00:53:04]	[Recv]	mv 2 1576695 56 57 18

[00:53:04]	[Recv]	mv 2 1576696 55 59 14

[00:53:04]	[Recv]	mv 3 40735 98 44 9

[00:53:04]	[Recv]	mv 3 40717 134 67 11

[00:53:04]	[Recv]	mv 3 40706 99 48 11

[00:53:04]	[Recv]	mv 3 40703 90 46 11

[00:53:04]	[Send]	walk 124 22 0 25
[00:53:04]	[Recv]	mv 3 40731 52 60 13

[00:53:04]	[Recv]	ct 3 40721 1 8117022 -1 -1 0

[00:53:04]	[Recv]	su 3 40721 1 8117022 0 9 11 0 0 0 1 96 457 0 0 12799 13256

[00:53:04]	[Recv]	mv 3 40667 139 74 11

[00:53:04]	[Send]	walk 125 23 1 25
[00:53:04]	[Recv]	umi 5060.257 9028.376

[00:53:04]	[Recv]	mv 3 40737 121 66 9

[00:53:04]	[Recv]	mv 3 40711 126 79 11

[00:53:04]	[Recv]	mv 3 40708 109 38 11

[00:53:04]	[Recv]	mv 3 40707 101 47 11

[00:53:04]	[Recv]	mv 3 40702 86 29 11

[00:53:04]	[Recv]	mv 1 8117015 57 54 15

[00:53:04]	[Send]	pulse 300 2
[00:53:04]	[Send]	walk 125 25 0 25
[00:53:04]	[Recv]	stat 75191 75191 16572 17265 0 1316

[00:53:04]	[Recv]	stat 75191 75191 16689 17265 0 1316

[00:53:04]	[Recv]	mv 1 8117022 57 56 15

[00:53:04]	[Recv]	mv 1 8117013 55 57 14

[00:53:04]	[Send]	walk 119 27 0 25
[00:53:04]	[Recv]	ct 3 40741 2 1972783 -1 -1 737

[00:53:04]	[Recv]	mv 3 40669 54 61 16

[00:53:04]	[Recv]	mv 3 40668 138 68 11

[00:53:04]	[Recv]	mv 2 2510598 55 57 14

[00:53:04]	[Recv]	mv 2 1972782 54 55 14

[00:53:04]	[Recv]	mv 2 1972783 58 55 14

[00:53:04]	[Recv]	mv 1 8117013 59 54 14

[00:53:04]	[Send]	walk 120 27 0 25
[00:53:05]	[Recv]	su 3 40741 3 40741 737 50 11 0 0 0 1 100 0 2 0 162693 162693

[00:53:05]	[Recv]	mv 3 40736 100 53 9

[00:53:05]	[Recv]	mv 3 40722 100 40 11

[00:53:05]	[Recv]	mv 3 40712 124 73 11

[00:53:05]	[Recv]	mv 3 40705 94 48 11

[00:53:05]	[Recv]	mv 3 40701 85 35 11

[00:53:05]	[Recv]	mv 3 40661 122 61 11

[00:53:05]	[Recv]	mv 3 40656 104 55 11

[00:53:05]	[Recv]	mv 3 40648 61 54 16

[00:53:05]	[Recv]	mv 2 40743 100 8 4

[00:53:05]	[Recv]	in 2 319 1972782 54 55 2 99 98 0 0 3 8117015 1 0 2731 @ 1 0 1 660 661 662 0 4238 0 0 2420 0 0 0 0

[00:53:05]	[Recv]	in 2 806 1972783 58 55 2 88 100 0 0 3 8117015 1 0 -1 @ 2 -1 0 0 0 0 0 0 0 0 0 0 0 5 0

[00:53:05]	[Recv]	in 1 CLScompany - 8117015 57 54 2 0 0 1 9 1 4026.4475.4964.4961.4031.884.4660.4616.-1.-1.-1 97 99 0 2 4 1 0 0 0 2 27 36 -1 - 15 0 5 0 7 87 0 0|0|0 0 0 100 32 0

[00:53:05]	[Recv]	pst 2 2557262 0 100 100 34166 7013 0 0 0

[00:53:05]	[Recv]	pst 2 2557249 1 100 100 42830 3622 0 0 0

[00:53:05]	[Recv]	mv 2 2510598 56 57 14

[00:53:05]	[Recv]	mv 2 1576695 59 55 18

[00:53:05]	[Recv]	mv 2 1576696 57 55 14

[00:53:05]	[Recv]	rc 1 8117022 174 0

[00:53:05]	[Send]	walk 121 27 1 25
[00:53:05]	[Recv]	mv 3 40738 133 62 9

[00:53:05]	[Recv]	mv 3 40735 96 42 9

[00:53:05]	[Recv]	in 3 3014 40713 132 45 2 100 100 0 0 0 -1 0 0 -1 - 0 -1 0 0 0 0 0 0 0 0 0 0 0 0 0

[00:53:05]	[Recv]	mv 3 40688 27 55 11

[00:53:05]	[Recv]	mv 3 40655 96 44 11

[00:53:05]	[Recv]	mv 1 8117022 61 54 15

[00:53:05]	[Recv]	mv 3 40731 50 59 9

[00:53:05]	[Recv]	mv 3 40704 92 21 11

[00:53:05]	[Recv]	mv 3 40667 138 74 11

[00:53:05]	[Recv]	mv 2 2510598 58 56 14

[00:53:05]	[Recv]	mv 1 8117015 61 52 15

[00:53:05]	[Recv]	mv 2 1972782 57 55 14

[00:53:05]	[Recv]	mv 2 1972783 61 53 14

[00:53:05]	[Recv]	mv 3 40737 122 66 9

[00:53:05]	[Recv]	mv 3 40721 59 57 16

[00:53:05]	[Recv]	mv 3 40708 109 39 11

[00:53:05]	[Recv]	mv 3 40707 103 48 11

[00:53:05]	[Recv]	mv 3 40651 83 36 11

[00:53:05]	[Recv]	mv 1 8117013 63 51 14

[00:53:05]	[Recv]	mv 3 40741 58 56 13

[00:53:05]	[Recv]	mv 3 40696 89 27 11

[00:53:05]	[Recv]	mv 3 40669 56 56 16

[00:53:05]	[Recv]	mv 3 40631 58 56 16

[00:53:05]	[Recv]	mv 2 2510598 62 55 14

[00:53:05]	[Recv]	mv 2 1576695 62 52 18

[00:53:05]	[Recv]	mv 2 1576696 61 53 14

[00:53:06]	[Recv]	mv 3 40740 138 70 9

[00:53:06]	[Recv]	mv 3 40736 102 52 9

[00:53:06]	[Recv]	mv 3 40722 98 39 11

[00:53:06]	[Recv]	mv 3 40716 130 78 11

[00:53:06]	[Recv]	mv 3 40715 133 72 11

[00:53:06]	[Recv]	mv 3 40712 124 72 11

[00:53:06]	[Recv]	mv 3 40705 95 46 11

[00:53:06]	[Recv]	mv 3 40665 132 76 11

[00:53:06]	[Recv]	mv 3 40661 123 61 11

[00:53:06]	[Recv]	mv 3 40656 102 54 11

[00:53:06]	[Recv]	mv 3 40653 87 24 11

[00:53:06]	[Recv]	mv 2 40743 102 6 4

[00:53:06]	[Recv]	pst 2 2557262 0 100 100 34166 7013 0 0 0

[00:53:06]	[Recv]	pst 2 2557249 1 100 100 42830 3622 0 0 0

[00:53:06]	[Recv]	mv 1 8117022 65 54 15

[00:53:06]	[Recv]	mv 2 2510598 63 56 14

[00:53:06]	[Recv]	mv 3 40742 78 48 9

[00:53:06]	[Recv]	mv 3 40738 133 63 9

[00:53:06]	[Recv]	mv 3 40735 96 43 9

[00:53:06]	[Recv]	mv 3 40734 91 31 9

[00:53:06]	[Recv]	mv 3 40710 126 62 11

[00:53:06]	[Recv]	mv 3 40706 99 50 11

[00:53:06]	[Recv]	mv 3 40703 91 47 11

[00:53:06]	[Recv]	mv 3 40655 95 46 11

[00:53:06]	[Recv]	mv 1 8117015 63 52 15

[00:53:06]	[Recv]	mv 2 1972782 62 54 14

[00:53:06]	[Recv]	mv 2 1972783 64 52 14

[00:53:06]	[Recv]	mv 3 40731 55 57 13

[00:53:06]	[Recv]	mv 3 40713 131 44 11

[00:53:06]	[Recv]	mv 3 40667 137 73 11

[00:53:06]	[Recv]	mv 3 40721 62 57 16

[00:53:06]	[Recv]	mv 3 40651 84 38 11

[00:53:06]	[Recv]	mv 1 8117015 66 49 15

[00:53:06]	[Recv]	stat 75191 75191 16689 17265 0 1316

[00:53:06]	[Recv]	mv 2 1972782 63 52 14

[00:53:06]	[Recv]	mv 2 1972783 66 50 14

[00:53:06]	[Recv]	mv 2 1576696 64 50 14

[00:53:06]	[Recv]	mv 3 40741 62 53 13

[00:53:06]	[Recv]	in 3 3014 40725 126 46 2 100 100 0 0 0 -1 0 0 -1 - 0 -1 0 0 0 0 0 0 0 0 0 0 0 0 0

[00:53:06]	[Recv]	mv 3 40725 123 41 11

[00:53:06]	[Recv]	in 3 3014 40724 121 19 2 100 100 0 0 0 -1 0 0 -1 - 0 -1 0 0 0 0 0 0 0 0 0 0 0 0 0

[00:53:06]	[Recv]	mv 3 40724 124 18 11

[00:53:06]	[Recv]	in 3 3014 40719 141 36 2 100 100 0 0 0 -1 0 0 -1 - 0 -1 0 0 0 0 0 0 0 0 0 0 0 0 0

[00:53:06]	[Recv]	mv 3 40719 138 36 11

[00:53:06]	[Recv]	mv 3 40669 61 53 16

[00:53:06]	[Recv]	mv 3 40668 137 69 11

[00:53:06]	[Recv]	in 3 3013 40664 129 50 2 100 100 0 0 0 -1 0 0 -1 - 0 -1 0 0 0 0 0 0 0 0 0 0 0 0 0

[00:53:06]	[Recv]	in 3 3013 40660 116 21 2 100 100 0 0 0 -1 0 0 -1 - 0 -1 0 0 0 0 0 0 0 0 0 0 0 0 0

[00:53:06]	[Recv]	in 3 3013 40659 124 9 2 100 100 0 0 0 -1 0 0 -1 - 0 -1 0 0 0 0 0 0 0 0 0 0 0 0 0

[00:53:06]	[Recv]	mv 3 40659 121 11 11

[00:53:06]	[Recv]	mv 3 40654 90 48 11

[00:53:06]	[Recv]	in 3 3013 40641 133 49 3 100 100 0 0 0 -1 0 0 -1 - 0 -1 0 0 0 0 0 0 0 0 0 0 0 0 0

[00:53:06]	[Recv]	mv 3 40636 33 79 11

[00:53:06]	[Recv]	mv 3 40631 62 53 16

[00:53:06]	[Recv]	mv 1 8117022 66 54 15

[00:53:06]	[Recv]	mv 1 8117013 64 51 14

[00:53:06]	[Recv]	mv 2 2510598 66 53 14

[00:53:07]	[Recv]	mv 3 40740 137 72 9

[00:53:07]	[Recv]	mv 3 40736 101 53 9

[00:53:07]	[Recv]	mv 3 40716 131 79 11

[00:53:07]	[Recv]	mv 3 40715 131 72 11

[00:53:07]	[Recv]	mv 3 40712 125 71 11

[00:53:07]	[Recv]	mv 3 40705 96 47 11

[00:53:07]	[Recv]	mv 3 40662 129 66 11

[00:53:07]	[Recv]	mv 3 40653 88 23 11

[00:53:07]	[Recv]	mv 2 40743 102 8 4

[00:53:07]	[Recv]	pst 2 2557262 0 100 100 34166 7013 0 0 0

[00:53:07]	[Recv]	pst 2 2557249 1 100 100 42830 3622 0 0 0

[00:53:07]	[Recv]	mv 1 8117022 69 51 15

[00:53:07]	[Recv]	mv 1 8117013 67 49 14

[00:53:07]	[Recv]	mv 2 2510598 67 54 14

[00:53:07]	[Recv]	mv 2 1576695 67 48 18

[00:53:07]	[Recv]	mv 2 1576696 67 50 14

[00:53:07]	[Recv]	mv 3 40738 132 64 9

[00:53:07]	[Recv]	mv 3 40735 98 43 9

[00:53:07]	[Recv]	mv 3 40734 92 29 9

[00:53:07]	[Recv]	mv 3 40717 135 68 11

[00:53:07]	[Recv]	mv 3 40710 126 61 11

[00:53:07]	[Recv]	mv 1 8117015 70 49 15

[00:53:07]	[Recv]	mv 2 1972782 66 52 14

[00:53:07]	[Recv]	mv 2 1972783 70 50 14

[00:53:07]	[Send]	walk 113 31 0 25
[00:53:07]	[Recv]	mv 3 40742 73 49 13

[00:53:07]	[Recv]	mv 3 40731 59 55 13

[00:53:07]	[Recv]	mv 3 40704 91 22 11

[00:53:07]	[Recv]	mv 3 40667 135 75 11

[00:53:07]	[Send]	walk 112 32 0 25
[00:53:07]	[Recv]	mv 3 40721 67 53 16

[00:53:07]	[Recv]	mv 3 40708 108 38 11

[00:53:07]	[Recv]	mv 3 40707 102 49 11

[00:53:07]	[Recv]	mv 3 40702 88 31 11

[00:53:07]	[Recv]	mv 3 40648 67 53 16

[00:53:07]	[Recv]	mv 1 8117022 70 51 15

[00:53:07]	[Recv]	mv 1 8117013 71 49 14

[00:53:07]	[Recv]	mv 2 2510598 69 51 14

[00:53:07]	[Recv]	mv 2 1576695 72 50 18

[00:53:07]	[Recv]	mv 2 1576696 70 49 14

[00:53:07]	[Recv]	act6 

[00:53:07]	[Recv]	mv 3 40741 66 51 13

[00:53:07]	[Recv]	mv 3 40724 122 17 11

[00:53:07]	[Recv]	mv 3 40719 139 37 11

[00:53:07]	[Recv]	in 3 3014 40718 138 32 2 100 100 0 0 0 -1 0 0 -1 - 0 -1 0 0 0 0 0 0 0 0 0 0 0 0 0

[00:53:07]	[Recv]	in 3 3014 40714 132 26 2 100 100 0 0 0 -1 0 0 -1 - 0 -1 0 0 0 0 0 0 0 0 0 0 0 0 0

[00:53:07]	[Recv]	mv 3 40714 131 27 11

[00:53:07]	[Recv]	in 3 3014 40709 114 15 2 100 100 0 0 0 -1 0 0 -1 - 0 -1 0 0 0 0 0 0 0 0 0 0 0 0 0

[00:53:07]	[Recv]	mv 3 40709 117 17 11

[00:53:07]	[Recv]	mv 3 40696 91 27 11

[00:53:07]	[Recv]	mv 3 40669 67 51 16

[00:53:07]	[Recv]	mv 3 40668 139 70 11

[00:53:07]	[Recv]	in 3 3013 40666 136 32 2 100 100 0 0 0 -1 0 0 -1 - 0 -1 0 0 0 0 0 0 0 0 0 0 0 0 0

[00:53:07]	[Recv]	in 3 3013 40663 125 40 2 100 100 0 0 0 -1 0 0 -1 - 0 -1 0 0 0 0 0 0 0 0 0 0 0 0 0

[00:53:07]	[Recv]	mv 3 40663 129 40 11

[00:53:07]	[Recv]	mv 3 40631 68 51 16

[00:53:07]	[Recv]	mv 1 8117015 74 49 14

[00:53:08]	[Recv]	mv 3 40740 135 71 9

[00:53:08]	[Recv]	mv 3 40736 103 55 9

[00:53:08]	[Recv]	mv 3 40722 98 37 11

[00:53:08]	[Recv]	mv 3 40715 130 73 11

[00:53:08]	[Recv]	mv 3 40712 127 72 11

[00:53:08]	[Recv]	mv 3 40705 95 49 11

[00:53:08]	[Recv]	mv 3 40701 84 37 11

[00:53:08]	[Recv]	mv 3 40665 130 75 11

[00:53:08]	[Recv]	mv 3 40662 127 64 11

[00:53:08]	[Recv]	mv 3 40653 89 25 11

[00:53:08]	[Recv]	mv 2 40743 102 6 4

[00:53:08]	[Recv]	pst 2 2557262 0 100 100 34166 7013 0 0 0

[00:53:08]	[Recv]	pst 2 2557249 1 100 100 42830 3622 0 0 0

[00:53:08]	[Recv]	mv 2 1972782 70 51 14

[00:53:08]	[Recv]	mv 2 1972783 75 50 14

[00:53:08]	[Recv]	mv 3 40738 132 66 9

[00:53:08]	[Recv]	mv 3 40735 96 43 9

[00:53:08]	[Recv]	mv 3 40734 90 30 9

[00:53:08]	[Recv]	mv 3 40710 124 60 11

[00:53:08]	[Recv]	mv 3 40655 95 45 11

[00:53:08]	[Send]	u_i 1 6835325 1 4 0 0 
[00:53:08]	[Recv]	mv 3 40742 71 51 13

[00:53:08]	[Recv]	mv 3 40731 64 54 13

[00:53:08]	[Recv]	mv 3 40704 92 23 11

[00:53:08]	[Recv]	mv 3 40699 75 48 16

[00:53:08]	[Recv]	mv 3 40667 136 76 11

[00:53:08]	[Recv]	mv 1 8117013 73 49 14

[00:53:08]	[Recv]	sayi 1 6835325 10 1681 0 0 0 0 0

[00:53:08]	[Recv]	mv 2 2510598 70 50 14

[00:53:08]	[Send]	walk 111 33 0 25
[00:53:08]	[Recv]	mv 3 40737 121 68 9

[00:53:08]	[Recv]	mv 3 40711 125 80 11

[00:53:08]	[Recv]	mv 3 40707 104 49 11

[00:53:08]	[Recv]	mv 3 40657 106 42 11

[00:53:08]	[Recv]	mv 3 40648 70 52 16

[00:53:08]	[Recv]	mv 1 8117015 77 46 14

[00:53:08]	[Recv]	stat 75191 75191 16689 17265 0 1316

[00:53:08]	[Recv]	stat 75191 75191 16806 17265 0 1316

[00:53:08]	[Recv]	mv 2 1972782 74 48 14

[00:53:08]	[Recv]	mv 2 1972783 77 47 14

[00:53:08]	[Recv]	mv 1 8117013 76 47 14

[00:53:08]	[Send]	u_i 1 6835325 1 4 0 0 
[00:53:08]	[Recv]	mv 3 40741 71 50 13

[00:53:08]	[Recv]	mv 3 40719 137 35 11

[00:53:08]	[Recv]	mv 3 40714 130 28 11

[00:53:08]	[Recv]	mv 3 40709 119 18 11

[00:53:08]	[Recv]	mv 3 40696 89 25 11

[00:53:08]	[Recv]	mv 3 40668 137 69 11

[00:53:08]	[Recv]	mv 3 40664 130 49 11

[00:53:08]	[Recv]	mv 3 40659 122 12 11

[00:53:08]	[Recv]	mv 3 40636 33 80 11

[00:53:08]	[Recv]	sayi 1 6835325 10 1681 0 0 0 0 0

[00:53:08]	[Recv]	mv 1 8117022 74 47 15

[00:53:08]	[Recv]	mv 2 2510598 74 47 14

[00:53:08]	[Recv]	mv 2 1576695 77 48 18

[00:53:08]	[Recv]	mv 2 1576696 74 48 14

[00:53:09]	[Recv]	mv 3 40740 137 71 9

[00:53:09]	[Recv]	mv 3 40715 132 71 11

[00:53:09]	[Recv]	mv 3 40712 128 72 11

[00:53:09]	[Recv]	mv 3 40705 95 47 11

[00:53:09]	[Recv]	mv 3 40701 83 37 11

[00:53:09]	[Recv]	mv 3 40665 129 77 11

[00:53:09]	[Recv]	mv 3 40662 128 65 11

[00:53:09]	[Recv]	mv 3 40661 121 60 11

[00:53:09]	[Recv]	mv 3 40653 91 27 11

[00:53:09]	[Recv]	mv 3 40647 88 54 11

[00:53:09]	[Recv]	mv 2 40743 101 6 4

[00:53:09]	[Recv]	pst 2 2557262 0 100 100 34166 7013 0 0 0

[00:53:09]	[Recv]	pst 2 2557249 1 100 100 42830 3622 0 0 0

[00:53:09]	[Recv]	mv 2 2510598 75 47 14

[00:53:09]	[Recv]	mv 3 40735 96 44 9

[00:53:09]	[Recv]	mv 3 40734 92 31 9

[00:53:09]	[Recv]	mv 3 40717 136 67 11

[00:53:09]	[Recv]	mv 3 40706 101 49 11

[00:53:09]	[Send]	walk 106 40 0 25
[00:53:09]	[Recv]	mv 1 8117015 81 46 14

[00:53:09]	[Recv]	mv 1 8117013 80 47 14

[00:53:09]	[Send]	walk 105 42 0 25
[00:53:09]	[Recv]	mv 3 40742 75 48 13

[00:53:09]	[Recv]	mv 3 40731 68 52 13

[00:53:09]	[Recv]	mv 3 40721 72 49 16

[00:53:09]	[Recv]	mv 3 40713 130 46 11

[00:53:09]	[Recv]	mv 3 40704 90 21 11

[00:53:09]	[Recv]	mv 3 40667 136 75 11

[00:53:09]	[Recv]	mv 2 1972782 78 48 14

[00:53:09]	[Recv]	mv 2 1972783 81 47 14

[00:53:09]	[Recv]	mv 2 1576695 80 46 18

[00:53:09]	[Recv]	mv 2 1576696 79 48 14

[00:53:09]	[Send]	walk 105 43 1 25
[00:53:09]	[Recv]	mv 3 40708 106 38 11

[00:53:09]	[Recv]	mv 3 40707 105 48 11

[00:53:09]	[Recv]	mv 3 40697 78 47 16

[00:53:09]	[Recv]	mv 3 40669 73 50 16

[00:53:09]	[Recv]	mv 3 40657 105 42 11

[00:53:09]	[Recv]	mv 3 40648 73 48 16

[00:53:09]	[Recv]	mv 3 40631 74 50 16

[00:53:09]	[Recv]	mv 1 8117022 78 46 15

[00:53:09]	[Recv]	mv 2 2510598 78 46 14

[00:53:09]	[Send]	walk 104 45 0 25
[00:53:09]	[Recv]	mv 3 40741 76 49 13

[00:53:09]	[Recv]	mv 3 40719 136 37 11

[00:53:09]	[Recv]	mv 3 40718 137 29 11

[00:53:09]	[Recv]	mv 3 40714 131 30 11

[00:53:09]	[Recv]	mv 3 40709 117 17 11

[00:53:09]	[Recv]	mv 3 40696 91 27 11

[00:53:09]	[Recv]	mv 3 40668 138 67 11

[00:53:09]	[Recv]	mv 3 40666 134 33 11

[00:53:09]	[Recv]	mv 3 40664 128 51 11

[00:53:09]	[Recv]	mv 3 40663 130 39 11

[00:53:09]	[Recv]	mv 3 40659 122 13 11

[00:53:09]	[Recv]	mv 3 40651 82 36 11

[00:53:09]	[Recv]	mv 3 40641 131 51 11

[00:53:09]	[Send]	walk 103 44 0 25
[00:53:10]	[Recv]	mv 3 40740 135 72 9

[00:53:10]	[Recv]	mv 3 40736 102 54 9

[00:53:10]	[Recv]	mv 3 40722 100 39 11

[00:53:10]	[Recv]	mv 3 40716 132 80 11

[00:53:10]	[Recv]	mv 3 40715 132 72 11

[00:53:10]	[Recv]	mv 3 40712 127 71 11

[00:53:10]	[Recv]	mv 3 40662 127 67 11

[00:53:10]	[Recv]	mv 3 40656 103 53 11

[00:53:10]	[Recv]	mv 3 40654 84 48 16

[00:53:10]	[Recv]	pst 2 2557262 0 100 100 34166 7013 0 0 0

[00:53:10]	[Recv]	pst 2 2557249 1 100 100 42830 3622 0 0 0

[00:53:10]	[Send]	walk 101 45 0 25
[00:53:10]	[Recv]	mv 1 8117015 83 46 14

[00:53:10]	[Recv]	mv 1 8117013 82 47 14

[00:53:10]	[Recv]	mv 3 40738 130 65 9

[00:53:10]	[Recv]	mv 3 40735 98 45 9

[00:53:10]	[Recv]	mv 3 40717 136 66 11

[00:53:10]	[Recv]	mv 3 40706 100 48 11

[00:53:10]	[Recv]	mv 3 40701 89 26 16

[00:53:10]	[Recv]	mv 3 40688 26 55 11

[00:53:10]	[Recv]	mv 3 40647 85 49 16

[00:53:10]	[Recv]	mv 2 1972782 81 47 14

[00:53:10]	[Recv]	mv 2 1972783 84 46 14

[00:53:10]	[Recv]	mv 2 1576695 83 46 18

[00:53:10]	[Recv]	mv 2 1576696 82 48 14

[00:53:10]	[Send]	walk 99 45 0 25
[00:53:10]	[Send]	walk 98 45 0 25
[00:53:10]	[Recv]	mv 3 40742 78 47 13

[00:53:10]	[Recv]	mv 3 40731 73 51 13

[00:53:10]	[Recv]	mv 3 40721 77 47 16

[00:53:10]	[Recv]	mv 3 40713 128 45 11

[00:53:10]	[Recv]	mv 3 40704 92 22 11

[00:53:10]	[Recv]	mv 3 40703 85 46 16

[00:53:10]	[Recv]	mv 3 40699 81 46 16

[00:53:10]	[Recv]	mv 3 40667 136 77 11

[00:53:10]	[Recv]	mv 2 2510598 79 45 14

[00:53:10]	[Send]	ncif 3 40705
[00:53:10]	[Recv]	mv 3 40711 126 79 11

[00:53:10]	[Recv]	mv 3 40708 106 39 11

[00:53:10]	[Recv]	mv 3 40697 81 47 16

[00:53:10]	[Recv]	mv 3 40669 79 48 16

[00:53:10]	[Recv]	mv 3 40657 106 43 11

[00:53:10]	[Recv]	mv 3 40648 79 47 16

[00:53:10]	[Recv]	mv 3 40631 80 48 16

[00:53:10]	[Send]	walk 95 46 0 25
[00:53:10]	[Recv]	stat 75191 75191 16806 17265 0 1316

[00:53:10]	[Recv]	st 3 40705 92 0 100 100 87622 11831 87622 11831 0

[00:53:10]	[Recv]	mv 3 40741 80 46 13

[00:53:10]	[Recv]	mv 3 40724 123 19 11

[00:53:10]	[Recv]	mv 3 40718 137 30 11

[00:53:10]	[Recv]	mv 3 40668 140 68 11

[00:53:10]	[Recv]	mv 3 40666 136 35 11

[00:53:10]	[Recv]	in 3 3013 40658 113 25 2 100 100 0 0 0 -1 0 0 -1 - 0 -1 0 0 0 0 0 0 0 0 0 0 0 0 0

[00:53:10]	[Recv]	mv 3 40658 114 24 11

[00:53:10]	[Recv]	mv 3 40651 84 38 11

[00:53:10]	[Recv]	mv 3 40641 132 51 11

[00:53:10]	[Recv]	mv 3 40636 35 82 11

[00:53:10]	[Send]	walk 93 47 0 25
[00:53:11]	[Recv]	mv 3 40740 137 71 9

[00:53:11]	[Recv]	mv 3 40722 100 37 11

[00:53:11]	[Recv]	mv 3 40716 134 80 11

[00:53:11]	[Recv]	mv 3 40715 134 73 11

[00:53:11]	[Recv]	mv 3 40656 105 51 11

[00:53:11]	[Recv]	ct 3 40654 1 8117013 -1 -1 0

[00:53:11]	[Recv]	su 3 40654 1 8117013 0 9 11 0 0 0 1 96 453 0 0 25404 26321

[00:53:11]	[Recv]	mv 3 40653 91 26 11

[00:53:11]	[Recv]	pst 2 2557262 0 100 100 34166 7013 0 0 0

[00:53:11]	[Recv]	pst 2 2557249 1 100 100 42830 3622 0 0 0

[00:53:11]	[Send]	walk 92 47 1 25
[00:53:11]	[Recv]	mv 2 1972782 83 45 14

[00:53:11]	[Recv]	mv 3 40735 99 45 9

[00:53:11]	[Recv]	mv 3 40717 135 68 11

[00:53:11]	[Recv]	mv 3 40710 126 59 11

[00:53:11]	[Recv]	mv 3 40706 100 49 11

[00:53:11]	[Recv]	mv 3 40701 94 15 16

[00:53:11]	[Recv]	mv 3 40655 97 44 11

[00:53:11]	[Send]	walk 91 49 0 25
[00:53:11]	[Send]	walk 90 49 1 25
[00:53:11]	[Recv]	ct 3 40742 1 8117022 -1 -1 737

[00:53:11]	[Recv]	mv 3 40731 77 49 13

[00:53:11]	[Recv]	ct 3 40721 1 8117022 -1 -1 0

[00:53:11]	[Recv]	su 3 40721 1 8117022 0 9 11 0 0 0 1 92 460 0 0 12225 13256

[00:53:11]	[Recv]	ct 3 40703 2 1972783 -1 -1 0

[00:53:11]	[Recv]	su 3 40703 2 1972783 0 9 11 0 0 0 1 83 1805 0 0 26635 31971

[00:53:11]	[Recv]	ct 3 40699 1 8117015 -1 -1 0

[00:53:11]	[Recv]	su 3 40699 1 8117015 0 9 11 0 0 0 1 95 683 0 0 24796 26028

[00:53:11]	[Recv]	mv 3 40667 137 75 11

[00:53:11]	[Recv]	ct 3 40647 2 1972783 -1 -1 0

[00:53:11]	[Recv]	su 3 40647 2 1972783 0 9 11 0 0 0 1 75 2625 3 0 24010 31971

[00:53:11]	[Recv]	mv 1 8117013 86 49 14

[00:53:11]	[Send]	walk 88 47 0 25
[00:53:11]	[Send]	ncif 3 40705
[00:53:11]	[Recv]	su 3 40742 1 8117022 737 50 11 0 0 0 1 77 1959 0 0 10266 13256

[00:53:11]	[Recv]	mv 3 40707 103 48 11

[00:53:11]	[Recv]	mv 3 40702 87 32 11

[00:53:11]	[Recv]	ct 3 40697 2 1576696 -1 -1 0

[00:53:11]	[Recv]	su 3 40697 2 1576696 0 9 11 0 0 0 1 61 1697 0 0 20256 32730

[00:53:11]	[Recv]	ct 3 40648 1 8117022 -1 -1 0

[00:53:11]	[Recv]	su 3 40648 1 8117022 0 9 11 0 0 0 1 74 456 0 0 9810 13256

[00:53:11]	[Recv]	ct 3 40631 1 8117013 -1 -1 0

[00:53:11]	[Recv]	su 3 40631 3 40631 0 9 11 0 0 0 1 100 0 2 0 79926 79926

[00:53:11]	[Recv]	sayi 1 6835325 20 22 3 3062 0 0 0

[00:53:11]	[Recv]	bf 1 6835325 0.3062.0 99

[00:53:11]	[Recv]	sayi 1 6835325 20 22 3 4241 0 0 0

[00:53:11]	[Recv]	bf 1 6835325 0.4241.0 99

[00:53:11]	[Recv]	mv 1 8117022 82 46 15

[00:53:11]	[Recv]	mv 2 1576695 85 48 18

[00:53:11]	[Recv]	mv 2 1576696 86 49 14

[00:53:11]	[Send]	walk 86 48 0 25
[00:53:11]	[Recv]	bf 1 6835325 0.4241.3000 96

[00:53:11]	[Recv]	sayi 1 6835325 20 26 3 4241 0 0 0

[00:53:11]	[Recv]	eff_t 2 2557249 1 6835325 4766

[00:53:11]	[Recv]	bf 1 6835325 0.3062.3000 99

[00:53:11]	[Recv]	sayi 1 6835325 20 26 3 3062 0 0 0

[00:53:11]	[Recv]	eff_t 2 2557262 1 6835325 4766

[00:53:11]	[Recv]	mv 2 2510598 83 46 14

[00:53:11]	[Recv]	mv 2 1576695 87 49 18

[00:53:11]	[Recv]	mv 2 1576696 87 49 14

[00:53:11]	[Recv]	mv 3 40741 83 45 13

[00:53:11]	[Recv]	mv 3 40719 138 39 11

[00:53:11]	[Recv]	mv 3 40714 133 28 11

[00:53:11]	[Recv]	mv 3 40696 89 28 11

[00:53:11]	[Recv]	ct 3 40669 2 1576696 -1 -1 0

[00:53:11]	[Recv]	su 3 40669 3 40669 0 9 11 0 0 0 1 100 0 2 0 79926 79926

[00:53:11]	[Recv]	mv 3 40668 141 68 11

[00:53:11]	[Recv]	mv 3 40666 135 34 11

[00:53:11]	[Recv]	mv 3 40664 128 50 11

[00:53:11]	[Recv]	mv 3 40663 132 40 11

[00:53:11]	[Recv]	mv 3 40658 115 22 11

[00:53:11]	[Recv]	mv 3 40651 85 36 11

[00:53:11]	[Recv]	mv 3 40641 131 50 11

[00:53:11]	[Recv]	mv 3 40636 34 82 11

[00:53:11]	[Recv]	st 3 40705 92 0 100 100 87622 11831 87622 11831 0

[00:53:11]	[Recv]	mv 2 2510598 81 47 14

[00:53:11]	[Send]	walk 85 48 1 25
[00:53:11]	[Recv]	mv 1 8117015 87 49 14

[00:53:12]	[Recv]	mv 3 40740 137 70 9

[00:53:12]	[Recv]	mv 3 40716 133 81 11

[00:53:12]	[Recv]	mv 3 40661 123 58 11

[00:53:12]	[Recv]	mv 3 40656 103 53 11

[00:53:12]	[Recv]	mv 2 40743 102 6 4

[00:53:12]	[Recv]	pst 2 2557262 0 100 100 34166 7013 0 0 0

[00:53:12]	[Recv]	pst 2 2557249 1 100 100 42830 3622 0 0 0

[00:53:12]	[Recv]	mv 2 1972782 86 48 14

[00:53:12]	[Recv]	mv 2 1972783 86 49 14

[00:53:12]	[Recv]	mv 1 8117022 86 46 15

[00:53:12]	[Recv]	mv 2 1972783 88 50 14

[00:53:12]	[Send]	walk 81 46 1 25
[00:53:12]	[Recv]	mv 3 40734 91 32 9

[00:53:12]	[Recv]	mv 3 40721 80 48 16

[00:53:12]	[Recv]	mv 3 40710 126 58 11

[00:53:12]	[Recv]	mv 3 40705 89 48 16

[00:53:12]	[Recv]	mv 3 40701 91 19 11

[00:53:12]	[Recv]	mv 3 40699 87 49 16

[00:53:12]	[Recv]	ct 2 1972783 3 40703 -1 -1 0

[00:53:12]	[Recv]	su 2 1972783 3 40703 0 10 11 0 0 0 1 100 0 1 0 87622 87622

[00:53:12]	[Recv]	mv 2 2510598 85 46 14

[00:53:12]	[Recv]	mv 1 8117013 90 49 14

[00:53:12]	[Recv]	mv 2 1576695 91 49 18

[00:53:12]	[Recv]	mv 2 1576696 91 49 14

[00:53:12]	[Recv]	mv 3 40742 83 47 13

[00:53:12]	[Recv]	mv 3 40731 82 49 13

[00:53:12]	[Recv]	mv 3 40704 90 22 11

[00:53:12]	[Recv]	mv 3 40697 87 48 16

[00:53:12]	[Recv]	mv 3 40667 137 73 11

[00:53:12]	[Recv]	mv 3 40655 97 42 11

[00:53:12]	[Recv]	mv 3 40654 89 50 16

[00:53:12]	[Recv]	mv 3 40631 86 48 16

[00:53:12]	[Send]	ncif 3 40731
[00:53:12]	[Recv]	mv 3 40737 122 69 9

[00:53:12]	[Recv]	mv 3 40707 101 49 11

[00:53:12]	[Recv]	mv 3 40702 88 33 11

[00:53:12]	[Recv]	mv 3 40669 85 48 16

[00:53:12]	[Recv]	st 3 40731 95 0 100 100 162693 13269 162693 13269 0

[00:53:12]	[Recv]	mv 1 8117015 91 49 14

[00:53:12]	[Send]	walk 76 44 0 25
[00:53:12]	[Recv]	stat 75191 75191 16806 17265 0 1316

[00:53:12]	[Recv]	stat 75191 75191 16923 17265 0 1316

[00:53:12]	[Recv]	mv 2 1972782 91 48 14

[00:53:12]	[Recv]	mv 2 1972783 92 49 14

[00:53:12]	[Recv]	mv 3 40741 88 46 13

[00:53:12]	[Recv]	mv 3 40725 125 43 11

[00:53:12]	[Recv]	mv 3 40719 136 39 11

[00:53:12]	[Recv]	mv 3 40718 139 29 11

[00:53:12]	[Recv]	mv 3 40714 132 28 11

[00:53:12]	[Recv]	mv 3 40709 115 17 11

[00:53:12]	[Recv]	mv 3 40703 90 48 16

[00:53:12]	[Recv]	mv 3 40668 141 67 11

[00:53:12]	[Recv]	mv 3 40666 134 32 11

[00:53:12]	[Recv]	mv 3 40659 123 12 11

[00:53:12]	[Recv]	mv 3 40658 116 21 11

[00:53:12]	[Recv]	mv 3 40647 90 48 16

[00:53:12]	[Recv]	mv 3 40636 34 81 11

[00:53:12]	[Recv]	mv 1 8117022 88 46 15

[00:53:12]	[Send]	walk 74 46 0 25
[00:53:12]	[Recv]	mv 2 2510598 88 47 14

[00:53:12]	[Recv]	mv 2 1576695 92 48 18

[00:53:13]	[Recv]	mv 3 40722 99 38 11

[00:53:13]	[Recv]	mv 3 40665 131 76 11

[00:53:13]	[Recv]	mv 3 40662 129 66 11

[00:53:13]	[Recv]	mv 3 40661 124 60 11

[00:53:13]	[Recv]	mv 2 40743 103 6 4

[00:53:13]	[Recv]	pst 2 2557262 0 100 100 34166 7013 0 0 0

[00:53:13]	[Recv]	pst 2 2557249 1 100 100 42830 3622 0 0 0

[00:53:13]	[Send]	walk 73 47 0 25
[00:53:13]	[Recv]	rc 1 8117022 174 0

[00:53:13]	[Recv]	mv 1 8117013 94 49 14

[00:53:13]	[Recv]	mv 3 40736 98 52 13

[00:53:13]	[Recv]	mv 3 40734 90 31 9

[00:53:13]	[Recv]	mv 3 40721 86 48 16

[00:53:13]	[Recv]	mv 3 40717 134 66 11

[00:53:13]	[Recv]	mv 3 40710 124 60 11

[00:53:13]	[Recv]	ct 3 40705 1 8117013 -1 -1 0

[00:53:13]	[Recv]	su 3 40705 3 40705 0 9 11 0 0 0 1 100 0 2 0 87622 87622

[00:53:13]	[Recv]	mv 3 40701 91 25 16

[00:53:13]	[Recv]	mv 3 40699 92 48 16

[00:53:13]	[Recv]	mv 3 40688 25 54 11

[00:53:13]	[Recv]	mv 3 40648 85 47 16

[00:53:13]	[Recv]	mv 2 1576695 95 50 18

[00:53:13]	[Recv]	mv 2 1576696 93 49 14

[00:53:13]	[Send]	walk 71 48 0 25
[00:53:13]	[Recv]	mv 1 8117015 94 49 14

[00:53:13]	[Recv]	mv 3 40742 88 46 13

[00:53:13]	[Recv]	mv 3 40735 95 48 13

[00:53:13]	[Recv]	mv 3 40731 87 49 13

[00:53:13]	[Recv]	mv 3 40713 130 46 11

[00:53:13]	[Recv]	mv 3 40706 94 51 16

[00:53:13]	[Recv]	mv 3 40697 92 50 16

[00:53:13]	[Recv]	mv 3 40655 95 48 16

[00:53:13]	[Recv]	ct 3 40654 2 1576696 -1 -1 0

[00:53:13]	[Recv]	su 3 40654 3 40654 0 9 11 0 0 0 1 100 0 2 0 79926 79926

[00:53:13]	[Recv]	mv 3 40631 92 48 16

[00:53:13]	[Send]	walk 69 48 0 25
[00:53:13]	[Recv]	mv 3 40708 106 38 11

[00:53:13]	[Recv]	mv 3 40669 91 48 16

[00:53:13]	[Recv]	cond 1 6835325 0 0 25

[00:53:13]	[Recv]	sayi 1 6835325 20 22 3 4234 0 0 0

[00:53:13]	[Recv]	bf 1 6835325 0.4234.0 99

[00:53:13]	[Send]	walk 75 45 0 25
[00:53:13]	[Recv]	bf 1 6835325 0.4234.3000 99

[00:53:13]	[Recv]	sayi 1 6835325 20 26 3 4234 0 0 0

[00:53:13]	[Recv]	cond 1 6835325 0 0 25

[00:53:13]	[Recv]	sayi 1 6835325 20 23 3 4234 0 0 0

[00:53:13]	[Recv]	mv 1 8117013 95 49 14

[00:53:13]	[Recv]	mv 3 40741 90 47 13

[00:53:13]	[Recv]	mv 3 40724 123 18 11

[00:53:13]	[Recv]	mv 3 40719 135 38 11

[00:53:13]	[Recv]	mv 3 40714 131 28 11

[00:53:13]	[Recv]	mv 3 40709 117 17 11

[00:53:13]	[Recv]	mv 3 40707 94 50 16

[00:53:13]	[Recv]	mv 3 40696 89 27 11

[00:53:13]	[Recv]	mv 3 40668 139 68 11

[00:53:13]	[Recv]	mv 3 40663 131 41 11

[00:53:13]	[Recv]	mv 3 40660 117 22 11

[00:53:13]	[Recv]	mv 3 40658 115 19 11

[00:53:13]	[Recv]	mv 3 40651 84 38 11

[00:53:13]	[Recv]	mv 3 40641 131 49 11

[00:53:13]	[Recv]	mv 3 40636 32 80 11

[00:53:14]	[Recv]	mv 3 40722 98 39 11

[00:53:14]	[Recv]	mv 3 40705 94 48 16

[00:53:14]	[Recv]	mv 3 40662 128 64 11

[00:53:14]	[Recv]	mv 3 40653 89 24 11

[00:53:14]	[Recv]	mv 2 40743 102 5 4

[00:53:14]	[Recv]	pst 2 2557262 0 100 100 34166 7013 0 0 0

[00:53:14]	[Recv]	pst 2 2557249 1 100 100 42830 3622 0 0 0

[00:53:14]	[Send]	walk 67 48 1 25
[00:53:14]	[Recv]	mv 3 40738 132 66 9

[00:53:14]	[Recv]	mv 3 40736 95 48 13

[00:53:14]	[Recv]	ct 3 40721 2 2510598 -1 -1 0

[00:53:14]	[Recv]	su 3 40721 2 2510598 0 9 11 0 0 0 1 98 341 0 0 30880 31221

[00:53:14]	[Recv]	mv 3 40710 126 60 11

[00:53:14]	[Recv]	mv 3 40701 91 31 16

[00:53:14]	[Recv]	ct 3 40699 2 1972782 -1 -1 0

[00:53:14]	[Recv]	su 3 40699 2 1972782 0 9 11 0 0 0 1 85 1163 0 0 25668 29961

[00:53:14]	[Recv]	mv 3 40656 97 51 16

[00:53:14]	[Recv]	mv 3 40654 92 50 16

[00:53:14]	[Recv]	mv 3 40648 89 46 16

[00:53:14]	[Send]	walk 65 51 0 25
[00:53:14]	[Recv]	mv 3 40731 90 48 13

[00:53:14]	[Recv]	mv 3 40713 129 45 11

[00:53:14]	[Recv]	mv 3 40704 90 21 11

[00:53:14]	[Send]	walk 65 52 0 25
[00:53:14]	[Recv]	mv 1 8117022 92 50 15

[00:53:14]	[Recv]	mv 3 40711 125 79 11

[00:53:14]	[Recv]	mv 3 40708 106 37 11

[00:53:14]	[Recv]	mv 3 40702 87 31 11

[00:53:14]	[Recv]	mv 3 40657 105 44 11

[00:53:14]	[Recv]	mv 2 2510598 91 51 14

[00:53:14]	[Send]	walk 63 52 1 25
[00:53:14]	[Recv]	stat 75191 75191 16923 17265 0 1316

[00:53:14]	[Recv]	mv 3 40724 125 19 11

[00:53:14]	[Recv]	mv 3 40719 137 39 11

[00:53:14]	[Recv]	mv 3 40714 130 26 11

[00:53:14]	[Recv]	mv 3 40696 91 25 11

[00:53:14]	[Recv]	mv 3 40660 119 23 11

[00:53:14]	[Recv]	mv 3 40659 122 11 11

[00:53:14]	[Recv]	mv 3 40651 84 39 11

[00:53:14]	[Recv]	mv 3 40636 31 82 11

[00:53:14]	[Recv]	mv 2 1576696 92 49 14

[00:53:14]	[Send]	walk 61 52 0 25
[00:53:15]	[Recv]	mv 3 40721 91 49 16

[00:53:15]	[Recv]	mv 3 40716 132 80 11

[00:53:15]	[Recv]	mv 3 40715 134 71 11

[00:53:15]	[Recv]	mv 3 40712 126 71 11

[00:53:15]	[Recv]	mv 3 40665 131 75 11

[00:53:15]	[Recv]	mv 3 40662 129 65 11

[00:53:15]	[Recv]	mv 3 40661 123 60 11

[00:53:15]	[Recv]	mv 3 40653 91 26 11

[00:53:15]	[Recv]	pst 2 2557262 0 100 100 34166 7013 0 0 0

[00:53:15]	[Recv]	pst 2 2557249 1 100 100 42830 3622 0 0 0

[00:53:15]	[Send]	walk 59 53 1 25
[00:53:15]	[Recv]	mv 3 40742 91 49 13

[00:53:15]	[Recv]	mv 3 40738 132 65 9

[00:53:15]	[Recv]	mv 3 40734 91 32 9

[00:53:15]	[Recv]	mv 3 40717 136 66 11

[00:53:15]	[Recv]	mv 3 40701 89 29 11

[00:53:15]	[Recv]	mv 3 40648 92 49 16

[00:53:15]	[Recv]	mv 1 8117015 97 52 14

[00:53:15]	[Recv]	mv 1 8117013 98 52 14

[00:53:15]	[Recv]	mv 1 8117022 96 50 15

[00:53:15]	[Recv]	mv 2 1972782 93 49 8

[00:53:15]	[Recv]	mv 2 1972783 97 50 14

[00:53:15]	[Recv]	mv 3 40667 137 75 11

[00:53:15]	[Recv]	mv 2 2510598 95 50 14

[00:53:15]	[Recv]	mv 2 1972782 94 49 8

[00:53:15]	[Recv]	mv 2 1972783 97 52 14

[00:53:15]	[Recv]	mv 2 1576695 99 52 18

[00:53:15]	[Recv]	mv 2 1576696 97 50 14

[00:53:15]	[Send]	walk 56 53 1 25
[00:53:15]	[Recv]	mv 1 8117015 98 53 14

[00:53:15]	[Recv]	mv 1 8117013 99 53 14

[00:53:15]	[Recv]	mv 3 40741 95 48 13

[00:53:15]	[Recv]	mv 3 40735 98 49 13

[00:53:15]	[Recv]	mv 3 40708 108 36 11

[00:53:15]	[Recv]	mv 3 40703 95 49 16

[00:53:15]	[Recv]	mv 3 40702 86 32 11

[00:53:15]	[Recv]	mv 3 40697 98 50 16

[00:53:15]	[Recv]	mv 3 40669 98 49 16

[00:53:15]	[Recv]	mv 3 40725 123 42 11

[00:53:15]	[Recv]	mv 3 40724 124 20 11

[00:53:15]	[Recv]	mv 3 40718 137 30 11

[00:53:15]	[Recv]	mv 3 40714 130 28 11

[00:53:15]	[Recv]	mv 3 40696 90 25 11

[00:53:15]	[Recv]	mv 3 40668 137 68 11

[00:53:15]	[Recv]	mv 3 40663 129 41 11

[00:53:15]	[Recv]	mv 3 40660 119 21 11

[00:53:15]	[Recv]	mv 3 40659 121 13 11

[00:53:15]	[Recv]	mv 3 40658 113 19 11

[00:53:15]	[Recv]	mv 3 40657 100 47 16

[00:53:15]	[Recv]	mv 3 40641 133 48 11

[00:53:15]	[Recv]	mv 3 40636 33 81 11

[00:53:16]	[Send]	walk 51 55 1 25
[00:53:16]	[Recv]	mv 3 40721 96 50 16

[00:53:16]	[Recv]	mv 3 40712 128 73 11

[00:53:16]	[Recv]	mv 3 40699 93 48 16

[00:53:16]	[Recv]	mv 3 40662 131 64 11

[00:53:16]	[Recv]	mv 3 40661 123 61 11

[00:53:16]	[Recv]	mv 3 40653 89 27 11

[00:53:16]	[Recv]	mv 3 40631 97 51 16

[00:53:16]	[Recv]	pst 2 2557262 0 100 100 34166 7013 0 0 0

[00:53:16]	[Recv]	pst 2 2557249 1 100 100 42830 3622 0 0 0

[00:53:16]	[Recv]	mv 1 8117022 99 50 15

[00:53:16]	[Recv]	mv 1 8117015 102 53 14

[00:53:16]	[Recv]	mv 1 8117013 103 53 14

[00:53:16]	[Recv]	mv 2 2510598 99 51 14

[00:53:16]	[Recv]	mv 2 1972782 95 48 8

[00:53:16]	[Recv]	mv 2 1972783 101 51 14

[00:53:16]	[Recv]	mv 2 1576695 104 54 18

[00:53:16]	[Recv]	mv 2 1576696 100 51 14

[00:53:16]	[Recv]	mv 3 40742 96 49 13

[00:53:16]	[Recv]	in 3 3015 40739 132 42 2 100 100 0 0 0 -1 0 0 -1 - 0 -1 0 0 0 0 0 0 0 0 0 0 0 0 0

[00:53:16]	[Recv]	mv 3 40734 89 31 9

[00:53:16]	[Recv]	mv 3 40731 94 48 13

[00:53:16]	[Recv]	mv 3 40722 96 45 16

[00:53:16]	[Recv]	mv 3 40707 100 50 16

[00:53:16]	[Recv]	mv 3 40706 99 50 16

[00:53:16]	[Recv]	mv 3 40705 99 50 16

[00:53:16]	[Recv]	mv 3 40701 91 34 16

[00:53:16]	[Recv]	mv 3 40688 24 54 11

[00:53:16]	[Recv]	mv 3 40655 99 50 16

[00:53:16]	[Recv]	mv 3 40654 98 50 16

[00:53:16]	[Recv]	mv 2 1972783 101 52 14

[00:53:16]	[Recv]	mv 3 40704 90 19 11

[00:53:16]	[Recv]	mv 3 40667 138 76 11

[00:53:16]	[Recv]	mv 3 40647 96 49 16

[00:53:16]	[Recv]	mv 1 8117022 102 54 15

[00:53:16]	[Recv]	mv 3 40735 100 52 13

[00:53:16]	[Recv]	mv 2 2510598 102 52 14

[00:53:16]	[Recv]	stat 75191 75191 16923 17265 0 1316

[00:53:16]	[Recv]	stat 75191 75191 17040 17265 0 1316

[00:53:16]	[Recv]	mv 3 40724 125 20 11

[00:53:16]	[Recv]	mv 3 40719 138 38 11

[00:53:16]	[Recv]	mv 3 40663 131 43 11

[00:53:16]	[Recv]	mv 3 40657 103 53 16

[00:53:16]	[Recv]	mv 1 8117015 106 53 14

[00:53:16]	[Send]	walk 42 56 0 25
[00:53:16]	[Recv]	mv 2 1972782 97 48 8

[00:53:16]	[Recv]	mv 2 1972783 104 52 14

[00:53:16]	[Recv]	mv 1 8117013 107 53 14

[00:53:17]	[Recv]	mv 3 40740 138 71 9

[00:53:17]	[Recv]	mv 3 40721 103 52 16

[00:53:17]	[Recv]	mv 3 40715 133 73 11

[00:53:17]	[Recv]	mv 3 40665 130 73 11

[00:53:17]	[Recv]	mv 3 40662 130 65 11

[00:53:17]	[Recv]	mv 3 40661 122 60 11

[00:53:17]	[Recv]	mv 3 40648 97 51 16

[00:53:17]	[Recv]	pst 2 2557262 0 100 100 34166 7013 0 0 0

[00:53:17]	[Recv]	pst 2 2557249 1 100 100 42830 3622 0 0 0

[00:53:17]	[Recv]	mv 2 1576695 106 52 18

[00:53:17]	[Recv]	mv 2 1576696 101 49 14

[00:53:17]	[Recv]	mv 3 40742 100 51 13

[00:53:17]	[Recv]	mv 3 40739 133 41 9

[00:53:17]	[Recv]	mv 3 40738 130 63 9

[00:53:17]	[Recv]	mv 3 40734 89 33 9

[00:53:17]	[Recv]	mv 3 40731 98 49 13

[00:53:17]	[Recv]	mv 3 40710 125 61 11

[00:53:17]	[Recv]	mv 3 40701 89 32 11

[00:53:17]	[Recv]	mv 3 40688 28 56 11

[00:53:17]	[Send]	walk 40 53 0 25
[00:53:17]	[Recv]	mv 1 8117022 106 56 15

[00:53:17]	[Recv]	mv 2 1972782 98 48 8

[00:53:17]	[Recv]	mv 2 1972783 105 53 14

[00:53:17]	[Recv]	mv 3 40736 99 49 13

[00:53:17]	[Recv]	mv 3 40704 92 19 11

[00:53:17]	[Recv]	mv 2 2510598 105 55 14

[00:53:17]	[Recv]	mv 1 8117015 107 53 14

[00:53:17]	[Recv]	mv 1 8117013 110 57 14

[00:53:17]	[Recv]	mv 3 40735 100 50 13

[00:53:17]	[Recv]	mv 3 40711 124 79 11

[00:53:17]	[Recv]	mv 3 40708 108 37 11

[00:53:17]	[Recv]	mv 3 40702 87 32 11

[00:53:17]	[Recv]	mv 2 1576695 109 54 18

[00:53:17]	[Recv]	mv 2 1576696 104 50 14

[00:53:17]	[Recv]	mv 1 8117015 110 57 14

[00:53:17]	[Recv]	mv 3 40719 137 37 11

[00:53:17]	[Recv]	mv 3 40714 131 26 11

[00:53:17]	[Recv]	mv 3 40709 118 17 11

[00:53:17]	[Recv]	mv 3 40699 97 49 16

[00:53:17]	[Recv]	mv 3 40697 104 51 16

[00:53:17]	[Recv]	mv 3 40696 90 26 11

[00:53:17]	[Recv]	mv 3 40669 105 49 16

[00:53:17]	[Recv]	mv 3 40663 130 43 11

[00:53:17]	[Recv]	mv 3 40660 120 22 11

[00:53:17]	[Recv]	mv 3 40659 120 13 11

[00:53:17]	[Recv]	mv 3 40658 114 21 11

[00:53:17]	[Recv]	mv 3 40636 32 79 11

[00:53:17]	[Recv]	mv 3 40631 103 51 16

[00:53:17]	[Recv]	mv 2 1972782 100 48 8

[00:53:17]	[Recv]	mv 2 1972783 108 56 14

[00:53:17]	[Send]	walk 36 48 0 25
[00:53:18]	[Recv]	mv 3 40741 100 49 13

[00:53:18]	[Recv]	mv 3 40722 101 48 16

[00:53:18]	[Recv]	mv 3 40712 127 72 11

[00:53:18]	[Recv]	mv 3 40707 105 49 16

[00:53:18]	[Recv]	mv 3 40706 105 50 16

[00:53:18]	[Recv]	mv 3 40705 103 49 16

[00:53:18]	[Recv]	mv 3 40703 100 47 16

[00:53:18]	[Recv]	mv 3 40662 129 66 11

[00:53:18]	[Recv]	mv 3 40656 103 51 16

[00:53:18]	[Recv]	mv 3 40655 104 51 16

[00:53:18]	[Recv]	mv 3 40653 91 27 11

[00:53:18]	[Recv]	mv 3 40648 102 53 16

[00:53:18]	[Recv]	pst 2 2557262 0 100 100 34166 7013 0 0 0

[00:53:18]	[Recv]	pst 2 2557249 1 100 100 42830 3622 0 0 0

[00:53:18]	[Recv]	mv 1 8117022 110 56 15

[00:53:18]	[Recv]	mv 3 40742 104 54 13

[00:53:18]	[Recv]	mv 3 40739 135 39 9

[00:53:18]	[Recv]	mv 3 40738 132 64 9

[00:53:18]	[Recv]	mv 3 40734 91 31 9

[00:53:18]	[Recv]	mv 3 40717 135 64 11

[00:53:18]	[Recv]	mv 3 40701 91 32 11

[00:53:18]	[Recv]	mv 3 40688 29 60 11

[00:53:18]	[Recv]	mv 3 40654 103 50 16

[00:53:18]	[Recv]	mv 3 40647 100 47 16

[00:53:18]	[Recv]	mv 2 2510598 110 55 14

[00:53:18]	[Recv]	mv 2 1972782 101 48 8

[00:53:18]	[Recv]	mv 2 1972783 109 57 14

[00:53:18]	[Recv]	mv 2 1576695 110 56 18

[00:53:18]	[Recv]	mv 2 1576696 106 52 14

[00:53:18]	[Recv]	mv 3 40713 130 46 11

[00:53:18]	[Recv]	mv 1 8117015 114 58 14

[00:53:18]	[Recv]	mv 1 8117013 114 57 14

[00:53:18]	[Recv]	mv 3 40735 105 51 13

[00:53:18]	[Recv]	mv 3 40702 87 33 11

[00:53:18]	[Recv]	mv 3 40657 109 55 16

[00:53:18]	[Recv]	mv 2 1972782 102 48 8

[00:53:18]	[Recv]	mv 2 1972783 113 56 14

[00:53:18]	[Recv]	mv 2 1576695 114 57 18

[00:53:18]	[Recv]	mv 2 1576696 108 52 14

[00:53:18]	[Send]	walk 36 40 1 25
[00:53:18]	[Recv]	stat 75191 75191 17040 17265 0 1316

[00:53:18]	[Recv]	mv 3 40721 108 55 16

[00:53:18]	[Recv]	mv 3 40718 136 29 11

[00:53:18]	[Recv]	mv 3 40699 101 48 16

[00:53:18]	[Recv]	mv 3 40696 89 25 11

[00:53:18]	[Recv]	mv 3 40660 121 22 11

[00:53:18]	[Recv]	mv 3 40659 121 12 11

[00:53:18]	[Recv]	mv 3 40658 115 22 11

[00:53:18]	[Recv]	mv 3 40636 34 80 11

[00:53:18]	[Recv]	mv 1 8117022 114 56 15

[00:53:19]	[Send]	walk 31 39 1 25
[00:53:19]	[Recv]	mv 3 40716 131 78 11

[00:53:19]	[Recv]	mv 3 40707 107 52 16

[00:53:19]	[Recv]	mv 3 40705 107 51 16

[00:53:19]	[Recv]	mv 3 40665 132 73 11

[00:53:19]	[Recv]	mv 3 40656 108 53 16

[00:53:19]	[Recv]	mv 3 40655 107 52 16

[00:53:19]	[Recv]	mv 3 40653 90 26 11

[00:53:19]	[Recv]	mv 3 40648 108 54 16

[00:53:19]	[Recv]	pst 2 2557262 0 100 100 34166 7013 0 0 0

[00:53:19]	[Recv]	pst 2 2557249 1 100 100 42830 3622 0 0 0

[00:53:19]	[Recv]	mv 2 2510598 114 55 14

[00:53:19]	[Recv]	mv 3 40742 109 55 13

[00:53:19]	[Recv]	mv 3 40739 134 40 9

[00:53:19]	[Recv]	mv 3 40738 131 62 9

[00:53:19]	[Recv]	mv 3 40736 103 48 13

[00:53:19]	[Recv]	mv 3 40731 103 47 13

[00:53:19]	[Recv]	mv 3 40717 137 66 11

[00:53:19]	[Recv]	mv 3 40701 92 32 11

[00:53:19]	[Recv]	mv 3 40661 116 58 16

[00:53:19]	[Recv]	mv 3 40654 108 53 16

[00:53:19]	[Recv]	mv 2 1972782 105 48 8

[00:53:19]	[Recv]	mv 2 1972783 115 58 14

[00:53:19]	[Recv]	mv 1 8117013 118 57 14

[00:53:19]	[Recv]	mv 2 1576695 119 56 18

[00:53:19]	[Recv]	mv 2 1576696 112 52 14

[00:53:19]	[Recv]	mv 3 40741 105 47 13

[00:53:19]	[Recv]	mv 3 40704 93 20 11

[00:53:19]	[Recv]	mv 1 8117015 117 58 14

[00:53:19]	[Recv]	mv 1 8117022 116 56 15

[00:53:19]	[Recv]	mv 3 40735 110 51 13

[00:53:19]	[Recv]	mv 3 40702 86 31 11

[00:53:19]	[Recv]	mv 3 40697 110 51 16

[00:53:19]	[Recv]	mv 3 40669 111 51 16

[00:53:19]	[Recv]	mv 3 40657 114 54 16

[00:53:19]	[Recv]	mv 3 40631 109 51 16

[00:53:19]	[Recv]	mv 2 2510598 115 56 14

[00:53:19]	[Recv]	mv 3 40721 114 55 16

[00:53:19]	[Recv]	mv 3 40719 135 38 11

[00:53:19]	[Recv]	mv 3 40714 132 28 11

[00:53:19]	[Recv]	mv 3 40703 104 47 16

[00:53:19]	[Recv]	mv 3 40699 104 48 16

[00:53:19]	[Recv]	mv 3 40696 90 26 11

[00:53:19]	[Recv]	mv 3 40668 139 66 11

[00:53:19]	[Recv]	mv 3 40666 136 34 11

[00:53:19]	[Recv]	mv 3 40659 119 10 11

[00:53:19]	[Recv]	mv 3 40651 83 38 11

[00:53:19]	[Recv]	mv 1 8117022 119 60 15

[00:53:19]	[Recv]	mv 2 2510598 117 59 14

[00:53:20]	[Send]	walk 24 32 0 25
[00:53:20]	[Recv]	mv 3 40722 106 48 16

[00:53:20]	[Recv]	mv 3 40716 132 80 11

[00:53:20]	[Recv]	mv 3 40707 113 53 16

[00:53:20]	[Recv]	mv 3 40706 111 51 16

[00:53:20]	[Recv]	mv 3 40705 113 53 16

[00:53:20]	[Recv]	mv 3 40665 130 75 11

[00:53:20]	[Recv]	mv 3 40662 131 64 11

[00:53:20]	[Recv]	mv 3 40656 113 52 16

[00:53:20]	[Recv]	mv 3 40655 111 52 16

[00:53:20]	[Recv]	mv 3 40653 90 24 11

[00:53:20]	[Recv]	mv 3 40648 113 57 16

[00:53:20]	[Recv]	mv 2 40743 103 6 4

[00:53:20]	[Recv]	pst 2 2557262 0 100 100 34166 7013 0 0 0

[00:53:20]	[Recv]	pst 2 2557249 1 100 100 42830 3622 0 0 0

[00:53:20]	[Recv]	mv 2 1972783 116 58 14

[00:53:20]	[Recv]	mv 3 40742 113 57 13

[00:53:20]	[Recv]	mv 3 40734 89 30 9

[00:53:20]	[Recv]	mv 3 40717 136 65 11

[00:53:20]	[Recv]	mv 3 40701 91 32 11

[00:53:20]	[Recv]	mv 3 40654 106 52 11

[00:53:20]	[Recv]	mv 3 40647 106 47 16

[00:53:20]	[Recv]	mv 2 1576696 115 55 14

[00:53:20]	[Recv]	mv 3 40713 132 44 11

[00:53:20]	[Recv]	mv 3 40710 120 60 16

[00:53:20]	[Recv]	mv 3 40667 137 77 11

[00:53:20]	[Recv]	mv 2 1972782 107 50 8

[00:53:20]	[Recv]	mv 3 40736 108 50 13

[00:53:20]	[Recv]	mv 3 40735 114 54 13

[00:53:20]	[Recv]	mv 3 40731 107 49 13

[00:53:20]	[Recv]	mv 3 40711 125 79 11

[00:53:20]	[Recv]	mv 3 40708 109 39 11

[00:53:20]	[Recv]	mv 3 40702 85 32 11

[00:53:20]	[Recv]	mv 3 40697 115 56 16

[00:53:20]	[Recv]	mv 3 40669 114 56 16

[00:53:20]	[Recv]	mv 3 40657 117 58 16

[00:53:20]	[Recv]	mv 3 40631 114 54 16

[00:53:20]	[Recv]	mv 2 2510598 119 59 14

[00:53:20]	[Recv]	stat 75191 75191 17040 17265 0 1316

[00:53:20]	[Recv]	stat 75191 75191 17157 17265 0 1316

[00:53:20]	[Recv]	mv 1 8117022 122 64 15

[00:53:20]	[Recv]	mv 3 40737 121 64 13

[00:53:20]	[Recv]	mv 3 40725 125 42 11

[00:53:20]	[Recv]	mv 3 40721 120 58 16

[00:53:20]	[Recv]	mv 3 40719 137 37 11

[00:53:20]	[Recv]	mv 3 40703 107 49 16

[00:53:20]	[Recv]	mv 3 40666 136 32 11

[00:53:20]	[Recv]	mv 3 40664 129 52 11

[00:53:20]	[Recv]	mv 3 40663 132 41 11

[00:53:20]	[Recv]	mv 3 40660 119 21 11

[00:53:20]	[Recv]	mv 2 2510598 119 63 14

[00:53:20]	[Recv]	mv 2 1576696 118 58 14

[00:53:21]	[Send]	walk 17 25 0 25
[00:53:21]	[Recv]	mv 3 40712 128 71 11

[00:53:21]	[Recv]	mv 3 40706 116 55 16

[00:53:21]	[Recv]	mv 3 40662 130 66 11

[00:53:21]	[Recv]	mv 3 40655 116 55 16

[00:53:21]	[Recv]	mv 3 40648 117 61 16

[00:53:21]	[Recv]	mv 2 40743 101 8 4

[00:53:21]	[Recv]	pst 2 2557262 0 100 100 34166 7013 0 0 0

[00:53:21]	[Recv]	pst 2 2557249 1 100 100 42830 3622 0 0 0

[00:53:21]	[Recv]	mv 1 8117015 120 61 14

[00:53:21]	[Recv]	mv 2 1972782 110 50 8

[00:53:21]	[Recv]	mv 2 1972783 120 60 14

[00:53:21]	[Recv]	mv 3 40742 116 60 13

[00:53:21]	[Recv]	mv 3 40739 133 41 9

[00:53:21]	[Recv]	mv 3 40738 132 64 9

[00:53:21]	[Recv]	mv 3 40734 90 30 9

[00:53:21]	[Recv]	mv 3 40717 138 67 11

[00:53:21]	[Recv]	mv 3 40701 92 30 11

[00:53:21]	[Recv]	mv 3 40654 112 54 16

[00:53:21]	[Recv]	mv 2 1972782 109 50 8

[00:53:21]	[Recv]	mv 2 1972783 120 61 14

[00:53:21]	[Recv]	mv 1 8117013 121 60 14

[00:53:21]	[Recv]	mv 1 8117015 121 62 14

[00:53:21]	[Recv]	mv 2 1576695 121 60 18

[00:53:21]	[Recv]	mv 2 1576696 120 57 14

[00:53:21]	[Recv]	mv 3 40741 110 51 13

[00:53:21]	[Recv]	mv 3 40713 131 44 11

[00:53:21]	[Recv]	mv 3 40704 94 19 11

[00:53:21]	[Recv]	mv 3 40667 137 76 11

[00:53:21]	[Recv]	mv 2 1576695 123 60 18

[00:53:21]	[Recv]	mv 2 1576696 119 59 14

[00:53:21]	[Recv]	mv 1 8117022 122 66 15

[00:53:21]	[Recv]	mv 1 8117013 122 61 14

[00:53:21]	[Recv]	mv 3 40735 117 57 13

[00:53:21]	[Recv]	mv 3 40708 109 37 11

[00:53:21]	[Recv]	mv 3 40699 108 49 16

[00:53:21]	[Recv]	mv 3 40697 118 58 16

[00:53:21]	[Recv]	mv 3 40669 118 59 16

[00:53:21]	[Recv]	mv 3 40657 119 64 16

[00:53:21]	[Recv]	mv 3 40631 118 58 16

[00:53:21]	[Recv]	mv 2 2510598 122 65 14

[00:53:21]	[Recv]	mv 3 40721 121 64 16

[00:53:21]	[Recv]	mv 3 40718 138 31 11

[00:53:21]	[Recv]	mv 3 40714 133 27 11

[00:53:21]	[Recv]	mv 3 40709 119 15 11

[00:53:21]	[Recv]	mv 3 40707 117 57 16

[00:53:21]	[Recv]	mv 3 40705 117 57 16

[00:53:21]	[Recv]	mv 3 40696 88 27 11

[00:53:21]	[Recv]	mv 3 40668 141 68 11

[00:53:21]	[Recv]	mv 3 40666 134 32 11

[00:53:21]	[Recv]	mv 3 40663 131 42 11

[00:53:21]	[Recv]	mv 3 40658 114 21 11

[00:53:21]	[Recv]	mv 3 40656 117 56 16

[00:53:21]	[Recv]	mv 3 40651 82 39 11

[00:53:21]	[Recv]	mv 1 8117015 124 66 14

[00:53:21]	[Recv]	mv 1 8117022 126 69 15

[00:53:21]	[Recv]	mv 2 1972782 111 52 8

[00:53:21]	[Recv]	mv 2 1972783 123 64 14

[00:53:21]	[Recv]	mv 2 1576696 122 62 14

[00:53:22]	[Recv]	mv 3 40740 137 70 9

[00:53:22]	[Recv]	mv 3 40722 112 53 16

[00:53:22]	[Recv]	mv 3 40715 133 71 11

[00:53:22]	[Recv]	mv 3 40706 121 58 16

[00:53:22]	[Recv]	mv 3 40655 120 59 16

[00:53:22]	[Recv]	mv 3 40648 122 64 16

[00:53:22]	[Recv]	mv 3 40647 110 51 16

[00:53:22]	[Recv]	mv 2 40743 102 6 4

[00:53:22]	[Recv]	pst 2 2557262 0 100 100 34166 7013 0 0 0

[00:53:22]	[Recv]	pst 2 2557249 1 100 100 42830 3622 0 0 0

[00:53:22]	[Recv]	mv 2 2510598 124 68 14

[00:53:22]	[Recv]	mv 2 1972782 112 53 8

[00:53:22]	[Recv]	mv 2 1972783 123 66 14

[00:53:22]	[Recv]	mv 1 8117013 124 65 14

[00:53:22]	[Send]	walk 11 19 0 25
[00:53:22]	[Recv]	mv 2 1576695 123 65 18

[00:53:22]	[Recv]	mv 2 1576696 123 64 14

[00:53:22]	[Recv]	mv 3 40742 119 63 13

[00:53:22]	[Recv]	mv 3 40734 89 32 9

[00:53:22]	[Recv]	mv 3 40712 125 67 16

[00:53:22]	[Recv]	mv 3 40710 122 65 16

[00:53:22]	[Recv]	mv 3 40701 91 28 11

[00:53:22]	[Recv]	mv 3 40662 125 66 16

[00:53:22]	[Recv]	mv 3 40661 121 62 16

[00:53:22]	[Recv]	mv 3 40654 116 58 16

[00:53:22]	[Recv]	mv 3 40741 111 54 13

[00:53:22]	[Recv]	mv 3 40738 127 64 13

[00:53:22]	[Recv]	mv 3 40736 112 54 13

[00:53:22]	[Recv]	mv 3 40731 111 52 13

[00:53:22]	[Recv]	mv 3 40735 120 61 13

[00:53:22]	[Recv]	mv 3 40711 125 80 11

[00:53:22]	[Recv]	mv 3 40708 109 36 11

[00:53:22]	[Recv]	mv 3 40703 113 54 16

[00:53:22]	[Recv]	mv 3 40702 86 31 11

[00:53:22]	[Recv]	mv 3 40699 113 53 16

[00:53:22]	[Recv]	mv 3 40697 122 63 16

[00:53:22]	[Recv]	mv 3 40669 122 64 16

[00:53:22]	[Recv]	mv 3 40657 124 69 16

[00:53:22]	[Recv]	mv 3 40631 122 63 16

[00:53:22]	[Recv]	mv 2 2510598 127 69 14

[00:53:22]	[Recv]	stat 75191 75191 17157 17265 0 1316

[00:53:22]	[Recv]	mv 3 40737 124 67 13

[00:53:22]	[Recv]	mv 3 40725 125 41 11

[00:53:22]	[Recv]	mv 3 40724 124 18 11

[00:53:22]	[Recv]	mv 3 40721 125 68 16

[00:53:22]	[Recv]	mv 3 40719 137 38 11

[00:53:22]	[Recv]	mv 3 40709 118 17 11

[00:53:22]	[Recv]	mv 3 40707 121 61 16

[00:53:22]	[Recv]	mv 3 40705 121 61 16

[00:53:22]	[Recv]	mv 3 40696 89 27 11

[00:53:22]	[Recv]	mv 3 40668 139 68 11

[00:53:22]	[Recv]	mv 3 40656 120 61 16

[00:53:22]	[Recv]	mv 3 40651 83 38 11

[00:53:22]	[Recv]	mv 3 40641 133 49 11

[00:53:22]	[Recv]	mv 3 40636 35 81 11

[00:53:22]	[Recv]	mv 1 8117022 130 71 15

[00:53:22]	[Recv]	mv 1 8117015 127 69 14

[00:53:22]	[Recv]	mv 1 8117013 124 67 14

[00:53:22]	[Recv]	mv 2 1972782 111 54 8

[00:53:22]	[Recv]	mv 2 1972783 126 67 14

[00:53:22]	[Recv]	mv 2 1576695 124 66 18

[00:53:22]	[Recv]	mv 2 1576696 125 67 14

[00:53:23]	[Recv]	mv 3 40716 132 79 11

[00:53:23]	[Recv]	mv 3 40655 123 64 16

[00:53:23]	[Recv]	mv 3 40648 126 68 16

[00:53:23]	[Recv]	mv 2 40743 103 6 4

[00:53:23]	[Recv]	pst 2 2557262 0 100 100 34166 7013 0 0 0

[00:53:23]	[Recv]	pst 2 2557249 1 100 100 42830 3622 0 0 0

[00:53:23]	[Recv]	mv 2 1972782 112 55 8

[00:53:23]	[Recv]	mv 2 1972783 127 68 14

[00:53:23]	[Recv]	mv 3 40742 123 66 13

[00:53:23]	[Recv]	mv 3 40740 132 70 13

[00:53:23]	[Recv]	mv 3 40739 132 39 9

[00:53:23]	[Recv]	mv 3 40734 91 30 9

[00:53:23]	[Recv]	mv 3 40715 129 71 16

[00:53:23]	[Recv]	mv 3 40710 128 69 16

[00:53:23]	[Recv]	mv 3 40665 129 70 16

[00:53:23]	[Recv]	mv 3 40661 125 67 16

[00:53:23]	[Recv]	mv 3 40654 120 62 16

[00:53:23]	[Recv]	mv 1 8117013 128 70 14

[00:53:23]	[Send]	walk 11 10 0 25
[00:53:23]	[Recv]	mv 3 40738 126 66 13

[00:53:23]	[Recv]	mv 3 40731 113 54 13

[00:53:23]	[Recv]	mv 3 40667 136 77 11

[00:53:23]	[Recv]	mv 2 1576695 128 69 18

[00:53:23]	[Recv]	mv 2 1576696 127 68 14

[00:53:23]	[Recv]	mv 1 8117022 132 71 15

[00:53:23]	[Recv]	mv 1 8117015 131 70 14

[00:53:23]	[Recv]	mv 3 40735 123 64 13

[00:53:23]	[Recv]	mv 3 40708 107 37 11

[00:53:23]	[Recv]	mv 2 2510598 131 72 14

[00:53:23]	[Recv]	mv 2 1972782 114 55 8

[00:53:23]	[Recv]	mv 2 1972783 130 70 14

[00:53:23]	[Recv]	mv 3 40737 128 69 13

[00:53:23]	[Recv]	mv 3 40725 125 40 11

[00:53:23]	[Recv]	mv 3 40714 132 26 11

[00:53:23]	[Recv]	mv 3 40707 116 56 11

[00:53:23]	[Recv]	mv 3 40705 116 56 11

[00:53:23]	[Recv]	mv 3 40696 89 25 11

[00:53:23]	[Recv]	mv 3 40660 121 22 11

[00:53:23]	[Recv]	mv 3 40658 114 19 11

[00:53:23]	[Recv]	mv 3 40656 124 65 16

[00:53:24]	[Recv]	in 3 3014 40723 113 30 2 100 100 0 0 0 -1 0 0 -1 - 0 -1 0 0 0 0 0 0 0 0 0 0 0 0 0

[00:53:24]	[Recv]	mv 3 40723 114 27 11

[00:53:24]	[Recv]	mv 3 40712 130 69 16

[00:53:24]	[Recv]	mv 3 40668 133 69 16

[00:53:24]	[Recv]	mv 3 40662 129 69 16

[00:53:24]	[Recv]	mv 3 40655 127 69 16

[00:53:24]	[Recv]	mv 3 40653 90 25 11

[00:53:24]	[Recv]	mv 3 40648 131 70 16

[00:53:24]	[Recv]	mv 3 40647 115 55 16

[00:53:24]	[Recv]	pst 2 2557262 0 100 100 34166 7013 0 0 0

[00:53:24]	[Recv]	pst 2 2557249 1 100 100 42830 3622 0 0 0

[00:53:24]	[Recv]	mv 1 8117022 133 72 15

[00:53:24]	[Send]	walk 5 7 0 25
[00:53:24]	[Recv]	mv 2 2510598 126 69 14

[00:53:24]	[Recv]	mv 1 8117013 131 70 14

[00:53:24]	[Recv]	mv 3 40742 127 68 13

[00:53:24]	[Recv]	mv 3 40741 115 55 13

[00:53:24]	[Recv]	mv 3 40739 133 38 9

[00:53:24]	[Recv]	mv 3 40717 138 65 11

[00:53:24]	[Recv]	mv 3 40701 90 30 11

[00:53:24]	[Recv]	mv 3 40654 125 66 16

[00:53:24]	[Send]	walk 3 8 0 25
[00:53:24]	[Recv]	mv 2 1576695 130 70 18

[00:53:24]	[Recv]	mv 2 1576696 131 69 14

[00:53:24]	[Recv]	mv 3 40713 130 46 11

[00:53:24]	[Recv]	mv 3 40697 126 67 16

[00:53:24]	[Recv]	mv 3 40669 127 67 16

[00:53:24]	[Recv]	mv 3 40631 126 67 16

[00:53:24]	[Recv]	mv 1 8117015 130 70 14

[00:53:24]	[Recv]	mv 2 1972783 126 68 14

[00:53:24]	[Recv]	mv 3 40735 127 67 13

[00:53:24]	[Recv]	mv 3 40711 126 79 11

[00:53:24]	[Recv]	mv 3 40708 106 36 11

[00:53:24]	[Recv]	mv 3 40667 133 72 16

[00:53:24]	[Recv]	mv 2 1972782 117 58 8

[00:53:24]	[Recv]	stat 75191 75191 17157 17265 0 1316

[00:53:24]	[Recv]	stat 75191 75191 17265 17265 0 1316

[00:53:24]	[Recv]	mv 2 2510598 127 69 14

[00:53:24]	[Recv]	mv 3 40736 116 57 13

[00:53:24]	[Recv]	mv 3 40724 123 20 11

[00:53:24]	[Recv]	mv 3 40722 116 57 16

[00:53:24]	[Recv]	mv 3 40714 131 27 11

[00:53:24]	[Recv]	mv 3 40707 121 60 16

[00:53:24]	[Recv]	mv 3 40705 120 60 16

[00:53:24]	[Recv]	mv 3 40703 118 59 16

[00:53:24]	[Recv]	mv 3 40699 117 59 16

[00:53:24]	[Recv]	mv 3 40666 135 34 11

[00:53:24]	[Recv]	mv 3 40663 131 41 11

[00:53:24]	[Recv]	mv 3 40659 121 12 11

[00:53:24]	[Recv]	mv 3 40656 129 69 16

[00:53:24]	[Recv]	mv 3 40651 83 36 11

[00:53:24]	[Recv]	mv 2 2510598 129 69 14

[00:53:25]	[Recv]	mv 3 40723 113 25 11

[00:53:25]	[Recv]	mv 3 40721 129 68 16

[00:53:25]	[Recv]	mv 3 40668 129 71 16

[00:53:25]	[Recv]	mv 3 40661 130 69 16

[00:53:25]	[Recv]	mv 3 40653 91 27 11

[00:53:25]	[Recv]	pst 2 2557262 0 100 100 34166 7013 0 0 0

[00:53:25]	[Recv]	pst 2 2557249 1 100 100 42830 3622 0 0 0

[00:53:25]	[Recv]	mv 2 1972782 118 59 8

[00:53:25]	[Recv]	mv 2 1576696 132 70 14

[00:53:25]	[Send]	preq
[00:53:25]	[Recv]	guri 3 3 40742 129 69 3 8 2 -1 0

[00:53:25]	[Recv]	mv 3 40741 119 58 13

[00:53:25]	[Recv]	guri 3 3 40740 131 70 3 8 2 -1 0

[00:53:25]	[Recv]	mv 3 40739 134 39 9

[00:53:25]	[Recv]	guri 3 3 40737 129 69 3 8 2 -1 0

[00:53:25]	[Recv]	mv 3 40734 91 31 9

[00:53:25]	[Recv]	mv 3 40731 116 57 13

[00:53:25]	[Recv]	guri 3 3 40721 129 69 3 8 2 -1 0

[00:53:25]	[Recv]	mv 3 40717 137 65 11

[00:53:25]	[Recv]	mv 3 40716 132 73 16

[00:53:25]	[Recv]	guri 3 3 40715 129 70 3 8 2 -1 0

[00:53:25]	[Recv]	guri 3 3 40712 130 69 3 8 2 -1 0

[00:53:25]	[Recv]	guri 3 3 40710 129 69 3 8 2 -1 0

[00:53:25]	[Recv]	mv 3 40701 92 28 11

[00:53:25]	[Recv]	guri 3 3 40668 129 70 3 8 2 -1 0

[00:53:25]	[Recv]	guri 3 3 40667 130 70 3 8 2 -1 0

[00:53:25]	[Recv]	guri 3 3 40665 129 69 3 8 2 -1 0

[00:53:25]	[Recv]	guri 3 3 40662 129 69 3 8 2 -1 0

[00:53:25]	[Recv]	guri 3 3 40661 130 69 3 8 2 -1 0

[00:53:25]	[Recv]	guri 3 3 40656 129 69 3 8 2 -1 0

[00:53:25]	[Recv]	guri 3 3 40655 129 69 3 8 2 -1 0

[00:53:25]	[Recv]	guri 3 3 40648 131 70 3 8 2 -1 0

[00:53:25]	[Recv]	mv 2 2510598 130 69 14

[00:53:25]	[Recv]	mv 2 1972783 127 68 14

[00:53:25]	[Recv]	c_map 0 2635 0

[00:53:25]	[Recv]	mapout

[00:53:25]	[Send]	c_close 1
[00:53:25]	[Send]	c_close 0
[00:53:25]	[Send]	f_stash_end 
[00:53:25]	[Send]	c_close 1
[00:53:25]	[Recv]	c_info milkers - -1 3739.918 Sanguinarius 6835325 0 0 1 5 1 27 0 10 0 0 0 0 8151 9

[00:53:25]	[Send]	mall 50
[00:53:25]	[Send]	c_close 1
[00:53:25]	[Recv]	c_mode 1 6835325 3728 0 0 0 100 8151

[00:53:25]	[Recv]	equip 73 78 0.8628.3.7.0.8.82 1.8643.8.7.0.2.82 2.8689.0.0.0.0.0 3.8653.0.2.0.0.0 4.8655.0.0.0.0.0 5.8636.7.8.0.0.82 6.4657.0.0.0.0.0 7.4653.0.0.0.0.0 8.4647.0.0.0.0.0 9.8687.0.0.0.0.0 10.8674.9.0.0.0.0 12.909.0.20.100.0.0 13.8680.0.0.0.0.0 14.8566.0.0.0.0.0 15.8598.0.0.0.0.0 16.8568.0.0.0.0.0 17.8801.0.0.0.0.0

[00:53:25]	[Recv]	lev 99 0 99 0 2140719000 5991794 13364600 200 881816047 91 967912450 0

[00:53:25]	[Recv]	stat 75191 75191 17265 17265 0 1316

[00:53:25]	[Recv]	at 6835325 2636 147 81 2 0 116 1 -1

[00:53:25]	[Recv]	cond 1 6835325 0 0 25

[00:53:25]	[Recv]	cond 1 6835325 0 0 25

[00:53:25]	[Recv]	titinfo 1 6835325 9468 9468

[00:53:25]	[Recv]	eq 6835325 0 0 1 5 1 8689.8643.8628.8636.8687.8674.8680.8566.8598.8568.8801 73 78 100

[00:53:25]	[Recv]	c_map 0 2636 1

[00:53:25]	[Recv]	sc 0 7 4136 4278 1894 37 415 1 8 4111 4311 2101 43 405 7 2246 1268 2064 1268 1784 91 88 127 138

[00:53:25]	[Recv]	char_sc 1 6835325 100

[00:53:25]	[Recv]	gidx 1 6835325 3739.918 Sanguinarius 27 0|0|1

[00:53:25]	[Recv]	rsfp 0 -1

[00:53:25]	[Recv]	pairy 1 6835325 4 3 129 59

[00:53:25]	[Recv]	minipet 1 6835325 8801

[00:53:25]	[Recv]	act6 

[00:53:25]	[Recv]	pinit 2 2|2557262|0|99|@|-1|2789|1|2646|0|0 2|2557249|1|96|@|-1|2762|0|0|0|0


[00:53:25]	[Recv]	food 0

[00:53:25]	[Recv]	mv 3 40810 107 54 11

[00:53:25]	[Recv]	mv 3 40809 105 74 11

[00:53:25]	[Recv]	mv 3 40806 76 22 11

[00:53:25]	[Recv]	mv 3 40800 129 32 8

[00:53:25]	[Recv]	mv 3 40796 112 77 8

[00:53:25]	[Recv]	mv 3 40795 113 52 8

[00:53:25]	[Recv]	mv 3 40792 105 30 8

[00:53:25]	[Recv]	mv 3 40767 121 49 10

[00:53:25]	[Recv]	mv 3 40763 93 28 10

[00:53:25]	[Recv]	mv 3 40759 31 85 10

[00:53:25]	[Recv]	mv 3 40797 119 47 8

[00:53:25]	[Recv]	mv 3 40793 104 56 8

[00:53:25]	[Recv]	mv 3 40785 81 89 8

[00:53:25]	[Recv]	mv 3 40769 129 90 10

[00:53:25]	[Recv]	mv 3 40768 118 75 10

[00:53:25]	[Recv]	mv 3 40828 108 54 11

[00:53:25]	[Recv]	mv 3 40818 13 69 11

[00:53:25]	[Recv]	mv 3 40817 131 67 11

[00:53:25]	[Recv]	mv 3 40808 98 32 11

[00:53:25]	[Recv]	mv 3 40804 42 58 11

[00:53:25]	[Recv]	mv 3 40799 124 86 8

[00:53:25]	[Recv]	mv 3 40790 101 57 8

[00:53:25]	[Recv]	mv 3 40783 70 42 8

[00:53:25]	[Recv]	mv 3 40774 25 78 8

[00:53:25]	[Recv]	mv 3 40760 36 53 10

[00:53:25]	[Recv]	gp 147 81 2635 -1 0 0

[00:53:25]	[Recv]	gp 144 74 1255 -1 1 0

[00:53:25]	[Recv]	gp 20 22 4996 8 2 0

[00:53:25]	[Recv]	wp 8 19 99 4 85 99

[00:53:25]	[Recv]	wp 10 30 101 4 88 99

[00:53:25]	[Recv]	wp 72 20 98 4 85 99

[00:53:25]	[Recv]	in 3 3105 40831 34 65 0 49 100 0 0 0 -1 1 0 -1 - 0 -1 0 0 0 0 0 0 0 0 0 0 0 0 0

[00:53:25]	[Recv]	in 3 3014 40830 128 59 2 100 100 0 0 0 -1 1 0 -1 - 0 -1 0 0 0 0 0 0 0 0 0 0 0 0 0

[00:53:25]	[Recv]	in 3 3014 40829 122 44 2 100 100 0 0 0 -1 1 0 -1 - 0 -1 0 0 0 0 0 0 0 0 0 0 0 0 0

[00:53:25]	[Recv]	in 3 3014 40828 108 54 2 100 100 0 0 0 -1 1 0 -1 - 0 -1 0 0 0 0 0 0 0 0 0 0 0 0 0

[00:53:25]	[Recv]	in 3 3014 40827 100 28 2 100 100 0 0 0 -1 1 0 -1 - 0 -1 0 0 0 0 0 0 0 0 0 0 0 0 0

[00:53:25]	[Recv]	in 3 3014 40826 99 87 2 100 100 0 0 0 -1 1 0 -1 - 0 -1 0 0 0 0 0 0 0 0 0 0 0 0 0

[00:53:25]	[Recv]	in 3 3014 40825 84 48 2 100 100 0 0 0 -1 1 0 -1 - 0 -1 0 0 0 0 0 0 0 0 0 0 0 0 0

[00:53:25]	[Recv]	in 3 3014 40824 81 89 2 100 100 0 0 0 -1 1 0 -1 - 0 -1 0 0 0 0 0 0 0 0 0 0 0 0 0

[00:53:25]	[Recv]	in 3 3014 40823 63 47 2 8 100 0 0 0 -1 1 0 -1 - 0 -1 0 0 0 0 0 0 0 0 0 0 0 0 0

[00:53:25]	[Recv]	in 3 3014 40822 11 50 2 46 100 0 0 0 -1 1 0 -1 - 0 -1 0 0 0 0 0 0 0 0 0 0 0 0 0

[00:53:25]	[Recv]	in 3 3014 40821 41 27 2 100 100 0 0 0 -1 1 0 -1 - 0 -1 0 0 0 0 0 0 0 0 0 0 0 0 0

[00:53:25]	[Recv]	in 3 3014 40820 30 63 2 100 100 0 0 0 -1 1 0 -1 - 0 -1 0 0 0 0 0 0 0 0 0 0 0 0 0

[00:53:25]	[Recv]	in 3 3014 40819 31 84 2 100 100 0 0 0 -1 1 0 -1 - 0 -1 0 0 0 0 0 0 0 0 0 0 0 0 0

[00:53:25]	[Recv]	in 3 3014 40818 13 69 2 100 100 0 0 0 -1 1 0 -1 - 0 -1 0 0 0 0 0 0 0 0 0 0 0 0 0

[00:53:25]	[Recv]	in 3 3013 40817 131 67 2 100 100 0 0 0 -1 1 0 -1 - 0 -1 0 0 0 0 0 0 0 0 0 0 0 0 0

[00:53:25]	[Recv]	in 3 3013 40816 128 37 2 100 100 0 0 0 -1 1 0 -1 - 0 -1 0 0 0 0 0 0 0 0 0 0 0 0 0

[00:53:25]	[Recv]	in 3 3013 40815 127 90 2 70 100 0 0 0 -1 1 0 -1 - 0 -1 0 0 0 0 0 0 0 0 0 0 0 0 0

[00:53:25]	[Recv]	in 3 3013 40814 123 87 2 27 100 0 0 0 -1 1 0 -1 - 0 -1 0 0 0 0 0 0 0 0 0 0 0 0 0

[00:53:25]	[Recv]	in 3 3013 40813 119 24 2 100 100 0 0 0 -1 1 0 -1 - 0 -1 0 0 0 0 0 0 0 0 0 0 0 0 0

[00:53:25]	[Recv]	in 3 3013 40812 121 66 2 100 100 0 0 0 -1 1 0 -1 - 0 -1 0 0 0 0 0 0 0 0 0 0 0 0 0

[00:53:25]	[Recv]	in 3 3013 40811 109 37 2 100 100 0 0 0 -1 1 0 -1 - 0 -1 0 0 0 0 0 0 0 0 0 0 0 0 0

[00:53:25]	[Recv]	in 3 3013 40810 107 54 2 100 100 0 0 0 -1 1 0 -1 - 0 -1 0 0 0 0 0 0 0 0 0 0 0 0 0

[00:53:25]	[Recv]	in 3 3013 40809 105 74 2 100 100 0 0 0 -1 1 0 -1 - 0 -1 0 0 0 0 0 0 0 0 0 0 0 0 0

[00:53:25]	[Recv]	in 3 3013 40808 98 32 2 26 100 0 0 0 -1 1 0 -1 - 0 -1 0 0 0 0 0 0 0 0 0 0 0 0 0

[00:53:25]	[Recv]	in 3 3013 40807 86 51 2 100 100 0 0 0 -1 1 0 -1 - 0 -1 0 0 0 0 0 0 0 0 0 0 0 0 0

[00:53:25]	[Recv]	in 3 3013 40806 76 22 2 100 100 0 0 0 -1 1 0 -1 - 0 -1 0 0 0 0 0 0 0 0 0 0 0 0 0

[00:53:25]	[Recv]	in 3 3013 40805 98 37 2 100 100 0 0 0 -1 1 0 -1 - 0 -1 0 0 0 0 0 0 0 0 0 0 0 0 0

[00:53:25]	[Recv]	in 3 3013 40804 42 58 2 100 100 0 0 0 -1 1 0 -1 - 0 -1 0 0 0 0 0 0 0 0 0 0 0 0 0

[00:53:25]	[Recv]	in 3 3013 40803 25 61 2 100 100 0 0 0 -1 1 0 -1 - 0 -1 0 0 0 0 0 0 0 0 0 0 0 0 0

[00:53:25]	[Recv]	in 3 3013 40802 22 86 2 100 100 0 0 0 -1 1 0 -1 - 0 -1 0 0 0 0 0 0 0 0 0 0 0 0 0

[00:53:25]	[Recv]	in 3 3013 40801 12 71 2 100 100 0 0 0 -1 1 0 -1 - 0 -1 0 0 0 0 0 0 0 0 0 0 0 0 0

[00:53:25]	[Recv]	in 3 3012 40800 129 32 2 100 100 0 0 0 -1 1 0 -1 - 0 -1 0 0 0 0 0 0 0 0 0 0 0 0 0

[00:53:25]	[Recv]	in 3 3012 40799 124 86 2 77 100 0 0 0 -1 1 0 -1 - 0 -1 0 0 0 0 0 0 0 0 0 0 0 0 0

[00:53:25]	[Recv]	in 3 3012 40798 120 30 2 100 100 0 0 0 -1 1 0 -1 - 0 -1 0 0 0 0 0 0 0 0 0 0 0 0 0

[00:53:25]	[Recv]	in 3 3012 40797 119 47 2 100 100 0 0 0 -1 1 0 -1 - 0 -1 0 0 0 0 0 0 0 0 0 0 0 0 0

[00:53:25]	[Recv]	in 3 3012 40796 112 77 2 100 100 0 0 0 -1 1 0 -1 - 0 -1 0 0 0 0 0 0 0 0 0 0 0 0 0

[00:53:25]	[Recv]	in 3 3012 40795 113 52 2 100 100 0 0 0 -1 1 0 -1 - 0 -1 0 0 0 0 0 0 0 0 0 0 0 0 0

[00:53:25]	[Recv]	in 3 3012 40794 108 72 2 100 100 0 0 0 -1 1 0 -1 - 0 -1 0 0 0 0 0 0 0 0 0 0 0 0 0

[00:53:25]	[Recv]	in 3 3012 40793 104 56 2 100 100 0 0 0 -1 1 0 -1 - 0 -1 0 0 0 0 0 0 0 0 0 0 0 0 0

[00:53:25]	[Recv]	in 3 3012 40792 105 30 2 100 100 0 0 0 -1 1 0 -1 - 0 -1 0 0 0 0 0 0 0 0 0 0 0 0 0

[00:53:25]	[Recv]	in 3 3012 40791 105 79 2 100 100 0 0 0 -1 1 0 -1 - 0 -1 0 0 0 0 0 0 0 0 0 0 0 0 0

[00:53:25]	[Recv]	in 3 3012 40790 101 57 2 100 100 0 0 0 -1 1 0 -1 - 0 -1 0 0 0 0 0 0 0 0 0 0 0 0 0

[00:53:25]	[Recv]	in 3 3012 40789 94 84 2 100 100 0 0 0 -1 1 0 -1 - 0 -1 0 0 0 0 0 0 0 0 0 0 0 0 0

[00:53:25]	[Recv]	in 3 3012 40788 90 79 2 100 100 0 0 0 -1 1 0 -1 - 0 -1 0 0 0 0 0 0 0 0 0 0 0 0 0

[00:53:25]	[Recv]	in 3 3012 40787 87 48 2 100 100 0 0 0 -1 1 0 -1 - 0 -1 0 0 0 0 0 0 0 0 0 0 0 0 0

[00:53:25]	[Recv]	in 3 3012 40786 86 46 2 100 100 0 0 0 -1 1 0 -1 - 0 -1 0 0 0 0 0 0 0 0 0 0 0 0 0

[00:53:25]	[Recv]	in 3 3012 40785 81 89 2 100 100 0 0 0 -1 1 0 -1 - 0 -1 0 0 0 0 0 0 0 0 0 0 0 0 0

[00:53:25]	[Recv]	in 3 3012 40784 77 47 2 100 100 0 0 0 -1 1 0 -1 - 0 -1 0 0 0 0 0 0 0 0 0 0 0 0 0

[00:53:25]	[Recv]	in 3 3012 40783 70 42 2 100 100 0 0 0 -1 1 0 -1 - 0 -1 0 0 0 0 0 0 0 0 0 0 0 0 0

[00:53:25]	[Recv]	in 3 3012 40782 60 86 2 100 100 0 0 0 -1 1 0 -1 - 0 -1 0 0 0 0 0 0 0 0 0 0 0 0 0

[00:53:25]	[Recv]	in 3 3012 40781 50 23 2 100 100 0 0 0 -1 1 0 -1 - 0 -1 0 0 0 0 0 0 0 0 0 0 0 0 0

[00:53:25]	[Recv]	in 3 3012 40780 42 27 2 100 100 0 0 0 -1 1 0 -1 - 0 -1 0 0 0 0 0 0 0 0 0 0 0 0 0

[00:53:25]	[Recv]	in 3 3012 40779 36 89 2 100 100 0 0 0 -1 1 0 -1 - 0 -1 0 0 0 0 0 0 0 0 0 0 0 0 0

[00:53:25]	[Recv]	in 3 3012 40778 35 57 2 100 100 0 0 0 -1 1 0 -1 - 0 -1 0 0 0 0 0 0 0 0 0 0 0 0 0

[00:53:25]	[Recv]	in 3 3012 40777 29 80 2 100 100 0 0 0 -1 1 0 -1 - 0 -1 0 0 0 0 0 0 0 0 0 0 0 0 0

[00:53:25]	[Recv]	in 3 3012 40776 26 61 2 100 100 0 0 0 -1 1 0 -1 - 0 -1 0 0 0 0 0 0 0 0 0 0 0 0 0

[00:53:25]	[Recv]	in 3 3012 40775 26 73 2 100 100 0 0 0 -1 1 0 -1 - 0 -1 0 0 0 0 0 0 0 0 0 0 0 0 0

[00:53:25]	[Recv]	in 3 3012 40774 25 78 2 100 100 0 0 0 -1 1 0 -1 - 0 -1 0 0 0 0 0 0 0 0 0 0 0 0 0

[00:53:25]	[Recv]	in 3 3012 40773 23 78 2 100 100 0 0 0 -1 1 0 -1 - 0 -1 0 0 0 0 0 0 0 0 0 0 0 0 0

[00:53:25]	[Recv]	in 3 3012 40772 22 62 2 100 100 0 0 0 -1 1 0 -1 - 0 -1 0 0 0 0 0 0 0 0 0 0 0 0 0

[00:53:25]	[Recv]	in 3 3012 40771 20 71 2 100 100 0 0 0 -1 1 0 -1 - 0 -1 0 0 0 0 0 0 0 0 0 0 0 0 0

[00:53:25]	[Recv]	in 3 3011 40770 131 31 2 100 100 0 0 0 -1 1 0 -1 - 0 -1 0 0 0 0 0 0 0 0 0 0 0 0 0

[00:53:25]	[Recv]	in 3 3011 40769 129 90 2 86 100 0 0 0 -1 1 0 -1 - 0 -1 0 0 0 0 0 0 0 0 0 0 0 0 0

[00:53:25]	[Recv]	in 3 3011 40768 118 75 2 94 100 0 0 0 -1 1 0 -1 - 0 -1 0 0 0 0 0 0 0 0 0 0 0 0 0

[00:53:25]	[Recv]	in 3 3011 40767 121 49 2 100 100 0 0 0 -1 1 0 -1 - 0 -1 0 0 0 0 0 0 0 0 0 0 0 0 0

[00:53:25]	[Recv]	in 3 3011 40766 108 34 2 100 100 0 0 0 -1 1 0 -1 - 0 -1 0 0 0 0 0 0 0 0 0 0 0 0 0

[00:53:25]	[Recv]	in 3 3011 40765 101 70 2 100 100 0 0 0 -1 1 0 -1 - 0 -1 0 0 0 0 0 0 0 0 0 0 0 0 0

[00:53:25]	[Recv]	in 3 3011 40764 99 54 2 100 100 0 0 0 -1 1 0 -1 - 0 -1 0 0 0 0 0 0 0 0 0 0 0 0 0

[00:53:25]	[Recv]	in 3 3011 40763 93 28 2 39 100 0 0 0 -1 1 0 -1 - 0 -1 0 0 0 0 0 0 0 0 0 0 0 0 0

[00:53:25]	[Recv]	in 3 3011 40762 92 81 2 100 100 0 0 0 -1 1 0 -1 - 0 -1 0 0 0 0 0 0 0 0 0 0 0 0 0

[00:53:25]	[Recv]	in 3 3011 40761 104 39 2 100 100 0 0 0 -1 1 0 -1 - 0 -1 0 0 0 0 0 0 0 0 0 0 0 0 0

[00:53:25]	[Recv]	in 3 3011 40760 36 53 2 100 100 0 0 0 -1 1 0 -1 - 0 -1 0 0 0 0 0 0 0 0 0 0 0 0 0

[00:53:25]	[Recv]	in 3 3011 40759 31 85 2 100 100 0 0 0 -1 1 0 -1 - 0 -1 0 0 0 0 0 0 0 0 0 0 0 0 0

[00:53:25]	[Recv]	in 3 3011 40758 16 72 2 100 100 0 0 0 -1 1 0 -1 - 0 -1 0 0 0 0 0 0 0 0 0 0 0 0 0

[00:53:25]	[Recv]	in 2 977 40844 15 21 0 100 100 11029 0 0 -1 1 0 -1 - 0 -1 0 0 0 0 0 0 0 0 0 0 0 0 0

[00:53:25]	[Recv]	in 2 3133 40843 66 23 3 100 100 1 0 0 -1 1 0 -1 - 0 -1 0 0 0 0 0 0 0 0 0 0 0 0 0

[00:53:25]	[Recv]	in 2 3133 40842 28 48 2 100 100 1 0 0 -1 1 0 -1 - 0 -1 0 0 0 0 0 0 0 0 0 0 0 0 0

[00:53:25]	[Recv]	in 2 3133 40841 72 52 0 100 100 1 0 0 -1 1 0 -1 - 0 -1 0 0 0 0 0 0 0 0 0 0 0 0 0

[00:53:25]	[Recv]	in 2 3133 40840 34 18 7 100 100 1 0 0 -1 1 0 -1 - 0 -1 0 0 0 0 0 0 0 0 0 0 0 0 0

[00:53:25]	[Recv]	in 2 3133 40839 128 37 0 100 100 1 0 0 -1 1 0 -1 - 0 -1 0 0 0 0 0 0 0 0 0 0 0 0 0

[00:53:25]	[Recv]	in 2 3133 40838 139 81 0 100 100 1 0 0 -1 1 0 -1 - 0 -1 0 0 0 0 0 0 0 0 0 0 0 0 0

[00:53:25]	[Recv]	in 2 3133 40837 34 45 6 100 100 1 0 0 -1 1 0 -1 - 0 -1 0 0 0 0 0 0 0 0 0 0 0 0 0

[00:53:25]	[Recv]	in 2 3133 40836 60 86 6 100 100 1 0 0 -1 1 0 -1 - 0 -1 0 0 0 0 0 0 0 0 0 0 0 0 0

[00:53:25]	[Recv]	in 2 3133 40835 93 32 1 100 100 1 0 0 -1 1 0 -1 - 0 -1 0 0 0 0 0 0 0 0 0 0 0 0 0

[00:53:25]	[Recv]	in 2 3133 40834 122 45 3 100 100 1 0 0 -1 1 0 -1 - 0 -1 0 0 0 0 0 0 0 0 0 0 0 0 0

[00:53:25]	[Recv]	in 2 3075 40833 9 53 2 100 100 11022 0 0 -1 1 0 -1 - 0 -1 0 0 0 0 0 0 0 0 0 0 0 0 0

[00:53:25]	[Recv]	in 2 3057 40832 49 88 0 100 100 0 0 0 -1 1 0 -1 - 0 -1 0 0 0 0 0 0 0 0 0 0 0 0 0

[00:53:25]	[Recv]	pst 2 2557262 0 100 100 34166 7013 0 0 0

[00:53:25]	[Recv]	pst 2 2557249 1 100 100 42830 3622 0 0 0

[00:53:26]	[Recv]	mv 3 40826 100 86 11

[00:53:26]	[Recv]	mv 3 40824 80 87 11

[00:53:26]	[Recv]	mv 3 40819 29 85 11

[00:53:26]	[Recv]	mv 3 40815 125 89 11

[00:53:26]	[Recv]	mv 3 40803 27 60 11

[00:53:26]	[Recv]	mv 3 40791 104 79 8

[00:53:26]	[Recv]	mv 3 40786 84 46 8

[00:53:26]	[Recv]	mv 3 40773 22 79 8

[00:53:26]	[Send]	walk 144 81 0 25
[00:53:26]	[Recv]	mv 3 40823 64 47 11

[00:53:26]	[Recv]	mv 3 40814 121 85 11

[00:53:26]	[Recv]	mv 3 40811 108 37 11

[00:53:26]	[Recv]	mv 3 40798 122 30 8

[00:53:26]	[Recv]	mv 3 40788 88 77 8

[00:53:26]	[Recv]	mv 3 40782 59 87 8

[00:53:26]	[Recv]	mv 3 40778 34 56 8

[00:53:26]	[Recv]	mv 3 40777 31 81 8

[00:53:26]	[Recv]	mv 3 40772 24 63 8

[00:53:26]	[Recv]	mv 3 40765 102 70 10

[00:53:26]	[Recv]	mv 3 40762 90 82 10

[00:53:26]	[Recv]	mv 3 40810 105 56 11

[00:53:26]	[Recv]	mv 3 40806 75 23 11

[00:53:26]	[Recv]	mv 3 40801 14 73 11

[00:53:26]	[Recv]	mv 3 40795 114 53 8

[00:53:26]	[Recv]	mv 3 40792 106 32 8

[00:53:26]	[Recv]	mv 3 40776 25 61 8

[00:53:26]	[Recv]	mv 3 40767 120 48 10

[00:53:26]	[Recv]	mv 3 40763 95 29 10

[00:53:26]	[Recv]	mv 3 40759 32 85 10

[00:53:26]	[Recv]	mv 3 40758 15 74 10

[00:53:26]	[Recv]	mv 3 40830 127 61 11

[00:53:26]	[Recv]	mv 3 40794 109 72 8

[00:53:26]	[Recv]	mv 3 40785 79 88 8

[00:53:26]	[Recv]	mv 3 40768 120 74 10

[00:53:26]	[Send]	walk 148 80 0 25
[00:53:26]	[Recv]	stat 75191 75191 17265 17265 0 1316

[00:53:26]	[Recv]	mv 3 40829 123 44 11

[00:53:26]	[Recv]	mv 3 40828 107 54 11

[00:53:26]	[Recv]	mv 3 40825 84 47 11

[00:53:26]	[Recv]	mv 3 40818 12 71 11

[00:53:26]	[Recv]	mv 3 40817 132 69 11

[00:53:26]	[Recv]	mv 3 40808 96 30 11

[00:53:26]	[Recv]	mv 3 40804 43 56 11

[00:53:26]	[Recv]	mv 3 40802 22 84 11

[00:53:26]	[Recv]	mv 3 40799 123 88 8

[00:53:26]	[Recv]	mv 3 40790 102 56 8

[00:53:26]	[Recv]	mv 3 40787 85 47 8

[00:53:26]	[Recv]	mv 3 40760 37 53 10

[00:53:26]	[Recv]	in 1 GHIJK - 3576363 9 12 2 0 0 1 67 2 -1.8646.4960.4467.-1.4129.8707.8218.4310.8568.-1 100 100 0 -1 4 1 0 40 0 12 6 82 3037.918 KoNoHaGaKuRe 27 0 10 0 0 99 29 0|0|0 0 0 100 90 0

[00:53:26]	[Recv]	pst 2 2557262 0 100 100 34166 7013 0 0 0

[00:53:26]	[Recv]	pst 2 2557249 1 100 100 42830 3622 0 0 0

[00:53:27]	[Recv]	mv 3 40826 101 88 11

[00:53:27]	[Recv]	mv 3 40821 43 28 11

[00:53:27]	[Recv]	mv 3 40786 82 48 8

[00:53:27]	[Recv]	mv 3 40764 100 54 10

[00:53:27]	[Send]	preq
[00:53:27]	[Recv]	mv 3 40814 121 87 11

[00:53:27]	[Recv]	mv 3 40813 119 25 11

[00:53:27]	[Recv]	mv 3 40798 120 28 8

[00:53:27]	[Recv]	mv 3 40788 90 77 8

[00:53:27]	[Recv]	mv 3 40782 60 85 8

[00:53:27]	[Recv]	mv 3 40780 43 28 8

[00:53:27]	[Recv]	mv 3 40777 31 82 8

[00:53:27]	[Recv]	mv 3 40772 23 64 8

[00:53:27]	[Recv]	mv 3 40771 21 72 8

[00:53:27]	[Recv]	mv 3 40766 106 33 10

[00:53:27]	[Recv]	mv 3 40762 91 81 10

[00:53:27]	[Recv]	sayi 1 6835325 10 94 0 0 0 0 0

[00:53:27]	[Recv]	mv 3 40810 106 54 11

[00:53:27]	[Recv]	mv 3 40806 76 24 11

[00:53:27]	[Recv]	mv 3 40796 113 78 8

[00:53:27]	[Recv]	mv 3 40795 114 55 8

[00:53:27]	[Recv]	mv 3 40792 104 31 8

[00:53:27]	[Recv]	mv 3 40776 27 62 8

[00:53:27]	[Recv]	mv 3 40763 95 28 10

[00:53:27]	[Recv]	mv 3 40759 33 86 10

[00:53:27]	[Recv]	mv 3 40758 14 72 10

[00:53:27]	[Recv]	mv 3 40830 128 59 11

[00:53:27]	[Recv]	mv 3 40797 121 49 8

[00:53:27]	[Recv]	mv 3 40794 108 70 8

[00:53:27]	[Recv]	mv 3 40785 80 86 8

[00:53:27]	[Recv]	mv 3 40768 120 75 10

[00:53:27]	[Recv]	mv 3 40829 125 43 11

[00:53:27]	[Recv]	mv 3 40828 106 53 11

[00:53:27]	[Recv]	mv 3 40825 82 48 11

[00:53:27]	[Recv]	mv 3 40818 11 71 11

[00:53:27]	[Recv]	mv 3 40817 130 68 11

[00:53:27]	[Recv]	mv 3 40807 85 51 11

[00:53:27]	[Recv]	mv 3 40804 42 54 11

[00:53:27]	[Recv]	mv 3 40790 101 55 8

[00:53:27]	[Recv]	mv 3 40789 93 83 8

[00:53:27]	[Recv]	mv 3 40783 72 42 8

[00:53:27]	[Recv]	in 1 lsakitawa - 4372084 10 12 2 0 0 0 7 4 4024.4484.4456.4472.-1.887.4402.4401.-1.-1.-1 100 100 0 -1 4 4 0 0 0 34 4 7 2541.915 Distant_World -3 0 0 0 0 89 3 0|0|0 0 0 100 26 0

[00:53:27]	[Recv]	in 1 Jakoji - 3654279 11 11 2 0 0 1 7 3 8019.174.155.86.4610.8004.4679.4681.8263.4683.-1 100 100 0 -1 4 3 0 4 0 32 0 1 2541.916 Distant_World -5 0 0 0 0 85 3 0|0|0 0 0 100 16 9310

[00:53:27]	[Recv]	pst 2 2557262 0 100 100 34166 7013 0 0 0

[00:53:27]	[Recv]	pst 2 2557249 1 100 100 42830 3622 0 0 0

[00:53:28]	[Recv]	mv 3 40826 100 88 11

[00:53:28]	[Recv]	mv 3 40819 30 84 11

[00:53:28]	[Recv]	mv 3 40815 126 88 11

[00:53:28]	[Recv]	mv 3 40812 120 68 11

[00:53:28]	[Recv]	mv 3 40803 25 62 11

[00:53:28]	[Recv]	mv 3 40773 23 78 8

[00:53:28]	[Recv]	mv 3 40770 130 29 10

[00:53:28]	[Recv]	mv 3 40764 101 52 10

[00:53:28]	[Recv]	mv 3 40816 130 38 11

[00:53:28]	[Recv]	mv 3 40814 122 86 11

[00:53:28]	[Recv]	mv 3 40813 120 25 11

[00:53:28]	[Recv]	mv 3 40798 122 28 8

[00:53:28]	[Recv]	mv 3 40784 76 47 8

[00:53:28]	[Recv]	mv 3 40778 34 55 8

[00:53:28]	[Recv]	mv 3 40772 21 66 8

[00:53:28]	[Recv]	mv 3 40771 21 71 8

[00:53:28]	[Recv]	mv 3 40765 100 71 10

[00:53:28]	[Recv]	mv 3 40762 93 81 10

[00:53:28]	[Recv]	mv 3 40810 108 55 11

[00:53:28]	[Recv]	mv 3 40806 74 23 11

[00:53:28]	[Recv]	mv 3 40796 114 77 8

[00:53:28]	[Recv]	mv 3 40792 105 29 8

[00:53:28]	[Recv]	mv 3 40759 32 84 10

[00:53:28]	[Recv]	mv 3 40794 106 72 8

[00:53:28]	[Recv]	mv 3 40793 104 57 8

[00:53:28]	[Recv]	mv 3 40785 81 88 8

[00:53:28]	[Recv]	mv 3 40779 38 87 8

[00:53:28]	[Recv]	mv 3 40769 127 89 10

[00:53:28]	[Recv]	mv 3 40768 119 74 10

[00:53:28]	[Recv]	stat 75191 75191 17265 17265 0 1316

[00:53:28]	[Recv]	stat 75191 75191 17265 17265 0 1316

[00:53:28]	[Recv]	mv 3 40829 123 41 11

[00:53:28]	[Recv]	mv 3 40825 83 50 11

[00:53:28]	[Recv]	mv 3 40817 131 67 11

[00:53:28]	[Recv]	mv 3 40807 87 49 11

[00:53:28]	[Recv]	mv 3 40804 42 56 11

[00:53:28]	[Recv]	mv 3 40802 20 83 11

[00:53:28]	[Recv]	mv 3 40799 122 87 8

[00:53:28]	[Recv]	mv 3 40789 92 81 8

[00:53:28]	[Recv]	mv 3 40787 86 48 8

[00:53:28]	[Recv]	mv 3 40783 72 43 8

[00:53:28]	[Recv]	mv 3 40774 27 78 8

[00:53:28]	[Recv]	mv 3 40760 36 51 10

[00:53:28]	[Recv]	in 2 317 2553705 12 23 2 100 109 0 0 3 3559280 1 0 2789 Bob 1 0 1 307 308 309 4237 4238 4239 0 2646 0 3 0 0

[00:53:28]	[Recv]	in 2 2762 2553785 14 25 2 109 109 0 0 3 3559280 1 0 -1 @ 2 -1 0 0 0 0 0 0 0 0 0 0 0 6 0

[00:53:28]	[Recv]	in 1 Isakitawa - 3559280 13 24 2 0 0 2 18 1 8837.8644.8813.8820.8687.8675.8707.8566.4309.8568.8801 100 100 0 -1 4 4 0 60 0 11 96 86 3037.918 KoNoHaGaKuRe 27 0 20 0 30 99 29 0|0|0 0 0 100 99 13043

[00:53:28]	[Recv]	in 1 #Black - 4353700 9 17 2 0 1 2 55 3 8042.4481.4453.4469.227.887.4402.4401.8263.-1.-1 100 100 0 -1 4 4 0 0 0 15 6 5 2541.918 Distant_World -4 0 5 0 0 88 3 0|0|0 0 0 100 23 9310

[00:53:28]	[Recv]	in 1 Stoc - 3576455 9 13 2 0 0 0 7 1 8020.994.141.4459.4610.-1.4679.4681.-1.4683.-1 100 100 0 -1 0 0 0 0 0 10 57 55 2541.917 Distant_World -4 0 0 0 0 85 3 0|0|0 0 0 100 16 9326

[00:53:28]	[Recv]	pst 2 2557262 0 100 100 34166 7013 0 0 0

[00:53:28]	[Recv]	pst 2 2557249 1 100 100 42830 3622 0 0 0

[00:53:29]	[Recv]	mv 3 40824 82 89 11

[00:53:29]	[Recv]	mv 3 40821 41 28 11

[00:53:29]	[Recv]	mv 3 40812 120 67 11

[00:53:29]	[Recv]	mv 3 40791 104 81 8

[00:53:29]	[Recv]	mv 3 40786 84 48 8

[00:53:29]	[Recv]	mv 3 40781 49 23 8

[00:53:29]	[Recv]	mv 3 40773 22 77 8

[00:53:29]	[Recv]	mv 3 40770 131 28 10

[00:53:29]	[Recv]	mv 3 40764 102 53 10

[00:53:29]	[Send]	walk 147 82 1 25
[00:53:29]	[Recv]	mv 3 40823 65 48 11

[00:53:29]	[Recv]	mv 3 40816 130 40 11

[00:53:29]	[Recv]	mv 3 40814 121 85 11

[00:53:29]	[Recv]	mv 3 40798 121 29 8

[00:53:29]	[Recv]	mv 3 40788 88 77 8

[00:53:29]	[Recv]	mv 3 40784 77 46 8

[00:53:29]	[Recv]	mv 3 40780 42 29 8

[00:53:29]	[Recv]	mv 3 40777 30 80 8

[00:53:29]	[Recv]	mv 3 40775 25 75 8

[00:53:29]	[Recv]	mv 3 40771 20 73 8

[00:53:29]	[Recv]	mv 3 40766 107 32 10

[00:53:29]	[Recv]	mv 3 40765 100 72 10

[00:53:29]	[Recv]	mv 3 40762 91 82 10

[00:53:29]	[Send]	preq
[00:53:29]	[Recv]	mv 3 40810 106 54 11

[00:53:29]	[Recv]	mv 3 40809 105 72 11

[00:53:29]	[Recv]	mv 3 40806 75 22 11

[00:53:29]	[Recv]	mv 3 40801 16 71 11

[00:53:29]	[Recv]	mv 3 40800 131 34 8

[00:53:29]	[Recv]	mv 3 40776 29 63 8

[00:53:29]	[Recv]	mv 3 40767 120 49 10

[00:53:29]	[Recv]	c_map 0 2636 0

[00:53:29]	[Recv]	mapout

[00:53:29]	[Send]	c_close 1
[00:53:29]	[Send]	c_close 0
[00:53:29]	[Send]	f_stash_end 
[00:53:29]	[Send]	c_close 1
[00:53:29]	[Recv]	c_info milkers - -1 3739.918 Sanguinarius 6835325 0 0 1 5 1 27 0 10 0 0 0 0 8151 9

[00:53:29]	[Send]	mall 50
[00:53:29]	[Send]	c_close 1
[00:53:29]	[Recv]	c_mode 1 6835325 3728 0 0 0 100 8151

[00:53:29]	[Recv]	equip 73 78 0.8628.3.7.0.8.82 1.8643.8.7.0.2.82 2.8689.0.0.0.0.0 3.8653.0.2.0.0.0 4.8655.0.0.0.0.0 5.8636.7.8.0.0.82 6.4657.0.0.0.0.0 7.4653.0.0.0.0.0 8.4647.0.0.0.0.0 9.8687.0.0.0.0.0 10.8674.9.0.0.0.0 12.909.0.20.100.0.0 13.8680.0.0.0.0.0 14.8566.0.0.0.0.0 15.8598.0.0.0.0.0 16.8568.0.0.0.0.0 17.8801.0.0.0.0.0

[00:53:29]	[Recv]	lev 99 0 99 0 2140719000 5991794 13364600 200 881816047 91 967912450 0

[00:53:29]	[Recv]	stat 75191 75191 17265 17265 0 1316

[00:53:29]	[Recv]	at 6835325 2635 2 7 2 0 116 1 -1

[00:53:29]	[Recv]	cond 1 6835325 0 0 25

[00:53:29]	[Recv]	cond 1 6835325 0 0 25

[00:53:29]	[Recv]	titinfo 1 6835325 9468 9468

[00:53:29]	[Recv]	eq 6835325 0 0 1 5 1 8689.8643.8628.8636.8687.8674.8680.8566.8598.8568.8801 73 78 100

[00:53:29]	[Recv]	c_map 0 2635 1

[00:53:29]	[Recv]	sc 0 7 4136 4278 1894 37 415 1 8 4111 4311 2101 43 405 7 2246 1268 2064 1268 1784 91 88 127 138

[00:53:29]	[Recv]	char_sc 1 6835325 100

[00:53:29]	[Recv]	gidx 1 6835325 3739.918 Sanguinarius 27 0|0|1

[00:53:29]	[Recv]	rsfp 0 -1

[00:53:29]	[Recv]	pairy 1 6835325 4 3 129 59

[00:53:29]	[Recv]	minipet 1 6835325 8801

[00:53:29]	[Recv]	act6 

[00:53:29]	[Recv]	pinit 2 2|2557262|0|99|@|-1|2789|1|2646|0|0 2|2557249|1|96|@|-1|2762|0|0|0|0


[00:53:29]	[Recv]	food 0

[00:53:29]	[Recv]	mv 3 40722 109 50 11

[00:53:29]	[Recv]	mv 3 40708 106 36 11

[00:53:29]	[Recv]	mv 3 40702 87 31 11

[00:53:29]	[Recv]	mv 3 40699 129 68 16

[00:53:29]	[Recv]	mv 2 1972783 125 66 14

[00:53:29]	[Recv]	mv 3 40719 135 35 11

[00:53:29]	[Recv]	mv 3 40711 128 74 16

[00:53:29]	[Recv]	mv 3 40709 115 15 11

[00:53:29]	[Recv]	mv 3 40705 109 52 16

[00:53:29]	[Recv]	mv 3 40703 123 64 16

[00:53:29]	[Recv]	mv 3 40666 133 33 11

[00:53:29]	[Recv]	mv 3 40664 132 51 11

[00:53:29]	[Recv]	mv 3 40663 130 39 11

[00:53:29]	[Recv]	mv 3 40651 83 37 11

[00:53:29]	[Recv]	mv 3 40641 131 49 11

[00:53:29]	[Recv]	mv 3 40636 33 79 11

[00:53:29]	[Recv]	gp 2 7 2636 -1 0 0

[00:53:29]	[Recv]	gp 130 2 2633 -1 1 0

[00:53:29]	[Recv]	gp 145 70 2637 -1 2 0

[00:53:29]	[Recv]	gp 57 38 4996 8 3 0

[00:53:29]	[Recv]	wp 27 82 95 4 85 99

[00:53:29]	[Recv]	wp 144 64 104 4 88 99

[00:53:29]	[Recv]	in 3 3015 40742 129 69 2 75 100 0 0 0 -1 1 0 -1 - 0 -1 0 0 0 0 0 0 0 0 0 0 0 0 0

[00:53:29]	[Recv]	in 3 3015 40741 128 68 2 94 100 0 0 0 -1 1 0 -1 - 0 -1 0 0 0 0 0 0 0 0 0 0 0 0 0

[00:53:29]	[Recv]	in 3 3015 40740 131 70 2 76 100 0 0 0 -1 1 0 -1 - 0 -1 0 0 0 0 0 0 0 0 0 0 0 0 0

[00:53:29]	[Recv]	in 3 3015 40739 134 38 2 100 100 0 0 0 -1 1 0 -1 - 0 -1 0 0 0 0 0 0 0 0 0 0 0 0 0

[00:53:29]	[Recv]	in 3 3015 40738 129 69 2 83 100 0 0 0 -1 1 0 -1 - 0 -1 0 0 0 0 0 0 0 0 0 0 0 0 0

[00:53:29]	[Recv]	in 3 3015 40737 129 69 2 74 100 0 0 0 -1 1 0 -1 - 0 -1 0 0 0 0 0 0 0 0 0 0 0 0 0

[00:53:29]	[Recv]	in 3 3015 40736 126 66 2 100 100 0 0 0 -1 1 0 -1 - 0 -1 0 0 0 0 0 0 0 0 0 0 0 0 0

[00:53:29]	[Recv]	in 3 3015 40735 129 69 2 82 100 0 0 0 -1 1 0 -1 - 0 -1 0 0 0 0 0 0 0 0 0 0 0 0 0

[00:53:29]	[Recv]	in 3 3015 40734 90 31 2 100 100 0 0 0 -1 1 0 -1 - 0 -1 0 0 0 0 0 0 0 0 0 0 0 0 0

[00:53:29]	[Recv]	in 3 3015 40731 120 62 2 100 100 0 0 0 -1 1 0 -1 - 0 -1 0 0 0 0 0 0 0 0 0 0 0 0 0

[00:53:29]	[Recv]	in 3 3014 40725 124 41 2 100 100 0 0 0 -1 1 0 -1 - 0 -1 0 0 0 0 0 0 0 0 0 0 0 0 0

[00:53:29]	[Recv]	in 3 3014 40724 125 18 2 100 100 0 0 0 -1 1 0 -1 - 0 -1 0 0 0 0 0 0 0 0 0 0 0 0 0

[00:53:29]	[Recv]	in 3 3014 40723 116 26 2 100 100 0 0 0 -1 1 0 -1 - 0 -1 0 0 0 0 0 0 0 0 0 0 0 0 0

[00:53:29]	[Recv]	in 3 3014 40722 109 50 2 100 100 0 0 0 -1 1 0 -1 - 0 -1 0 0 0 0 0 0 0 0 0 0 0 0 0

[00:53:29]	[Recv]	in 3 3014 40721 129 69 2 57 100 0 0 0 -1 1 0 -1 - 0 -1 0 0 0 0 0 0 0 0 0 0 0 0 0

[00:53:29]	[Recv]	in 3 3014 40719 135 35 2 100 100 0 0 0 -1 1 0 -1 - 0 -1 0 0 0 0 0 0 0 0 0 0 0 0 0

[00:53:29]	[Recv]	in 3 3014 40718 138 31 2 100 100 0 0 0 -1 1 0 -1 - 0 -1 0 0 0 0 0 0 0 0 0 0 0 0 0

[00:53:29]	[Recv]	in 3 3014 40717 136 66 2 100 100 0 0 0 -1 1 0 -1 - 0 -1 0 0 0 0 0 0 0 0 0 0 0 0 0

[00:53:29]	[Recv]	in 3 3014 40716 132 71 2 47 100 0 0 0 -1 1 0 -1 - 0 -1 0 0 0 0 0 0 0 0 0 0 0 0 0

[00:53:29]	[Recv]	in 3 3014 40715 129 70 2 42 100 0 0 0 -1 1 0 -1 - 0 -1 0 0 0 0 0 0 0 0 0 0 0 0 0

[00:53:29]	[Recv]	in 3 3014 40714 133 29 2 100 100 0 0 0 -1 1 0 -1 - 0 -1 0 0 0 0 0 0 0 0 0 0 0 0 0

[00:53:29]	[Recv]	in 3 3014 40713 132 42 2 100 100 0 0 0 -1 1 0 -1 - 0 -1 0 0 0 0 0 0 0 0 0 0 0 0 0

[00:53:29]	[Recv]	in 3 3014 40712 130 69 2 55 100 0 0 0 -1 1 0 -1 - 0 -1 0 0 0 0 0 0 0 0 0 0 0 0 0

[00:53:29]	[Recv]	in 3 3014 40711 128 74 2 100 100 0 0 0 -1 1 0 -1 - 0 -1 0 0 0 0 0 0 0 0 0 0 0 0 0

[00:53:29]	[Recv]	in 3 3014 40710 129 69 2 47 100 0 0 0 -1 1 0 -1 - 0 -1 0 0 0 0 0 0 0 0 0 0 0 0 0

[00:53:29]	[Recv]	in 3 3014 40709 115 15 2 100 100 0 0 0 -1 1 0 -1 - 0 -1 0 0 0 0 0 0 0 0 0 0 0 0 0

[00:53:29]	[Recv]	in 3 3014 40708 106 36 2 100 100 0 0 0 -1 1 0 -1 - 0 -1 0 0 0 0 0 0 0 0 0 0 0 0 0

[00:53:29]	[Recv]	in 3 3014 40707 128 68 2 77 100 0 0 0 -1 1 0 -1 - 0 -1 0 0 0 0 0 0 0 0 0 0 0 0 0

[00:53:29]	[Recv]	in 3 3014 40706 118 55 2 100 100 0 0 0 -1 1 0 -1 - 0 -1 0 0 0 0 0 0 0 0 0 0 0 0 0

[00:53:29]	[Recv]	in 3 3014 40705 109 52 2 100 100 0 0 0 -1 1 0 -1 - 0 -1 0 0 0 0 0 0 0 0 0 0 0 0 0

[00:53:29]	[Recv]	in 3 3014 40704 92 19 2 100 100 0 0 0 -1 1 0 -1 - 0 -1 0 0 0 0 0 0 0 0 0 0 0 0 0

[00:53:29]	[Recv]	in 3 3014 40703 123 64 2 99 100 0 0 0 -1 1 0 -1 - 0 -1 0 0 0 0 0 0 0 0 0 0 0 0 0

[00:53:29]	[Recv]	in 3 3014 40702 87 31 2 100 100 0 0 0 -1 1 0 -1 - 0 -1 0 0 0 0 0 0 0 0 0 0 0 0 0

[00:53:29]	[Recv]	in 3 3014 40701 87 35 2 100 100 0 0 0 -1 1 0 -1 - 0 -1 0 0 0 0 0 0 0 0 0 0 0 0 0

[00:53:29]	[Recv]	in 3 3014 40699 129 68 2 100 100 0 0 0 -1 1 0 -1 - 0 -1 0 0 0 0 0 0 0 0 0 0 0 0 0

[00:53:29]	[Recv]	in 3 3014 40697 129 69 2 45 100 0 0 0 -1 1 0 -1 - 0 -1 0 0 0 0 0 0 0 0 0 0 0 0 0

[00:53:29]	[Recv]	in 3 3014 40696 90 26 4 100 100 0 0 0 -1 1 0 -1 - 0 -1 0 0 0 0 0 0 0 0 0 0 0 0 0

[00:53:29]	[Recv]	in 3 3014 40690 22 78 2 100 100 0 0 0 -1 1 0 -1 - 0 -1 0 0 0 0 0 0 0 0 0 0 0 0 0

[00:53:29]	[Recv]	in 3 3014 40689 22 78 2 100 100 0 0 0 -1 1 0 -1 - 0 -1 0 0 0 0 0 0 0 0 0 0 0 0 0

[00:53:29]	[Recv]	in 3 3014 40688 34 62 2 100 100 0 0 0 -1 1 0 -1 - 0 -1 0 0 0 0 0 0 0 0 0 0 0 0 0

[00:53:29]	[Recv]	in 3 3013 40669 129 69 2 30 100 0 0 0 -1 1 0 -1 - 0 -1 0 0 0 0 0 0 0 0 0 0 0 0 0

[00:53:29]	[Recv]	in 3 3013 40668 129 70 2 35 100 0 0 0 -1 1 0 -1 - 0 -1 0 0 0 0 0 0 0 0 0 0 0 0 0

[00:53:29]	[Recv]	in 3 3013 40667 130 70 2 52 100 0 0 0 -1 1 0 -1 - 0 -1 0 0 0 0 0 0 0 0 0 0 0 0 0

[00:53:29]	[Recv]	in 3 3013 40666 133 33 2 100 100 0 0 0 -1 1 0 -1 - 0 -1 0 0 0 0 0 0 0 0 0 0 0 0 0

[00:53:29]	[Recv]	in 3 3013 40665 129 69 2 54 100 0 0 0 -1 1 0 -1 - 0 -1 0 0 0 0 0 0 0 0 0 0 0 0 0

[00:53:29]	[Recv]	in 3 3013 40664 132 51 2 100 100 0 0 0 -1 1 0 -1 - 0 -1 0 0 0 0 0 0 0 0 0 0 0 0 0

[00:53:29]	[Recv]	in 3 3013 40663 130 39 2 100 100 0 0 0 -1 1 0 -1 - 0 -1 0 0 0 0 0 0 0 0 0 0 0 0 0

[00:53:29]	[Recv]	in 3 3013 40662 129 69 2 55 100 0 0 0 -1 1 0 -1 - 0 -1 0 0 0 0 0 0 0 0 0 0 0 0 0

[00:53:29]	[Recv]	in 3 3013 40661 130 69 2 19 100 0 0 0 -1 1 0 -1 - 0 -1 0 0 0 0 0 0 0 0 0 0 0 0 0

[00:53:29]	[Recv]	in 3 3013 40660 120 24 2 100 100 0 0 0 -1 1 0 -1 - 0 -1 0 0 0 0 0 0 0 0 0 0 0 0 0

[00:53:29]	[Recv]	in 3 3013 40659 121 14 2 100 100 0 0 0 -1 1 0 -1 - 0 -1 0 0 0 0 0 0 0 0 0 0 0 0 0

[00:53:29]	[Recv]	in 3 3013 40658 115 20 2 100 100 0 0 0 -1 1 0 -1 - 0 -1 0 0 0 0 0 0 0 0 0 0 0 0 0

[00:53:29]	[Recv]	in 3 3013 40657 129 69 2 29 100 0 0 0 -1 1 0 -1 - 0 -1 0 0 0 0 0 0 0 0 0 0 0 0 0

[00:53:29]	[Recv]	in 3 3013 40656 129 69 2 43 100 0 0 0 -1 1 0 -1 - 0 -1 0 0 0 0 0 0 0 0 0 0 0 0 0

[00:53:29]	[Recv]	in 3 3013 40655 129 69 2 37 100 0 0 0 -1 1 0 -1 - 0 -1 0 0 0 0 0 0 0 0 0 0 0 0 0

[00:53:29]	[Recv]	in 3 3013 40654 129 69 2 47 100 0 0 0 -1 1 0 -1 - 0 -1 0 0 0 0 0 0 0 0 0 0 0 0 0

[00:53:29]	[Recv]	in 3 3013 40653 87 23 2 56 100 0 0 0 -1 1 0 -1 - 0 -1 0 0 0 0 0 0 0 0 0 0 0 0 0

[00:53:29]	[Recv]	in 3 3013 40651 83 37 2 100 100 0 0 0 -1 1 0 -1 - 0 -1 0 0 0 0 0 0 0 0 0 0 0 0 0

[00:53:29]	[Recv]	in 3 3013 40648 131 70 2 41 100 0 0 0 -1 1 0 -1 - 0 -1 0 0 0 0 0 0 0 0 0 0 0 0 0

[00:53:29]	[Recv]	in 3 3013 40647 127 67 2 84 100 0 0 0 -1 1 0 -1 - 0 -1 0 0 0 0 0 0 0 0 0 0 0 0 0

[00:53:29]	[Recv]	in 3 3013 40646 36 84 2 100 100 0 0 0 -1 1 0 -1 - 0 -1 0 0 0 0 0 0 0 0 0 0 0 0 0

[00:53:29]	[Recv]	in 3 3013 40641 131 49 3 100 100 0 0 0 -1 1 0 -1 - 0 -1 0 0 0 0 0 0 0 0 0 0 0 0 0

[00:53:29]	[Recv]	in 3 3013 40638 21 77 2 100 100 0 0 0 -1 1 0 -1 - 0 -1 0 0 0 0 0 0 0 0 0 0 0 0 0

[00:53:29]	[Recv]	in 3 3013 40636 33 79 2 100 100 0 0 0 -1 1 0 -1 - 0 -1 0 0 0 0 0 0 0 0 0 0 0 0 0

[00:53:29]	[Recv]	in 3 3013 40631 129 69 0 32 100 0 0 0 -1 1 0 -1 - 0 -1 0 0 0 0 0 0 0 0 0 0 0 0 0

[00:53:29]	[Recv]	in 2 3133 40757 28 23 2 100 100 1 0 0 -1 1 0 -1 - 0 -1 0 0 0 0 0 0 0 0 0 0 0 0 0

[00:53:29]	[Recv]	in 2 3133 40756 56 47 3 100 100 1 0 0 -1 1 0 -1 - 0 -1 0 0 0 0 0 0 0 0 0 0 0 0 0

[00:53:29]	[Recv]	in 2 3133 40755 116 25 5 100 100 1 0 0 -1 1 0 -1 - 0 -1 0 0 0 0 0 0 0 0 0 0 0 0 0

[00:53:29]	[Recv]	in 2 3133 40754 92 81 1 100 100 1 0 0 -1 1 0 -1 - 0 -1 0 0 0 0 0 0 0 0 0 0 0 0 0

[00:53:29]	[Recv]	in 2 3133 40753 33 44 0 100 100 1 0 0 -1 1 0 -1 - 0 -1 0 0 0 0 0 0 0 0 0 0 0 0 0

[00:53:29]	[Recv]	in 2 3133 40752 64 60 2 100 100 1 0 0 -1 1 0 -1 - 0 -1 0 0 0 0 0 0 0 0 0 0 0 0 0

[00:53:29]	[Recv]	in 2 3133 40751 126 77 2 100 100 1 0 0 -1 1 0 -1 - 0 -1 0 0 0 0 0 0 0 0 0 0 0 0 0

[00:53:29]	[Recv]	in 2 3133 40750 89 35 5 100 100 1 0 0 -1 1 0 -1 - 0 -1 0 0 0 0 0 0 0 0 0 0 0 0 0

[00:53:29]	[Recv]	in 2 3133 40749 13 6 5 100 100 1 0 0 -1 1 0 -1 - 0 -1 0 0 0 0 0 0 0 0 0 0 0 0 0

[00:53:29]	[Recv]	in 2 3133 40748 58 76 5 100 100 1 0 0 -1 1 0 -1 - 0 -1 0 0 0 0 0 0 0 0 0 0 0 0 0

[00:53:29]	[Recv]	in 2 3054 40747 57 59 0 100 100 0 0 0 -1 1 0 -1 - 0 -1 0 0 0 0 0 0 0 0 0 0 0 0 0

[00:53:29]	[Recv]	in 2 3053 40746 138 76 0 100 100 0 0 0 -1 1 0 -1 - 0 -1 0 0 0 0 0 0 0 0 0 0 0 0 0

[00:53:29]	[Recv]	in 2 3053 40745 122 7 0 100 100 0 0 0 -1 1 0 -1 - 0 -1 0 0 0 0 0 0 0 0 0 0 0 0 0

[00:53:29]	[Recv]	in 2 3053 40744 7 4 0 100 100 0 0 0 -1 1 0 -1 - 0 -1 0 0 0 0 0 0 0 0 0 0 0 0 0

[00:53:29]	[Recv]	in 2 3044 40743 103 6 2 100 100 11013 0 0 -1 1 0 -1 - 0 -1 0 0 0 0 0 0 0 0 0 0 0 0 0

[00:53:29]	[Recv]	in 2 319 2510597 2 9 2 100 100 0 0 3 8117022 1 0 2731 @ 1 0 1 660 661 662 0 0 0 0 2420 0 0 0 0

[00:53:29]	[Recv]	in 2 806 2510598 131 70 2 59 100 0 0 3 8117022 1 0 -1 @ 2 -1 0 0 0 0 0 0 0 0 0 0 0 5 0

[00:53:29]	[Recv]	in 1 subarlashi - 8117022 134 73 2 0 1 0 2 3 4026.4953.4453.4469.4031.886.4660.4616.-1.-1.-1 100 100 0 2 4 3 0 0 0 7 6 37 -1 - 14 0 5 0 7 87 0 0|0|0 0 0 100 29 0

[00:53:29]	[Recv]	pst 2 2557262 0 100 100 34166 7013 0 0 0

[00:53:29]	[Recv]	pst 2 2557249 1 100 100 42830 3622 0 0 0

[00:53:30]	[Recv]	mv 3 40723 116 24 11

[00:53:30]	[Recv]	mv 3 40706 118 56 11

[00:53:30]	[Recv]	mv 3 40653 87 24 11

[00:53:30]	[Recv]	mv 2 40743 102 7 4

[00:53:30]	[Recv]	mv 1 8117022 133 70 15

[00:53:30]	[Recv]	mv 3 40739 136 37 9

[00:53:30]	[Recv]	mv 3 40731 124 65 13

[00:53:30]	[Recv]	mv 3 40701 85 33 11

[00:53:30]	[Recv]	mv 3 40688 36 62 11

[00:53:30]	[Recv]	mv 1 8117013 131 70 14

[00:53:30]	[Send]	walk 8 8 1 25
[00:53:30]	[Recv]	mv 3 40717 131 69 16

[00:53:30]	[Recv]	mv 3 40713 130 42 11

[00:53:30]	[Recv]	mv 3 40702 89 29 11

[00:53:30]	[Recv]	mv 1 8117022 134 72 15

[00:53:30]	[Recv]	stat 75191 75191 17265 17265 0 1316

[00:53:30]	[Send]	walk 16 11 0 25
[00:53:30]	[Recv]	mv 3 40725 123 42 11

[00:53:30]	[Recv]	mv 3 40719 137 36 11

[00:53:30]	[Recv]	mv 3 40718 138 30 11

[00:53:30]	[Recv]	mv 3 40714 131 28 11

[00:53:30]	[Recv]	mv 3 40711 130 69 16

[00:53:30]	[Recv]	mv 3 40709 117 17 11

[00:53:30]	[Recv]	mv 3 40705 100 44 16

[00:53:30]	[Recv]	mv 3 40666 134 33 11

[00:53:30]	[Recv]	mv 3 40664 132 52 11

[00:53:30]	[Recv]	mv 3 40663 132 40 11

[00:53:30]	[Recv]	mv 3 40660 120 23 11

[00:53:30]	[Recv]	mv 3 40659 120 13 11

[00:53:30]	[Recv]	mv 3 40651 84 36 11

[00:53:30]	[Recv]	mv 3 40641 132 48 11

[00:53:30]	[Recv]	in 2 319 1576695 129 70 2 95 88 0 0 3 8117013 1 0 2731 @ 1 0 1 660 661 662 0 0 0 0 2420 0 0 0 0

[00:53:30]	[Recv]	in 2 806 1576696 131 70 2 97 100 0 0 3 8117013 1 0 -1 @ 2 -1 0 0 0 0 0 0 0 0 0 0 0 5 0

[00:53:30]	[Recv]	in 1 dombashiya - 8117013 131 70 1 0 0 1 9 1 4026.4475.4964.4459.4031.887.4660.4616.8598.-1.-1 98 95 0 2 4 4 0 0 0 11 37 42 -1 - 14 0 9 0 13 89 0 0|0|0 0 0 100 41 0

[00:53:30]	[Recv]	pst 2 2557262 0 100 100 34166 7013 0 0 0

[00:53:30]	[Recv]	pst 2 2557249 1 100 100 42830 3622 0 0 0

[00:53:30]	[Recv]	mv 2 1972782 128 68 14

[00:53:31]	[Send]	walk 17 12 0 25
[00:53:31]	[Recv]	mv 3 40706 119 54 11

[00:53:31]	[Recv]	mv 2 40743 102 6 4

[00:53:31]	[Recv]	mv 3 40701 85 34 11

[00:53:31]	[Send]	walk 20 12 0 25
[00:53:31]	[Recv]	mv 3 40713 131 43 11

[00:53:31]	[Send]	walk 21 12 0 25
[00:53:31]	[Send]	walk 23 13 0 25
[00:53:31]	[Recv]	mv 3 40725 125 43 11

[00:53:31]	[Recv]	mv 3 40718 139 29 11

[00:53:31]	[Recv]	mv 3 40709 119 19 11

[00:53:31]	[Recv]	mv 3 40705 101 42 11

[00:53:31]	[Recv]	mv 3 40696 89 24 11

[00:53:31]	[Recv]	mv 3 40664 130 50 11

[00:53:31]	[Recv]	mv 3 40663 131 39 11

[00:53:31]	[Recv]	mv 3 40658 116 20 11

[00:53:31]	[Recv]	mv 2 1972783 127 66 14

[00:53:31]	[Recv]	su 1 8117013 3 40661 906 288 42 3512 0 0 0 0 10201 5 0 0 79926

[00:53:31]	[Recv]	pst 2 2557262 0 100 100 34166 7013 0 0 0

[00:53:31]	[Recv]	pst 2 2557249 1 100 100 42830 3622 0 0 0

[00:53:31]	[Recv]	mv 2 1576696 129 69 14

[00:53:31]	[Send]	walk 26 14 1 25
[00:53:32]	[Recv]	mv 3 40731 128 67 13

[00:53:32]	[Recv]	mv 3 40703 128 65 16

[00:53:32]	[Recv]	mv 3 40653 88 26 11

[00:53:32]	[Recv]	mv 1 8117015 132 71 15

[00:53:32]	[Send]	walk 26 16 0 25
[00:53:32]	[Recv]	mv 3 40701 84 36 11

[00:53:32]	[Recv]	mv 3 40688 39 63 11

[00:53:32]	[Recv]	mv 1 8117015 131 70 15

[00:53:32]	[Recv]	mv 2 1972783 126 66 14

[00:53:32]	[Recv]	mv 2 1576696 130 70 14

[00:53:32]	[Recv]	mv 3 40713 131 42 11

[00:53:32]	[Recv]	mv 3 40708 107 38 11

[00:53:32]	[Send]	walk 24 23 0 25
[00:53:32]	[Recv]	stat 75191 75191 17265 17265 0 1316

[00:53:32]	[Recv]	stat 75191 75191 17265 17265 0 1316

[00:53:32]	[Recv]	mv 3 40724 124 17 11

[00:53:32]	[Recv]	mv 3 40718 139 27 11

[00:53:32]	[Recv]	mv 3 40666 133 31 11

[00:53:32]	[Recv]	mv 3 40660 121 22 11

[00:53:32]	[Recv]	mv 3 40659 122 12 11

[00:53:32]	[Recv]	mv 3 40636 35 80 11

[00:53:32]	[Send]	walk 24 25 1 25
[00:53:32]	[Recv]	in 2 319 1972782 128 68 2 47 98 0 0 3 8117015 1 0 2731 @ 1 0 1 660 661 662 0 4238 0 0 2420 0 0 0 0

[00:53:32]	[Recv]	in 2 806 1972783 126 66 2 39 100 0 0 3 8117015 1 0 -1 @ 2 -1 0 0 0 0 0 0 0 0 0 0 0 5 0

[00:53:32]	[Recv]	in 1 CLScompany - 8117015 131 70 2 0 0 1 9 1 4026.4475.4964.4961.4031.884.4660.4616.-1.-1.-1 86 90 0 2 4 1 0 0 0 2 27 36 -1 - 15 0 5 0 7 87 0 0|0|0 0 0 100 32 0

[00:53:32]	[Recv]	pst 2 2557262 0 100 100 34166 7013 0 0 0

[00:53:32]	[Recv]	pst 2 2557249 1 100 100 42830 3622 0 0 0

[00:53:33]	[Recv]	mv 3 40706 122 59 16

[00:53:33]	[Recv]	su 1 8117015 3 40669 814 135 25 4108 0 0 0 0 8228 5 0 0 79926

[00:53:33]	[Recv]	su 1 8117015 3 40668 814 135 25 4108 0 0 0 0 11321 5 0 0 79926

[00:53:33]	[Recv]	su 1 8117015 3 40667 814 135 25 4108 0 0 0 0 8188 5 0 0 79926

[00:53:33]	[Recv]	su 1 8117015 3 40657 814 135 25 4108 0 0 0 0 7687 5 0 0 79926

[00:53:33]	[Recv]	su 1 8117015 3 40656 814 135 25 4108 0 0 0 0 9043 5 0 0 79926

[00:53:33]	[Recv]	su 1 8117015 3 40655 814 135 25 4108 0 0 0 0 8968 5 0 0 79926

[00:53:33]	[Recv]	su 1 8117015 3 40648 814 135 25 4108 0 0 0 0 8591 5 0 0 79926

[00:53:33]	[Recv]	su 1 8117015 3 40631 814 135 25 4108 0 0 0 0 11717 6 0 0 79926

[00:53:33]	[Send]	walk 24 26 0 25
[00:53:33]	[Recv]	mv 3 40739 134 39 9

[00:53:33]	[Recv]	mv 3 40688 42 64 11

[00:53:33]	[Send]	walk 24 28 1 25
[00:53:33]	[Recv]	mv 1 8117013 132 69 14

[00:53:33]	[Send]	walk 24 29 0 25
[00:53:33]	[Recv]	mv 3 40704 90 20 11

[00:53:33]	[Recv]	msgi2 0 905 14 SKudo 2514 

[00:53:33]	[Recv]	mv 3 40722 106 48 11

[00:53:33]	[Recv]	mv 3 40725 123 43 11

[00:53:33]	[Recv]	mv 3 40714 132 30 11

[00:53:33]	[Recv]	mv 3 40709 119 17 11

[00:53:33]	[Recv]	mv 3 40696 91 26 11

[00:53:33]	[Recv]	drop 2417 8027142 128 70 3 0 -1

[00:53:33]	[Recv]	drop 2460 8027143 130 70 2 0 -1

[00:53:33]	[Recv]	drop 2417 8027144 130 69 3 0 -1

[00:53:33]	[Recv]	drop 1012 8027145 128 71 1 0 -1

[00:53:33]	[Recv]	mv 3 40663 130 41 11

[00:53:33]	[Recv]	mv 3 40660 122 21 11

[00:53:33]	[Recv]	mv 3 40659 121 14 11

[00:53:33]	[Recv]	mv 3 40658 115 22 11

[00:53:33]	[Recv]	mv 3 40651 84 37 11

[00:53:33]	[Recv]	mv 3 40641 132 49 11

[00:53:33]	[Recv]	drop 1012 8027146 130 69 1 0 -1

[00:53:33]	[Recv]	pst 2 2557262 0 100 100 34166 7013 0 0 0

[00:53:33]	[Recv]	pst 2 2557249 1 100 100 42830 3622 0 0 0

[00:53:34]	[Send]	walk 24 36 0 25
[00:53:34]	[Recv]	mv 3 40723 115 26 11

[00:53:34]	[Recv]	mv 3 40706 124 58 11

[00:53:34]	[Recv]	mv 3 40653 87 26 11

[00:53:34]	[Recv]	mv 2 40743 104 8 4

[00:53:34]	[Recv]	mv 3 40734 89 33 9

[00:53:34]	[Recv]	mv 3 40701 82 35 11

[00:53:34]	[Recv]	mv 3 40688 45 63 11

[00:53:34]	[Recv]	su 1 8117013 3 40716 906 288 42 3512 0 0 0 0 12897 5 0 0 87622

[00:53:34]	[Recv]	su 1 8117013 3 40715 906 288 42 3512 0 0 0 0 10012 5 0 0 87622

[00:53:34]	[Recv]	su 1 8117013 3 40710 906 288 42 3512 0 0 0 0 12866 5 0 0 87622

[00:53:34]	[Recv]	su 1 8117013 3 40697 906 288 42 3512 0 0 0 0 13625 5 0 0 87622

[00:53:34]	[Recv]	su 1 8117013 3 40665 906 288 42 3512 0 0 0 0 21031 6 0 0 79926

[00:53:34]	[Recv]	su 1 8117013 3 40654 906 288 42 3512 0 0 0 0 13352 5 0 0 79926

[00:53:34]	[Recv]	mv 3 40713 131 44 11

[00:53:34]	[Recv]	mv 3 40704 92 19 11

[00:53:34]	[Recv]	mv 2 1972783 127 66 14

[00:53:34]	[Recv]	mv 3 40722 101 45 11

[00:53:34]	[Recv]	stat 75191 75191 17265 17265 0 1316

[00:53:34]	[Recv]	mv 3 40724 122 17 11

[00:53:34]	[Recv]	mv 3 40718 137 29 11

[00:53:34]	[Recv]	mv 3 40714 132 29 11

[00:53:34]	[Recv]	mv 3 40705 105 46 16

[00:53:34]	[Recv]	mv 3 40666 134 33 11

[00:53:34]	[Recv]	mv 3 40664 131 52 11

[00:53:34]	[Recv]	mv 3 40660 120 23 11

[00:53:34]	[Recv]	mv 1 8117013 130 69 14

[00:53:34]	[Recv]	pst 2 2557262 0 100 100 34166 7013 0 0 0

[00:53:34]	[Recv]	pst 2 2557249 1 100 100 42830 3622 0 0 0

[00:53:35]	[Send]	walk 28 43 0 25
[00:53:35]	[Recv]	mv 3 40723 116 24 11

[00:53:35]	[Recv]	drop 2282 8027159 133 72 1 0 -1

[00:53:35]	[Recv]	drop 1012 8027160 133 72 1 0 -1

[00:53:35]	[Recv]	drop 2411 8027161 128 68 3 0 -1

[00:53:35]	[Recv]	mv 3 40706 127 63 16

[00:53:35]	[Recv]	drop 2417 8027162 128 69 3 0 -1

[00:53:35]	[Recv]	drop 1007 8027163 129 68 1 0 -1

[00:53:35]	[Recv]	mv 2 40743 102 6 4

[00:53:35]	[Recv]	mv 3 40739 134 41 9

[00:53:35]	[Recv]	mv 3 40701 83 34 11

[00:53:35]	[Recv]	mv 3 40688 47 63 11

[00:53:35]	[Recv]	mv 3 40713 131 46 11

[00:53:35]	[Recv]	mv 3 40704 91 21 11

[00:53:35]	[Recv]	mv 3 40702 88 31 11

[00:53:35]	[Recv]	mv 3 40725 125 42 11

[00:53:35]	[Recv]	mv 3 40724 123 18 11

[00:53:35]	[Recv]	mv 3 40719 135 37 11

[00:53:35]	[Recv]	mv 3 40709 118 18 11

[00:53:35]	[Recv]	mv 3 40705 109 50 16

[00:53:35]	[Recv]	mv 3 40696 90 26 11

[00:53:35]	[Recv]	mv 3 40666 133 32 11

[00:53:35]	[Recv]	mv 3 40664 130 51 11

[00:53:35]	[Recv]	mv 3 40663 131 43 11

[00:53:35]	[Recv]	mv 3 40660 120 24 11

[00:53:35]	[Recv]	mv 3 40651 83 38 11

[00:53:35]	[Recv]	mv 3 40641 131 51 11

[00:53:35]	[Recv]	mv 3 40636 33 81 11

[00:53:35]	[Send]	walk 35 50 1 25
[00:53:35]	[Recv]	pst 2 2557262 0 100 100 34166 7013 0 0 0

[00:53:35]	[Recv]	pst 2 2557249 1 100 100 42830 3622 0 0 0

[00:53:36]	[Recv]	mv 3 40653 89 25 11

[00:53:36]	[Recv]	mv 2 40743 102 5 4

[00:53:36]	[Recv]	mv 1 8117013 131 69 14

[00:53:36]	[Recv]	mv 1 8117022 132 70 15

[00:53:36]	[Recv]	mv 3 40739 136 41 9

[00:53:36]	[Recv]	mv 1 8117013 130 70 14

[00:53:36]	[Recv]	mv 3 40704 90 19 11

[00:53:36]	[Recv]	mv 1 8117015 130 67 15

[00:53:36]	[Recv]	mv 1 8117022 133 71 15

[00:53:36]	[Recv]	mv 3 40708 107 40 11

[00:53:36]	[Recv]	mv 1 8117015 132 71 15

[00:53:36]	[Recv]	stat 75191 75191 17265 17265 0 1316

[00:53:36]	[Recv]	stat 75191 75191 17265 17265 0 1316

[00:53:36]	[Recv]	mv 3 40725 123 43 11

[00:53:36]	[Recv]	mv 3 40719 136 39 11

[00:53:36]	[Recv]	mv 3 40709 117 17 11

[00:53:36]	[Recv]	mv 3 40705 113 54 16

[00:53:36]	[Recv]	mv 3 40696 91 24 11

[00:53:36]	[Recv]	mv 3 40666 134 33 11

[00:53:36]	[Recv]	mv 3 40663 129 43 11

[00:53:36]	[Recv]	mv 3 40660 121 23 11

[00:53:36]	[Recv]	mv 3 40651 84 38 11

[00:53:36]	[Recv]	mv 3 40641 132 49 11

[00:53:36]	[Recv]	mv 3 40636 34 80 11

[00:53:36]	[Recv]	mv 1 8117015 130 67 15

[00:53:36]	[Send]	walk 44 50 1 25
[00:53:36]	[Recv]	pst 2 2557262 0 100 100 34166 7013 0 0 0

[00:53:36]	[Recv]	pst 2 2557249 1 100 100 42830 3622 0 0 0

[00:53:36]	[Recv]	su 1 8117022 3 40712 866 9 11 4401 0 0 0 0 6268 5 0 0 87622

[00:53:37]	[Recv]	su 1 8117013 3 40721 901 50 23 3502 0 0 0 0 9634 5 0 0 87622

[00:53:37]	[Recv]	su 1 8117013 3 40662 901 50 23 3502 0 0 0 0 9531 5 0 0 79926

[00:53:37]	[Recv]	mv 3 40701 84 34 11

[00:53:37]	[Recv]	mv 3 40688 47 65 11

[00:53:37]	[Recv]	mv 2 1972782 128 67 14

[00:53:37]	[Recv]	mv 3 40713 131 45 11

[00:53:37]	[Recv]	mv 3 40704 90 20 11

[00:53:37]	[Recv]	mv 3 40722 99 42 11

[00:53:37]	[Recv]	mv 3 40708 108 38 11

[00:53:37]	[Recv]	mv 1 8117022 132 70 15

[00:53:37]	[Send]	walk 52 54 1 25
[00:53:37]	[Recv]	mv 3 40724 123 17 11

[00:53:37]	[Recv]	drop 2411 8027176 128 69 3 0 -1

[00:53:37]	[Recv]	drop 1046 8027177 129 68 8986 0 -1

[00:53:37]	[Recv]	mv 3 40719 137 37 11

[00:53:37]	[Recv]	mv 3 40718 136 31 11

[00:53:37]	[Recv]	mv 3 40714 131 29 11

[00:53:37]	[Recv]	mv 3 40709 115 19 11

[00:53:37]	[Recv]	mv 3 40666 132 31 11

[00:53:37]	[Recv]	mv 3 40663 130 41 11

[00:53:37]	[Recv]	mv 3 40660 121 21 11

[00:53:37]	[Recv]	mv 3 40659 120 13 11

[00:53:37]	[Recv]	mv 1 8117013 131 69 14

[00:53:37]	[Recv]	pst 2 2557262 0 100 100 34166 7013 0 0 0

[00:53:37]	[Recv]	pst 2 2557249 1 100 100 42830 3622 0 0 0

[00:53:38]	[Recv]	mv 3 40723 115 26 11

[00:53:38]	[Recv]	mv 3 40653 89 27 11

[00:53:38]	[Recv]	mv 3 40739 134 41 9

[00:53:38]	[Recv]	mv 3 40734 89 32 9

[00:53:38]	[Recv]	mv 3 40701 86 33 11

[00:53:38]	[Recv]	mv 3 40688 46 64 11

[00:53:38]	[Recv]	mv 3 40713 131 46 11

[00:53:38]	[Recv]	mv 3 40704 92 20 11

[00:53:38]	[Recv]	mv 3 40722 98 41 11

[00:53:38]	[Recv]	mv 3 40708 108 36 11

[00:53:38]	[Recv]	mv 3 40702 87 29 11

[00:53:38]	[Recv]	mv 1 8117022 135 70 15

[00:53:38]	[Send]	walk 61 54 1 25
[00:53:38]	[Recv]	stat 75191 75191 17265 17265 0 1316

[00:53:38]	[Recv]	mv 1 8117022 134 70 15

[00:53:38]	[Recv]	mv 3 40719 139 37 11

[00:53:38]	[Recv]	mv 3 40718 137 29 11

[00:53:38]	[Recv]	mv 3 40709 117 17 11

[00:53:38]	[Recv]	mv 3 40696 90 24 11

[00:53:38]	[Recv]	mv 3 40663 128 39 11

[00:53:38]	[Recv]	mv 3 40660 122 23 11

[00:53:38]	[Recv]	mv 3 40659 121 13 11

[00:53:38]	[Recv]	mv 3 40658 114 21 11

[00:53:38]	[Recv]	mv 3 40651 85 38 11

[00:53:38]	[Recv]	pst 2 2557262 0 100 100 34166 7013 0 0 0

[00:53:38]	[Recv]	pst 2 2557249 1 100 100 42830 3622 0 0 0

[00:53:39]	[Recv]	mv 3 40723 116 26 11

[00:53:39]	[Recv]	su 3 40703 2 1972783 0 9 11 0 0 0 0 0 325 0 0 0 31971

[00:53:39]	[Recv]	mv 3 40653 90 25 11

[00:53:39]	[Recv]	su 1 8117022 3 40711 866 9 11 4401 0 0 0 0 5251 5 0 0 87622

[00:53:39]	[Send]	walk 65 54 0 25
[00:53:39]	[Recv]	mv 3 40739 133 40 9

[00:53:39]	[Recv]	mv 3 40734 91 31 9

[00:53:39]	[Recv]	mv 3 40706 131 68 16

[00:53:39]	[Recv]	mv 3 40688 46 65 11

[00:53:39]	[Recv]	mv 1 8117015 128 67 15

[00:53:39]	[Recv]	mv 1 8117013 131 71 14

[00:53:39]	[Send]	walk 67 54 1 25
[00:53:39]	[Recv]	mv 3 40704 90 21 11

[00:53:39]	[Recv]	qnamli2 100 #rl 1646 11 2514 SKudo

[00:53:39]	[Recv]	mv 3 40722 100 40 11

[00:53:39]	[Recv]	mv 3 40708 106 38 11

[00:53:39]	[Recv]	mv 1 8117015 131 69 15

[00:53:39]	[Recv]	mv 3 40725 125 42 11

[00:53:39]	[Recv]	mv 3 40724 124 17 11

[00:53:39]	[Recv]	mv 3 40719 137 36 11

[00:53:39]	[Recv]	mv 3 40718 137 30 11

[00:53:39]	[Recv]	mv 3 40714 132 30 11

[00:53:39]	[Recv]	mv 3 40709 117 19 11

[00:53:39]	[Recv]	mv 3 40705 110 50 11

[00:53:39]	[Recv]	mv 3 40664 131 51 11

[00:53:39]	[Recv]	mv 3 40663 128 40 11

[00:53:39]	[Recv]	mv 3 40659 122 12 11

[00:53:39]	[Recv]	mv 3 40658 116 23 11

[00:53:39]	[Recv]	mv 3 40651 83 36 11

[00:53:39]	[Recv]	mv 3 40636 32 81 11

[00:53:39]	[Recv]	pst 2 2557262 0 100 100 34166 7013 0 0 0

[00:53:39]	[Recv]	pst 2 2557249 1 100 100 42830 3622 0 0 0

[00:53:39]	[Recv]	mv 1 8117015 130 68 15

[00:53:40]	[Recv]	mv 3 40741 127 68 13

[00:53:40]	[Recv]	mv 3 40723 116 28 11

[00:53:40]	[Recv]	mv 1 8117015 130 67 15

[00:53:40]	[Recv]	mv 3 40701 85 33 11

[00:53:40]	[Send]	walk 75 51 0 25
[00:53:40]	[Recv]	mv 3 40713 130 44 11

[00:53:40]	[Recv]	mv 3 40704 92 20 11

[00:53:40]	[Recv]	out 2 1972783

[00:53:40]	[Recv]	in 2 806 1972783 129 67 2 49 100 0 0 3 8117015 1 0 -1 @ 2 -1 0 0 0 0 0 0 0 0 0 0 0 5 0

[00:53:40]	[Recv]	mv 3 40722 98 40 11

[00:53:40]	[Recv]	mv 3 40708 107 36 11

[00:53:40]	[Recv]	stat 75191 75191 17265 17265 0 1316

[00:53:40]	[Recv]	stat 75191 75191 17265 17265 0 1316

[00:53:40]	[Recv]	mv 3 40724 125 17 11

[00:53:40]	[Recv]	mv 3 40719 139 38 11

[00:53:40]	[Recv]	mv 3 40714 131 29 11

[00:53:40]	[Recv]	mv 3 40709 117 18 11

[00:53:40]	[Recv]	mv 3 40705 108 48 11

[00:53:40]	[Recv]	mv 3 40696 89 24 11

[00:53:40]	[Recv]	mv 3 40666 133 32 11

[00:53:40]	[Recv]	mv 3 40664 130 51 11

[00:53:40]	[Recv]	mv 3 40663 129 39 11

[00:53:40]	[Recv]	mv 3 40660 122 24 11

[00:53:40]	[Recv]	mv 3 40658 115 23 11

[00:53:40]	[Recv]	mv 3 40651 82 38 11

[00:53:40]	[Recv]	mv 3 40641 132 50 11

[00:53:40]	[Recv]	mv 1 8117013 131 69 14

[00:53:40]	[Recv]	pst 2 2557262 0 100 100 34166 7013 0 0 0

[00:53:40]	[Recv]	pst 2 2557249 1 100 100 42830 3622 0 0 0

[00:53:41]	[Recv]	mv 2 1972783 129 66 14

[00:53:41]	[Recv]	mv 1 8117013 131 70 14

[00:53:41]	[Send]	walk 84 49 1 25
[00:53:41]	[Recv]	mv 3 40739 132 41 9

[00:53:41]	[Recv]	mv 3 40713 129 42 11

[00:53:41]	[Recv]	mv 2 1972782 129 67 14

[00:53:41]	[Recv]	mv 3 40736 130 66 13

[00:53:41]	[Recv]	mv 3 40718 139 29 11

[00:53:41]	[Recv]	mv 3 40709 115 17 11

[00:53:41]	[Recv]	mv 3 40705 104 50 11

[00:53:41]	[Recv]	mv 3 40663 129 40 11

[00:53:41]	[Recv]	mv 3 40659 121 10 11

[00:53:41]	[Recv]	mv 3 40658 114 22 11

[00:53:41]	[Recv]	mv 3 40651 83 39 11

[00:53:41]	[Recv]	mv 3 40641 133 49 11

[00:53:41]	[Recv]	pst 2 2557262 0 100 100 34166 7013 0 0 0

[00:53:41]	[Recv]	pst 2 2557249 1 100 100 42830 3622 0 0 0

[00:53:42]	[Recv]	mv 3 40723 117 26 11

[00:53:42]	[Recv]	mv 3 40653 88 26 11

[00:53:42]	[Send]	walk 93 49 1 25
[00:53:42]	[Recv]	mv 3 40701 84 34 11

[00:53:42]	[Recv]	mv 1 8117022 131 71 15

[00:53:42]	[Recv]	mv 2 1972783 130 67 14

[00:53:42]	[Recv]	mv 3 40713 129 43 11

[00:53:42]	[Recv]	mv 3 40704 91 21 11

[00:53:42]	[Recv]	mv 1 8117022 132 70 15

[00:53:42]	[Recv]	mv 3 40702 87 31 11

[00:53:42]	[Recv]	mv 2 1972783 129 67 14

[00:53:42]	[Recv]	stat 75191 75191 17265 17265 0 1316

[00:53:42]	[Recv]	su 1 8117022 3 40717 866 9 11 4401 0 0 0 0 5394 5 0 0 87622

[00:53:42]	[Recv]	mv 1 8117015 132 69 15

[00:53:42]	[Recv]	mv 3 40718 138 31 11

[00:53:42]	[Recv]	mv 3 40705 100 48 11

[00:53:42]	[Recv]	mv 3 40666 135 31 11

[00:53:42]	[Recv]	mv 3 40660 123 23 11

[00:53:42]	[Recv]	mv 3 40659 122 11 11

[00:53:42]	[Recv]	mv 3 40658 113 23 11

[00:53:42]	[Recv]	mv 3 40636 33 79 11

[00:53:42]	[Recv]	mv 1 8117015 131 68 15

[00:53:42]	[Recv]	pst 2 2557262 0 100 100 34166 7013 0 0 0

[00:53:42]	[Recv]	pst 2 2557249 1 100 100 42830 3622 0 0 0

[00:53:43]	[Send]	walk 101 45 0 25
[00:53:43]	[Recv]	mv 3 40723 115 26 11

[00:53:43]	[Recv]	mv 3 40653 89 27 11

[00:53:43]	[Recv]	mv 3 40739 134 41 9

[00:53:43]	[Recv]	mv 3 40734 91 29 9

[00:53:43]	[Recv]	mv 3 40701 82 33 11

[00:53:43]	[Recv]	mv 1 8117022 135 70 15

[00:53:43]	[Send]	walk 105 45 0 25
[00:53:43]	[Recv]	mv 3 40713 131 43 11

[00:53:43]	[Recv]	mv 3 40704 93 22 11

[00:53:43]	[Recv]	mv 2 1972783 130 67 14

[00:53:43]	[Recv]	su 3 40741 2 1972782 0 11 11 0 0 0 0 0 934 0 0 0 29961

[00:53:43]	[Recv]	mv 3 40722 98 39 11

[00:53:43]	[Recv]	mv 3 40702 88 31 11

[00:53:43]	[Recv]	mv 3 40725 123 41 11

[00:53:43]	[Recv]	mv 3 40724 124 18 11

[00:53:43]	[Recv]	mv 3 40718 136 29 11

[00:53:43]	[Recv]	mv 3 40714 132 30 11

[00:53:43]	[Recv]	mv 3 40705 99 49 11

[00:53:43]	[Recv]	mv 3 40663 128 42 11

[00:53:43]	[Recv]	mv 3 40660 123 22 11

[00:53:43]	[Recv]	mv 3 40651 84 39 11

[00:53:43]	[Recv]	mv 1 8117022 133 72 15

[00:53:43]	[Recv]	pst 2 2557262 0 100 100 34166 7013 0 0 0

[00:53:43]	[Recv]	pst 2 2557249 1 100 100 42830 3622 0 0 0

[00:53:43]	[Recv]	mv 1 8117022 135 70 15

[00:53:43]	[Recv]	mv 1 8117013 130 70 14

[00:53:44]	[Recv]	mv 3 40653 90 25 11

[00:53:44]	[Recv]	mv 3 40738 130 69 13

[00:53:44]	[Recv]	mv 3 40734 92 31 9

[00:53:44]	[Recv]	mv 3 40701 83 35 11

[00:53:44]	[Recv]	mv 1 8117015 130 70 15

[00:53:44]	[Recv]	mv 3 40741 130 69 13

[00:53:44]	[Recv]	mv 3 40713 131 42 11

[00:53:44]	[Send]	walk 108 42 0 25
[00:53:44]	[Send]	walk 108 36 0 25
[00:53:44]	[Recv]	mv 3 40708 106 37 11

[00:53:44]	[Recv]	mv 3 40702 87 33 11

[00:53:44]	[Recv]	stat 75191 75191 17265 17265 0 1316

[00:53:44]	[Recv]	stat 75191 75191 17265 17265 0 1316

[00:53:44]	[Recv]	mv 3 40725 125 39 11

[00:53:44]	[Recv]	mv 3 40724 122 19 11

[00:53:44]	[Recv]	mv 3 40719 137 39 11

[00:53:44]	[Recv]	mv 3 40709 116 17 11

[00:53:44]	[Recv]	mv 3 40696 91 25 11

[00:53:44]	[Recv]	mv 3 40664 130 49 11

[00:53:44]	[Recv]	mv 3 40663 128 41 11

[00:53:44]	[Recv]	mv 3 40660 122 21 11

[00:53:44]	[Recv]	mv 3 40659 122 10 11

[00:53:44]	[Recv]	mv 3 40651 85 38 11

[00:53:44]	[Recv]	mv 3 40636 32 80 11

[00:53:44]	[Recv]	pst 2 2557262 0 100 100 34166 7013 0 0 0

[00:53:44]	[Recv]	pst 2 2557249 1 100 100 42830 3622 0 0 0

[00:53:45]	[Recv]	out 2 1972782

[00:53:45]	[Recv]	in 2 319 1972782 131 70 2 49 100 0 0 3 8117015 1 0 2731 @ 1 0 1 660 661 662 0 4238 0 0 2420 0 0 0 0

[00:53:45]	[Recv]	mv 2 2510598 131 69 14

[00:53:45]	[Recv]	mv 3 40739 133 41 9

[00:53:45]	[Recv]	mv 3 40734 92 30 9

[00:53:45]	[Recv]	mv 3 40701 84 36 11

[00:53:45]	[Recv]	mv 3 40688 47 65 11

[00:53:45]	[Recv]	mv 1 8117022 132 71 15

[00:53:45]	[Recv]	mv 3 40713 130 43 11

[00:53:45]	[Recv]	mv 1 8117013 131 71 14

[00:53:45]	[Send]	walk 115 30 1 25
[00:53:45]	[Recv]	mv 1 8117022 134 70 15

[00:53:45]	[Send]	walk 117 28 1 25
[00:53:45]	[Recv]	mv 3 40722 99 37 11

[00:53:45]	[Recv]	mv 3 40708 108 36 11

[00:53:45]	[Recv]	mv 1 8117015 132 71 15

[00:53:45]	[Recv]	mv 3 40735 131 71 13

[00:53:45]	[Recv]	mv 3 40724 124 17 11

[00:53:45]	[Recv]	mv 3 40719 138 37 11

[00:53:45]	[Recv]	mv 3 40709 115 16 11

[00:53:45]	[Recv]	mv 3 40664 128 49 11

[00:53:45]	[Recv]	mv 3 40651 84 39 11

[00:53:45]	[Recv]	pst 2 2557262 0 100 100 34166 7013 0 0 0

[00:53:45]	[Recv]	pst 2 2557249 1 100 100 42830 3622 0 0 0

[00:53:46]	[Recv]	mv 3 40737 130 70 13

[00:53:46]	[Recv]	mv 3 40653 89 24 11

[00:53:46]	[Recv]	su 1 8117013 3 40740 902 162 25 3504 0 0 0 0 19569 6 0 0 162693

[00:53:46]	[Recv]	mv 3 40739 134 41 9

[00:53:46]	[Recv]	mv 3 40688 47 66 11

[00:53:46]	[Send]	walk 122 26 1 25
[00:53:46]	[Recv]	mv 3 40713 132 43 11

[00:53:46]	[Recv]	mv 1 8117015 131 70 15

[00:53:46]	[Recv]	mv 3 40708 110 37 11

[00:53:46]	[Recv]	stat 75191 75191 17265 17265 0 1316

[00:53:46]	[Send]	walk 121 19 0 25
[00:53:46]	[Recv]	mv 3 40719 138 36 11

[00:53:46]	[Recv]	mv 3 40714 131 28 11

[00:53:46]	[Recv]	mv 3 40709 116 15 11

[00:53:46]	[Recv]	mv 3 40705 97 50 11

[00:53:46]	[Recv]	mv 3 40664 130 50 11

[00:53:46]	[Recv]	mv 3 40663 129 40 11

[00:53:46]	[Recv]	mv 3 40660 123 21 11

[00:53:46]	[Recv]	mv 3 40658 114 22 11

[00:53:46]	[Recv]	mv 1 8117022 131 71 15

[00:53:46]	[Recv]	pst 2 2557262 0 100 100 34166 7013 0 0 0

[00:53:46]	[Recv]	pst 2 2557249 1 100 100 42830 3622 0 0 0

[00:53:47]	[Recv]	mv 2 40743 101 7 4

[00:53:47]	[Recv]	su 1 8117015 3 40699 811 9 13 4102 0 0 0 0 12881 5 0 0 87622

[00:53:47]	[Recv]	mv 1 8117013 131 70 13

[00:53:47]	[Recv]	mv 3 40739 135 41 9

[00:53:47]	[Recv]	mv 1 8117013 130 70 14

[00:53:47]	[Recv]	mv 1 8117022 133 70 15

[00:53:47]	[Recv]	su 3 40731 2 1972783 737 50 11 0 0 0 0 0 12224 3 0 0 31971

[00:53:47]	[Send]	walk 121 12 1 25
[00:53:47]	[Recv]	mv 2 2510598 131 70 14

[00:53:47]	[Recv]	mv 3 40702 88 31 11

[00:53:47]	[Recv]	mv 3 40719 138 35 11

[00:53:47]	[Recv]	mv 3 40718 138 29 11

[00:53:47]	[Recv]	mv 3 40714 130 27 11

[00:53:47]	[Recv]	mv 3 40709 117 17 11

[00:53:47]	[Recv]	mv 3 40703 132 70 16

[00:53:47]	[Recv]	mv 3 40696 90 27 11

[00:53:47]	[Recv]	mv 3 40666 134 32 11

[00:53:47]	[Recv]	mv 3 40659 123 12 11

[00:53:47]	[Recv]	mv 3 40658 113 23 11

[00:53:47]	[Recv]	mv 2 1576696 129 69 14

[00:53:47]	[Recv]	pst 2 2557262 0 100 100 34166 7013 0 0 0

[00:53:47]	[Recv]	pst 2 2557249 1 100 100 42830 3622 0 0 0

[00:53:48]	[Recv]	mv 2 40743 101 8 4

[00:53:48]	[Send]	walk 122 6 0 25
[00:53:48]	[Recv]	mv 3 40701 86 35 11

[00:53:48]	[Recv]	mv 3 40688 46 65 11

[00:53:48]	[Send]	walk 126 6 0 25
[00:53:48]	[Recv]	mv 2 1972782 131 68 14

[00:53:48]	[Recv]	mv 3 40704 93 21 11

[00:53:48]	[Recv]	mv 1 8117013 131 70 14

[00:53:48]	[Recv]	mv 3 40722 100 37 11

[00:53:48]	[Recv]	stat 75191 75191 17265 17265 0 1316

[00:53:48]	[Recv]	stat 75191 75191 17265 17265 0 1316

[00:53:48]	[Recv]	mv 1 8117015 132 70 15

[00:53:48]	[Recv]	mv 3 40724 123 19 11

[00:53:48]	[Recv]	mv 3 40719 138 37 11

[00:53:48]	[Recv]	mv 3 40718 139 29 11

[00:53:48]	[Recv]	mv 3 40714 129 29 11

[00:53:48]	[Recv]	mv 3 40696 88 28 11

[00:53:48]	[Recv]	mv 3 40663 130 40 11

[00:53:48]	[Recv]	mv 3 40659 123 13 11

[00:53:48]	[Recv]	mv 3 40658 115 21 11

[00:53:48]	[Recv]	mv 3 40636 33 80 11

[00:53:48]	[Recv]	out 2 1972783

[00:53:48]	[Recv]	in 2 806 1972783 133 71 2 49 100 0 0 3 8117015 1 0 -1 @ 2 -1 0 0 0 0 0 0 0 0 0 0 0 5 0

[00:53:48]	[Recv]	pst 2 2557262 0 100 100 34166 7013 0 0 0

[00:53:48]	[Recv]	pst 2 2557249 1 100 100 42830 3622 0 0 0

[00:53:49]	[Recv]	mv 2 40743 102 7 4

[00:53:49]	[Recv]	mv 3 40739 133 39 9

[00:53:49]	[Recv]	mv 3 40701 85 33 11

[00:53:49]	[Recv]	mv 2 1972783 131 67 14

[00:53:49]	[Send]	walk 130 2 0 25
[00:53:49]	[Recv]	mv 3 40713 131 44 11

[00:53:49]	[Recv]	su 1 8117015 3 40742 814 135 25 4108 0 0 0 0 12296 6 0 0 162693

[00:53:49]	[Recv]	mv 3 40708 109 37 11

[00:53:49]	[Recv]	mv 3 40719 136 37 11

[00:53:49]	[Recv]	mv 3 40718 137 27 11

[00:53:49]	[Recv]	mv 3 40714 130 29 11

[00:53:49]	[Recv]	mv 3 40705 95 49 11

[00:53:49]	[Recv]	mv 3 40696 88 27 11

[00:53:49]	[Recv]	mv 3 40666 132 32 11

[00:53:49]	[Recv]	mv 3 40664 131 49 11

[00:53:49]	[Recv]	mv 3 40663 131 41 11

[00:53:49]	[Recv]	mv 3 40660 121 23 11

[00:53:49]	[Recv]	mv 3 40659 121 12 11

[00:53:49]	[Recv]	mv 3 40651 84 37 11

[00:53:49]	[Recv]	mv 3 40636 32 81 11

[00:53:49]	[Recv]	pst 2 2557262 0 100 100 34166 7013 0 0 0

[00:53:49]	[Recv]	pst 2 2557249 1 100 100 42830 3622 0 0 0

[00:53:49]	[Recv]	mv 2 1972783 131 69 14

[00:53:49]	[Recv]	mv 1 8117013 131 71 18

[00:53:49]	[Send]	preq
[00:53:50]	[Recv]	mv 3 40723 116 28 11

[00:53:50]	[Recv]	mv 3 40653 87 24 11

[00:53:50]	[Recv]	mv 2 40743 102 6 4

[00:53:50]	[Recv]	c_map 0 2635 0

[00:53:50]	[Recv]	mapout

[00:53:50]	[Send]	c_close 1
[00:53:50]	[Send]	c_close 0
[00:53:50]	[Send]	f_stash_end 
[00:53:50]	[Send]	c_close 1
[00:53:50]	[Recv]	c_info milkers - -1 3739.918 Sanguinarius 6835325 0 0 1 5 1 27 0 10 0 0 0 0 8151 9

[00:53:50]	[Send]	mall 50
[00:53:50]	[Send]	c_close 1
[00:53:50]	[Recv]	c_mode 1 6835325 3728 0 0 0 100 8151

[00:53:50]	[Recv]	equip 73 78 0.8628.3.7.0.8.82 1.8643.8.7.0.2.82 2.8689.0.0.0.0.0 3.8653.0.2.0.0.0 4.8655.0.0.0.0.0 5.8636.7.8.0.0.82 6.4657.0.0.0.0.0 7.4653.0.0.0.0.0 8.4647.0.0.0.0.0 9.8687.0.0.0.0.0 10.8674.9.0.0.0.0 12.909.0.20.100.0.0 13.8680.0.0.0.0.0 14.8566.0.0.0.0.0 15.8598.0.0.0.0.0 16.8568.0.0.0.0.0 17.8801.0.0.0.0.0

[00:53:50]	[Recv]	lev 99 0 99 0 2140719000 5991794 13364600 200 881816047 91 967912450 0

[00:53:50]	[Recv]	stat 75191 75191 17265 17265 0 1316

[00:53:50]	[Recv]	at 6835325 2633 67 97 2 0 114 1 -1

[00:53:50]	[Recv]	cond 1 6835325 0 0 25

[00:53:50]	[Recv]	cond 1 6835325 0 0 25

[00:53:50]	[Recv]	titinfo 1 6835325 9468 9468

[00:53:50]	[Recv]	eq 6835325 0 0 1 5 1 8689.8643.8628.8636.8687.8674.8680.8566.8598.8568.8801 73 78 100

[00:53:50]	[Recv]	c_map 0 2633 1

[00:53:50]	[Recv]	sc 0 7 4136 4278 1894 37 415 1 8 4111 4311 2101 43 405 7 2246 1268 2064 1268 1784 91 88 127 138

[00:53:50]	[Recv]	char_sc 1 6835325 100

[00:53:50]	[Recv]	gidx 1 6835325 3739.918 Sanguinarius 27 0|0|1

[00:53:50]	[Recv]	rsfp 0 -1

[00:53:50]	[Recv]	pairy 1 6835325 4 3 129 59

[00:53:50]	[Recv]	minipet 1 6835325 8801

[00:53:50]	[Recv]	act6 

[00:53:50]	[Recv]	pinit 2 2|2557262|0|99|@|-1|2789|1|2646|0|0 2|2557249|1|96|@|-1|2762|0|0|0|0


[00:53:50]	[Recv]	food 0

[00:53:50]	[Recv]	mv 3 40465 106 35 8

[00:53:50]	[Recv]	mv 3 40450 110 36 9

[00:53:50]	[Recv]	mv 3 40449 108 49 9

[00:53:50]	[Recv]	mv 3 40448 70 84 9

[00:53:50]	[Recv]	mv 3 40441 17 33 9

[00:53:50]	[Recv]	mv 3 40428 53 59 8

[00:53:50]	[Recv]	mv 3 40425 23 44 8

[00:53:50]	[Recv]	mv 3 40480 74 87 9

[00:53:50]	[Recv]	mv 3 40479 73 60 9

[00:53:50]	[Recv]	mv 3 40467 131 43 8

[00:53:50]	[Recv]	mv 3 40464 103 26 8

[00:53:50]	[Recv]	mv 3 40443 34 42 9

[00:53:50]	[Recv]	gp 1 40 2631 -1 0 0

[00:53:50]	[Recv]	gp 67 97 2635 -1 1 0

[00:53:50]	[Recv]	gp 120 2 2634 -1 2 0

[00:53:50]	[Recv]	gp 177 58 2628 -1 3 0

[00:53:50]	[Recv]	in 3 3019 40486 147 48 2 100 100 0 0 0 -1 1 0 -1 - 0 -1 0 0 0 0 0 0 0 0 0 0 0 0 0

[00:53:50]	[Recv]	in 3 3019 40485 136 35 2 63 100 0 0 0 -1 1 0 -1 - 0 -1 0 0 0 0 0 0 0 0 0 0 0 0 0

[00:53:50]	[Recv]	in 3 3019 40484 125 25 2 100 100 0 0 0 -1 1 0 -1 - 0 -1 0 0 0 0 0 0 0 0 0 0 0 0 0

[00:53:50]	[Recv]	in 3 3019 40483 112 47 2 100 100 0 0 0 -1 1 0 -1 - 0 -1 0 0 0 0 0 0 0 0 0 0 0 0 0

[00:53:50]	[Recv]	in 3 3019 40482 92 58 2 100 100 0 0 0 -1 1 0 -1 - 0 -1 0 0 0 0 0 0 0 0 0 0 0 0 0

[00:53:50]	[Recv]	in 3 3019 40481 95 31 2 100 100 0 0 0 -1 1 0 -1 - 0 -1 0 0 0 0 0 0 0 0 0 0 0 0 0

[00:53:50]	[Recv]	in 3 3019 40480 74 87 2 100 100 0 0 0 -1 1 0 -1 - 0 -1 0 0 0 0 0 0 0 0 0 0 0 0 0

[00:53:50]	[Recv]	in 3 3019 40479 73 60 2 100 100 0 0 0 -1 1 0 -1 - 0 -1 0 0 0 0 0 0 0 0 0 0 0 0 0

[00:53:50]	[Recv]	in 3 3019 40478 63 58 2 100 100 0 0 0 -1 1 0 -1 - 0 -1 0 0 0 0 0 0 0 0 0 0 0 0 0

[00:53:50]	[Recv]	in 3 3019 40477 56 69 2 100 100 0 0 0 -1 1 0 -1 - 0 -1 0 0 0 0 0 0 0 0 0 0 0 0 0

[00:53:50]	[Recv]	in 3 3019 40476 43 47 2 100 100 0 0 0 -1 1 0 -1 - 0 -1 0 0 0 0 0 0 0 0 0 0 0 0 0

[00:53:50]	[Recv]	in 3 3019 40475 42 78 2 100 100 0 0 0 -1 1 0 -1 - 0 -1 0 0 0 0 0 0 0 0 0 0 0 0 0

[00:53:50]	[Recv]	in 3 3019 40474 24 27 2 100 100 0 0 0 -1 1 0 -1 - 0 -1 0 0 0 0 0 0 0 0 0 0 0 0 0

[00:53:50]	[Recv]	in 3 3019 40473 67 48 2 100 100 0 0 0 -1 1 0 -1 - 0 -1 0 0 0 0 0 0 0 0 0 0 0 0 0

[00:53:50]	[Recv]	in 3 3019 40472 17 55 2 100 100 0 0 0 -1 1 0 -1 - 0 -1 0 0 0 0 0 0 0 0 0 0 0 0 0

[00:53:50]	[Recv]	in 3 3004 40471 174 55 2 100 100 0 0 0 -1 1 0 -1 - 0 -1 0 0 0 0 0 0 0 0 0 0 0 0 0

[00:53:50]	[Recv]	in 3 3004 40470 149 42 2 78 100 0 0 0 -1 1 0 -1 - 0 -1 0 0 0 0 0 0 0 0 0 0 0 0 0

[00:53:50]	[Recv]	in 3 3004 40469 172 57 2 100 100 0 0 0 -1 1 0 -1 - 0 -1 0 0 0 0 0 0 0 0 0 0 0 0 0

[00:53:50]	[Recv]	in 3 3004 40468 140 33 2 51 100 0 0 0 -1 1 0 -1 - 0 -1 0 0 0 0 0 0 0 0 0 0 0 0 0

[00:53:50]	[Recv]	in 3 3004 40467 131 43 2 59 100 0 0 0 -1 1 0 -1 - 0 -1 0 0 0 0 0 0 0 0 0 0 0 0 0

[00:53:50]	[Recv]	in 3 3004 40466 119 53 2 100 100 0 0 0 -1 1 0 -1 - 0 -1 0 0 0 0 0 0 0 0 0 0 0 0 0

[00:53:50]	[Recv]	in 3 3004 40465 106 35 2 100 100 0 0 0 -1 1 0 -1 - 0 -1 0 0 0 0 0 0 0 0 0 0 0 0 0

[00:53:50]	[Recv]	in 3 3004 40464 103 26 2 100 100 0 0 0 -1 1 0 -1 - 0 -1 0 0 0 0 0 0 0 0 0 0 0 0 0

[00:53:50]	[Recv]	in 3 3004 40463 77 82 2 100 100 0 0 0 -1 1 0 -1 - 0 -1 0 0 0 0 0 0 0 0 0 0 0 0 0

[00:53:50]	[Recv]	in 3 3004 40462 68 71 2 100 100 0 0 0 -1 1 0 -1 - 0 -1 0 0 0 0 0 0 0 0 0 0 0 0 0

[00:53:50]	[Recv]	in 3 3004 40461 57 88 2 100 100 0 0 0 -1 1 0 -1 - 0 -1 0 0 0 0 0 0 0 0 0 0 0 0 0

[00:53:50]	[Recv]	in 3 3004 40460 35 46 2 100 100 0 0 0 -1 1 0 -1 - 0 -1 0 0 0 0 0 0 0 0 0 0 0 0 0

[00:53:50]	[Recv]	in 3 3004 40459 28 55 2 100 100 0 0 0 -1 1 0 -1 - 0 -1 0 0 0 0 0 0 0 0 0 0 0 0 0

[00:53:50]	[Recv]	in 3 3004 40458 27 31 2 100 100 0 0 0 -1 1 0 -1 - 0 -1 0 0 0 0 0 0 0 0 0 0 0 0 0

[00:53:50]	[Recv]	in 3 3004 40457 21 25 2 100 100 0 0 0 -1 1 0 -1 - 0 -1 0 0 0 0 0 0 0 0 0 0 0 0 0

[00:53:50]	[Recv]	in 3 3004 40456 15 51 2 100 100 0 0 0 -1 1 0 -1 - 0 -1 0 0 0 0 0 0 0 0 0 0 0 0 0

[00:53:50]	[Recv]	in 3 3003 40455 158 50 2 100 100 0 0 0 -1 1 0 -1 - 0 -1 0 0 0 0 0 0 0 0 0 0 0 0 0

[00:53:50]	[Recv]	in 3 3003 40454 153 36 2 100 100 0 0 0 -1 1 0 -1 - 0 -1 0 0 0 0 0 0 0 0 0 0 0 0 0

[00:53:50]	[Recv]	in 3 3003 40453 141 41 2 100 100 0 0 0 -1 1 0 -1 - 0 -1 0 0 0 0 0 0 0 0 0 0 0 0 0

[00:53:50]	[Recv]	in 3 3003 40452 139 48 2 100 100 0 0 0 -1 1 0 -1 - 0 -1 0 0 0 0 0 0 0 0 0 0 0 0 0

[00:53:50]	[Recv]	in 3 3003 40451 114 19 2 100 100 0 0 0 -1 1 0 -1 - 0 -1 0 0 0 0 0 0 0 0 0 0 0 0 0

[00:53:50]	[Recv]	in 3 3003 40450 110 36 2 100 100 0 0 0 -1 1 0 -1 - 0 -1 0 0 0 0 0 0 0 0 0 0 0 0 0

[00:53:50]	[Recv]	in 3 3003 40449 108 49 2 100 100 0 0 0 -1 1 0 -1 - 0 -1 0 0 0 0 0 0 0 0 0 0 0 0 0

[00:53:50]	[Recv]	in 3 3003 40448 70 84 2 100 100 0 0 0 -1 1 0 -1 - 0 -1 0 0 0 0 0 0 0 0 0 0 0 0 0

[00:53:50]	[Recv]	in 3 3003 40447 62 54 2 100 100 0 0 0 -1 1 0 -1 - 0 -1 0 0 0 0 0 0 0 0 0 0 0 0 0

[00:53:50]	[Recv]	in 3 3003 40446 59 72 2 100 100 0 0 0 -1 1 0 -1 - 0 -1 0 0 0 0 0 0 0 0 0 0 0 0 0

[00:53:50]	[Recv]	in 3 3003 40445 48 80 2 100 100 0 0 0 -1 1 0 -1 - 0 -1 0 0 0 0 0 0 0 0 0 0 0 0 0

[00:53:50]	[Recv]	in 3 3003 40444 45 67 2 100 100 0 0 0 -1 1 0 -1 - 0 -1 0 0 0 0 0 0 0 0 0 0 0 0 0

[00:53:50]	[Recv]	in 3 3003 40443 34 42 2 100 100 0 0 0 -1 1 0 -1 - 0 -1 0 0 0 0 0 0 0 0 0 0 0 0 0

[00:53:50]	[Recv]	in 3 3003 40442 20 51 2 100 100 0 0 0 -1 1 0 -1 - 0 -1 0 0 0 0 0 0 0 0 0 0 0 0 0

[00:53:50]	[Recv]	in 3 3003 40441 17 33 2 100 100 0 0 0 -1 1 0 -1 - 0 -1 0 0 0 0 0 0 0 0 0 0 0 0 0

[00:53:50]	[Recv]	in 3 3003 40440 15 37 2 100 100 0 0 0 -1 1 0 -1 - 0 -1 0 0 0 0 0 0 0 0 0 0 0 0 0

[00:53:50]	[Recv]	in 3 3002 40439 148 56 2 100 100 0 0 0 -1 1 0 -1 - 0 -1 0 0 0 0 0 0 0 0 0 0 0 0 0

[00:53:50]	[Recv]	in 3 3002 40438 147 35 2 72 100 0 0 0 -1 1 0 -1 - 0 -1 0 0 0 0 0 0 0 0 0 0 0 0 0

[00:53:50]	[Recv]	in 3 3002 40437 135 34 2 88 100 0 0 0 -1 1 0 -1 - 0 -1 0 0 0 0 0 0 0 0 0 0 0 0 0

[00:53:50]	[Recv]	in 3 3002 40436 133 47 2 69 100 0 0 0 -1 1 0 -1 - 0 -1 0 0 0 0 0 0 0 0 0 0 0 0 0

[00:53:50]	[Recv]	in 3 3002 40435 116 39 2 100 100 0 0 0 -1 1 0 -1 - 0 -1 0 0 0 0 0 0 0 0 0 0 0 0 0

[00:53:50]	[Recv]	in 3 3002 40434 111 24 2 100 100 0 0 0 -1 1 0 -1 - 0 -1 0 0 0 0 0 0 0 0 0 0 0 0 0

[00:53:50]	[Recv]	in 3 3002 40433 100 53 2 100 100 0 0 0 -1 1 0 -1 - 0 -1 0 0 0 0 0 0 0 0 0 0 0 0 0

[00:53:50]	[Recv]	in 3 3002 40432 100 41 2 100 100 0 0 0 -1 1 0 -1 - 0 -1 0 0 0 0 0 0 0 0 0 0 0 0 0

[00:53:50]	[Recv]	in 3 3002 40431 76 69 2 100 100 0 0 0 -1 1 0 -1 - 0 -1 0 0 0 0 0 0 0 0 0 0 0 0 0

[00:53:50]	[Recv]	in 3 3002 40430 63 84 2 100 100 0 0 0 -1 1 0 -1 - 0 -1 0 0 0 0 0 0 0 0 0 0 0 0 0

[00:53:50]	[Recv]	in 3 3002 40429 57 75 2 100 100 0 0 0 -1 1 0 -1 - 0 -1 0 0 0 0 0 0 0 0 0 0 0 0 0

[00:53:50]	[Recv]	in 3 3002 40428 53 59 2 100 100 0 0 0 -1 1 0 -1 - 0 -1 0 0 0 0 0 0 0 0 0 0 0 0 0

[00:53:50]	[Recv]	in 3 3002 40427 42 54 2 100 100 0 0 0 -1 1 0 -1 - 0 -1 0 0 0 0 0 0 0 0 0 0 0 0 0

[00:53:50]	[Recv]	in 3 3002 40426 85 37 2 100 100 0 0 0 -1 1 0 -1 - 0 -1 0 0 0 0 0 0 0 0 0 0 0 0 0

[00:53:50]	[Recv]	in 3 3002 40425 23 44 2 100 100 0 0 0 -1 1 0 -1 - 0 -1 0 0 0 0 0 0 0 0 0 0 0 0 0

[00:53:50]	[Recv]	in 2 3133 40523 161 33 3 100 100 1 0 0 -1 1 0 -1 - 0 -1 0 0 0 0 0 0 0 0 0 0 0 0 0

[00:53:50]	[Recv]	in 2 3133 40522 136 62 7 100 100 1 0 0 -1 1 0 -1 - 0 -1 0 0 0 0 0 0 0 0 0 0 0 0 0

[00:53:50]	[Recv]	in 2 3133 40521 111 33 0 100 100 1 0 0 -1 1 0 -1 - 0 -1 0 0 0 0 0 0 0 0 0 0 0 0 0

[00:53:50]	[Recv]	in 2 3133 40520 104 27 4 100 100 1 0 0 -1 1 0 -1 - 0 -1 0 0 0 0 0 0 0 0 0 0 0 0 0

[00:53:50]	[Recv]	in 2 3133 40519 52 85 7 100 100 1 0 0 -1 1 0 -1 - 0 -1 0 0 0 0 0 0 0 0 0 0 0 0 0

[00:53:50]	[Recv]	in 2 3133 40518 66 54 3 100 100 1 0 0 -1 1 0 -1 - 0 -1 0 0 0 0 0 0 0 0 0 0 0 0 0

[00:53:50]	[Recv]	in 2 3133 40517 75 93 0 100 100 1 0 0 -1 1 0 -1 - 0 -1 0 0 0 0 0 0 0 0 0 0 0 0 0

[00:53:50]	[Recv]	in 2 3133 40516 126 35 2 100 100 1 0 0 -1 1 0 -1 - 0 -1 0 0 0 0 0 0 0 0 0 0 0 0 0

[00:53:50]	[Recv]	in 2 3133 40515 47 46 4 100 100 1 0 0 -1 1 0 -1 - 0 -1 0 0 0 0 0 0 0 0 0 0 0 0 0

[00:53:50]	[Recv]	in 2 3133 40514 67 68 3 100 100 1 0 0 -1 1 0 -1 - 0 -1 0 0 0 0 0 0 0 0 0 0 0 0 0

[00:53:50]	[Recv]	in 2 3071 40513 177 54 3 100 100 11026 0 0 -1 1 0 -1 - 0 -1 0 0 0 0 0 0 0 0 0 0 0 0 0

[00:53:50]	[Recv]	in 2 3051 40512 166 44 2 100 100 1 0 0 -1 1 0 -1 - 0 -1 0 0 0 0 0 0 0 0 0 0 0 0 0

[00:53:50]	[Recv]	in 2 3051 40511 163 62 2 100 100 1 0 0 -1 1 0 -1 - 0 -1 0 0 0 0 0 0 0 0 0 0 0 0 0

[00:53:50]	[Recv]	in 2 3051 40510 154 33 2 100 100 1 0 0 -1 1 0 -1 - 0 -1 0 0 0 0 0 0 0 0 0 0 0 0 0

[00:53:50]	[Recv]	in 2 3051 40509 146 61 2 100 100 1 0 0 -1 1 0 -1 - 0 -1 0 0 0 0 0 0 0 0 0 0 0 0 0

[00:53:50]	[Recv]	in 2 3051 40508 133 29 2 100 100 1 0 0 -1 1 0 -1 - 0 -1 0 0 0 0 0 0 0 0 0 0 0 0 0

[00:53:50]	[Recv]	in 2 3051 40507 128 13 2 100 100 1 0 0 -1 1 0 -1 - 0 -1 0 0 0 0 0 0 0 0 0 0 0 0 0

[00:53:50]	[Recv]	in 2 3051 40506 121 38 2 100 100 1 0 0 -1 1 0 -1 - 0 -1 0 0 0 0 0 0 0 0 0 0 0 0 0

[00:53:50]	[Recv]	in 2 3051 40505 119 27 2 100 100 1 0 0 -1 1 0 -1 - 0 -1 0 0 0 0 0 0 0 0 0 0 0 0 0

[00:53:50]	[Recv]	in 2 3051 40504 118 51 2 100 100 1 0 0 -1 1 0 -1 - 0 -1 0 0 0 0 0 0 0 0 0 0 0 0 0

[00:53:50]	[Recv]	in 2 3051 40503 114 67 2 100 100 1 0 0 -1 1 0 -1 - 0 -1 0 0 0 0 0 0 0 0 0 0 0 0 0

[00:53:50]	[Recv]	in 2 3051 40502 104 22 2 100 100 1 0 0 -1 1 0 -1 - 0 -1 0 0 0 0 0 0 0 0 0 0 0 0 0

[00:53:50]	[Recv]	in 2 3051 40501 99 60 2 100 100 1 0 0 -1 1 0 -1 - 0 -1 0 0 0 0 0 0 0 0 0 0 0 0 0

[00:53:50]	[Recv]	in 2 3051 40500 92 32 2 100 100 1 0 0 -1 1 0 -1 - 0 -1 0 0 0 0 0 0 0 0 0 0 0 0 0

[00:53:50]	[Recv]	in 2 3051 40499 90 47 2 100 100 1 0 0 -1 1 0 -1 - 0 -1 0 0 0 0 0 0 0 0 0 0 0 0 0

[00:53:50]	[Recv]	in 2 3051 40498 87 80 2 100 100 1 0 0 -1 1 0 -1 - 0 -1 0 0 0 0 0 0 0 0 0 0 0 0 0

[00:53:50]	[Recv]	in 2 3051 40497 81 70 2 100 100 1 0 0 -1 1 0 -1 - 0 -1 0 0 0 0 0 0 0 0 0 0 0 0 0

[00:53:50]	[Recv]	in 2 3051 40496 72 88 2 100 100 1 0 0 -1 1 0 -1 - 0 -1 0 0 0 0 0 0 0 0 0 0 0 0 0

[00:53:50]	[Recv]	in 2 3051 40495 70 58 2 100 100 1 0 0 -1 1 0 -1 - 0 -1 0 0 0 0 0 0 0 0 0 0 0 0 0

[00:53:50]	[Recv]	in 2 3051 40494 50 66 2 100 100 1 0 0 -1 1 0 -1 - 0 -1 0 0 0 0 0 0 0 0 0 0 0 0 0

[00:53:50]	[Recv]	in 2 3051 40493 50 50 2 100 100 1 0 0 -1 1 0 -1 - 0 -1 0 0 0 0 0 0 0 0 0 0 0 0 0

[00:53:50]	[Recv]	in 2 3051 40492 46 84 2 100 100 1 0 0 -1 1 0 -1 - 0 -1 0 0 0 0 0 0 0 0 0 0 0 0 0

[00:53:50]	[Recv]	in 2 3051 40491 36 67 2 100 100 1 0 0 -1 1 0 -1 - 0 -1 0 0 0 0 0 0 0 0 0 0 0 0 0

[00:53:50]	[Recv]	in 2 3051 40490 21 30 2 100 100 1 0 0 -1 1 0 -1 - 0 -1 0 0 0 0 0 0 0 0 0 0 0 0 0

[00:53:50]	[Recv]	in 2 3051 40489 16 55 2 100 100 1 0 0 -1 1 0 -1 - 0 -1 0 0 0 0 0 0 0 0 0 0 0 0 0

[00:53:50]	[Recv]	in 2 3051 40488 13 31 2 100 100 1 0 0 -1 1 0 -1 - 0 -1 0 0 0 0 0 0 0 0 0 0 0 0 0

[00:53:50]	[Recv]	in 2 3047 40487 177 61 3 99 0 0 0 0 -1 1 0 -1 - 0 -1 0 0 0 0 0 0 0 0 0 0 0 0 0

[00:53:50]	[Recv]	pst 2 2557262 0 100 100 34166 7013 0 0 0

[00:53:50]	[Recv]	pst 2 2557249 1 100 100 42830 3622 0 0 0

[00:53:50]	[Recv]	mv 3 40466 118 54 8

[00:53:50]	[Recv]	mv 3 40457 23 23 8

[00:53:50]	[Recv]	mv 3 40455 158 52 9

[00:53:50]	[Recv]	mv 3 40444 47 68 9

[00:53:50]	[Recv]	stat 75191 75191 17265 17265 0 1316

[00:53:50]	[Recv]	mv 3 40484 127 23 9

[00:53:50]	[Recv]	mv 3 40477 55 71 9

[00:53:50]	[Recv]	mv 3 40474 24 26 9

[00:53:50]	[Recv]	mv 3 40460 34 48 8

[00:53:50]	[Recv]	mv 3 40439 149 58 8

[00:53:50]	[Recv]	mv 3 40432 98 41 8

[00:53:51]	[Recv]	mv 3 40462 67 69 8

[00:53:51]	[Recv]	mv 3 40456 15 52 8

[00:53:51]	[Recv]	mv 3 40454 155 37 9

[00:53:51]	[Recv]	mv 3 40452 137 49 9

[00:53:51]	[Recv]	mv 3 40447 61 55 9

[00:53:51]	[Recv]	mv 3 40437 136 32 8

[00:53:51]	[Recv]	mv 3 40435 115 38 8

[00:53:51]	[Recv]	mv 3 40433 101 52 8

[00:53:51]	[Recv]	mv 3 40427 44 54 8

[00:53:51]	[Recv]	mv 3 40481 96 32 9

[00:53:51]	[Recv]	mv 3 40475 44 77 9

[00:53:51]	[Recv]	mv 3 40465 106 36 8

[00:53:51]	[Recv]	mv 3 40450 109 35 9

[00:53:51]	[Recv]	mv 3 40430 61 82 8

[00:53:51]	[Recv]	mv 3 40428 52 60 8

[00:53:51]	[Recv]	mv 3 40425 24 42 8

[00:53:51]	[Recv]	mv 3 40480 75 89 9

[00:53:51]	[Recv]	mv 3 40467 133 42 8

[00:53:51]	[Recv]	mv 3 40464 103 24 8

[00:53:51]	[Recv]	mv 3 40461 56 89 8

[00:53:51]	[Recv]	mv 3 40458 29 31 8

[00:53:51]	[Recv]	mv 3 40446 60 73 9

[00:53:51]	[Recv]	mv 3 40442 20 53 9

[00:53:51]	[Recv]	mv 3 40436 134 47 8

[00:53:51]	[Recv]	pst 2 2557262 0 100 100 34166 7013 0 0 0

[00:53:51]	[Recv]	pst 2 2557249 1 100 100 42830 3622 0 0 0

[00:53:51]	[Recv]	mv 3 40478 62 59 9

[00:53:51]	[Recv]	mv 3 40466 120 52 8

[00:53:51]	[Recv]	mv 3 40459 28 57 8

[00:53:51]	[Recv]	mv 3 40457 23 24 8

[00:53:51]	[Recv]	mv 3 40455 159 52 9

[00:53:51]	[Recv]	mv 3 40444 45 68 9

[00:53:51]	[Recv]	mv 3 40484 126 25 9

[00:53:51]	[Recv]	mv 3 40477 55 70 9

[00:53:51]	[Recv]	mv 3 40440 13 36 9

[00:53:51]	[Recv]	mv 3 40432 99 42 8

[00:53:51]	[Recv]	mv 3 40429 56 76 8

[00:53:52]	[Send]	walk 67 88 0 25
[00:53:52]	[Recv]	mv 3 40485 136 33 9

[00:53:52]	[Recv]	mv 3 40453 141 42 9

[00:53:52]	[Recv]	mv 3 40452 138 51 9

[00:53:52]	[Recv]	mv 3 40451 114 20 9

[00:53:52]	[Recv]	mv 3 40437 134 33 8

[00:53:52]	[Recv]	mv 3 40434 113 24 8

[00:53:52]	[Recv]	mv 3 40433 102 54 8

[00:53:52]	[Recv]	mv 3 40427 44 53 8

[00:53:52]	[Recv]	mv 3 40481 97 34 9

[00:53:52]	[Recv]	mv 3 40465 107 38 8

[00:53:52]	[Recv]	mv 3 40450 108 36 9

[00:53:52]	[Recv]	mv 3 40449 106 48 9

[00:53:52]	[Recv]	mv 3 40448 72 86 9

[00:53:52]	[Recv]	mv 3 40425 23 42 8

[00:53:52]	[Recv]	mv 3 40480 73 88 9

[00:53:52]	[Recv]	mv 3 40467 131 44 8

[00:53:52]	[Recv]	mv 3 40464 104 24 8

[00:53:52]	[Recv]	mv 3 40461 57 87 8

[00:53:52]	[Recv]	mv 3 40446 60 74 9

[00:53:52]	[Recv]	mv 3 40443 35 44 9

[00:53:52]	[Recv]	pst 2 2557262 0 100 100 34166 7013 0 0 0

[00:53:52]	[Recv]	pst 2 2557249 1 100 100 42830 3622 0 0 0

[00:53:52]	[Recv]	mv 3 40466 118 51 8

[00:53:52]	[Recv]	mv 3 40459 30 55 8

[00:53:52]	[Recv]	mv 3 40457 23 25 8

[00:53:52]	[Recv]	mv 3 40444 45 67 9

[00:53:52]	[Recv]	mv 3 40438 147 33 8

[00:53:52]	[Recv]	stat 75191 75191 17265 17265 0 1316

[00:53:52]	[Recv]	stat 75191 75191 17265 17265 0 1316

[00:53:52]	[Send]	walk 67 80 0 25
[00:53:52]	[Recv]	mv 3 40486 148 48 9

[00:53:52]	[Recv]	mv 3 40484 126 24 9

[00:53:52]	[Recv]	mv 3 40477 56 70 9

[00:53:52]	[Recv]	mv 3 40463 75 83 8

[00:53:52]	[Recv]	mv 3 40460 36 48 8

[00:53:52]	[Recv]	mv 3 40445 47 81 9

[00:53:52]	[Recv]	mv 3 40440 15 38 9

[00:53:52]	[Recv]	mv 3 40439 148 58 8

[00:53:53]	[Recv]	mv 3 40472 18 54 9

[00:53:53]	[Recv]	mv 3 40454 153 36 9

[00:53:53]	[Recv]	mv 3 40453 142 42 9

[00:53:53]	[Recv]	mv 3 40451 114 19 9

[00:53:53]	[Recv]	mv 3 40433 103 54 8

[00:53:53]	[Send]	walk 67 77 0 25
[00:53:53]	[Recv]	mv 3 40465 108 36 8

[00:53:53]	[Recv]	mv 3 40450 109 34 9

[00:53:53]	[Recv]	mv 3 40449 105 47 9

[00:53:53]	[Recv]	mv 3 40448 72 85 9

[00:53:53]	[Recv]	mv 3 40426 85 38 8

[00:53:53]	[Recv]	mv 3 40425 25 42 8

[00:53:53]	[Recv]	mv 3 40480 74 88 9

[00:53:53]	[Recv]	mv 3 40479 74 62 9

[00:53:53]	[Recv]	mv 3 40467 130 43 8

[00:53:53]	[Recv]	mv 3 40464 102 26 8

[00:53:53]	[Recv]	mv 3 40458 27 33 8

[00:53:53]	[Recv]	mv 3 40442 20 52 9

[00:53:53]	[Send]	walk 65 73 0 25
[00:53:53]	[Recv]	pst 2 2557262 0 100 100 34166 7013 0 0 0

[00:53:53]	[Recv]	pst 2 2557249 1 100 100 42830 3622 0 0 0

[00:53:53]	[Recv]	mv 3 40478 62 57 9

[00:53:53]	[Recv]	mv 3 40470 149 43 8

[00:53:53]	[Recv]	mv 3 40468 138 32 8

[00:53:53]	[Recv]	mv 3 40459 29 56 8

[00:53:53]	[Recv]	mv 3 40455 160 53 9

[00:53:53]	[Recv]	mv 3 40444 45 65 9

[00:53:53]	[Recv]	mv 3 40438 148 33 8

[00:53:53]	[Recv]	mv 3 40486 149 47 9

[00:53:53]	[Recv]	mv 3 40484 128 25 9

[00:53:53]	[Recv]	mv 3 40477 54 71 9

[00:53:53]	[Recv]	mv 3 40463 75 82 8

[00:53:53]	[Recv]	mv 3 40445 45 80 9

[00:53:53]	[Recv]	mv 3 40440 14 37 9

[00:53:53]	[Recv]	mv 3 40432 100 44 8

[00:53:53]	[Recv]	mv 3 40429 56 77 8

[00:53:54]	[Recv]	mv 3 40485 136 34 9

[00:53:54]	[Recv]	mv 3 40476 43 49 9

[00:53:54]	[Recv]	mv 3 40472 18 56 9

[00:53:54]	[Recv]	mv 3 40452 138 52 9

[00:53:54]	[Recv]	mv 3 40447 62 53 9

[00:53:54]	[Recv]	mv 3 40437 132 35 8

[00:53:54]	[Recv]	mv 3 40435 115 36 8

[00:53:54]	[Recv]	mv 3 40481 95 32 9

[00:53:54]	[Recv]	mv 3 40475 42 78 9

[00:53:54]	[Recv]	mv 3 40430 63 84 8

[00:53:54]	[Recv]	mv 3 40425 23 44 8

[00:53:54]	[Send]	walk 64 66 1 25
[00:53:54]	[Recv]	mv 3 40480 74 86 9

[00:53:54]	[Recv]	mv 3 40479 75 62 9

[00:53:54]	[Recv]	mv 3 40467 131 45 8

[00:53:54]	[Recv]	mv 3 40458 29 32 8

[00:53:54]	[Recv]	mv 3 40446 59 72 9

[00:53:54]	[Recv]	mv 3 40443 36 43 9

[00:53:54]	[Recv]	mv 3 40442 18 50 9

[00:53:54]	[Recv]	mv 3 40436 133 49 8

[00:53:54]	[Recv]	pst 2 2557262 0 100 100 34166 7013 0 0 0

[00:53:54]	[Recv]	pst 2 2557249 1 100 100 42830 3622 0 0 0

[00:53:54]	[Send]	walk 59 65 1 25
[00:53:54]	[Recv]	mv 3 40483 113 47 9

[00:53:54]	[Recv]	mv 3 40470 149 42 8

[00:53:54]	[Recv]	mv 3 40468 140 34 8

[00:53:54]	[Recv]	mv 3 40459 28 56 8

[00:53:54]	[Recv]	mv 3 40444 47 67 9

[00:53:54]	[Recv]	mv 3 40438 147 35 8

[00:53:54]	[Recv]	stat 75191 75191 17265 17265 0 1316

[00:53:54]	[Recv]	mv 3 40486 147 46 9

[00:53:54]	[Recv]	mv 3 40484 127 26 9

[00:53:54]	[Recv]	mv 3 40477 55 70 9

[00:53:54]	[Recv]	mv 3 40474 23 26 9

[00:53:54]	[Recv]	mv 3 40463 75 81 8

[00:53:54]	[Recv]	mv 3 40445 47 82 9

[00:53:54]	[Recv]	mv 3 40439 149 57 8

[00:53:54]	[Recv]	mv 3 40431 77 69 8

[00:53:54]	[Recv]	mv 3 40429 57 79 8

[00:53:55]	[Recv]	mv 3 40476 44 48 9

[00:53:55]	[Recv]	mv 3 40462 66 71 8

[00:53:55]	[Recv]	mv 3 40454 154 37 9

[00:53:55]	[Recv]	mv 3 40452 139 52 9

[00:53:55]	[Recv]	mv 3 40447 60 54 9

[00:53:55]	[Recv]	mv 3 40437 132 34 8

[00:53:55]	[Recv]	mv 3 40435 114 35 8

[00:53:55]	[Recv]	mv 3 40434 114 26 8

[00:53:55]	[Recv]	mv 3 40427 43 54 8

[00:53:55]	[Send]	walk 54 62 0 25
[00:53:55]	[Recv]	mv 3 40475 41 80 9

[00:53:55]	[Recv]	mv 3 40465 109 34 8

[00:53:55]	[Recv]	mv 3 40449 106 48 9

[00:53:55]	[Recv]	mv 3 40441 16 32 9

[00:53:55]	[Recv]	mv 3 40430 64 82 8

[00:53:55]	[Recv]	mv 3 40428 53 61 8

[00:53:55]	[Recv]	mv 3 40425 23 46 8

[00:53:55]	[Recv]	mv 3 40480 74 85 9

[00:53:55]	[Recv]	mv 3 40479 73 60 9

[00:53:55]	[Recv]	mv 3 40467 131 46 8

[00:53:55]	[Recv]	mv 3 40464 101 27 8

[00:53:55]	[Recv]	mv 3 40458 30 33 8

[00:53:55]	[Recv]	mv 3 40446 59 73 9

[00:53:55]	[Recv]	mv 3 40443 35 43 9

[00:53:55]	[Recv]	pst 2 2557262 0 100 100 34166 7013 0 0 0

[00:53:55]	[Recv]	pst 2 2557249 1 100 100 42830 3622 0 0 0

[00:53:55]	[Recv]	mv 3 40483 111 45 9

[00:53:55]	[Recv]	mv 3 40478 63 58 9

[00:53:55]	[Recv]	mv 3 40470 150 43 8

[00:53:55]	[Recv]	mv 3 40466 120 53 8

[00:53:55]	[Recv]	mv 3 40459 28 58 8

[00:53:55]	[Recv]	mv 3 40457 22 27 8

[00:53:55]	[Recv]	mv 3 40444 46 67 9

[00:53:55]	[Recv]	mv 3 40486 148 45 9

[00:53:55]	[Recv]	mv 3 40445 47 80 9

[00:53:55]	[Recv]	mv 3 40440 14 38 9

[00:53:55]	[Recv]	mv 3 40439 151 55 8

[00:53:55]	[Recv]	mv 3 40429 57 78 8

[00:53:56]	[Recv]	mv 3 40472 18 57 9

[00:53:56]	[Recv]	mv 3 40456 14 52 8

[00:53:56]	[Recv]	mv 3 40452 137 52 9

[00:53:56]	[Recv]	mv 3 40451 114 21 9

[00:53:56]	[Recv]	mv 3 40447 61 52 9

[00:53:56]	[Recv]	mv 3 40437 134 32 8

[00:53:56]	[Recv]	mv 3 40427 42 53 8

[00:53:56]	[Send]	walk 45 62 0 25
[00:53:56]	[Recv]	mv 3 40481 93 33 9

[00:53:56]	[Recv]	mv 3 40465 108 35 8

[00:53:56]	[Recv]	mv 3 40450 107 33 9

[00:53:56]	[Recv]	mv 3 40449 104 50 9

[00:53:56]	[Recv]	mv 3 40448 74 84 9

[00:53:56]	[Recv]	mv 3 40441 18 34 9

[00:53:56]	[Recv]	mv 3 40430 63 82 8

[00:53:56]	[Recv]	mv 3 40428 53 59 8

[00:53:56]	[Recv]	mv 3 40479 75 61 9

[00:53:56]	[Recv]	mv 3 40467 132 44 8

[00:53:56]	[Recv]	mv 3 40464 103 26 8

[00:53:56]	[Recv]	mv 3 40458 29 33 8

[00:53:56]	[Recv]	mv 3 40446 58 71 9

[00:53:56]	[Recv]	pst 2 2557262 0 100 100 34166 7013 0 0 0

[00:53:56]	[Recv]	pst 2 2557249 1 100 100 42830 3622 0 0 0

[00:53:56]	[Recv]	mv 3 40483 112 45 9

[00:53:56]	[Recv]	mv 3 40478 64 57 9

[00:53:56]	[Recv]	mv 3 40470 152 42 8

[00:53:56]	[Recv]	mv 3 40468 138 32 8

[00:53:56]	[Recv]	mv 3 40457 21 27 8

[00:53:56]	[Recv]	mv 3 40455 161 53 9

[00:53:56]	[Recv]	stat 75191 75191 17265 17265 0 1316

[00:53:56]	[Recv]	stat 75191 75191 17265 17265 0 1316

[00:53:56]	[Recv]	mv 3 40486 147 47 9

[00:53:56]	[Recv]	mv 3 40484 126 27 9

[00:53:56]	[Recv]	mv 3 40474 24 25 9

[00:53:56]	[Recv]	mv 3 40463 77 83 8

[00:53:56]	[Recv]	mv 3 40445 46 80 9

[00:53:57]	[Recv]	mv 3 40485 136 35 9

[00:53:57]	[Recv]	mv 3 40476 45 47 9

[00:53:57]	[Recv]	mv 3 40462 67 72 8

[00:53:57]	[Recv]	mv 3 40456 15 50 8

[00:53:57]	[Recv]	mv 3 40454 153 35 9

[00:53:57]	[Recv]	mv 3 40453 141 40 9

[00:53:57]	[Recv]	mv 3 40451 116 20 9

[00:53:57]	[Recv]	mv 3 40437 134 34 8

[00:53:57]	[Recv]	mv 3 40435 116 36 8

[00:53:57]	[Recv]	mv 3 40433 101 53 8

[00:53:57]	[Send]	walk 36 62 0 25
[00:53:57]	[Recv]	mv 3 40481 94 31 9

[00:53:57]	[Recv]	mv 3 40465 106 35 8

[00:53:57]	[Recv]	mv 3 40448 74 85 9

[00:53:57]	[Recv]	mv 3 40441 16 32 9

[00:53:57]	[Recv]	mv 3 40430 61 83 8

[00:53:57]	[Recv]	mv 3 40425 24 44 8

[00:53:57]	[Recv]	mv 3 40480 75 85 9

[00:53:57]	[Recv]	mv 3 40479 74 60 9

[00:53:57]	[Recv]	mv 3 40458 28 32 8

[00:53:57]	[Recv]	mv 3 40442 18 51 9

[00:53:57]	[Recv]	mv 3 40436 131 47 8

[00:53:57]	[Recv]	pst 2 2557262 0 100 100 34166 7013 0 0 0

[00:53:57]	[Recv]	pst 2 2557249 1 100 100 42830 3622 0 0 0

[00:53:57]	[Recv]	mv 3 40483 114 47 9

[00:53:57]	[Recv]	mv 3 40478 63 59 9

[00:53:57]	[Recv]	mv 3 40466 118 52 8

[00:53:57]	[Recv]	mv 3 40459 28 56 8

[00:53:57]	[Recv]	mv 3 40455 159 53 9

[00:53:57]	[Recv]	mv 3 40438 148 36 8

[00:53:57]	[Recv]	mv 3 40486 149 46 9

[00:53:57]	[Recv]	mv 3 40484 127 25 9

[00:53:57]	[Recv]	mv 3 40477 56 71 9

[00:53:57]	[Recv]	mv 3 40474 25 24 9

[00:53:57]	[Recv]	mv 3 40463 79 82 8

[00:53:57]	[Recv]	mv 3 40460 35 48 8

[00:53:57]	[Recv]	mv 3 40445 48 79 9

[00:53:57]	[Recv]	mv 3 40440 15 38 9

[00:53:57]	[Recv]	mv 3 40432 98 42 8

[00:53:57]	[Recv]	mv 3 40431 77 70 8

[00:53:58]	[Send]	walk 28 59 0 25
[00:53:58]	[Recv]	mv 3 40485 137 36 9

[00:53:58]	[Recv]	mv 3 40476 43 49 9

[00:53:58]	[Recv]	mv 3 40462 67 70 8

[00:53:58]	[Recv]	mv 3 40453 139 39 9

[00:53:58]	[Recv]	mv 3 40452 138 51 9

[00:53:58]	[Recv]	mv 3 40451 114 21 9

[00:53:58]	[Recv]	mv 3 40447 62 53 9

[00:53:58]	[Recv]	mv 3 40437 132 35 8

[00:53:58]	[Recv]	mv 3 40481 95 32 9

[00:53:58]	[Recv]	mv 3 40475 40 78 9

[00:53:58]	[Recv]	mv 3 40465 108 36 8

[00:53:58]	[Recv]	mv 3 40450 106 33 9

[00:53:58]	[Recv]	mv 3 40448 73 83 9

[00:53:58]	[Recv]	mv 3 40441 18 32 9

[00:53:58]	[Recv]	mv 3 40430 63 84 8

[00:53:58]	[Recv]	mv 3 40425 25 42 8

[00:53:58]	[Recv]	mv 3 40480 76 87 9

[00:53:58]	[Recv]	mv 3 40479 73 59 9

[00:53:58]	[Recv]	mv 3 40464 102 28 8

[00:53:58]	[Recv]	mv 3 40458 27 31 8

[00:53:58]	[Recv]	mv 3 40446 59 72 9

[00:53:58]	[Recv]	mv 3 40443 35 42 9

[00:53:58]	[Recv]	mv 3 40442 19 50 9

[00:53:58]	[Recv]	pst 2 2557262 0 100 100 34166 7013 0 0 0

[00:53:58]	[Recv]	pst 2 2557249 1 100 100 42830 3622 0 0 0

[00:53:58]	[Recv]	mv 3 40483 112 46 9

[00:53:58]	[Recv]	mv 3 40470 150 42 8

[00:53:58]	[Recv]	mv 3 40468 139 30 8

[00:53:58]	[Recv]	mv 3 40466 119 52 8

[00:53:58]	[Recv]	mv 3 40457 19 26 8

[00:53:58]	[Recv]	mv 3 40455 161 51 9

[00:53:58]	[Recv]	mv 3 40438 146 36 8

[00:53:58]	[Recv]	stat 75191 75191 17265 17265 0 1316

[00:53:58]	[Recv]	mv 3 40484 127 23 9

[00:53:58]	[Recv]	mv 3 40477 56 70 9

[00:53:58]	[Recv]	mv 3 40463 79 81 8

[00:53:58]	[Recv]	mv 3 40445 47 80 9

[00:53:58]	[Recv]	mv 3 40440 13 36 9

[00:53:58]	[Recv]	mv 3 40439 150 56 8

[00:53:58]	[Recv]	mv 3 40432 97 43 8

[00:53:58]	[Recv]	mv 3 40431 75 72 8

[00:53:58]	[Send]	walk 19 57 1 25
[00:53:59]	[Recv]	mv 3 40485 135 35 9

[00:53:59]	[Recv]	mv 3 40476 42 47 9

[00:53:59]	[Recv]	mv 3 40462 65 71 8

[00:53:59]	[Recv]	mv 3 40454 153 36 9

[00:53:59]	[Recv]	mv 3 40452 140 49 9

[00:53:59]	[Recv]	mv 3 40447 62 52 9

[00:53:59]	[Recv]	mv 3 40437 133 35 8

[00:53:59]	[Recv]	mv 3 40434 112 26 8

[00:53:59]	[Recv]	mv 3 40433 99 51 8

[00:53:59]	[Recv]	mv 3 40427 41 51 8

[00:53:59]	[Recv]	mv 3 40475 42 76 9

[00:53:59]	[Recv]	mv 3 40465 109 37 8

[00:53:59]	[Recv]	mv 3 40430 65 83 8

[00:53:59]	[Recv]	mv 3 40425 24 44 8

[00:53:59]	[Recv]	mv 3 40479 73 60 9

[00:53:59]	[Recv]	mv 3 40464 103 26 8

[00:53:59]	[Recv]	mv 3 40461 56 86 8

[00:53:59]	[Recv]	mv 3 40458 28 30 8

[00:53:59]	[Recv]	mv 3 40446 58 71 9

[00:53:59]	[Recv]	mv 3 40442 21 52 9

[00:53:59]	[Recv]	mv 3 40436 131 45 8

[00:53:59]	[Recv]	pst 2 2557262 0 100 100 34166 7013 0 0 0

[00:53:59]	[Recv]	pst 2 2557249 1 100 100 42830 3622 0 0 0

[00:53:59]	[Recv]	mv 3 40483 111 47 9

[00:53:59]	[Recv]	mv 3 40478 63 61 9

[00:53:59]	[Recv]	mv 3 40470 148 40 8

[00:53:59]	[Recv]	mv 3 40468 138 32 8

[00:53:59]	[Recv]	mv 3 40457 20 27 8

[00:53:59]	[Recv]	mv 3 40438 146 35 8

[00:53:59]	[Recv]	mv 3 40486 150 47 9

[00:53:59]	[Recv]	mv 3 40484 126 24 9

[00:53:59]	[Recv]	mv 3 40477 56 72 9

[00:53:59]	[Recv]	mv 3 40463 77 80 8

[00:53:59]	[Recv]	mv 3 40460 33 46 8

[00:53:59]	[Recv]	mv 3 40440 14 36 9

[00:53:59]	[Recv]	mv 3 40432 98 42 8

[00:53:59]	[Recv]	mv 3 40431 75 71 8

[00:53:59]	[Recv]	mv 3 40429 55 79 8

[00:53:59]	[Send]	walk 12 50 0 25
[00:54:00]	[Recv]	mv 3 40476 43 46 9

[00:54:00]	[Recv]	mv 3 40472 19 58 9

[00:54:00]	[Recv]	mv 3 40462 67 72 8

[00:54:00]	[Recv]	mv 3 40456 13 51 8

[00:54:00]	[Recv]	mv 3 40454 154 35 9

[00:54:00]	[Recv]	mv 3 40453 138 40 9

[00:54:00]	[Recv]	mv 3 40452 139 49 9

[00:54:00]	[Recv]	mv 3 40451 114 22 9

[00:54:00]	[Recv]	mv 3 40447 62 54 9

[00:54:00]	[Recv]	mv 3 40433 100 51 8

[00:54:00]	[Recv]	mv 3 40427 42 52 8

[00:54:00]	[Recv]	mv 3 40481 97 33 9

[00:54:00]	[Recv]	mv 3 40465 107 36 8

[00:54:00]	[Recv]	mv 3 40450 108 34 9

[00:54:00]	[Recv]	mv 3 40441 18 33 9

[00:54:00]	[Recv]	mv 3 40428 52 59 8

[00:54:00]	[Recv]	mv 3 40425 23 43 8

[00:54:00]	[Recv]	mv 3 40467 130 46 8

[00:54:00]	[Recv]	mv 3 40461 55 88 8

[00:54:00]	[Recv]	mv 3 40458 27 30 8

[00:54:00]	[Recv]	mv 3 40446 56 71 9

[00:54:00]	[Recv]	mv 3 40442 20 51 9

[00:54:00]	[Recv]	pst 2 2557262 0 100 100 34166 7013 0 0 0

[00:54:00]	[Recv]	pst 2 2557249 1 100 100 42830 3622 0 0 0

[00:54:00]	[Recv]	mv 3 40483 112 47 9

[00:54:00]	[Recv]	mv 3 40478 64 59 9

[00:54:00]	[Recv]	mv 3 40470 149 42 8

[00:54:00]	[Recv]	mv 3 40466 118 51 8

[00:54:00]	[Recv]	mv 3 40457 22 27 8

[00:54:00]	[Recv]	stat 75191 75191 17265 17265 0 1316

[00:54:00]	[Recv]	stat 75191 75191 17265 17265 0 1316

[00:54:00]	[Recv]	mv 3 40486 149 48 9

[00:54:00]	[Recv]	mv 3 40484 124 24 9

[00:54:00]	[Recv]	mv 3 40477 55 71 9

[00:54:00]	[Recv]	mv 3 40463 76 81 8

[00:54:00]	[Recv]	mv 3 40460 33 47 8

[00:54:00]	[Recv]	mv 3 40445 48 80 9

[00:54:00]	[Recv]	mv 3 40440 16 37 9

[00:54:00]	[Send]	walk 5 43 0 25
[00:54:01]	[Recv]	mv 3 40476 42 47 9

[00:54:01]	[Recv]	mv 3 40462 69 70 8

[00:54:01]	[Recv]	mv 3 40456 14 50 8

[00:54:01]	[Recv]	mv 3 40454 156 37 9

[00:54:01]	[Recv]	mv 3 40453 140 41 9

[00:54:01]	[Recv]	mv 3 40452 139 48 9

[00:54:01]	[Recv]	mv 3 40451 114 20 9

[00:54:01]	[Recv]	mv 3 40447 62 53 9

[00:54:01]	[Recv]	mv 3 40435 115 35 8

[00:54:01]	[Recv]	mv 3 40427 40 54 8

[00:54:01]	[Recv]	mv 3 40481 95 32 9

[00:54:01]	[Recv]	mv 3 40465 108 36 8

[00:54:01]	[Recv]	mv 3 40450 107 32 9

[00:54:01]	[Recv]	mv 3 40448 72 85 9

[00:54:01]	[Recv]	mv 3 40428 52 57 8

[00:54:01]	[Send]	walk 2 40 0 25
[00:54:01]	[Recv]	mv 3 40480 76 88 9

[00:54:01]	[Recv]	mv 3 40479 74 61 9

[00:54:01]	[Recv]	mv 3 40467 129 44 8

[00:54:01]	[Recv]	mv 3 40464 103 27 8

[00:54:01]	[Recv]	mv 3 40446 56 70 9

[00:54:01]	[Recv]	mv 3 40443 33 43 9

[00:54:01]	[Recv]	mv 3 40436 132 47 8

[00:54:01]	[Recv]	pst 2 2557262 0 100 100 34166 7013 0 0 0

[00:54:01]	[Recv]	pst 2 2557249 1 100 100 42830 3622 0 0 0

[00:54:01]	[Recv]	mv 3 40478 63 58 9

[00:54:01]	[Recv]	mv 3 40466 118 53 8

[00:54:01]	[Recv]	mv 3 40459 29 57 8

[00:54:01]	[Recv]	mv 3 40457 20 26 8

[00:54:01]	[Recv]	mv 3 40455 162 52 9

[00:54:01]	[Recv]	mv 3 40444 45 69 9

[00:54:01]	[Recv]	mv 3 40438 146 34 8

[00:54:01]	[Recv]	mv 3 40484 126 24 9

[00:54:01]	[Recv]	mv 3 40445 49 81 9

[00:54:01]	[Recv]	mv 3 40440 17 38 9

[00:54:01]	[Recv]	mv 3 40439 149 58 8

[00:54:01]	[Recv]	mv 3 40431 77 72 8

[00:54:01]	[Recv]	mv 3 40429 55 77 8

[00:54:02]	[Recv]	mv 3 40476 42 46 9

[00:54:02]	[Recv]	mv 3 40472 20 56 9

[00:54:02]	[Recv]	mv 3 40456 16 48 8

[00:54:02]	[Recv]	mv 3 40453 138 42 9

[00:54:02]	[Recv]	mv 3 40452 141 48 9

[00:54:02]	[Recv]	mv 3 40437 132 33 8

[00:54:02]	[Recv]	mv 3 40433 102 51 8

[00:54:02]	[Recv]	mv 3 40481 95 33 9

[00:54:02]	[Recv]	mv 3 40475 43 78 9

[00:54:02]	[Recv]	mv 3 40465 109 38 8

[00:54:02]	[Recv]	mv 3 40449 106 48 9

[00:54:02]	[Recv]	mv 3 40428 54 59 8

[00:54:02]	[Send]	preq
[00:54:02]	[Recv]	mv 3 40467 129 46 8

[00:54:02]	[Recv]	mv 3 40464 102 26 8

[00:54:02]	[Recv]	mv 3 40458 28 31 8

[00:54:02]	[Recv]	mv 3 40446 58 72 9

[00:54:02]	[Recv]	mv 3 40436 133 45 8

[00:54:02]	[Recv]	pst 2 2557262 0 100 100 34166 7013 0 0 0

[00:54:02]	[Recv]	pst 2 2557249 1 100 100 42830 3622 0 0 0

[00:54:02]	[Recv]	c_map 0 2633 0

[00:54:02]	[Recv]	mapout

[00:54:02]	[Send]	c_close 1
[00:54:02]	[Send]	c_close 0
[00:54:02]	[Send]	f_stash_end 
[00:54:02]	[Send]	c_close 1
[00:54:02]	[Recv]	c_info milkers - -1 3739.918 Sanguinarius 6835325 0 0 1 5 1 27 0 10 0 0 0 0 8151 9

[00:54:02]	[Send]	mall 50
[00:54:02]	[Send]	c_close 1
[00:54:02]	[Recv]	c_mode 1 6835325 3728 0 0 0 100 8151

[00:54:02]	[Recv]	equip 73 78 0.8628.3.7.0.8.82 1.8643.8.7.0.2.82 2.8689.0.0.0.0.0 3.8653.0.2.0.0.0 4.8655.0.0.0.0.0 5.8636.7.8.0.0.82 6.4657.0.0.0.0.0 7.4653.0.0.0.0.0 8.4647.0.0.0.0.0 9.8687.0.0.0.0.0 10.8674.9.0.0.0.0 12.909.0.20.100.0.0 13.8680.0.0.0.0.0 14.8566.0.0.0.0.0 15.8598.0.0.0.0.0 16.8568.0.0.0.0.0 17.8801.0.0.0.0.0

[00:54:02]	[Recv]	lev 99 0 99 0 2140719000 5991794 13364600 200 881816047 91 967912450 0

[00:54:02]	[Recv]	stat 75191 75191 17265 17265 0 1316

[00:54:02]	[Recv]	at 6835325 2631 96 43 2 0 113 1 -1

[00:54:02]	[Recv]	cond 1 6835325 0 0 25

[00:54:02]	[Recv]	cond 1 6835325 0 0 25

[00:54:02]	[Recv]	titinfo 1 6835325 9468 9468

[00:54:02]	[Recv]	eq 6835325 0 0 1 5 1 8689.8643.8628.8636.8687.8674.8680.8566.8598.8568.8801 73 78 100

[00:54:02]	[Recv]	c_map 0 2631 1

[00:54:02]	[Recv]	sc 0 7 4136 4278 1894 37 415 1 8 4111 4311 2101 43 405 7 2246 1268 2064 1268 1784 91 88 127 138

[00:54:02]	[Recv]	char_sc 1 6835325 100

[00:54:02]	[Recv]	gidx 1 6835325 3739.918 Sanguinarius 27 0|0|1

[00:54:02]	[Recv]	rsfp 0 -1

[00:54:02]	[Recv]	pairy 1 6835325 4 3 129 59

[00:54:02]	[Recv]	minipet 1 6835325 8801

[00:54:02]	[Recv]	act6 

[00:54:02]	[Recv]	pinit 2 2|2557262|0|99|@|-1|2789|1|2646|0|0 2|2557249|1|96|@|-1|2762|0|0|0|0


[00:54:02]	[Recv]	food 0

[00:54:02]	[Recv]	mv 3 40366 34 106 8

[00:54:02]	[Recv]	mv 3 40365 30 116 8

[00:54:02]	[Recv]	stat 75191 75191 17265 17265 0 1316

[00:54:02]	[Recv]	mv 3 40369 39 17 8

[00:54:02]	[Recv]	mv 3 40367 36 19 8

[00:54:02]	[Recv]	mv 3 40364 29 9 8

[00:54:03]	[Recv]	mv 3 40379 91 81 9

[00:54:03]	[Recv]	mv 3 40377 87 46 9

[00:54:03]	[Recv]	mv 3 40368 40 8 8

[00:54:03]	[Recv]	mv 3 40362 25 20 8

[00:54:03]	[Recv]	mv 3 40360 26 101 8

[00:54:03]	[Recv]	mv 3 40359 24 116 8

[00:54:03]	[Recv]	gp 27 2 2630 -1 0 0

[00:54:03]	[Recv]	gp 28 127 2632 -1 1 0

[00:54:03]	[Recv]	gp 97 43 2633 -1 2 0

[00:54:03]	[Recv]	in 3 3003 40379 91 81 2 100 100 0 0 0 -1 1 0 -1 - 0 -1 0 0 0 0 0 0 0 0 0 0 0 0 0

[00:54:03]	[Recv]	in 3 3003 40378 87 68 2 100 100 0 0 0 -1 1 0 -1 - 0 -1 0 0 0 0 0 0 0 0 0 0 0 0 0

[00:54:03]	[Recv]	in 3 3003 40377 87 46 2 100 100 0 0 0 -1 1 0 -1 - 0 -1 0 0 0 0 0 0 0 0 0 0 0 0 0

[00:54:03]	[Recv]	in 3 3003 40376 83 90 2 100 100 0 0 0 -1 1 0 -1 - 0 -1 0 0 0 0 0 0 0 0 0 0 0 0 0

[00:54:03]	[Recv]	in 3 3003 40375 87 74 2 100 100 0 0 0 -1 1 0 -1 - 0 -1 0 0 0 0 0 0 0 0 0 0 0 0 0

[00:54:03]	[Recv]	in 3 3003 40374 80 43 2 100 100 0 0 0 -1 1 0 -1 - 0 -1 0 0 0 0 0 0 0 0 0 0 0 0 0

[00:54:03]	[Recv]	in 3 3003 40373 77 57 2 100 100 0 0 0 -1 1 0 -1 - 0 -1 0 0 0 0 0 0 0 0 0 0 0 0 0

[00:54:03]	[Recv]	in 3 3003 40372 78 52 2 100 100 0 0 0 -1 1 0 -1 - 0 -1 0 0 0 0 0 0 0 0 0 0 0 0 0

[00:54:03]	[Recv]	in 3 3003 40371 72 91 2 100 100 0 0 0 -1 1 0 -1 - 0 -1 0 0 0 0 0 0 0 0 0 0 0 0 0

[00:54:03]	[Recv]	in 3 3003 40370 75 44 2 100 100 0 0 0 -1 1 0 -1 - 0 -1 0 0 0 0 0 0 0 0 0 0 0 0 0

[00:54:03]	[Recv]	in 3 3000 40369 39 17 2 100 100 0 0 0 -1 1 0 -1 - 0 -1 0 0 0 0 0 0 0 0 0 0 0 0 0

[00:54:03]	[Recv]	in 3 3000 40368 40 8 2 100 100 0 0 0 -1 1 0 -1 - 0 -1 0 0 0 0 0 0 0 0 0 0 0 0 0

[00:54:03]	[Recv]	in 3 3000 40367 36 19 2 100 100 0 0 0 -1 1 0 -1 - 0 -1 0 0 0 0 0 0 0 0 0 0 0 0 0

[00:54:03]	[Recv]	in 3 3000 40366 34 106 2 100 100 0 0 0 -1 1 0 -1 - 0 -1 0 0 0 0 0 0 0 0 0 0 0 0 0

[00:54:03]	[Recv]	in 3 3000 40365 30 116 2 100 100 0 0 0 -1 1 0 -1 - 0 -1 0 0 0 0 0 0 0 0 0 0 0 0 0

[00:54:03]	[Recv]	in 3 3000 40364 29 9 2 100 100 0 0 0 -1 1 0 -1 - 0 -1 0 0 0 0 0 0 0 0 0 0 0 0 0

[00:54:03]	[Recv]	in 3 3000 40363 26 11 2 100 100 0 0 0 -1 1 0 -1 - 0 -1 0 0 0 0 0 0 0 0 0 0 0 0 0

[00:54:03]	[Recv]	in 3 3000 40362 25 20 2 100 100 0 0 0 -1 1 0 -1 - 0 -1 0 0 0 0 0 0 0 0 0 0 0 0 0

[00:54:03]	[Recv]	in 3 3000 40361 25 107 2 100 100 0 0 0 -1 1 0 -1 - 0 -1 0 0 0 0 0 0 0 0 0 0 0 0 0

[00:54:03]	[Recv]	in 3 3000 40360 26 101 2 100 100 0 0 0 -1 1 0 -1 - 0 -1 0 0 0 0 0 0 0 0 0 0 0 0 0

[00:54:03]	[Recv]	in 3 3000 40359 24 116 2 100 100 0 0 0 -1 1 0 -1 - 0 -1 0 0 0 0 0 0 0 0 0 0 0 0 0

[00:54:03]	[Recv]	in 3 3000 40358 23 7 2 100 100 0 0 0 -1 1 0 -1 - 0 -1 0 0 0 0 0 0 0 0 0 0 0 0 0

[00:54:03]	[Recv]	in 2 3068 40381 32 46 2 100 100 11010 0 0 -1 1 0 -1 - 0 -1 0 0 0 0 0 0 0 0 0 0 0 0 0

[00:54:03]	[Recv]	shop 2 40381 1 0 94 Fishing Tackle Shop

[00:54:03]	[Recv]	in 2 3069 40380 42 58 3 100 100 11016 0 0 -1 1 0 -1 - 0 -1 0 0 0 0 0 0 0 0 0 0 0 0 0

[00:54:03]	[Recv]	shop 2 40380 1 0 91 Port Alveus Crossing

[00:54:03]	[Recv]	pst 2 2557262 0 100 100 34166 7013 0 0 0

[00:54:03]	[Recv]	pst 2 2557249 1 100 100 42830 3622 0 0 0

[00:54:03]	[Recv]	mv 3 40371 72 92 9

[00:54:03]	[Recv]	mv 3 40358 21 9 8

[00:54:03]	[Send]	walk 89 41 1 25
[00:54:03]	[Recv]	mv 3 40378 89 68 9

[00:54:03]	[Recv]	mv 3 40369 37 17 8

[00:54:03]	[Recv]	mv 3 40363 27 13 8

[00:54:04]	[Recv]	mv 3 40379 90 81 9

[00:54:04]	[Recv]	mv 3 40372 77 52 9

[00:54:04]	[Recv]	mv 3 40362 26 21 8

[00:54:04]	[Recv]	mv 3 40359 22 117 8

[00:54:04]	[Recv]	pst 2 2557262 0 100 100 34166 7013 0 0 0

[00:54:04]	[Recv]	pst 2 2557249 1 100 100 42830 3622 0 0 0

[00:54:04]	[Recv]	mv 3 40371 74 93 9

[00:54:04]	[Recv]	mv 3 40370 73 42 9

[00:54:04]	[Recv]	mv 3 40374 79 42 9

[00:54:04]	[Recv]	umi 5060.257 9028.376

[00:54:04]	[Recv]	mv 3 40375 85 76 9

[00:54:04]	[Send]	pulse 360 1
[00:54:04]	[Send]	walk 80 41 1 25
[00:54:04]	[Recv]	stat 75191 75191 17265 17265 0 1316

[00:54:04]	[Recv]	stat 75191 75191 17265 17265 0 1316

[00:54:04]	[Recv]	mv 3 40367 34 17 8

[00:54:05]	[Recv]	mv 3 40368 38 9 8

[00:54:05]	[Recv]	mv 3 40362 24 21 8

[00:54:05]	[Recv]	mv 3 40360 25 99 8

[00:54:05]	[Recv]	mv 3 40359 24 115 8

[00:54:05]	[Recv]	pst 2 2557262 0 100 100 34166 7013 0 0 0

[00:54:05]	[Recv]	pst 2 2557249 1 100 100 42830 3622 0 0 0

[00:54:05]	[Recv]	mv 3 40370 74 42 9

[00:54:05]	[Recv]	mv 3 40358 23 7 8

[00:54:05]	[Recv]	mv 3 40374 77 42 9

[00:54:05]	[Recv]	mv 3 40373 78 58 9

[00:54:05]	[Send]	walk 78 41 0 25
[00:54:05]	[Recv]	mv 3 40376 84 91 9

[00:54:05]	[Recv]	mv 3 40375 86 75 9

[00:54:05]	[Recv]	mv 3 40366 33 107 8

[00:54:05]	[Recv]	mv 3 40365 32 115 8

[00:54:05]	[Send]	walk 71 45 0 25
[00:54:05]	[Recv]	mv 3 40369 38 18 8

[00:54:05]	[Recv]	mv 3 40367 35 17 8

[00:54:05]	[Recv]	mv 3 40364 30 8 8

[00:54:05]	[Recv]	mv 3 40363 27 11 8

[00:54:06]	[Recv]	mv 3 40379 90 80 9

[00:54:06]	[Recv]	mv 3 40377 85 47 9

[00:54:06]	[Recv]	mv 3 40368 39 7 8

[00:54:06]	[Recv]	mv 3 40359 26 117 8

[00:54:06]	[Recv]	pst 2 2557262 0 100 100 34166 7013 0 0 0

[00:54:06]	[Recv]	pst 2 2557249 1 100 100 42830 3622 0 0 0

[00:54:06]	[Recv]	mv 3 40371 75 92 9

[00:54:06]	[Recv]	mv 3 40370 75 42 9

[00:54:06]	[Recv]	mv 3 40358 21 7 8

[00:54:06]	[Recv]	mv 3 40374 78 42 9

[00:54:06]	[Recv]	mv 3 40373 79 57 9

[00:54:06]	[Recv]	mv 3 40361 27 107 8

[00:54:06]	[Recv]	mv 3 40376 85 89 9

[00:54:06]	[Recv]	mv 3 40366 35 109 8

[00:54:06]	[Recv]	mv 3 40365 30 117 8

[00:54:06]	[Send]	walk 69 47 0 25
[00:54:06]	[Recv]	stat 75191 75191 17265 17265 0 1316

[00:54:06]	[Recv]	mv 3 40369 39 20 8

[00:54:06]	[Recv]	mv 3 40367 36 18 8

[00:54:06]	[Recv]	mv 3 40363 28 12 8

[00:54:07]	[Recv]	mv 3 40377 87 45 9

[00:54:07]	[Recv]	mv 3 40372 75 53 9

[00:54:07]	[Recv]	mv 3 40360 23 99 8

[00:54:07]	[Recv]	mv 3 40359 25 116 8

[00:54:07]	[Recv]	pst 2 2557262 0 100 100 34166 7013 0 0 0

[00:54:07]	[Recv]	pst 2 2557249 1 100 100 42830 3622 0 0 0

[00:54:07]	[Send]	walk 61 50 0 25
[00:54:07]	[Recv]	mv 3 40371 76 93 9

[00:54:07]	[Recv]	mv 3 40358 23 8 8

[00:54:07]	[Recv]	mv 3 40374 78 41 9

[00:54:07]	[Recv]	mv 3 40373 78 57 9

[00:54:07]	[Recv]	mv 3 40361 27 108 8

[00:54:07]	[Recv]	mv 3 40376 84 88 9

[00:54:07]	[Recv]	mv 3 40375 85 75 9

[00:54:07]	[Recv]	mv 3 40365 32 116 8

[00:54:07]	[Recv]	mv 3 40378 87 68 9

[00:54:07]	[Recv]	mv 3 40369 41 20 8

[00:54:07]	[Recv]	mv 3 40367 34 19 8

[00:54:07]	[Recv]	mv 3 40363 27 12 8

[00:54:08]	[Recv]	mv 3 40379 90 81 9

[00:54:08]	[Recv]	mv 3 40377 87 47 9

[00:54:08]	[Recv]	mv 3 40368 39 9 8

[00:54:08]	[Recv]	pst 2 2557262 0 100 100 34166 7013 0 0 0

[00:54:08]	[Recv]	pst 2 2557249 1 100 100 42830 3622 0 0 0

[00:54:08]	[Recv]	mv 3 40371 74 93 9

[00:54:08]	[Recv]	mv 3 40358 21 9 8

[00:54:08]	[Recv]	mv 3 40374 77 41 9

[00:54:08]	[Recv]	mv 3 40373 76 59 9

[00:54:08]	[Recv]	mv 3 40376 85 89 9

[00:54:08]	[Recv]	mv 3 40366 33 109 8

[00:54:08]	[Recv]	stat 75191 75191 17265 17265 0 1316

[00:54:08]	[Recv]	stat 75191 75191 17265 17265 0 1316

[00:54:08]	[Recv]	mv 3 40378 87 66 9

[00:54:08]	[Recv]	mv 3 40369 40 20 8

[00:54:08]	[Recv]	mv 3 40367 35 17 8

[00:54:08]	[Recv]	mv 3 40363 27 13 8

[00:54:09]	[Recv]	mv 3 40377 85 46 9

[00:54:09]	[Recv]	mv 3 40372 77 51 9

[00:54:09]	[Recv]	mv 3 40368 39 10 8

[00:54:09]	[Recv]	mv 3 40362 26 19 8

[00:54:09]	[Recv]	mv 3 40360 24 99 8

[00:54:09]	[Recv]	mv 3 40359 26 118 8

[00:54:09]	[Recv]	pst 2 2557262 0 100 100 34166 7013 0 0 0

[00:54:09]	[Recv]	pst 2 2557249 1 100 100 42830 3622 0 0 0

[00:54:09]	[Recv]	mv 3 40370 73 44 9

[00:54:09]	[Send]	walk 54 44 0 25
[00:54:09]	[Recv]	mv 3 40361 26 108 8

[00:54:09]	[Recv]	mv 3 40366 33 107 8

[00:54:09]	[Recv]	mv 3 40365 33 114 8

[00:54:09]	[Recv]	mv 3 40367 35 18 8

[00:54:09]	[Recv]	mv 3 40364 31 7 8

[00:54:09]	[Recv]	mv 3 40363 25 12 8

[00:54:10]	[Recv]	mv 3 40379 91 80 9

[00:54:10]	[Recv]	mv 3 40377 86 46 9

[00:54:10]	[Recv]	mv 3 40372 76 53 9

[00:54:10]	[Recv]	mv 3 40368 38 9 8

[00:54:10]	[Recv]	mv 3 40362 28 20 8

[00:54:10]	[Recv]	mv 3 40360 23 101 8

[00:54:10]	[Recv]	pst 2 2557262 0 100 100 34166 7013 0 0 0

[00:54:10]	[Recv]	pst 2 2557249 1 100 100 42830 3622 0 0 0

[00:54:10]	[Recv]	mv 3 40370 74 42 9

[00:54:10]	[Recv]	mv 3 40358 21 7 8

[00:54:10]	[Send]	walk 51 42 0 25
[00:54:10]	[Recv]	mv 3 40373 78 59 9

[00:54:10]	[Recv]	mv 3 40361 24 109 8

[00:54:10]	[Recv]	mv 3 40376 84 90 9

[00:54:10]	[Recv]	mv 3 40366 34 107 8

[00:54:10]	[Recv]	mv 3 40365 31 113 8

[00:54:10]	[Recv]	stat 75191 75191 17265 17265 0 1316

[00:54:10]	[Recv]	mv 3 40369 39 19 8

[00:54:10]	[Recv]	mv 3 40367 34 18 8

[00:54:10]	[Recv]	mv 3 40364 29 8 8

[00:54:10]	[Recv]	mv 3 40363 26 14 8

[00:54:11]	[Recv]	mv 3 40379 90 78 9

[00:54:11]	[Recv]	mv 3 40377 87 47 9

[00:54:11]	[Recv]	mv 3 40372 77 53 9

[00:54:11]	[Recv]	mv 3 40368 39 10 8

[00:54:11]	[Recv]	mv 3 40362 26 20 8

[00:54:11]	[Recv]	mv 3 40360 25 100 8

[00:54:11]	[Recv]	pst 2 2557262 0 100 100 34166 7013 0 0 0

[00:54:11]	[Recv]	pst 2 2557249 1 100 100 42830 3622 0 0 0

[00:54:11]	[Recv]	mv 3 40371 72 93 9

[00:54:11]	[Recv]	mv 3 40370 75 44 9

[00:54:11]	[Recv]	mv 3 40358 22 7 8

[00:54:11]	[Recv]	mv 3 40373 77 60 9

[00:54:11]	[Recv]	mv 3 40361 25 109 8

[00:54:11]	[Recv]	mv 3 40376 85 89 9

[00:54:11]	[Recv]	mv 3 40375 85 73 9

[00:54:11]	[Recv]	mv 3 40365 30 113 8

[00:54:11]	[Recv]	mv 3 40369 37 19 8

[00:54:11]	[Recv]	mv 3 40367 36 19 8

[00:54:11]	[Recv]	mv 3 40364 30 6 8

[00:54:11]	[Recv]	mv 3 40363 27 14 8

[00:54:12]	[Recv]	mv 3 40379 92 80 9

[00:54:12]	[Recv]	mv 3 40377 88 47 9

[00:54:12]	[Recv]	mv 3 40368 41 10 8

[00:54:12]	[Recv]	mv 3 40362 27 20 8

[00:54:12]	[Recv]	mv 3 40360 25 101 8

[00:54:12]	[Recv]	mv 3 40359 25 119 8

[00:54:12]	[Recv]	pst 2 2557262 0 100 100 34166 7013 0 0 0

[00:54:12]	[Recv]	pst 2 2557249 1 100 100 42830 3622 0 0 0

[00:54:12]	[Recv]	mv 3 40370 76 44 9

[00:54:12]	[Recv]	mv 3 40361 27 109 8

[00:54:12]	[Recv]	mv 3 40376 84 91 9

[00:54:12]	[Recv]	mv 3 40366 33 105 8

[00:54:12]	[Recv]	mv 3 40365 31 114 8

[00:54:12]	[Recv]	stat 75191 75191 17265 17265 0 1316

[00:54:12]	[Recv]	stat 75191 75191 17265 17265 0 1316

[00:54:12]	[Recv]	mv 3 40378 86 67 9

[00:54:12]	[Recv]	mv 3 40369 37 17 8

[00:54:12]	[Recv]	mv 3 40364 31 8 8

[00:54:13]	[Recv]	mv 3 40379 92 79 9

[00:54:13]	[Recv]	mv 3 40372 76 54 9

[00:54:13]	[Recv]	mv 3 40368 39 11 8

[00:54:13]	[Recv]	pst 2 2557262 0 100 100 34166 7013 0 0 0

[00:54:13]	[Recv]	pst 2 2557249 1 100 100 42830 3622 0 0 0

[00:54:13]	[Recv]	mv 3 40371 72 92 9

[00:54:13]	[Recv]	mv 3 40370 76 43 9

[00:54:13]	[Recv]	mv 3 40358 22 9 8

[00:54:13]	[Recv]	mv 3 40373 78 59 9

[00:54:13]	[Recv]	mv 3 40361 25 107 8

[00:54:13]	[Recv]	msgi2 0 905 14 ~Dardy~ 3027 

[00:54:13]	[Recv]	mv 3 40376 84 89 9

[00:54:13]	[Recv]	mv 3 40375 87 75 9

[00:54:13]	[Recv]	mv 3 40366 33 106 8

[00:54:13]	[Recv]	mv 3 40365 33 115 8

[00:54:13]	[Recv]	mv 3 40378 87 68 9

[00:54:13]	[Recv]	mv 3 40367 35 20 8

[00:54:13]	[Recv]	mv 3 40363 29 15 8

[00:54:14]	[Recv]	mv 3 40368 38 9 8

[00:54:14]	[Recv]	mv 3 40360 25 100 8

[00:54:14]	[Recv]	mv 3 40359 26 119 8

[00:54:14]	[Recv]	pst 2 2557262 0 100 100 34166 7013 0 0 0

[00:54:14]	[Recv]	pst 2 2557249 1 100 100 42830 3622 0 0 0

[00:54:14]	[Recv]	mv 3 40358 23 9 8

[00:54:14]	[Send]	walk 49 45 1 25
[00:54:14]	[Recv]	mv 3 40374 77 42 9

[00:54:14]	[Recv]	mv 3 40361 25 108 8

[00:54:14]	[Recv]	mv 3 40375 86 74 9

[00:54:14]	[Recv]	mv 3 40366 35 105 8

[00:54:14]	[Recv]	mv 3 40365 32 116 8

[00:54:14]	[Recv]	stat 75191 75191 17265 17265 0 1316

[00:54:14]	[Recv]	mv 3 40369 39 19 8

[00:54:14]	[Recv]	mv 3 40363 28 14 8

[00:54:15]	[Recv]	mv 3 40377 86 46 9

[00:54:15]	[Recv]	mv 3 40372 78 55 9

[00:54:15]	[Recv]	mv 3 40368 39 11 8

[00:54:15]	[Recv]	mv 3 40360 23 99 8

[00:54:15]	[Recv]	mv 3 40359 24 119 8

[00:54:15]	[Recv]	pst 2 2557262 0 100 100 34166 7013 0 0 0

[00:54:15]	[Recv]	pst 2 2557249 1 100 100 42830 3622 0 0 0

[00:54:15]	[Send]	walk 45 46 1 25
[00:54:15]	[Recv]	mv 3 40370 74 41 9

[00:54:15]	[Recv]	mv 3 40358 22 7 8

[00:54:15]	[Send]	walk 44 47 1 25
[00:54:15]	[Recv]	mv 3 40374 79 43 9

[00:54:15]	[Recv]	mv 3 40375 85 73 9

[00:54:15]	[Recv]	mv 3 40365 31 115 8

[00:54:15]	[Send]	walk 37 46 0 25
[00:54:15]	[Recv]	mv 3 40367 33 20 8

[00:54:15]	[Recv]	mv 3 40363 27 12 8

[00:54:16]	[Recv]	mv 3 40372 77 55 9

[00:54:16]	[Recv]	mv 3 40368 39 10 8

[00:54:16]	[Recv]	pst 2 2557262 0 100 100 34166 7013 0 0 0

[00:54:16]	[Recv]	pst 2 2557249 1 100 100 42830 3622 0 0 0

[00:54:16]	[Recv]	mv 3 40358 22 8 8

[00:54:16]	[Recv]	mv 3 40373 76 57 9

[00:54:16]	[Send]	walk 36 47 0 25
[00:54:16]	[Recv]	mv 3 40376 85 90 9

[00:54:16]	[Recv]	mv 3 40375 85 75 9

[00:54:16]	[Recv]	mv 3 40366 34 106 8

[00:54:16]	[Recv]	stat 75191 75191 17265 17265 0 1316

[00:54:16]	[Recv]	stat 75191 75191 17265 17265 0 1316

[00:54:16]	[Send]	walk 40 45 1 25
[00:54:16]	[Recv]	mv 3 40378 89 69 9

[00:54:16]	[Recv]	mv 3 40369 38 17 8

[00:54:16]	[Recv]	mv 3 40367 34 19 8

[00:54:16]	[Send]	walk 41 47 1 25
[00:54:17]	[Recv]	mv 3 40377 86 45 9

[00:54:17]	[Recv]	mv 3 40372 78 53 9

[00:54:17]	[Recv]	mv 3 40360 24 101 8

[00:54:17]	[Recv]	mv 3 40359 25 118 8

[00:54:17]	[Recv]	pst 2 2557262 0 100 100 34166 7013 0 0 0

[00:54:17]	[Recv]	pst 2 2557249 1 100 100 42830 3622 0 0 0

[00:54:17]	[Send]	walk 43 47 0 25
[00:54:17]	[Recv]	mv 3 40358 23 9 8

[00:54:17]	[Recv]	mv 3 40374 81 44 9

[00:54:17]	[Recv]	mv 3 40361 24 107 8

[00:54:17]	[Send]	walk 52 47 0 25
[00:54:17]	[Recv]	mv 3 40376 87 88 9

[00:54:17]	[Recv]	mv 3 40375 86 76 9

[00:54:17]	[Recv]	mv 3 40366 34 107 8

[00:54:17]	[Recv]	mv 3 40365 29 115 8

[00:54:17]	[Recv]	mv 3 40378 89 68 9

[00:54:17]	[Recv]	mv 3 40367 34 21 8

[00:54:17]	[Recv]	mv 3 40363 26 12 8

[00:54:17]	[Send]	walk 55 47 0 25
[00:54:18]	[Recv]	mv 3 40379 92 81 9

[00:54:18]	[Recv]	mv 3 40377 85 46 9

[00:54:18]	[Recv]	mv 3 40372 77 51 9

[00:54:18]	[Recv]	mv 3 40368 38 10 8

[00:54:18]	[Recv]	mv 3 40362 28 19 8

[00:54:18]	[Recv]	mv 3 40360 26 100 8

[00:54:18]	[Recv]	mv 3 40359 24 118 8

[00:54:18]	[Recv]	pst 2 2557262 0 100 100 34166 7013 0 0 0

[00:54:18]	[Recv]	pst 2 2557249 1 100 100 42830 3622 0 0 0

[00:54:18]	[Recv]	mv 3 40371 74 90 9

[00:54:18]	[Recv]	mv 3 40358 22 10 8

[00:54:18]	[Recv]	mv 3 40373 77 59 9

[00:54:18]	[Recv]	mv 3 40361 25 108 8

[00:54:18]	[Recv]	mv 3 40375 85 74 9

[00:54:18]	[Recv]	mv 3 40366 34 109 8

[00:54:18]	[Recv]	stat 75191 75191 17265 17265 0 1316

[00:54:18]	[Send]	walk 64 47 0 25
[00:54:18]	[Recv]	mv 3 40378 88 67 9

[00:54:18]	[Recv]	mv 3 40369 37 18 8

[00:54:18]	[Recv]	mv 3 40364 30 7 8

[00:54:18]	[Recv]	mv 3 40363 27 13 8

[00:54:19]	[Recv]	mv 3 40379 91 79 9

[00:54:19]	[Recv]	mv 3 40372 78 52 9

[00:54:19]	[Recv]	pst 2 2557262 0 100 100 34166 7013 0 0 0

[00:54:19]	[Recv]	pst 2 2557249 1 100 100 42830 3622 0 0 0

[00:54:19]	[Recv]	mv 3 40358 23 10 8

[00:54:19]	[Recv]	mv 3 40373 75 58 9

[00:54:19]	[Recv]	mv 3 40366 35 109 8

[00:54:19]	[Send]	walk 73 47 0 25
[00:54:19]	[Recv]	mv 3 40367 33 19 8

[00:54:19]	[Recv]	mv 3 40363 25 11 8

[00:54:20]	[Recv]	mv 3 40377 87 44 9

[00:54:20]	[Recv]	mv 3 40368 39 9 8

[00:54:20]	[Recv]	mv 3 40360 27 98 8

[00:54:20]	[Recv]	mv 3 40359 26 118 8

[00:54:20]	[Recv]	pst 2 2557262 0 100 100 34166 7013 0 0 0

[00:54:20]	[Recv]	pst 2 2557249 1 100 100 42830 3622 0 0 0

[00:54:20]	[Recv]	mv 3 40371 73 91 9

[00:54:20]	[Recv]	mv 3 40370 72 43 9

[00:54:20]	[Recv]	mv 3 40358 22 9 8

[00:54:20]	[Recv]	mv 3 40374 79 43 9

[00:54:20]	[Recv]	mv 3 40376 86 88 9

[00:54:20]	[Recv]	mv 3 40375 86 74 9

[00:54:20]	[Recv]	mv 3 40366 34 107 8

[00:54:20]	[Recv]	mv 3 40365 29 117 8

[00:54:20]	[Send]	walk 82 47 0 25
[00:54:20]	[Recv]	stat 75191 75191 17265 17265 0 1316

[00:54:20]	[Recv]	stat 75191 75191 17265 17265 0 1316

[00:54:21]	[Recv]	mv 3 40377 88 44 9

[00:54:21]	[Recv]	mv 3 40372 78 53 9

[00:54:21]	[Recv]	mv 3 40362 26 21 8

[00:54:21]	[Recv]	pst 2 2557262 0 100 100 34166 7013 0 0 0

[00:54:21]	[Recv]	pst 2 2557249 1 100 100 42830 3622 0 0 0

[00:54:21]	[Recv]	mv 3 40358 24 7 8

[00:54:21]	[Recv]	mv 3 40374 79 45 9

[00:54:21]	[Send]	walk 91 46 0 25
[00:54:21]	[Recv]	mv 3 40376 86 87 9

[00:54:21]	[Recv]	mv 3 40365 31 115 8

[00:54:21]	[Recv]	mv 3 40378 88 69 9

[00:54:21]	[Recv]	mv 3 40369 39 20 8

[00:54:21]	[Recv]	mv 3 40364 30 6 8

[00:54:21]	[Recv]	mv 3 40363 26 12 8

[00:54:22]	[Recv]	mv 3 40379 90 77 9

[00:54:22]	[Recv]	mv 3 40372 77 52 9

[00:54:22]	[Recv]	mv 3 40368 41 11 8

[00:54:22]	[Recv]	mv 3 40362 28 20 8

[00:54:22]	[Recv]	mv 3 40360 25 98 8

[00:54:22]	[Recv]	pst 2 2557262 0 100 100 34166 7013 0 0 0

[00:54:22]	[Recv]	pst 2 2557249 1 100 100 42830 3622 0 0 0

[00:54:22]	[Recv]	mv 3 40374 77 44 9

[00:54:22]	[Recv]	mv 3 40361 23 108 8

[00:54:22]	[Send]	walk 94 43 0 25
[00:54:22]	[Recv]	mv 3 40365 32 117 8

[00:54:22]	[Recv]	stat 75191 75191 17265 17265 0 1316

[00:54:22]	[Recv]	mv 3 40378 87 69 9

[00:54:22]	[Recv]	mv 3 40369 38 20 8

[00:54:23]	[Recv]	mv 3 40377 88 45 9

[00:54:23]	[Recv]	mv 3 40372 77 51 9

[00:54:23]	[Recv]	mv 3 40368 39 10 8

[00:54:23]	[Recv]	pst 2 2557262 0 100 100 34166 7013 0 0 0

[00:54:23]	[Recv]	pst 2 2557249 1 100 100 42830 3622 0 0 0

[00:54:23]	[Recv]	mv 3 40374 77 43 9

[00:54:23]	[Recv]	mv 3 40373 77 58 9

[00:54:23]	[Recv]	mv 3 40361 24 109 8

[00:54:23]	[Recv]	mv 3 40376 85 87 9

[00:54:23]	[Recv]	mv 3 40375 85 75 9

[00:54:23]	[Recv]	mv 3 40365 30 116 8

[00:54:23]	[Recv]	mv 3 40378 89 67 9

[00:54:23]	[Recv]	mv 3 40369 39 18 8

[00:54:23]	[Recv]	mv 3 40367 34 20 8

[00:54:23]	[Recv]	mv 3 40363 27 13 8

[00:54:24]	[Recv]	mv 3 40379 92 77 9

[00:54:24]	[Recv]	mv 3 40368 40 10 8

[00:54:24]	[Recv]	mv 3 40359 25 118 8

[00:54:24]	[Recv]	pst 2 2557262 0 100 100 34166 7013 0 0 0

[00:54:24]	[Recv]	pst 2 2557249 1 100 100 42830 3622 0 0 0

[00:54:24]	[Recv]	mv 3 40371 72 91 9

[00:54:24]	[Recv]	mv 3 40370 73 42 9

[00:54:24]	[Recv]	mv 3 40374 78 41 9

[00:54:24]	[Recv]	mv 3 40373 76 57 9

[00:54:24]	[Recv]	mv 3 40361 23 110 8

[00:54:24]	[Recv]	mv 3 40376 84 89 9

[00:54:24]	[Recv]	stat 75191 75191 17265 17265 0 1316

[00:54:24]	[Recv]	stat 75191 75191 17265 17265 0 1316

[00:54:24]	[Recv]	mv 3 40369 38 19 8

[00:54:24]	[Recv]	mv 3 40367 34 19 8

[00:54:24]	[Recv]	mv 3 40363 28 13 8

[00:54:25]	[Recv]	mv 3 40379 90 77 9

[00:54:25]	[Recv]	mv 3 40377 89 43 9

[00:54:25]	[Recv]	mv 3 40368 41 9 8

[00:54:25]	[Recv]	mv 3 40362 26 20 8

[00:54:25]	[Recv]	mv 3 40359 26 119 8

[00:54:25]	[Recv]	pst 2 2557262 0 100 100 34166 7013 0 0 0

[00:54:25]	[Recv]	pst 2 2557249 1 100 100 42830 3622 0 0 0

[00:54:25]	[Recv]	mv 3 40374 77 41 9

[00:54:25]	[Recv]	mv 3 40373 77 58 9

[00:54:25]	[Recv]	mv 3 40361 25 111 8

[00:54:25]	[Send]	walk 98 43 0 25
[00:54:25]	[Recv]	mv 3 40378 88 68 9

[00:54:25]	[Recv]	mv 3 40369 39 19 8

[00:54:25]	[Recv]	mv 3 40364 29 6 8

[00:54:25]	[Recv]	mv 3 40363 28 11 8

[00:54:25]	[Send]	preq
[00:54:26]	[Recv]	mv 3 40379 92 77 9

[00:54:26]	[Recv]	mv 3 40377 89 44 9

[00:54:26]	[Recv]	mv 3 40368 39 9 8

[00:54:26]	[Recv]	mv 3 40362 27 20 8

[00:54:26]	[Recv]	mv 3 40360 24 99 8

[00:54:26]	[Recv]	mv 3 40359 25 118 8

[00:54:26]	[Recv]	pst 2 2557262 0 100 100 34166 7013 0 0 0

[00:54:26]	[Recv]	pst 2 2557249 1 100 100 42830 3622 0 0 0

[00:54:26]	[Recv]	c_map 0 2631 0

[00:54:26]	[Recv]	mapout

[00:54:26]	[Send]	c_close 1
[00:54:26]	[Send]	c_close 0
[00:54:26]	[Send]	f_stash_end 
[00:54:26]	[Send]	c_close 1
[00:54:26]	[Recv]	c_info milkers - -1 3739.918 Sanguinarius 6835325 0 0 1 5 1 27 0 10 0 0 0 0 8151 9

[00:54:26]	[Send]	mall 50
[00:54:26]	[Send]	c_close 1
[00:54:26]	[Recv]	c_mode 1 6835325 3728 0 0 0 100 8151

[00:54:26]	[Recv]	equip 73 78 0.8628.3.7.0.8.82 1.8643.8.7.0.2.82 2.8689.0.0.0.0.0 3.8653.0.2.0.0.0 4.8655.0.0.0.0.0 5.8636.7.8.0.0.82 6.4657.0.0.0.0.0 7.4653.0.0.0.0.0 8.4647.0.0.0.0.0 9.8687.0.0.0.0.0 10.8674.9.0.0.0.0 12.909.0.20.100.0.0 13.8680.0.0.0.0.0 14.8566.0.0.0.0.0 15.8598.0.0.0.0.0 16.8568.0.0.0.0.0 17.8801.0.0.0.0.0

[00:54:26]	[Recv]	lev 99 0 99 0 2140719000 5991794 13364600 200 881816047 91 967912450 0

[00:54:26]	[Recv]	stat 75191 75191 17265 17265 0 1316

[00:54:26]	[Recv]	at 6835325 2633 1 40 2 0 114 1 -1

[00:54:26]	[Recv]	cond 1 6835325 0 0 25

[00:54:26]	[Recv]	cond 1 6835325 0 0 25

[00:54:26]	[Recv]	titinfo 1 6835325 9468 9468

[00:54:26]	[Recv]	eq 6835325 0 0 1 5 1 8689.8643.8628.8636.8687.8674.8680.8566.8598.8568.8801 73 78 100

[00:54:26]	[Recv]	c_map 0 2633 1

[00:54:26]	[Recv]	sc 0 7 4136 4278 1894 37 415 1 8 4111 4311 2101 43 405 7 2246 1268 2064 1268 1784 91 88 127 138

[00:54:26]	[Recv]	char_sc 1 6835325 100

[00:54:26]	[Recv]	gidx 1 6835325 3739.918 Sanguinarius 27 0|0|1

[00:54:26]	[Recv]	rsfp 0 -1

[00:54:26]	[Recv]	pairy 1 6835325 4 3 129 59

[00:54:26]	[Recv]	minipet 1 6835325 8801

[00:54:26]	[Recv]	act6 

[00:54:26]	[Recv]	pinit 2 2|2557262|0|99|@|-1|2789|1|2646|0|0 2|2557249|1|96|@|-1|2762|0|0|0|0


[00:54:26]	[Recv]	food 0

[00:54:26]	[Recv]	mv 3 40465 110 36 8

[00:54:26]	[Recv]	mv 3 40464 102 26 8

[00:54:26]	[Recv]	mv 3 40448 71 85 9

[00:54:26]	[Recv]	mv 3 40439 147 56 8

[00:54:26]	[Recv]	mv 3 40437 133 34 8

[00:54:26]	[Recv]	mv 3 40485 135 34 9

[00:54:26]	[Recv]	mv 3 40474 23 24 9

[00:54:26]	[Recv]	mv 3 40467 130 44 8

[00:54:26]	[Recv]	mv 3 40451 116 22 9

[00:54:26]	[Recv]	mv 3 40447 61 55 9

[00:54:26]	[Recv]	mv 3 40442 19 51 9

[00:54:26]	[Recv]	mv 3 40440 16 37 9

[00:54:26]	[Recv]	mv 3 40438 148 34 8

[00:54:26]	[Recv]	mv 3 40428 55 58 8

[00:54:26]	[Recv]	mv 3 40425 24 42 8

[00:54:26]	[Recv]	mv 3 40486 148 45 9

[00:54:26]	[Recv]	mv 3 40449 107 48 9

[00:54:26]	[Recv]	mv 3 40431 74 72 8

[00:54:26]	[Recv]	mv 3 40430 62 85 8

[00:54:26]	[Recv]	gp 1 40 2631 -1 0 0

[00:54:26]	[Recv]	gp 67 97 2635 -1 1 0

[00:54:26]	[Recv]	gp 120 2 2634 -1 2 0

[00:54:26]	[Recv]	gp 177 58 2628 -1 3 0

[00:54:26]	[Recv]	in 3 3019 40486 148 45 2 100 100 0 0 0 -1 1 0 -1 - 0 -1 0 0 0 0 0 0 0 0 0 0 0 0 0

[00:54:26]	[Recv]	in 3 3019 40485 135 34 2 63 100 0 0 0 -1 1 0 -1 - 0 -1 0 0 0 0 0 0 0 0 0 0 0 0 0

[00:54:26]	[Recv]	in 3 3019 40484 126 24 2 100 100 0 0 0 -1 1 0 -1 - 0 -1 0 0 0 0 0 0 0 0 0 0 0 0 0

[00:54:26]	[Recv]	in 3 3019 40483 113 45 2 100 100 0 0 0 -1 1 0 -1 - 0 -1 0 0 0 0 0 0 0 0 0 0 0 0 0

[00:54:26]	[Recv]	in 3 3019 40482 92 58 2 100 100 0 0 0 -1 1 0 -1 - 0 -1 0 0 0 0 0 0 0 0 0 0 0 0 0

[00:54:26]	[Recv]	in 3 3019 40481 95 33 2 100 100 0 0 0 -1 1 0 -1 - 0 -1 0 0 0 0 0 0 0 0 0 0 0 0 0

[00:54:26]	[Recv]	in 3 3019 40480 75 88 2 100 100 0 0 0 -1 1 0 -1 - 0 -1 0 0 0 0 0 0 0 0 0 0 0 0 0

[00:54:26]	[Recv]	in 3 3019 40479 74 60 2 100 100 0 0 0 -1 1 0 -1 - 0 -1 0 0 0 0 0 0 0 0 0 0 0 0 0

[00:54:26]	[Recv]	in 3 3019 40478 64 57 2 100 100 0 0 0 -1 1 0 -1 - 0 -1 0 0 0 0 0 0 0 0 0 0 0 0 0

[00:54:26]	[Recv]	in 3 3019 40477 54 68 2 100 100 0 0 0 -1 1 0 -1 - 0 -1 0 0 0 0 0 0 0 0 0 0 0 0 0

[00:54:26]	[Recv]	in 3 3019 40476 44 49 2 100 100 0 0 0 -1 1 0 -1 - 0 -1 0 0 0 0 0 0 0 0 0 0 0 0 0

[00:54:26]	[Recv]	in 3 3019 40475 42 76 2 100 100 0 0 0 -1 1 0 -1 - 0 -1 0 0 0 0 0 0 0 0 0 0 0 0 0

[00:54:26]	[Recv]	in 3 3019 40474 23 24 2 100 100 0 0 0 -1 1 0 -1 - 0 -1 0 0 0 0 0 0 0 0 0 0 0 0 0

[00:54:26]	[Recv]	in 3 3019 40473 67 48 2 100 100 0 0 0 -1 1 0 -1 - 0 -1 0 0 0 0 0 0 0 0 0 0 0 0 0

[00:54:26]	[Recv]	in 3 3019 40472 20 56 2 100 100 0 0 0 -1 1 0 -1 - 0 -1 0 0 0 0 0 0 0 0 0 0 0 0 0

[00:54:26]	[Recv]	in 3 3004 40471 174 55 2 100 100 0 0 0 -1 1 0 -1 - 0 -1 0 0 0 0 0 0 0 0 0 0 0 0 0

[00:54:26]	[Recv]	in 3 3004 40470 148 42 2 78 100 0 0 0 -1 1 0 -1 - 0 -1 0 0 0 0 0 0 0 0 0 0 0 0 0

[00:54:26]	[Recv]	in 3 3004 40469 172 57 2 100 100 0 0 0 -1 1 0 -1 - 0 -1 0 0 0 0 0 0 0 0 0 0 0 0 0

[00:54:26]	[Recv]	in 3 3004 40468 138 32 2 51 100 0 0 0 -1 1 0 -1 - 0 -1 0 0 0 0 0 0 0 0 0 0 0 0 0

[00:54:26]	[Recv]	in 3 3004 40467 130 44 2 59 100 0 0 0 -1 1 0 -1 - 0 -1 0 0 0 0 0 0 0 0 0 0 0 0 0

[00:54:26]	[Recv]	in 3 3004 40466 117 52 2 100 100 0 0 0 -1 1 0 -1 - 0 -1 0 0 0 0 0 0 0 0 0 0 0 0 0

[00:54:26]	[Recv]	in 3 3004 40465 110 36 2 100 100 0 0 0 -1 1 0 -1 - 0 -1 0 0 0 0 0 0 0 0 0 0 0 0 0

[00:54:26]	[Recv]	in 3 3004 40464 102 26 2 100 100 0 0 0 -1 1 0 -1 - 0 -1 0 0 0 0 0 0 0 0 0 0 0 0 0

[00:54:26]	[Recv]	in 3 3004 40463 76 80 2 100 100 0 0 0 -1 1 0 -1 - 0 -1 0 0 0 0 0 0 0 0 0 0 0 0 0

[00:54:26]	[Recv]	in 3 3004 40462 67 69 2 100 100 0 0 0 -1 1 0 -1 - 0 -1 0 0 0 0 0 0 0 0 0 0 0 0 0

[00:54:26]	[Recv]	in 3 3004 40461 56 88 2 100 100 0 0 0 -1 1 0 -1 - 0 -1 0 0 0 0 0 0 0 0 0 0 0 0 0

[00:54:26]	[Recv]	in 3 3004 40460 35 49 2 100 100 0 0 0 -1 1 0 -1 - 0 -1 0 0 0 0 0 0 0 0 0 0 0 0 0

[00:54:26]	[Recv]	in 3 3004 40459 26 56 2 100 100 0 0 0 -1 1 0 -1 - 0 -1 0 0 0 0 0 0 0 0 0 0 0 0 0

[00:54:26]	[Recv]	in 3 3004 40458 28 30 2 100 100 0 0 0 -1 1 0 -1 - 0 -1 0 0 0 0 0 0 0 0 0 0 0 0 0

[00:54:26]	[Recv]	in 3 3004 40457 20 24 2 100 100 0 0 0 -1 1 0 -1 - 0 -1 0 0 0 0 0 0 0 0 0 0 0 0 0

[00:54:26]	[Recv]	in 3 3004 40456 16 48 2 100 100 0 0 0 -1 1 0 -1 - 0 -1 0 0 0 0 0 0 0 0 0 0 0 0 0

[00:54:26]	[Recv]	in 3 3003 40455 161 53 2 100 100 0 0 0 -1 1 0 -1 - 0 -1 0 0 0 0 0 0 0 0 0 0 0 0 0

[00:54:26]	[Recv]	in 3 3003 40454 154 38 2 100 100 0 0 0 -1 1 0 -1 - 0 -1 0 0 0 0 0 0 0 0 0 0 0 0 0

[00:54:26]	[Recv]	in 3 3003 40453 138 39 2 100 100 0 0 0 -1 1 0 -1 - 0 -1 0 0 0 0 0 0 0 0 0 0 0 0 0

[00:54:26]	[Recv]	in 3 3003 40452 139 49 2 100 100 0 0 0 -1 1 0 -1 - 0 -1 0 0 0 0 0 0 0 0 0 0 0 0 0

[00:54:26]	[Recv]	in 3 3003 40451 116 22 2 100 100 0 0 0 -1 1 0 -1 - 0 -1 0 0 0 0 0 0 0 0 0 0 0 0 0

[00:54:26]	[Recv]	in 3 3003 40450 107 33 2 100 100 0 0 0 -1 1 0 -1 - 0 -1 0 0 0 0 0 0 0 0 0 0 0 0 0

[00:54:26]	[Recv]	in 3 3003 40449 107 48 2 100 100 0 0 0 -1 1 0 -1 - 0 -1 0 0 0 0 0 0 0 0 0 0 0 0 0

[00:54:26]	[Recv]	in 3 3003 40448 71 85 2 100 100 0 0 0 -1 1 0 -1 - 0 -1 0 0 0 0 0 0 0 0 0 0 0 0 0

[00:54:26]	[Recv]	in 3 3003 40447 61 55 2 100 100 0 0 0 -1 1 0 -1 - 0 -1 0 0 0 0 0 0 0 0 0 0 0 0 0

[00:54:26]	[Recv]	in 3 3003 40446 58 72 2 100 100 0 0 0 -1 1 0 -1 - 0 -1 0 0 0 0 0 0 0 0 0 0 0 0 0

[00:54:26]	[Recv]	in 3 3003 40445 47 81 2 100 100 0 0 0 -1 1 0 -1 - 0 -1 0 0 0 0 0 0 0 0 0 0 0 0 0

[00:54:26]	[Recv]	in 3 3003 40444 45 66 2 100 100 0 0 0 -1 1 0 -1 - 0 -1 0 0 0 0 0 0 0 0 0 0 0 0 0

[00:54:26]	[Recv]	in 3 3003 40443 34 44 2 100 100 0 0 0 -1 1 0 -1 - 0 -1 0 0 0 0 0 0 0 0 0 0 0 0 0

[00:54:26]	[Recv]	in 3 3003 40442 19 51 2 100 100 0 0 0 -1 1 0 -1 - 0 -1 0 0 0 0 0 0 0 0 0 0 0 0 0

[00:54:26]	[Recv]	in 3 3003 40441 18 33 2 100 100 0 0 0 -1 1 0 -1 - 0 -1 0 0 0 0 0 0 0 0 0 0 0 0 0

[00:54:26]	[Recv]	in 3 3003 40440 16 37 2 100 100 0 0 0 -1 1 0 -1 - 0 -1 0 0 0 0 0 0 0 0 0 0 0 0 0

[00:54:26]	[Recv]	in 3 3002 40439 147 56 2 100 100 0 0 0 -1 1 0 -1 - 0 -1 0 0 0 0 0 0 0 0 0 0 0 0 0

[00:54:26]	[Recv]	in 3 3002 40438 148 34 2 72 100 0 0 0 -1 1 0 -1 - 0 -1 0 0 0 0 0 0 0 0 0 0 0 0 0

[00:54:26]	[Recv]	in 3 3002 40437 133 34 2 88 100 0 0 0 -1 1 0 -1 - 0 -1 0 0 0 0 0 0 0 0 0 0 0 0 0

[00:54:26]	[Recv]	in 3 3002 40436 133 45 2 69 100 0 0 0 -1 1 0 -1 - 0 -1 0 0 0 0 0 0 0 0 0 0 0 0 0

[00:54:26]	[Recv]	in 3 3002 40435 113 39 2 100 100 0 0 0 -1 1 0 -1 - 0 -1 0 0 0 0 0 0 0 0 0 0 0 0 0

[00:54:26]	[Recv]	in 3 3002 40434 113 25 2 100 100 0 0 0 -1 1 0 -1 - 0 -1 0 0 0 0 0 0 0 0 0 0 0 0 0

[00:54:26]	[Recv]	in 3 3002 40433 100 51 2 100 100 0 0 0 -1 1 0 -1 - 0 -1 0 0 0 0 0 0 0 0 0 0 0 0 0

[00:54:26]	[Recv]	in 3 3002 40432 100 42 2 100 100 0 0 0 -1 1 0 -1 - 0 -1 0 0 0 0 0 0 0 0 0 0 0 0 0

[00:54:26]	[Recv]	in 3 3002 40431 74 72 2 100 100 0 0 0 -1 1 0 -1 - 0 -1 0 0 0 0 0 0 0 0 0 0 0 0 0

[00:54:26]	[Recv]	in 3 3002 40430 62 85 2 100 100 0 0 0 -1 1 0 -1 - 0 -1 0 0 0 0 0 0 0 0 0 0 0 0 0

[00:54:26]	[Recv]	in 3 3002 40429 56 79 2 100 100 0 0 0 -1 1 0 -1 - 0 -1 0 0 0 0 0 0 0 0 0 0 0 0 0

[00:54:26]	[Recv]	in 3 3002 40428 55 58 2 100 100 0 0 0 -1 1 0 -1 - 0 -1 0 0 0 0 0 0 0 0 0 0 0 0 0

[00:54:26]	[Recv]	in 3 3002 40427 40 53 2 100 100 0 0 0 -1 1 0 -1 - 0 -1 0 0 0 0 0 0 0 0 0 0 0 0 0

[00:54:26]	[Recv]	in 3 3002 40426 85 38 2 100 100 0 0 0 -1 1 0 -1 - 0 -1 0 0 0 0 0 0 0 0 0 0 0 0 0

[00:54:26]	[Recv]	in 3 3002 40425 24 42 2 100 100 0 0 0 -1 1 0 -1 - 0 -1 0 0 0 0 0 0 0 0 0 0 0 0 0

[00:54:26]	[Recv]	in 2 3133 40523 161 33 3 100 100 1 0 0 -1 1 0 -1 - 0 -1 0 0 0 0 0 0 0 0 0 0 0 0 0

[00:54:26]	[Recv]	in 2 3133 40522 136 62 7 100 100 1 0 0 -1 1 0 -1 - 0 -1 0 0 0 0 0 0 0 0 0 0 0 0 0

[00:54:26]	[Recv]	in 2 3133 40521 111 33 0 100 100 1 0 0 -1 1 0 -1 - 0 -1 0 0 0 0 0 0 0 0 0 0 0 0 0

[00:54:26]	[Recv]	in 2 3133 40520 104 27 4 100 100 1 0 0 -1 1 0 -1 - 0 -1 0 0 0 0 0 0 0 0 0 0 0 0 0

[00:54:26]	[Recv]	in 2 3133 40519 52 85 7 100 100 1 0 0 -1 1 0 -1 - 0 -1 0 0 0 0 0 0 0 0 0 0 0 0 0

[00:54:26]	[Recv]	in 2 3133 40518 66 54 3 100 100 1 0 0 -1 1 0 -1 - 0 -1 0 0 0 0 0 0 0 0 0 0 0 0 0

[00:54:26]	[Recv]	in 2 3133 40517 75 93 0 100 100 1 0 0 -1 1 0 -1 - 0 -1 0 0 0 0 0 0 0 0 0 0 0 0 0

[00:54:26]	[Recv]	in 2 3133 40516 126 35 2 100 100 1 0 0 -1 1 0 -1 - 0 -1 0 0 0 0 0 0 0 0 0 0 0 0 0

[00:54:26]	[Recv]	in 2 3133 40515 47 46 4 100 100 1 0 0 -1 1 0 -1 - 0 -1 0 0 0 0 0 0 0 0 0 0 0 0 0

[00:54:26]	[Recv]	in 2 3133 40514 67 68 3 100 100 1 0 0 -1 1 0 -1 - 0 -1 0 0 0 0 0 0 0 0 0 0 0 0 0

[00:54:26]	[Recv]	in 2 3071 40513 177 54 3 100 100 11026 0 0 -1 1 0 -1 - 0 -1 0 0 0 0 0 0 0 0 0 0 0 0 0

[00:54:26]	[Recv]	in 2 3051 40512 166 44 2 100 100 1 0 0 -1 1 0 -1 - 0 -1 0 0 0 0 0 0 0 0 0 0 0 0 0

[00:54:26]	[Recv]	in 2 3051 40511 163 62 2 100 100 1 0 0 -1 1 0 -1 - 0 -1 0 0 0 0 0 0 0 0 0 0 0 0 0

[00:54:26]	[Recv]	in 2 3051 40510 154 33 2 100 100 1 0 0 -1 1 0 -1 - 0 -1 0 0 0 0 0 0 0 0 0 0 0 0 0

[00:54:26]	[Recv]	in 2 3051 40509 146 61 2 100 100 1 0 0 -1 1 0 -1 - 0 -1 0 0 0 0 0 0 0 0 0 0 0 0 0

[00:54:26]	[Recv]	in 2 3051 40508 133 29 2 100 100 1 0 0 -1 1 0 -1 - 0 -1 0 0 0 0 0 0 0 0 0 0 0 0 0

[00:54:26]	[Recv]	in 2 3051 40507 128 13 2 100 100 1 0 0 -1 1 0 -1 - 0 -1 0 0 0 0 0 0 0 0 0 0 0 0 0

[00:54:26]	[Recv]	in 2 3051 40506 121 38 2 100 100 1 0 0 -1 1 0 -1 - 0 -1 0 0 0 0 0 0 0 0 0 0 0 0 0

[00:54:26]	[Recv]	in 2 3051 40505 119 27 2 100 100 1 0 0 -1 1 0 -1 - 0 -1 0 0 0 0 0 0 0 0 0 0 0 0 0

[00:54:26]	[Recv]	in 2 3051 40504 118 51 2 100 100 1 0 0 -1 1 0 -1 - 0 -1 0 0 0 0 0 0 0 0 0 0 0 0 0

[00:54:26]	[Recv]	in 2 3051 40503 114 67 2 100 100 1 0 0 -1 1 0 -1 - 0 -1 0 0 0 0 0 0 0 0 0 0 0 0 0

[00:54:26]	[Recv]	in 2 3051 40502 104 22 2 100 100 1 0 0 -1 1 0 -1 - 0 -1 0 0 0 0 0 0 0 0 0 0 0 0 0

[00:54:26]	[Recv]	in 2 3051 40501 99 60 2 100 100 1 0 0 -1 1 0 -1 - 0 -1 0 0 0 0 0 0 0 0 0 0 0 0 0

[00:54:26]	[Recv]	in 2 3051 40500 92 32 2 100 100 1 0 0 -1 1 0 -1 - 0 -1 0 0 0 0 0 0 0 0 0 0 0 0 0

[00:54:26]	[Recv]	in 2 3051 40499 90 47 2 100 100 1 0 0 -1 1 0 -1 - 0 -1 0 0 0 0 0 0 0 0 0 0 0 0 0

[00:54:26]	[Recv]	in 2 3051 40498 87 80 2 100 100 1 0 0 -1 1 0 -1 - 0 -1 0 0 0 0 0 0 0 0 0 0 0 0 0

[00:54:26]	[Recv]	in 2 3051 40497 81 70 2 100 100 1 0 0 -1 1 0 -1 - 0 -1 0 0 0 0 0 0 0 0 0 0 0 0 0

[00:54:26]	[Recv]	in 2 3051 40496 72 88 2 100 100 1 0 0 -1 1 0 -1 - 0 -1 0 0 0 0 0 0 0 0 0 0 0 0 0

[00:54:26]	[Recv]	in 2 3051 40495 70 58 2 100 100 1 0 0 -1 1 0 -1 - 0 -1 0 0 0 0 0 0 0 0 0 0 0 0 0

[00:54:26]	[Recv]	in 2 3051 40494 50 66 2 100 100 1 0 0 -1 1 0 -1 - 0 -1 0 0 0 0 0 0 0 0 0 0 0 0 0

[00:54:26]	[Recv]	in 2 3051 40493 50 50 2 100 100 1 0 0 -1 1 0 -1 - 0 -1 0 0 0 0 0 0 0 0 0 0 0 0 0

[00:54:26]	[Recv]	in 2 3051 40492 46 84 2 100 100 1 0 0 -1 1 0 -1 - 0 -1 0 0 0 0 0 0 0 0 0 0 0 0 0

[00:54:26]	[Recv]	in 2 3051 40491 36 67 2 100 100 1 0 0 -1 1 0 -1 - 0 -1 0 0 0 0 0 0 0 0 0 0 0 0 0

[00:54:26]	[Recv]	in 2 3051 40490 21 30 2 100 100 1 0 0 -1 1 0 -1 - 0 -1 0 0 0 0 0 0 0 0 0 0 0 0 0

[00:54:26]	[Recv]	in 2 3051 40489 16 55 2 100 100 1 0 0 -1 1 0 -1 - 0 -1 0 0 0 0 0 0 0 0 0 0 0 0 0

[00:54:26]	[Recv]	in 2 3051 40488 13 31 2 100 100 1 0 0 -1 1 0 -1 - 0 -1 0 0 0 0 0 0 0 0 0 0 0 0 0

[00:54:26]	[Recv]	in 2 3047 40487 177 61 3 98 4 0 0 0 -1 1 0 -1 - 0 -1 0 0 0 0 0 0 0 0 0 0 0 0 0

[00:54:26]	[Recv]	pst 2 2557262 0 100 100 34166 7013 0 0 0

[00:54:26]	[Recv]	pst 2 2557249 1 100 100 42830 3622 0 0 0

[00:54:26]	[Recv]	stat 75191 75191 17265 17265 0 1316

[00:54:26]	[Recv]	mv 3 40475 40 77 9

[00:54:26]	[Recv]	mv 3 40462 67 71 8

[00:54:26]	[Recv]	mv 3 40450 107 34 9

[00:54:26]	[Recv]	mv 3 40446 58 71 9

[00:54:26]	[Recv]	mv 3 40441 17 34 9

[00:54:26]	[Recv]	mv 3 40433 101 52 8

[00:54:27]	[Recv]	mv 3 40484 127 25 9

[00:54:27]	[Recv]	mv 3 40458 26 31 8

[00:54:27]	[Recv]	mv 3 40456 14 50 8

[00:54:27]	[Recv]	mv 3 40465 108 37 8

[00:54:27]	[Recv]	mv 3 40464 102 27 8

[00:54:27]	[Recv]	mv 3 40443 36 43 9

[00:54:27]	[Recv]	mv 3 40439 148 58 8

[00:54:27]	[Recv]	mv 3 40479 74 59 9

[00:54:27]	[Recv]	mv 3 40478 62 59 9

[00:54:27]	[Recv]	mv 3 40477 52 70 9

[00:54:27]	[Recv]	mv 3 40474 24 25 9

[00:54:27]	[Recv]	mv 3 40467 129 42 8

[00:54:27]	[Recv]	mv 3 40447 60 54 9

[00:54:27]	[Recv]	mv 3 40440 17 37 9

[00:54:27]	[Recv]	mv 3 40425 24 44 8

[00:54:27]	[Send]	walk 1 40 0 25
[00:54:27]	[Recv]	mv 3 40481 94 34 9

[00:54:27]	[Recv]	mv 3 40457 22 26 8

[00:54:27]	[Recv]	mv 3 40435 114 38 8

[00:54:27]	[Recv]	mv 3 40434 112 23 8

[00:54:27]	[Recv]	mv 3 40431 73 71 8

[00:54:27]	[Recv]	mv 3 40430 61 84 8

[00:54:27]	[Recv]	mv 3 40429 57 78 8

[00:54:27]	[Recv]	pst 2 2557262 0 100 100 34166 7013 0 0 0

[00:54:27]	[Recv]	pst 2 2557249 1 100 100 42830 3622 0 0 0

[00:54:27]	[Recv]	mv 3 40476 43 48 9

[00:54:27]	[Recv]	mv 3 40460 34 49 8

[00:54:27]	[Recv]	mv 3 40459 28 55 8

[00:54:27]	[Recv]	mv 3 40454 155 37 9

[00:54:27]	[Recv]	mv 3 40446 60 72 9

[00:54:27]	[Recv]	mv 3 40441 19 33 9

[00:54:27]	[Recv]	mv 3 40432 101 43 8

[00:54:28]	[Send]	walk 2 40 0 25
[00:54:28]	[Recv]	mv 3 40470 149 42 8

[00:54:28]	[Send]	preq
[00:54:28]	[Recv]	mv 3 40480 75 86 9

[00:54:28]	[Recv]	mv 3 40463 77 80 8

[00:54:28]	[Recv]	mv 3 40439 149 56 8

[00:54:28]	[Recv]	mv 3 40427 41 54 8

[00:54:28]	[Recv]	sayi 1 6835325 10 94 0 0 0 0 0

[00:54:28]	[Recv]	mv 3 40485 137 35 9

[00:54:28]	[Recv]	mv 3 40479 74 60 9

[00:54:28]	[Recv]	mv 3 40478 63 59 9

[00:54:28]	[Recv]	mv 3 40474 25 26 9

[00:54:28]	[Recv]	mv 3 40472 19 54 9

[00:54:28]	[Recv]	mv 3 40447 61 54 9

[00:54:28]	[Recv]	mv 3 40442 18 52 9

[00:54:28]	[Recv]	mv 3 40440 16 38 9

[00:54:28]	[Recv]	mv 3 40438 148 35 8

[00:54:28]	[Recv]	mv 3 40436 135 45 8

[00:54:28]	[Recv]	mv 3 40428 53 59 8

[00:54:28]	[Recv]	mv 3 40425 23 46 8

[00:54:28]	[Send]	walk 1 40 0 25
[00:54:28]	[Recv]	mv 3 40486 150 47 9

[00:54:28]	[Recv]	mv 3 40445 47 79 9

[00:54:28]	[Recv]	mv 3 40435 115 36 8

[00:54:28]	[Recv]	mv 3 40434 112 25 8

[00:54:28]	[Recv]	mv 3 40431 75 71 8

[00:54:28]	[Recv]	mv 3 40430 63 82 8

[00:54:28]	[Recv]	mv 3 40429 56 78 8

[00:54:28]	[Recv]	pst 2 2557262 0 100 100 34166 7013 0 0 0

[00:54:28]	[Recv]	pst 2 2557249 1 100 100 42830 3622 0 0 0

[00:54:28]	[Recv]	stat 75191 75191 17265 17265 0 1316

[00:54:28]	[Recv]	stat 75191 75191 17265 17265 0 1316

[00:54:28]	[Send]	preq
[00:54:28]	[Recv]	mv 3 40483 111 44 9

[00:54:28]	[Recv]	mv 3 40462 68 69 8

[00:54:28]	[Recv]	mv 3 40461 58 89 8

[00:54:28]	[Recv]	mv 3 40460 33 50 8

[00:54:28]	[Recv]	mv 3 40459 26 56 8

[00:54:28]	[Recv]	mv 3 40454 153 38 9

[00:54:28]	[Recv]	mv 3 40450 108 36 9

[00:54:28]	[Recv]	sayi 1 6835325 10 94 0 0 0 0 0

[00:54:29]	[Recv]	mv 3 40484 127 23 9

[00:54:29]	[Recv]	mv 3 40470 150 40 8

[00:54:29]	[Recv]	mv 3 40458 27 30 8

[00:54:29]	[Recv]	mv 3 40456 13 49 8

[00:54:29]	[Recv]	mv 3 40455 160 53 9

[00:54:29]	[Recv]	mv 3 40480 76 87 9

[00:54:29]	[Recv]	mv 3 40468 139 31 8

[00:54:29]	[Recv]	mv 3 40466 118 51 8

[00:54:29]	[Recv]	mv 3 40439 150 56 8

[00:54:29]	[Recv]	mv 3 40427 43 55 8

[00:54:29]	[Recv]	mv 3 40485 136 37 9

[00:54:29]	[Recv]	mv 3 40477 53 69 9

[00:54:29]	[Recv]	mv 3 40474 24 27 9

[00:54:29]	[Recv]	mv 3 40472 20 55 9

[00:54:29]	[Recv]	mv 3 40467 131 42 8

[00:54:29]	[Recv]	mv 3 40452 140 49 9

[00:54:29]	[Recv]	mv 3 40451 114 21 9

[00:54:29]	[Recv]	mv 3 40447 59 56 9

[00:54:29]	[Recv]	mv 3 40444 46 66 9

[00:54:29]	[Recv]	mv 3 40442 20 53 9

[00:54:29]	[Recv]	mv 3 40438 147 35 8

[00:54:29]	[Recv]	mv 3 40436 133 46 8

[00:54:29]	[Recv]	mv 3 40428 54 57 8

[00:54:29]	[Recv]	mv 3 40425 22 45 8

[00:54:29]	[Recv]	mv 3 40457 23 25 8

[00:54:29]	[Recv]	mv 3 40453 140 40 9

[00:54:29]	[Recv]	mv 3 40445 47 78 9

[00:54:29]	[Recv]	mv 3 40434 111 23 8

[00:54:29]	[Recv]	mv 3 40431 74 69 8

[00:54:29]	[Recv]	pst 2 2557262 0 100 100 34166 7013 0 0 0

[00:54:29]	[Recv]	pst 2 2557249 1 100 100 42830 3622 0 0 0

[00:54:29]	[Send]	walk 1 41 0 25
[00:54:29]	[Send]	preq
[00:54:29]	[Recv]	mv 3 40483 111 45 9

[00:54:29]	[Recv]	mv 3 40476 43 46 9

[00:54:29]	[Recv]	mv 3 40475 41 79 9

[00:54:29]	[Recv]	mv 3 40462 66 69 8

[00:54:29]	[Recv]	mv 3 40460 32 48 8

[00:54:29]	[Recv]	mv 3 40459 26 57 8

[00:54:29]	[Recv]	mv 3 40454 154 37 9

[00:54:29]	[Recv]	mv 3 40432 99 44 8

[00:54:29]	[Recv]	c_map 0 2633 0

[00:54:29]	[Recv]	mapout

[00:54:29]	[Send]	c_close 1
[00:54:29]	[Send]	c_close 0
[00:54:29]	[Send]	f_stash_end 
[00:54:29]	[Send]	c_close 1
[00:54:29]	[Recv]	c_info milkers - -1 3739.918 Sanguinarius 6835325 0 0 1 5 1 27 0 10 0 0 0 0 8151 9

[00:54:29]	[Send]	mall 50
[00:54:29]	[Send]	c_close 1
[00:54:29]	[Recv]	c_mode 1 6835325 3728 0 0 0 100 8151

[00:54:29]	[Recv]	equip 73 78 0.8628.3.7.0.8.82 1.8643.8.7.0.2.82 2.8689.0.0.0.0.0 3.8653.0.2.0.0.0 4.8655.0.0.0.0.0 5.8636.7.8.0.0.82 6.4657.0.0.0.0.0 7.4653.0.0.0.0.0 8.4647.0.0.0.0.0 9.8687.0.0.0.0.0 10.8674.9.0.0.0.0 12.909.0.20.100.0.0 13.8680.0.0.0.0.0 14.8566.0.0.0.0.0 15.8598.0.0.0.0.0 16.8568.0.0.0.0.0 17.8801.0.0.0.0.0

[00:54:29]	[Recv]	lev 99 0 99 0 2140719000 5991794 13364600 200 881816047 91 967912450 0

[00:54:29]	[Recv]	stat 75191 75191 17265 17265 0 1316

[00:54:29]	[Recv]	at 6835325 2631 96 43 2 0 113 1 -1

[00:54:29]	[Recv]	cond 1 6835325 0 0 25

[00:54:29]	[Recv]	cond 1 6835325 0 0 25

[00:54:29]	[Recv]	titinfo 1 6835325 9468 9468

[00:54:29]	[Recv]	eq 6835325 0 0 1 5 1 8689.8643.8628.8636.8687.8674.8680.8566.8598.8568.8801 73 78 100

[00:54:29]	[Recv]	c_map 0 2631 1

[00:54:29]	[Recv]	sc 0 7 4136 4278 1894 37 415 1 8 4111 4311 2101 43 405 7 2246 1268 2064 1268 1784 91 88 127 138

[00:54:29]	[Recv]	char_sc 1 6835325 100

[00:54:29]	[Recv]	gidx 1 6835325 3739.918 Sanguinarius 27 0|0|1

[00:54:29]	[Recv]	rsfp 0 -1

[00:54:29]	[Recv]	pairy 1 6835325 4 3 129 59

[00:54:29]	[Recv]	minipet 1 6835325 8801

[00:54:29]	[Recv]	act6 

[00:54:29]	[Recv]	pinit 2 2|2557262|0|99|@|-1|2789|1|2646|0|0 2|2557249|1|96|@|-1|2762|0|0|0|0


[00:54:29]	[Recv]	food 0

[00:54:30]	[Recv]	mv 3 40374 78 42 9

[00:54:30]	[Recv]	mv 3 40376 86 89 9

[00:54:30]	[Recv]	mv 3 40366 33 109 8

[00:54:30]	[Recv]	mv 3 40362 26 18 8

[00:54:30]	[Recv]	mv 3 40373 77 59 9

[00:54:30]	[Recv]	mv 3 40370 74 42 9

[00:54:30]	[Recv]	mv 3 40369 40 18 8

[00:54:30]	[Recv]	gp 27 2 2630 -1 0 0

[00:54:30]	[Recv]	gp 28 127 2632 -1 1 0

[00:54:30]	[Recv]	gp 97 43 2633 -1 2 0

[00:54:30]	[Recv]	in 3 3003 40379 92 77 2 100 100 0 0 0 -1 1 0 -1 - 0 -1 0 0 0 0 0 0 0 0 0 0 0 0 0

[00:54:30]	[Recv]	in 3 3003 40378 88 68 2 100 100 0 0 0 -1 1 0 -1 - 0 -1 0 0 0 0 0 0 0 0 0 0 0 0 0

[00:54:30]	[Recv]	in 3 3003 40377 89 44 2 100 100 0 0 0 -1 1 0 -1 - 0 -1 0 0 0 0 0 0 0 0 0 0 0 0 0

[00:54:30]	[Recv]	in 3 3003 40376 86 89 2 100 100 0 0 0 -1 1 0 -1 - 0 -1 0 0 0 0 0 0 0 0 0 0 0 0 0

[00:54:30]	[Recv]	in 3 3003 40375 85 75 2 100 100 0 0 0 -1 1 0 -1 - 0 -1 0 0 0 0 0 0 0 0 0 0 0 0 0

[00:54:30]	[Recv]	in 3 3003 40374 78 42 2 100 100 0 0 0 -1 1 0 -1 - 0 -1 0 0 0 0 0 0 0 0 0 0 0 0 0

[00:54:30]	[Recv]	in 3 3003 40373 77 59 2 100 100 0 0 0 -1 1 0 -1 - 0 -1 0 0 0 0 0 0 0 0 0 0 0 0 0

[00:54:30]	[Recv]	in 3 3003 40372 77 51 2 100 100 0 0 0 -1 1 0 -1 - 0 -1 0 0 0 0 0 0 0 0 0 0 0 0 0

[00:54:30]	[Recv]	in 3 3003 40371 72 91 2 100 100 0 0 0 -1 1 0 -1 - 0 -1 0 0 0 0 0 0 0 0 0 0 0 0 0

[00:54:30]	[Recv]	in 3 3003 40370 74 42 2 100 100 0 0 0 -1 1 0 -1 - 0 -1 0 0 0 0 0 0 0 0 0 0 0 0 0

[00:54:30]	[Recv]	in 3 3000 40369 40 18 2 100 100 0 0 0 -1 1 0 -1 - 0 -1 0 0 0 0 0 0 0 0 0 0 0 0 0

[00:54:30]	[Recv]	in 3 3000 40368 39 9 2 100 100 0 0 0 -1 1 0 -1 - 0 -1 0 0 0 0 0 0 0 0 0 0 0 0 0

[00:54:30]	[Recv]	in 3 3000 40367 34 19 2 100 100 0 0 0 -1 1 0 -1 - 0 -1 0 0 0 0 0 0 0 0 0 0 0 0 0

[00:54:30]	[Recv]	in 3 3000 40366 33 109 2 100 100 0 0 0 -1 1 0 -1 - 0 -1 0 0 0 0 0 0 0 0 0 0 0 0 0

[00:54:30]	[Recv]	in 3 3000 40365 31 115 2 100 100 0 0 0 -1 1 0 -1 - 0 -1 0 0 0 0 0 0 0 0 0 0 0 0 0

[00:54:30]	[Recv]	in 3 3000 40364 29 6 2 100 100 0 0 0 -1 1 0 -1 - 0 -1 0 0 0 0 0 0 0 0 0 0 0 0 0

[00:54:30]	[Recv]	in 3 3000 40363 27 12 2 100 100 0 0 0 -1 1 0 -1 - 0 -1 0 0 0 0 0 0 0 0 0 0 0 0 0

[00:54:30]	[Recv]	in 3 3000 40362 26 18 2 100 100 0 0 0 -1 1 0 -1 - 0 -1 0 0 0 0 0 0 0 0 0 0 0 0 0

[00:54:30]	[Recv]	in 3 3000 40361 25 111 2 100 100 0 0 0 -1 1 0 -1 - 0 -1 0 0 0 0 0 0 0 0 0 0 0 0 0

[00:54:30]	[Recv]	in 3 3000 40360 24 99 2 100 100 0 0 0 -1 1 0 -1 - 0 -1 0 0 0 0 0 0 0 0 0 0 0 0 0

[00:54:30]	[Recv]	in 3 3000 40359 25 118 2 100 100 0 0 0 -1 1 0 -1 - 0 -1 0 0 0 0 0 0 0 0 0 0 0 0 0

[00:54:30]	[Recv]	in 3 3000 40358 23 7 2 100 100 0 0 0 -1 1 0 -1 - 0 -1 0 0 0 0 0 0 0 0 0 0 0 0 0

[00:54:30]	[Recv]	in 2 3068 40381 32 46 2 100 100 11010 0 0 -1 1 0 -1 - 0 -1 0 0 0 0 0 0 0 0 0 0 0 0 0

[00:54:30]	[Recv]	shop 2 40381 1 0 94 Fishing Tackle Shop

[00:54:30]	[Recv]	in 2 3069 40380 42 58 3 100 100 11016 0 0 -1 1 0 -1 - 0 -1 0 0 0 0 0 0 0 0 0 0 0 0 0

[00:54:30]	[Recv]	shop 2 40380 1 0 91 Port Alveus Crossing

[00:54:30]	[Recv]	pst 2 2557262 0 100 100 34166 7013 0 0 0

[00:54:30]	[Recv]	pst 2 2557249 1 100 100 42830 3622 0 0 0

[00:54:30]	[Recv]	mv 3 40359 24 119 8

[00:54:30]	[Send]	walk 87 43 1 25
[00:54:30]	[Recv]	stat 75191 75191 17265 17265 0 1316

[00:54:30]	[Recv]	mv 3 40372 77 52 9

[00:54:30]	[Recv]	mv 3 40365 30 117 8

[00:54:30]	[Recv]	mv 3 40361 23 109 8

[00:54:31]	[Recv]	mv 3 40364 30 7 8

[00:54:31]	[Recv]	mv 3 40377 88 44 9

[00:54:31]	[Recv]	mv 3 40376 84 87 9

[00:54:31]	[Recv]	mv 3 40362 25 19 8

[00:54:31]	[Recv]	mv 3 40370 73 42 9

[00:54:31]	[Recv]	mv 3 40368 38 11 8

[00:54:31]	[Recv]	mv 3 40367 35 21 8

[00:54:31]	[Recv]	mv 3 40360 23 98 8

[00:54:31]	[Recv]	pst 2 2557262 0 100 100 34166 7013 0 0 0

[00:54:31]	[Recv]	pst 2 2557249 1 100 100 42830 3622 0 0 0

[00:54:31]	[Send]	walk 78 43 1 25
[00:54:31]	[Recv]	mv 3 40379 91 77 9

[00:54:31]	[Recv]	mv 3 40378 87 69 9

[00:54:31]	[Recv]	mv 3 40359 26 118 8

[00:54:31]	[Recv]	mv 3 40358 21 8 8

[00:54:31]	[Recv]	mv 3 40372 79 53 9

[00:54:31]	[Recv]	mv 3 40371 74 91 9

[00:54:31]	[Recv]	mv 3 40365 31 117 8

[00:54:32]	[Send]	walk 73 43 0 25
[00:54:32]	[Recv]	mv 3 40366 32 107 8

[00:54:32]	[Recv]	mv 3 40362 24 19 8

[00:54:32]	[Recv]	mv 3 40373 77 60 9

[00:54:32]	[Recv]	mv 3 40369 39 16 8

[00:54:32]	[Recv]	mv 3 40360 25 99 8

[00:54:32]	[Recv]	pst 2 2557262 0 100 100 34166 7013 0 0 0

[00:54:32]	[Recv]	pst 2 2557249 1 100 100 42830 3622 0 0 0

[00:54:32]	[Recv]	mv 3 40378 85 68 9

[00:54:32]	[Recv]	mv 3 40375 85 77 9

[00:54:32]	[Recv]	mv 3 40359 26 117 8

[00:54:32]	[Recv]	stat 75191 75191 17265 17265 0 1316

[00:54:32]	[Recv]	stat 75191 75191 17265 17265 0 1316

[00:54:32]	[Recv]	mv 3 40372 77 53 9

[00:54:32]	[Recv]	mv 3 40371 76 89 9

[00:54:32]	[Recv]	mv 3 40365 31 115 8

[00:54:32]	[Recv]	mv 3 40363 26 13 8

[00:54:32]	[Send]	walk 64 43 0 25
[00:54:33]	[Recv]	mv 3 40364 30 8 8

[00:54:33]	[Recv]	mv 3 40377 87 45 9

[00:54:33]	[Recv]	mv 3 40376 83 88 9

[00:54:33]	[Recv]	mv 3 40362 26 20 8

[00:54:33]	[Recv]	mv 3 40373 77 58 9

[00:54:33]	[Recv]	mv 3 40368 38 10 8

[00:54:33]	[Recv]	pst 2 2557262 0 100 100 34166 7013 0 0 0

[00:54:33]	[Recv]	pst 2 2557249 1 100 100 42830 3622 0 0 0

[00:54:33]	[Recv]	mv 3 40378 86 66 9

[00:54:33]	[Recv]	mv 3 40375 83 76 9

[00:54:33]	[Recv]	mv 3 40359 24 116 8

[00:54:33]	[Recv]	mv 3 40358 22 10 8

[00:54:33]	[Recv]	mv 3 40372 79 52 9

[00:54:33]	[Recv]	mv 3 40371 74 91 9

[00:54:33]	[Recv]	mv 3 40365 30 114 8

[00:54:33]	[Recv]	mv 3 40361 25 107 8

[00:54:33]	[Send]	walk 56 46 0 25
[00:54:34]	[Recv]	mv 3 40374 77 43 9

[00:54:34]	[Recv]	mv 3 40364 32 6 8

[00:54:34]	[Recv]	mv 3 40377 89 45 9

[00:54:34]	[Recv]	mv 3 40376 85 89 9

[00:54:34]	[Recv]	mv 3 40366 31 107 8

[00:54:34]	[Recv]	mv 3 40373 77 59 9

[00:54:34]	[Recv]	mv 3 40370 74 44 9

[00:54:34]	[Recv]	mv 3 40369 40 16 8

[00:54:34]	[Recv]	mv 3 40368 37 8 8

[00:54:34]	[Recv]	mv 3 40367 35 19 8

[00:54:34]	[Recv]	pst 2 2557262 0 100 100 34166 7013 0 0 0

[00:54:34]	[Recv]	pst 2 2557249 1 100 100 42830 3622 0 0 0

[00:54:34]	[Recv]	mv 3 40379 90 79 9

[00:54:34]	[Recv]	mv 3 40375 85 75 9

[00:54:34]	[Recv]	mv 3 40359 23 118 8

[00:54:34]	[Recv]	msgi 1 2391 10 361 5 0 0

[00:54:34]	[Recv]	msgi 0 2391 10 361 5 0 0

[00:54:34]	[Recv]	stat 75191 75191 17265 17265 0 1316

[00:54:34]	[Send]	walk 48 49 1 25
[00:54:34]	[Recv]	mv 3 40371 73 93 9

[00:54:34]	[Recv]	mv 3 40365 29 113 8

[00:54:34]	[Recv]	mv 3 40363 28 14 8

[00:54:35]	[Recv]	mv 3 40364 30 7 8

[00:54:35]	[Recv]	mv 3 40376 84 89 9

[00:54:35]	[Recv]	mv 3 40366 33 106 8

[00:54:35]	[Recv]	mv 3 40362 24 21 8

[00:54:35]	[Recv]	mv 3 40373 77 60 9

[00:54:35]	[Recv]	mv 3 40370 76 44 9

[00:54:35]	[Recv]	mv 3 40360 23 99 8

[00:54:35]	[Recv]	pst 2 2557262 0 100 100 34166 7013 0 0 0

[00:54:35]	[Recv]	pst 2 2557249 1 100 100 42830 3622 0 0 0

[00:54:35]	[Recv]	mv 3 40378 87 66 9

[00:54:35]	[Recv]	mv 3 40375 83 77 9

[00:54:35]	[Recv]	mv 3 40359 25 118 8

[00:54:35]	[Send]	walk 43 52 0 25
[00:54:35]	[Recv]	mv 3 40371 74 92 9

[00:54:35]	[Recv]	mv 3 40365 31 115 8

[00:54:36]	[Recv]	mv 3 40364 31 5 8

[00:54:36]	[Recv]	mv 3 40376 86 87 9

[00:54:36]	[Recv]	mv 3 40366 31 107 8

[00:54:36]	[Recv]	mv 3 40362 24 20 8

[00:54:36]	[Recv]	mv 3 40369 39 16 8

[00:54:36]	[Recv]	mv 3 40368 38 9 8

[00:54:36]	[Recv]	mv 3 40360 23 98 8

[00:54:36]	[Recv]	pst 2 2557262 0 100 100 34166 7013 0 0 0

[00:54:36]	[Recv]	pst 2 2557249 1 100 100 42830 3622 0 0 0

[00:54:36]	[Recv]	mv 3 40375 85 75 9

[00:54:36]	[Recv]	mv 3 40358 22 9 8

[00:54:36]	[Recv]	stat 75191 75191 17265 17265 0 1316

[00:54:36]	[Recv]	stat 75191 75191 17265 17265 0 1316

[00:54:36]	[Send]	walk 39 52 1 25
[00:54:36]	[Recv]	mv 3 40365 32 116 8

[00:54:36]	[Recv]	mv 3 40363 28 13 8

[00:54:36]	[Send]	walk 36 48 0 25
[00:54:37]	[Recv]	mv 3 40364 33 6 8

[00:54:37]	[Send]	walk 34 47 0 25
[00:54:37]	[Recv]	mv 3 40376 85 88 9

[00:54:37]	[Recv]	mv 3 40366 32 109 8

[00:54:37]	[Recv]	mv 3 40362 26 20 8

[00:54:37]	[Send]	walk 30 49 1 25
[00:54:37]	[Recv]	mv 3 40373 78 60 9

[00:54:37]	[Recv]	mv 3 40369 39 18 8

[00:54:37]	[Recv]	mv 3 40368 39 8 8

[00:54:37]	[Recv]	mv 3 40367 33 21 8

[00:54:37]	[Recv]	pst 2 2557262 0 100 100 34166 7013 0 0 0

[00:54:37]	[Recv]	pst 2 2557249 1 100 100 42830 3622 0 0 0

[00:54:37]	[Recv]	mv 3 40379 88 81 9

[00:54:37]	[Recv]	mv 3 40375 87 73 9

[00:54:37]	[Recv]	mv 3 40359 26 118 8

[00:54:37]	[Recv]	mv 3 40358 23 10 8

[00:54:37]	[Send]	walk 29 49 0 25
[00:54:37]	[Recv]	mv 3 40372 78 53 9

[00:54:37]	[Recv]	mv 3 40371 76 92 9

[00:54:37]	[Recv]	mv 3 40365 32 115 8

[00:54:37]	[Recv]	mv 3 40363 27 13 8

[00:54:37]	[Recv]	mv 3 40361 25 109 8

[00:54:37]	[Send]	ncif 2 40381
[00:54:38]	[Recv]	mv 3 40374 79 42 9

[00:54:38]	[Recv]	st 2 40381 90 0 100 100 19775 2775 19775 2775 0

[00:54:38]	[Send]	walk 31 49 0 25
[00:54:38]	[Recv]	mv 3 40366 31 108 8

[00:54:38]	[Send]	npc_req 2 40381
[00:54:38]	[Recv]	mv 3 40373 77 60 9

[00:54:38]	[Recv]	mv 3 40370 74 42 9

[00:54:38]	[Recv]	mv 3 40368 39 9 8

[00:54:38]	[Recv]	mv 3 40367 34 20 8

[00:54:38]	[Recv]	pst 2 2557262 0 100 100 34166 7013 0 0 0

[00:54:38]	[Recv]	pst 2 2557249 1 100 100 42830 3622 0 0 0

[00:54:38]	[Recv]	npc_req 2 40381 11010

[00:54:38]	[Recv]	mv 3 40379 90 80 9

[00:54:38]	[Recv]	mv 3 40358 25 8 8

[00:54:38]	[Recv]	stat 75191 75191 17265 17265 0 1316

[00:54:38]	[Recv]	mv 3 40372 78 51 9

[00:54:38]	[Recv]	mv 3 40371 75 90 9

[00:54:38]	[Recv]	mv 3 40365 31 115 8

[00:54:38]	[Recv]	mv 3 40363 29 12 8

[00:54:38]	[Recv]	mv 3 40361 23 108 8

[00:54:38]	[Send]	ncif 2 40381
[00:54:39]	[Recv]	mv 3 40364 32 7 8

[00:54:39]	[Recv]	st 2 40381 90 0 100 100 19775 2775 19775 2775 0

[00:54:39]	[Recv]	mv 3 40377 87 45 9

[00:54:39]	[Recv]	mv 3 40362 26 21 8

[00:54:39]	[Recv]	mv 3 40373 76 59 9

[00:54:39]	[Recv]	mv 3 40370 76 44 9

[00:54:39]	[Recv]	mv 3 40368 38 8 8

[00:54:39]	[Recv]	pst 2 2557262 0 100 100 34166 7013 0 0 0

[00:54:39]	[Recv]	pst 2 2557249 1 100 100 42830 3622 0 0 0

[00:54:39]	[Recv]	mv 3 40375 86 74 9

[00:54:39]	[Recv]	mv 3 40359 24 119 8

[00:54:39]	[Recv]	mv 3 40358 24 10 8

[00:54:39]	[Recv]	mv 3 40372 79 52 9

[00:54:39]	[Recv]	mv 3 40363 28 13 8

[00:54:39]	[Recv]	mv 3 40361 24 109 8

[00:54:39]	[Send]	ncif 2 40381
[00:54:40]	[Recv]	mv 3 40374 77 43 9

[00:54:40]	[Recv]	mv 3 40364 31 8 8

[00:54:40]	[Recv]	st 2 40381 90 0 100 100 19775 2775 19775 2775 0

[00:54:40]	[Send]	shopping 0 0 2 40381
[00:54:40]	[Recv]	mv 3 40376 84 87 9

[00:54:40]	[Recv]	mv 3 40366 32 107 8

[00:54:40]	[Recv]	mv 3 40362 28 21 8

[00:54:40]	[Recv]	n_inv 2 40381 0 100 2.0.2614.-1.500 2.1.2615.-1.1500

[00:54:40]	[Recv]	mv 3 40368 39 9 8

[00:54:40]	[Recv]	mv 3 40367 32 18 8

[00:54:40]	[Recv]	pst 2 2557262 0 100 100 34166 7013 0 0 0

[00:54:40]	[Recv]	pst 2 2557249 1 100 100 42830 3622 0 0 0

[00:54:40]	[Recv]	mv 3 40379 89 81 9

[00:54:40]	[Recv]	mv 3 40378 88 68 9

[00:54:40]	[Recv]	mv 3 40359 25 118 8

[00:54:40]	[Recv]	stat 75191 75191 17265 17265 0 1316

[00:54:40]	[Recv]	stat 75191 75191 17265 17265 0 1316

[00:54:40]	[Recv]	mv 3 40372 78 53 9

[00:54:40]	[Recv]	mv 3 40365 29 114 8

[00:54:40]	[Recv]	mv 3 40363 29 14 8

[00:54:40]	[Send]	ncif 2 40381
[00:54:41]	[Recv]	mv 3 40374 78 43 9

[00:54:41]	[Recv]	mv 3 40364 29 7 8

[00:54:41]	[Recv]	st 2 40381 90 0 100 100 19775 2775 19775 2775 0

[00:54:41]	[Recv]	mv 3 40377 86 47 9

[00:54:41]	[Recv]	mv 3 40376 83 88 9

[00:54:41]	[Recv]	mv 3 40362 27 22 8

[00:54:41]	[Send]	shopclose
[00:54:41]	[Recv]	mv 3 40373 76 60 9

[00:54:41]	[Recv]	mv 3 40369 40 18 8

[00:54:41]	[Recv]	mv 3 40367 32 19 8

[00:54:41]	[Recv]	mv 3 40360 24 99 8

[00:54:41]	[Recv]	pst 2 2557262 0 100 100 34166 7013 0 0 0

[00:54:41]	[Recv]	pst 2 2557249 1 100 100 42830 3622 0 0 0

[00:54:41]	[Send]	walk 31 51 1 25
[00:54:41]	[Recv]	mv 3 40379 89 79 9

[00:54:41]	[Recv]	mv 3 40378 89 69 9

[00:54:41]	[Recv]	mv 3 40375 87 74 9

[00:54:41]	[Recv]	mv 3 40371 76 90 9

[00:54:41]	[Recv]	mv 3 40365 30 115 8

[00:54:41]	[Recv]	mv 3 40363 28 13 8

[00:54:41]	[Recv]	mv 3 40361 26 111 8

[00:54:41]	[Send]	walk 36 56 0 25
[00:54:41]	[Send]	ncif 2 40381
[00:54:42]	[Recv]	st 2 40381 90 0 100 100 19775 2775 19775 2775 0

[00:54:42]	[Send]	walk 38 57 0 25
[00:54:42]	[Recv]	mv 3 40377 87 46 9

[00:54:42]	[Recv]	mv 3 40376 85 90 9

[00:54:42]	[Recv]	mv 3 40366 34 107 8

[00:54:42]	[Send]	walk 40 55 0 25
[00:54:42]	[Recv]	mv 3 40369 39 20 8

[00:54:42]	[Recv]	mv 3 40360 24 100 8

[00:54:42]	[Recv]	pst 2 2557262 0 100 100 34166 7013 0 0 0

[00:54:42]	[Recv]	pst 2 2557249 1 100 100 42830 3622 0 0 0

[00:54:42]	[Send]	walk 41 57 0 25
[00:54:42]	[Recv]	mv 3 40378 88 69 9

[00:54:42]	[Recv]	mv 3 40375 85 76 9

[00:54:42]	[Recv]	stat 75191 75191 17265 17265 0 1316

[00:54:42]	[Send]	walk 41 59 1 25
[00:54:42]	[Recv]	mv 3 40372 79 51 9

[00:54:42]	[Recv]	mv 3 40365 31 114 8

[00:54:42]	[Recv]	mv 3 40361 27 109 8

[00:54:42]	[Send]	walk 38 56 1 25
[00:54:42]	[Send]	ncif 2 40381
[00:54:43]	[Recv]	mv 3 40374 78 45 9

[00:54:43]	[Recv]	mv 3 40364 29 5 8

[00:54:43]	[Recv]	st 2 40381 90 0 100 100 19775 2775 19775 2775 0

[00:54:43]	[Recv]	mv 3 40377 88 46 9

[00:54:43]	[Recv]	mv 3 40373 77 60 9

[00:54:43]	[Recv]	mv 3 40370 74 43 9

[00:54:43]	[Recv]	mv 3 40368 41 11 8

[00:54:43]	[Recv]	pst 2 2557262 0 100 100 34166 7013 0 0 0

[00:54:43]	[Recv]	pst 2 2557249 1 100 100 42830 3622 0 0 0

[00:54:43]	[Send]	ncif 2 40380
[00:54:43]	[Recv]	mv 3 40379 89 78 9

[00:54:43]	[Recv]	mv 3 40378 89 67 9

[00:54:43]	[Recv]	mv 3 40359 24 119 8

[00:54:43]	[Recv]	st 2 40380 90 0 100 100 19775 2775 19775 2775 0

[00:54:43]	[Recv]	mv 3 40372 77 51 9

[00:54:43]	[Recv]	mv 3 40371 74 90 9

[00:54:43]	[Recv]	mv 3 40361 26 108 8

[00:54:44]	[Recv]	mv 3 40374 77 43 9

[00:54:44]	[Recv]	mv 3 40364 30 5 8

[00:54:44]	[Send]	ncif 2 40380
[00:54:44]	[Recv]	mv 3 40377 87 45 9

[00:54:44]	[Recv]	mv 3 40376 83 89 9

[00:54:44]	[Recv]	mv 3 40362 28 20 8

[00:54:44]	[Recv]	st 2 40380 90 0 100 100 19775 2775 19775 2775 0

[00:54:44]	[Recv]	mv 3 40370 76 43 9

[00:54:44]	[Recv]	mv 3 40369 37 19 8

[00:54:44]	[Recv]	mv 3 40368 39 9 8

[00:54:44]	[Recv]	mv 3 40367 34 17 8

[00:54:44]	[Recv]	pst 2 2557262 0 100 100 34166 7013 0 0 0

[00:54:44]	[Recv]	pst 2 2557249 1 100 100 42830 3622 0 0 0

[00:54:44]	[Recv]	mv 3 40378 88 66 9

[00:54:44]	[Recv]	mv 3 40358 25 10 8

[00:54:44]	[Send]	ncif 2 40380
[00:54:44]	[Recv]	stat 75191 75191 17265 17265 0 1316

[00:54:44]	[Recv]	stat 75191 75191 17265 17265 0 1316

[00:54:44]	[Send]	walk 40 59 0 25
[00:54:44]	[Recv]	mv 3 40372 77 53 9

[00:54:44]	[Recv]	mv 3 40371 74 91 9

[00:54:44]	[Recv]	mv 3 40361 25 109 8

[00:54:44]	[Recv]	st 2 40380 90 0 100 100 19775 2775 19775 2775 0

[00:54:45]	[Recv]	mv 3 40374 79 42 9

[00:54:45]	[Recv]	mv 3 40364 30 7 8

[00:54:45]	[Recv]	mv 3 40377 85 44 9

[00:54:45]	[Recv]	mv 3 40376 84 88 9

[00:54:45]	[Recv]	mv 3 40366 32 106 8

[00:54:45]	[Recv]	mv 3 40373 78 59 9

[00:54:45]	[Recv]	mv 3 40369 37 18 8

[00:54:45]	[Recv]	mv 3 40367 36 18 8

[00:54:45]	[Recv]	mv 3 40360 23 99 8

[00:54:45]	[Recv]	pst 2 2557262 0 100 100 34166 7013 0 0 0

[00:54:45]	[Recv]	pst 2 2557249 1 100 100 42830 3622 0 0 0

[00:54:45]	[Send]	ncif 2 40380
[00:54:45]	[Recv]	mv 3 40378 87 67 9

[00:54:45]	[Recv]	mv 3 40359 25 117 8

[00:54:45]	[Recv]	st 2 40380 90 0 100 100 19775 2775 19775 2775 0

[00:54:45]	[Send]	npc_req 2 40380
[00:54:45]	[Recv]	mv 3 40372 79 55 9

[00:54:45]	[Recv]	mv 3 40365 32 115 8

[00:54:45]	[Recv]	mv 3 40361 25 108 8

[00:54:45]	[Recv]	npc_req 2 40380 11016

[00:54:46]	[Recv]	mv 3 40374 79 41 9

[00:54:46]	[Send]	walk 40 57 1 25
[00:54:46]	[Recv]	mv 3 40373 79 57 9

[00:54:46]	[Recv]	mv 3 40370 74 43 9

[00:54:46]	[Recv]	mv 3 40368 38 10 8

[00:54:46]	[Recv]	mv 3 40367 34 18 8

[00:54:46]	[Recv]	mv 3 40360 25 100 8

[00:54:46]	[Recv]	pst 2 2557262 0 100 100 34166 7013 0 0 0

[00:54:46]	[Recv]	pst 2 2557249 1 100 100 42830 3622 0 0 0

[00:54:46]	[Recv]	qnamli2 100 #rl 1646 11 3027 ~Dardy~

[00:54:46]	[Send]	ncif 2 40380
[00:54:46]	[Recv]	mv 3 40379 90 78 9

[00:54:46]	[Recv]	mv 3 40378 87 68 9

[00:54:46]	[Recv]	mv 3 40375 83 76 9

[00:54:46]	[Recv]	mv 3 40358 25 9 8

[00:54:46]	[Recv]	st 2 40380 90 0 100 100 19775 2775 19775 2775 0

[00:54:46]	[Recv]	stat 75191 75191 17265 17265 0 1316

[00:54:46]	[Recv]	mv 3 40361 23 110 8

[00:54:47]	[Send]	walk 38 51 0 25
[00:54:47]	[Recv]	mv 3 40370 75 41 9

[00:54:47]	[Recv]	mv 3 40368 39 9 8

[00:54:47]	[Recv]	mv 3 40367 32 18 8

[00:54:47]	[Recv]	mv 3 40360 26 101 8

[00:54:47]	[Recv]	pst 2 2557262 0 100 100 34166 7013 0 0 0

[00:54:47]	[Recv]	pst 2 2557249 1 100 100 42830 3622 0 0 0

[00:54:47]	[Send]	ncif 2 40380
[00:54:47]	[Send]	walk 41 53 1 25
[00:54:47]	[Recv]	mv 3 40379 88 80 9

[00:54:47]	[Recv]	mv 3 40378 89 67 9

[00:54:47]	[Recv]	mv 3 40375 83 75 9

[00:54:47]	[Recv]	mv 3 40358 24 8 8

[00:54:47]	[Recv]	st 2 40380 90 0 100 100 19775 2775 19775 2775 0

[00:54:47]	[Recv]	mv 3 40372 79 53 9

[00:54:47]	[Recv]	mv 3 40365 31 115 8

[00:54:47]	[Recv]	mv 3 40363 29 11 8

[00:54:47]	[Recv]	mv 3 40361 25 111 8

[00:54:47]	[Send]	walk 50 52 0 25
[00:54:48]	[Recv]	mv 3 40374 81 43 9

[00:54:48]	[Recv]	mv 3 40364 32 7 8

[00:54:48]	[Recv]	mv 3 40376 85 89 9

[00:54:48]	[Recv]	mv 3 40362 27 21 8

[00:54:48]	[Send]	walk 45 49 1 25
[00:54:48]	[Recv]	mv 3 40373 79 59 9

[00:54:48]	[Recv]	mv 3 40369 38 19 8

[00:54:48]	[Recv]	mv 3 40368 37 9 8

[00:54:48]	[Recv]	pst 2 2557262 0 100 100 34166 7013 0 0 0

[00:54:48]	[Recv]	pst 2 2557249 1 100 100 42830 3622 0 0 0

[00:54:48]	[Send]	walk 38 46 0 25
[00:54:48]	[Send]	ncif 2 40380
[00:54:48]	[Recv]	mv 3 40379 89 81 9

[00:54:48]	[Recv]	mv 3 40375 85 74 9

[00:54:48]	[Recv]	mv 3 40359 26 117 8

[00:54:48]	[Recv]	mv 3 40358 25 9 8

[00:54:48]	[Send]	walk 38 45 0 25
[00:54:48]	[Recv]	stat 75191 75191 17265 17265 0 1316

[00:54:48]	[Recv]	stat 75191 75191 17265 17265 0 1316

[00:54:48]	[Recv]	st 2 40380 90 0 100 100 19775 2775 19775 2775 0

[00:54:48]	[Recv]	mv 3 40365 32 117 8

[00:54:48]	[Recv]	mv 3 40363 27 12 8

[00:54:48]	[Recv]	mv 3 40361 24 109 8

[00:54:48]	[Send]	walk 42 49 1 25
[00:54:49]	[Recv]	mv 3 40364 30 7 8

[00:54:49]	[Recv]	mv 3 40377 87 45 9

[00:54:49]	[Recv]	mv 3 40366 33 107 8

[00:54:49]	[Recv]	mv 3 40362 27 22 8

[00:54:49]	[Recv]	mv 3 40373 77 61 9

[00:54:49]	[Recv]	mv 3 40369 39 17 8

[00:54:49]	[Recv]	mv 3 40368 39 7 8

[00:54:49]	[Recv]	pst 2 2557262 0 100 100 34166 7013 0 0 0

[00:54:49]	[Recv]	pst 2 2557249 1 100 100 42830 3622 0 0 0

[00:54:49]	[Recv]	mv 3 40379 91 80 9

[00:54:49]	[Recv]	mv 3 40378 88 66 9

[00:54:49]	[Recv]	mv 3 40375 83 75 9

[00:54:49]	[Recv]	mv 3 40359 25 119 8

[00:54:49]	[Recv]	mv 3 40358 25 8 8

[00:54:49]	[Send]	ncif 2 40380
[00:54:49]	[Recv]	st 2 40380 90 0 100 100 19775 2775 19775 2775 0

[00:54:49]	[Recv]	mv 3 40372 77 55 9

[00:54:49]	[Recv]	mv 3 40361 24 111 8

[00:54:49]	[Send]	walk 38 43 0 25
[00:54:50]	[Recv]	mv 3 40374 80 42 9

[00:54:50]	[Recv]	mv 3 40377 86 44 9

[00:54:50]	[Recv]	mv 3 40362 25 20 8

[00:54:50]	[Recv]	mv 3 40370 76 43 9

[00:54:50]	[Recv]	mv 3 40367 33 19 8

[00:54:50]	[Recv]	mv 3 40360 25 100 8

[00:54:50]	[Recv]	pst 2 2557262 0 100 100 34166 7013 0 0 0

[00:54:50]	[Recv]	pst 2 2557249 1 100 100 42830 3622 0 0 0

[00:54:50]	[Send]	walk 38 35 1 25
[00:54:50]	[Recv]	stat 75191 75191 17265 17265 0 1316

[00:54:50]	[Recv]	mv 3 40372 76 55 9

[00:54:50]	[Recv]	mv 3 40365 31 116 8

[00:54:51]	[Recv]	mv 3 40364 29 9 8

[00:54:51]	[Recv]	mv 3 40376 84 89 9

[00:54:51]	[Recv]	mv 3 40366 34 108 8

[00:54:51]	[Recv]	mv 3 40373 75 61 9

[00:54:51]	[Recv]	mv 3 40367 35 21 8

[00:54:51]	[Recv]	mv 3 40360 24 100 8

[00:54:51]	[Recv]	pst 2 2557262 0 100 100 34166 7013 0 0 0

[00:54:51]	[Recv]	pst 2 2557249 1 100 100 42830 3622 0 0 0

[00:54:51]	[Send]	walk 38 27 0 25
[00:54:51]	[Recv]	mv 3 40359 24 117 8

[00:54:51]	[Recv]	mv 3 40358 24 9 8

[00:54:51]	[Recv]	mv 3 40371 72 89 9

[00:54:51]	[Recv]	mv 3 40365 33 114 8

[00:54:51]	[Recv]	mv 3 40361 25 110 8

[00:54:52]	[Recv]	mv 3 40374 81 43 9

[00:54:52]	[Recv]	mv 3 40364 31 7 8

[00:54:52]	[Recv]	mv 3 40377 85 46 9

[00:54:52]	[Recv]	mv 3 40376 86 88 9

[00:54:52]	[Send]	walk 38 18 0 25
[00:54:52]	[Recv]	mv 3 40370 76 42 9

[00:54:52]	[Recv]	mv 3 40360 25 99 8

[00:54:52]	[Recv]	pst 2 2557262 0 100 100 34166 7013 0 0 0

[00:54:52]	[Recv]	pst 2 2557249 1 100 100 42830 3622 0 0 0

[00:54:52]	[Recv]	mv 3 40378 88 67 9

[00:54:52]	[Recv]	mv 3 40375 84 75 9

[00:54:52]	[Recv]	mv 3 40359 22 119 8

[00:54:52]	[Recv]	stat 75191 75191 17265 17265 0 1316

[00:54:52]	[Recv]	stat 75191 75191 17265 17265 0 1316

[00:54:52]	[Recv]	mv 3 40371 72 91 9

[00:54:52]	[Recv]	mv 3 40365 31 115 8

[00:54:52]	[Recv]	mv 3 40363 28 12 8

[00:54:52]	[Recv]	mv 3 40361 26 109 8

[00:54:53]	[Recv]	mv 3 40374 79 43 9

[00:54:53]	[Recv]	mv 3 40377 87 47 9

[00:54:53]	[Recv]	mv 3 40376 85 87 9

[00:54:53]	[Recv]	mv 3 40366 34 106 8

[00:54:53]	[Recv]	mv 3 40362 26 19 8

[00:54:53]	[Send]	walk 34 10 0 25
[00:54:53]	[Recv]	mv 3 40370 75 41 9

[00:54:53]	[Recv]	mv 3 40368 41 8 8

[00:54:53]	[Recv]	mv 3 40360 27 98 8

[00:54:53]	[Recv]	pst 2 2557262 0 100 100 34166 7013 0 0 0

[00:54:53]	[Recv]	pst 2 2557249 1 100 100 42830 3622 0 0 0

[00:54:53]	[Send]	walk 34 8 0 25
[00:54:53]	[Recv]	mv 3 40379 91 78 9

[00:54:53]	[Recv]	mv 3 40358 24 11 8

[00:54:53]	[Recv]	mv 3 40372 78 55 9

[00:54:53]	[Recv]	mv 3 40371 73 93 9

[00:54:53]	[Recv]	mv 3 40365 33 114 8

[00:54:53]	[Recv]	mv 3 40363 27 12 8

[00:54:53]	[Recv]	mv 3 40361 27 109 8

[00:54:54]	[Recv]	mv 3 40377 87 45 9

[00:54:54]	[Recv]	mv 3 40376 87 89 9

[00:54:54]	[Recv]	mv 3 40366 33 107 8

[00:54:54]	[Recv]	mv 3 40362 25 21 8

[00:54:54]	[Recv]	mv 3 40373 77 59 9

[00:54:54]	[Recv]	mv 3 40370 76 41 9

[00:54:54]	[Recv]	mv 3 40367 35 19 8

[00:54:54]	[Recv]	pst 2 2557262 0 100 100 34166 7013 0 0 0

[00:54:54]	[Recv]	pst 2 2557249 1 100 100 42830 3622 0 0 0

[00:54:54]	[Send]	walk 28 2 0 25
[00:54:54]	[Recv]	mv 3 40379 90 79 9

[00:54:54]	[Recv]	mv 3 40358 22 10 8

[00:54:54]	[Recv]	stat 75191 75191 17265 17265 0 1316

[00:54:54]	[Recv]	mv 3 40372 77 55 9

[00:54:55]	[Recv]	mv 3 40374 81 42 9

[00:54:55]	[Recv]	mv 3 40376 86 91 9

[00:54:55]	[Recv]	mv 3 40366 31 105 8

[00:54:55]	[Send]	preq
[00:54:55]	[Recv]	mv 3 40367 34 21 8

[00:54:55]	[Recv]	mv 3 40360 26 99 8

[00:54:55]	[Recv]	pst 2 2557262 0 100 100 34166 7013 0 0 0

[00:54:55]	[Recv]	pst 2 2557249 1 100 100 42830 3622 0 0 0

[00:54:55]	[Recv]	c_map 0 2631 0

[00:54:55]	[Recv]	mapout

[00:54:55]	[Send]	c_close 1
[00:54:55]	[Send]	c_close 0
[00:54:55]	[Send]	f_stash_end 
[00:54:55]	[Send]	c_close 1
[00:54:55]	[Recv]	c_info milkers - -1 3739.918 Sanguinarius 6835325 0 0 1 5 1 27 0 10 0 0 0 0 8151 9

[00:54:55]	[Send]	mall 50
[00:54:55]	[Send]	c_close 1
[00:54:55]	[Recv]	c_mode 1 6835325 3728 0 0 0 100 8151

[00:54:55]	[Recv]	equip 73 78 0.8628.3.7.0.8.82 1.8643.8.7.0.2.82 2.8689.0.0.0.0.0 3.8653.0.2.0.0.0 4.8655.0.0.0.0.0 5.8636.7.8.0.0.82 6.4657.0.0.0.0.0 7.4653.0.0.0.0.0 8.4647.0.0.0.0.0 9.8687.0.0.0.0.0 10.8674.9.0.0.0.0 12.909.0.20.100.0.0 13.8680.0.0.0.0.0 14.8566.0.0.0.0.0 15.8598.0.0.0.0.0 16.8568.0.0.0.0.0 17.8801.0.0.0.0.0

[00:54:55]	[Recv]	lev 99 0 99 0 2140719000 5991794 13364600 200 881816047 91 967912450 0

[00:54:55]	[Recv]	stat 75191 75191 17265 17265 0 1316

[00:54:55]	[Recv]	at 6835325 2630 12 112 2 0 113 1 -1

[00:54:55]	[Recv]	cond 1 6835325 0 0 25

[00:54:55]	[Recv]	cond 1 6835325 0 0 25

[00:54:55]	[Recv]	titinfo 1 6835325 9468 9468

[00:54:55]	[Recv]	eq 6835325 0 0 1 5 1 8689.8643.8628.8636.8687.8674.8680.8566.8598.8568.8801 73 78 100

[00:54:55]	[Recv]	c_map 0 2630 1

[00:54:55]	[Recv]	sc 0 7 4136 4278 1894 37 415 1 8 4111 4311 2101 43 405 7 2246 1268 2064 1268 1784 91 88 127 138

[00:54:55]	[Recv]	char_sc 1 6835325 100

[00:54:55]	[Recv]	gidx 1 6835325 3739.918 Sanguinarius 27 0|0|1

[00:54:55]	[Recv]	rsfp 0 -1

[00:54:55]	[Recv]	pairy 1 6835325 4 3 129 59

[00:54:55]	[Recv]	minipet 1 6835325 8801

[00:54:55]	[Recv]	act6 

[00:54:55]	[Recv]	pinit 2 2|2557262|0|99|@|-1|2789|1|2646|0|0 2|2557249|1|96|@|-1|2762|0|0|0|0


[00:54:55]	[Recv]	food 0

[00:54:55]	[Recv]	mv 3 40351 33 70 9

[00:54:55]	[Recv]	mv 3 40340 14 60 8

[00:54:55]	[Recv]	mv 3 40334 46 29 8

[00:54:55]	[Recv]	mv 3 40332 14 38 8

[00:54:55]	[Recv]	mv 3 40327 9 51 8

[00:54:55]	[Recv]	mv 3 40341 18 94 8

[00:54:55]	[Recv]	mv 3 40337 8 28 8

[00:54:55]	[Recv]	gp 12 117 2631 -1 0 0

[00:54:55]	[Recv]	in 3 3019 40354 50 52 2 100 100 0 0 0 -1 1 0 -1 - 0 -1 0 0 0 0 0 0 0 0 0 0 0 0 0

[00:54:55]	[Recv]	in 3 3019 40353 48 81 2 100 100 0 0 0 -1 1 0 -1 - 0 -1 0 0 0 0 0 0 0 0 0 0 0 0 0

[00:54:55]	[Recv]	in 3 3019 40352 42 86 2 100 100 0 0 0 -1 1 0 -1 - 0 -1 0 0 0 0 0 0 0 0 0 0 0 0 0

[00:54:55]	[Recv]	in 3 3019 40351 33 70 2 100 100 0 0 0 -1 1 0 -1 - 0 -1 0 0 0 0 0 0 0 0 0 0 0 0 0

[00:54:55]	[Recv]	in 3 3019 40350 27 60 2 100 100 0 0 0 -1 1 0 -1 - 0 -1 0 0 0 0 0 0 0 0 0 0 0 0 0

[00:54:55]	[Recv]	in 3 3019 40349 21 51 2 100 100 0 0 0 -1 1 0 -1 - 0 -1 0 0 0 0 0 0 0 0 0 0 0 0 0

[00:54:55]	[Recv]	in 3 3019 40348 20 18 2 100 100 0 0 0 -1 1 0 -1 - 0 -1 0 0 0 0 0 0 0 0 0 0 0 0 0

[00:54:55]	[Recv]	in 3 3019 40347 16 27 2 100 100 0 0 0 -1 1 0 -1 - 0 -1 0 0 0 0 0 0 0 0 0 0 0 0 0

[00:54:55]	[Recv]	in 3 3001 40346 51 40 2 100 100 0 0 0 -1 1 0 -1 - 0 -1 0 0 0 0 0 0 0 0 0 0 0 0 0

[00:54:55]	[Recv]	in 3 3001 40345 32 84 2 100 100 0 0 0 -1 1 0 -1 - 0 -1 0 0 0 0 0 0 0 0 0 0 0 0 0

[00:54:55]	[Recv]	in 3 3001 40344 27 61 2 100 100 0 0 0 -1 1 0 -1 - 0 -1 0 0 0 0 0 0 0 0 0 0 0 0 0

[00:54:55]	[Recv]	in 3 3001 40343 20 76 2 100 100 0 0 0 -1 1 0 -1 - 0 -1 0 0 0 0 0 0 0 0 0 0 0 0 0

[00:54:55]	[Recv]	in 3 3001 40342 20 47 2 100 100 0 0 0 -1 1 0 -1 - 0 -1 0 0 0 0 0 0 0 0 0 0 0 0 0

[00:54:55]	[Recv]	in 3 3001 40341 18 94 2 100 100 0 0 0 -1 1 0 -1 - 0 -1 0 0 0 0 0 0 0 0 0 0 0 0 0

[00:54:55]	[Recv]	in 3 3001 40340 14 60 2 100 100 0 0 0 -1 1 0 -1 - 0 -1 0 0 0 0 0 0 0 0 0 0 0 0 0

[00:54:55]	[Recv]	in 3 3001 40339 11 16 2 100 100 0 0 0 -1 1 0 -1 - 0 -1 0 0 0 0 0 0 0 0 0 0 0 0 0

[00:54:55]	[Recv]	in 3 3001 40338 10 65 2 100 100 0 0 0 -1 1 0 -1 - 0 -1 0 0 0 0 0 0 0 0 0 0 0 0 0

[00:54:55]	[Recv]	in 3 3001 40337 8 28 2 100 100 0 0 0 -1 1 0 -1 - 0 -1 0 0 0 0 0 0 0 0 0 0 0 0 0

[00:54:55]	[Recv]	in 3 3001 40336 6 41 2 100 100 0 0 0 -1 1 0 -1 - 0 -1 0 0 0 0 0 0 0 0 0 0 0 0 0

[00:54:55]	[Recv]	in 3 3000 40335 49 64 2 100 100 0 0 0 -1 1 0 -1 - 0 -1 0 0 0 0 0 0 0 0 0 0 0 0 0

[00:54:55]	[Recv]	in 3 3000 40334 46 29 2 100 100 0 0 0 -1 1 0 -1 - 0 -1 0 0 0 0 0 0 0 0 0 0 0 0 0

[00:54:55]	[Recv]	in 3 3000 40333 18 24 2 100 100 0 0 0 -1 1 0 -1 - 0 -1 0 0 0 0 0 0 0 0 0 0 0 0 0

[00:54:55]	[Recv]	in 3 3000 40332 14 38 2 30 100 0 0 0 -1 1 0 -1 - 0 -1 0 0 0 0 0 0 0 0 0 0 0 0 0

[00:54:55]	[Recv]	in 3 3000 40331 10 85 2 100 100 0 0 0 -1 1 0 -1 - 0 -1 0 0 0 0 0 0 0 0 0 0 0 0 0

[00:54:55]	[Recv]	in 3 3000 40330 11 70 2 100 100 0 0 0 -1 1 0 -1 - 0 -1 0 0 0 0 0 0 0 0 0 0 0 0 0

[00:54:55]	[Recv]	in 3 3000 40329 14 37 2 100 100 0 0 0 -1 1 0 -1 - 0 -1 0 0 0 0 0 0 0 0 0 0 0 0 0

[00:54:55]	[Recv]	in 3 3000 40328 10 56 2 100 100 0 0 0 -1 1 0 -1 - 0 -1 0 0 0 0 0 0 0 0 0 0 0 0 0

[00:54:55]	[Recv]	in 3 3000 40327 9 51 2 100 100 0 0 0 -1 1 0 -1 - 0 -1 0 0 0 0 0 0 0 0 0 0 0 0 0

[00:54:55]	[Recv]	in 3 3000 40326 8 24 2 100 100 0 0 0 -1 1 0 -1 - 0 -1 0 0 0 0 0 0 0 0 0 0 0 0 0

[00:54:55]	[Recv]	in 3 3000 40325 9 89 2 100 100 0 0 0 -1 1 0 -1 - 0 -1 0 0 0 0 0 0 0 0 0 0 0 0 0

[00:54:55]	[Recv]	in 2 3095 40357 49 20 7 100 100 11024 0 0 -1 1 0 -1 - 0 -1 0 0 0 0 0 0 0 0 0 0 0 0 0

[00:54:55]	[Recv]	in 2 3094 40356 50 12 7 100 100 11004 0 0 -1 1 0 -1 - 0 -1 0 0 0 0 0 0 0 0 0 0 0 0 0

[00:54:55]	[Recv]	in 2 3061 40355 13 24 0 100 100 0 0 0 -1 1 0 -1 - 0 -1 0 0 0 0 0 0 0 0 0 0 0 0 0

[00:54:55]	[Recv]	pst 2 2557262 0 100 100 34166 7013 0 0 0

[00:54:55]	[Recv]	pst 2 2557249 1 100 100 42830 3622 0 0 0

[00:54:56]	[Recv]	mv 3 40347 16 28 9

[00:54:56]	[Recv]	mv 3 40342 19 47 8

[00:54:56]	[Recv]	mv 3 40339 10 16 8

[00:54:56]	[Recv]	mv 3 40336 7 43 8

[00:54:56]	[Recv]	mv 3 40329 12 37 8

[00:54:56]	[Send]	walk 11 110 1 25
[00:54:56]	[Recv]	mv 3 40345 33 84 8

[00:54:56]	[Recv]	mv 3 40343 20 78 8

[00:54:56]	[Recv]	mv 3 40331 11 86 8

[00:54:56]	[Recv]	mv 3 40328 11 55 8

[00:54:56]	[Recv]	mv 3 40353 49 81 9

[00:54:56]	[Recv]	mv 3 40344 26 62 8

[00:54:56]	[Recv]	mv 3 40338 8 67 8

[00:54:56]	[Recv]	mv 3 40333 16 26 8

[00:54:56]	[Recv]	mv 3 40326 7 24 8

[00:54:56]	[Recv]	mv 3 40325 9 91 8

[00:54:56]	[Send]	walk 11 114 0 25
[00:54:56]	[Recv]	mv 3 40351 32 71 9

[00:54:56]	[Recv]	mv 3 40346 52 41 8

[00:54:56]	[Recv]	mv 3 40340 12 58 8

[00:54:56]	[Recv]	mv 3 40330 13 71 8

[00:54:56]	[Recv]	mv 3 40327 8 49 8

[00:54:56]	[Recv]	stat 75191 75191 17265 17265 0 1316

[00:54:56]	[Recv]	stat 75191 75191 17265 17265 0 1316

[00:54:56]	[Recv]	mv 3 40348 19 17 9

[00:54:56]	[Recv]	mv 3 40341 16 94 8

[00:54:56]	[Send]	walk 11 117 0 25
[00:54:56]	[Recv]	pst 2 2557262 0 100 100 34166 7013 0 0 0

[00:54:56]	[Recv]	pst 2 2557249 1 100 100 42830 3622 0 0 0

[00:54:57]	[Recv]	mv 3 40342 18 46 8

[00:54:57]	[Recv]	mv 3 40329 11 39 8

[00:54:57]	[Recv]	mv 3 40349 20 53 9

[00:54:57]	[Recv]	mv 3 40345 33 83 8

[00:54:57]	[Recv]	mv 3 40343 20 77 8

[00:54:57]	[Send]	preq
[00:54:57]	[Recv]	sayi 1 6835325 10 94 0 0 0 0 0

[00:54:57]	[Recv]	mv 3 40333 18 27 8

[00:54:57]	[Send]	walk 13 118 0 25
[00:54:57]	[Recv]	mv 3 40351 32 72 9

[00:54:57]	[Recv]	mv 3 40346 53 39 8

[00:54:57]	[Recv]	mv 3 40334 47 29 8

[00:54:57]	[Recv]	mv 3 40327 10 49 8

[00:54:57]	[Recv]	mv 3 40348 18 16 9

[00:54:57]	[Recv]	mv 3 40337 9 29 8

[00:54:57]	[Send]	preq
[00:54:57]	[Recv]	pst 2 2557262 0 100 100 34166 7013 0 0 0

[00:54:57]	[Recv]	pst 2 2557249 1 100 100 42830 3622 0 0 0

[00:54:58]	[Recv]	mv 3 40352 40 85 9

[00:54:58]	[Recv]	mv 3 40347 18 27 9

[00:54:58]	[Recv]	mv 3 40339 9 16 8

[00:54:58]	[Recv]	mv 3 40336 5 43 8

[00:54:58]	[Recv]	mv 3 40329 12 39 8

[00:54:58]	[Recv]	sayi 1 6835325 10 94 0 0 0 0 0

[00:54:58]	[Send]	walk 12 117 0 25
[00:54:58]	[Recv]	mv 3 40349 20 51 9

[00:54:58]	[Recv]	mv 3 40345 32 85 8

[00:54:58]	[Recv]	mv 3 40331 13 85 8

[00:54:58]	[Send]	preq
[00:54:58]	[Recv]	mv 3 40353 48 79 9

[00:54:58]	[Recv]	mv 3 40338 9 65 8

[00:54:58]	[Recv]	mv 3 40333 17 25 8

[00:54:58]	[Recv]	mv 3 40326 9 23 8

[00:54:58]	[Recv]	mv 3 40325 8 91 8

[00:54:58]	[Recv]	c_map 0 2630 0

[00:54:58]	[Recv]	mapout

[00:54:58]	[Send]	c_close 1
[00:54:58]	[Send]	c_close 0
[00:54:58]	[Send]	f_stash_end 
[00:54:58]	[Send]	c_close 1
[00:54:58]	[Recv]	c_info milkers - -1 3739.918 Sanguinarius 6835325 0 0 1 5 1 27 0 10 0 0 0 0 8151 9

[00:54:58]	[Send]	mall 50
[00:54:58]	[Send]	c_close 1
[00:54:58]	[Recv]	c_mode 1 6835325 3728 0 0 0 100 8151

[00:54:58]	[Recv]	equip 73 78 0.8628.3.7.0.8.82 1.8643.8.7.0.2.82 2.8689.0.0.0.0.0 3.8653.0.2.0.0.0 4.8655.0.0.0.0.0 5.8636.7.8.0.0.82 6.4657.0.0.0.0.0 7.4653.0.0.0.0.0 8.4647.0.0.0.0.0 9.8687.0.0.0.0.0 10.8674.9.0.0.0.0 12.909.0.20.100.0.0 13.8680.0.0.0.0.0 14.8566.0.0.0.0.0 15.8598.0.0.0.0.0 16.8568.0.0.0.0.0 17.8801.0.0.0.0.0

[00:54:58]	[Recv]	lev 99 0 99 0 2140719000 5991794 13364600 200 881816047 91 967912450 0

[00:54:58]	[Recv]	stat 75191 75191 17265 17265 0 1316

[00:54:58]	[Recv]	at 6835325 2631 27 7 2 0 113 1 -1

[00:54:58]	[Recv]	cond 1 6835325 0 0 25

[00:54:58]	[Recv]	cond 1 6835325 0 0 25

[00:54:58]	[Recv]	titinfo 1 6835325 9468 9468

[00:54:58]	[Recv]	eq 6835325 0 0 1 5 1 8689.8643.8628.8636.8687.8674.8680.8566.8598.8568.8801 73 78 100

[00:54:58]	[Recv]	c_map 0 2631 1

[00:54:58]	[Recv]	sc 0 7 4136 4278 1894 37 415 1 8 4111 4311 2101 43 405 7 2246 1268 2064 1268 1784 91 88 127 138

[00:54:58]	[Recv]	char_sc 1 6835325 100

[00:54:58]	[Recv]	gidx 1 6835325 3739.918 Sanguinarius 27 0|0|1

[00:54:58]	[Recv]	rsfp 0 -1

[00:54:58]	[Recv]	pairy 1 6835325 4 3 129 59

[00:54:58]	[Recv]	minipet 1 6835325 8801

[00:54:58]	[Recv]	act6 

[00:54:58]	[Recv]	pinit 2 2|2557262|0|99|@|-1|2789|1|2646|0|0 2|2557249|1|96|@|-1|2762|0|0|0|0


[00:54:58]	[Recv]	food 0

[00:54:58]	[Recv]	mv 3 40378 89 66 9

[00:54:58]	[Recv]	mv 3 40377 89 46 9

[00:54:58]	[Recv]	mv 3 40370 74 42 9

[00:54:58]	[Recv]	mv 3 40363 26 13 8

[00:54:58]	[Recv]	stat 75191 75191 17265 17265 0 1316

[00:54:58]	[Recv]	mv 3 40373 79 57 9

[00:54:58]	[Recv]	mv 3 40366 31 107 8

[00:54:58]	[Recv]	mv 3 40365 31 115 8

[00:54:58]	[Recv]	mv 3 40362 27 22 8

[00:54:58]	[Recv]	gp 27 2 2630 -1 0 0

[00:54:58]	[Recv]	gp 28 127 2632 -1 1 0

[00:54:58]	[Recv]	gp 97 43 2633 -1 2 0

[00:54:58]	[Recv]	in 3 3003 40379 90 79 2 100 100 0 0 0 -1 1 0 -1 - 0 -1 0 0 0 0 0 0 0 0 0 0 0 0 0

[00:54:58]	[Recv]	in 3 3003 40378 89 66 2 100 100 0 0 0 -1 1 0 -1 - 0 -1 0 0 0 0 0 0 0 0 0 0 0 0 0

[00:54:58]	[Recv]	in 3 3003 40377 89 46 2 100 100 0 0 0 -1 1 0 -1 - 0 -1 0 0 0 0 0 0 0 0 0 0 0 0 0

[00:54:58]	[Recv]	in 3 3003 40376 86 91 2 100 100 0 0 0 -1 1 0 -1 - 0 -1 0 0 0 0 0 0 0 0 0 0 0 0 0

[00:54:58]	[Recv]	in 3 3003 40375 84 77 2 100 100 0 0 0 -1 1 0 -1 - 0 -1 0 0 0 0 0 0 0 0 0 0 0 0 0

[00:54:58]	[Recv]	in 3 3003 40374 79 42 2 100 100 0 0 0 -1 1 0 -1 - 0 -1 0 0 0 0 0 0 0 0 0 0 0 0 0

[00:54:58]	[Recv]	in 3 3003 40373 79 57 2 100 100 0 0 0 -1 1 0 -1 - 0 -1 0 0 0 0 0 0 0 0 0 0 0 0 0

[00:54:58]	[Recv]	in 3 3003 40372 77 55 2 100 100 0 0 0 -1 1 0 -1 - 0 -1 0 0 0 0 0 0 0 0 0 0 0 0 0

[00:54:58]	[Recv]	in 3 3003 40371 73 93 2 100 100 0 0 0 -1 1 0 -1 - 0 -1 0 0 0 0 0 0 0 0 0 0 0 0 0

[00:54:58]	[Recv]	in 3 3003 40370 74 42 2 100 100 0 0 0 -1 1 0 -1 - 0 -1 0 0 0 0 0 0 0 0 0 0 0 0 0

[00:54:58]	[Recv]	in 3 3000 40369 39 17 2 100 100 0 0 0 -1 1 0 -1 - 0 -1 0 0 0 0 0 0 0 0 0 0 0 0 0

[00:54:58]	[Recv]	in 3 3000 40368 41 8 2 100 100 0 0 0 -1 1 0 -1 - 0 -1 0 0 0 0 0 0 0 0 0 0 0 0 0

[00:54:58]	[Recv]	in 3 3000 40367 34 21 2 100 100 0 0 0 -1 1 0 -1 - 0 -1 0 0 0 0 0 0 0 0 0 0 0 0 0

[00:54:58]	[Recv]	in 3 3000 40366 31 107 2 100 100 0 0 0 -1 1 0 -1 - 0 -1 0 0 0 0 0 0 0 0 0 0 0 0 0

[00:54:58]	[Recv]	in 3 3000 40365 31 115 2 100 100 0 0 0 -1 1 0 -1 - 0 -1 0 0 0 0 0 0 0 0 0 0 0 0 0

[00:54:58]	[Recv]	in 3 3000 40364 31 7 2 100 100 0 0 0 -1 1 0 -1 - 0 -1 0 0 0 0 0 0 0 0 0 0 0 0 0

[00:54:58]	[Recv]	in 3 3000 40363 26 13 2 100 100 0 0 0 -1 1 0 -1 - 0 -1 0 0 0 0 0 0 0 0 0 0 0 0 0

[00:54:58]	[Recv]	in 3 3000 40362 27 22 2 100 100 0 0 0 -1 1 0 -1 - 0 -1 0 0 0 0 0 0 0 0 0 0 0 0 0

[00:54:58]	[Recv]	in 3 3000 40361 27 109 2 100 100 0 0 0 -1 1 0 -1 - 0 -1 0 0 0 0 0 0 0 0 0 0 0 0 0

[00:54:58]	[Recv]	in 3 3000 40360 26 99 2 100 100 0 0 0 -1 1 0 -1 - 0 -1 0 0 0 0 0 0 0 0 0 0 0 0 0

[00:54:58]	[Recv]	in 3 3000 40359 22 119 2 100 100 0 0 0 -1 1 0 -1 - 0 -1 0 0 0 0 0 0 0 0 0 0 0 0 0

[00:54:58]	[Recv]	in 3 3000 40358 22 10 2 100 100 0 0 0 -1 1 0 -1 - 0 -1 0 0 0 0 0 0 0 0 0 0 0 0 0

[00:54:58]	[Recv]	in 2 3068 40381 32 46 2 100 100 11010 0 0 -1 1 0 -1 - 0 -1 0 0 0 0 0 0 0 0 0 0 0 0 0

[00:54:58]	[Recv]	shop 2 40381 1 0 94 Fishing Tackle Shop

[00:54:58]	[Recv]	in 2 3069 40380 42 58 3 100 100 11016 0 0 -1 1 0 -1 - 0 -1 0 0 0 0 0 0 0 0 0 0 0 0 0

[00:54:58]	[Recv]	shop 2 40380 1 0 91 Port Alveus Crossing

[00:54:58]	[Recv]	pst 2 2557262 0 100 100 34166 7013 0 0 0

[00:54:58]	[Recv]	pst 2 2557249 1 100 100 42830 3622 0 0 0

[00:54:59]	[Recv]	mv 3 40364 29 5 8

[00:54:59]	[Recv]	mv 3 40358 21 9 8

[00:54:59]	[Recv]	mv 3 40369 39 18 8

[00:54:59]	[Recv]	mv 3 40367 32 19 8

[00:54:59]	[Send]	walk 29 15 0 25
[00:54:59]	[Recv]	mv 3 40379 91 77 9

[00:54:59]	[Recv]	mv 3 40368 39 7 8

[00:54:59]	[Recv]	mv 3 40371 75 92 9

[00:54:59]	[Recv]	mv 3 40370 73 40 9

[00:54:59]	[Recv]	mv 3 40363 27 14 8

[00:54:59]	[Recv]	mv 3 40361 27 110 8

[00:54:59]	[Send]	walk 34 15 1 25
[00:54:59]	[Recv]	mv 3 40373 78 59 9

[00:54:59]	[Recv]	mv 3 40366 33 109 8

[00:54:59]	[Recv]	pst 2 2557262 0 100 100 34166 7013 0 0 0

[00:54:59]	[Recv]	pst 2 2557249 1 100 100 42830 3622 0 0 0

[00:55:00]	[Recv]	mv 3 40358 21 10 8

[00:55:00]	[Send]	walk 31 21 1 25
[00:55:00]	[Recv]	mv 3 40379 90 79 9

[00:55:00]	[Recv]	mv 3 40374 81 44 9

[00:55:00]	[Recv]	mv 3 40368 40 8 8

[00:55:00]	[Send]	walk 31 23 0 25
[00:55:00]	[Send]	walk 31 25 0 25
[00:55:00]	[Recv]	mv 3 40378 87 68 9

[00:55:00]	[Recv]	mv 3 40370 74 41 9

[00:55:00]	[Recv]	mv 3 40363 28 14 8

[00:55:00]	[Recv]	mv 3 40361 26 110 8

[00:55:00]	[Recv]	mv 3 40359 24 117 8

[00:55:00]	[Recv]	stat 75191 75191 17265 17265 0 1316

[00:55:00]	[Recv]	stat 75191 75191 17265 17265 0 1316

[00:55:00]	[Recv]	mv 3 40362 26 20 8

[00:55:00]	[Send]	walk 31 27 1 25
[00:55:00]	[Recv]	pst 2 2557262 0 100 100 34166 7013 0 0 0

[00:55:00]	[Recv]	pst 2 2557249 1 100 100 42830 3622 0 0 0

[00:55:01]	[Recv]	mv 3 40375 83 77 9

[00:55:01]	[Recv]	mv 3 40358 22 9 8

[00:55:01]	[Recv]	mv 3 40369 38 16 8

[00:55:01]	[Recv]	mv 3 40360 25 99 8

[00:55:01]	[Recv]	mv 3 40379 91 78 9

[00:55:01]	[Recv]	mv 3 40372 79 54 9

[00:55:01]	[Recv]	mv 3 40368 39 9 8

[00:55:01]	[Recv]	mv 3 40378 85 67 9

[00:55:01]	[Recv]	mv 3 40376 87 89 9

[00:55:01]	[Recv]	mv 3 40371 75 91 9

[00:55:01]	[Recv]	mv 3 40363 27 12 8

[00:55:01]	[Send]	walk 32 36 0 25
[00:55:01]	[Recv]	mv 3 40366 34 107 8

[00:55:01]	[Recv]	mv 3 40365 30 116 8

[00:55:01]	[Recv]	mv 3 40362 24 20 8

[00:55:01]	[Recv]	pst 2 2557262 0 100 100 34166 7013 0 0 0

[00:55:01]	[Recv]	pst 2 2557249 1 100 100 42830 3622 0 0 0

[00:55:02]	[Recv]	mv 3 40375 85 76 9

[00:55:02]	[Recv]	mv 3 40369 40 18 8

[00:55:02]	[Recv]	mv 3 40367 34 21 8

[00:55:02]	[Recv]	mv 3 40379 90 77 9

[00:55:02]	[Recv]	mv 3 40372 78 55 9

[00:55:02]	[Recv]	mv 3 40378 85 68 9

[00:55:02]	[Recv]	mv 3 40371 76 90 9

[00:55:02]	[Recv]	mv 3 40370 75 42 9

[00:55:02]	[Recv]	mv 3 40363 29 12 8

[00:55:02]	[Recv]	mv 3 40359 25 119 8

[00:55:02]	[Recv]	stat 75191 75191 17265 17265 0 1316

[00:55:02]	[Send]	walk 36 44 0 25
[00:55:02]	[Recv]	mv 3 40366 33 109 8

[00:55:02]	[Recv]	mv 3 40365 31 116 8

[00:55:02]	[Recv]	pst 2 2557262 0 100 100 34166 7013 0 0 0

[00:55:02]	[Recv]	pst 2 2557249 1 100 100 42830 3622 0 0 0

[00:55:03]	[Recv]	mv 3 40375 84 77 9

[00:55:03]	[Recv]	mv 3 40358 23 10 8

[00:55:03]	[Recv]	mv 3 40367 34 20 8

[00:55:03]	[Recv]	mv 3 40368 37 9 8

[00:55:03]	[Recv]	mv 3 40378 85 67 9

[00:55:03]	[Recv]	mv 3 40377 88 44 9

[00:55:03]	[Recv]	mv 3 40363 28 13 8

[00:55:03]	[Recv]	mv 3 40361 25 109 8

[00:55:03]	[Send]	walk 36 53 0 25
[00:55:03]	[Recv]	mv 3 40373 76 58 9

[00:55:03]	[Recv]	mv 3 40366 35 108 8

[00:55:03]	[Recv]	mv 3 40365 30 117 8

[00:55:03]	[Recv]	mv 3 40362 26 20 8

[00:55:03]	[Recv]	pst 2 2557262 0 100 100 34166 7013 0 0 0

[00:55:03]	[Recv]	pst 2 2557249 1 100 100 42830 3622 0 0 0

[00:55:04]	[Recv]	mv 3 40375 85 75 9

[00:55:04]	[Recv]	mv 3 40364 29 6 8

[00:55:04]	[Recv]	mv 3 40369 38 17 8

[00:55:04]	[Recv]	mv 3 40367 32 18 8

[00:55:04]	[Recv]	mv 3 40374 79 44 9

[00:55:04]	[Recv]	mv 3 40372 79 53 9

[00:55:04]	[Recv]	mv 3 40368 37 11 8

[00:55:04]	[Send]	walk 36 62 0 25
[00:55:04]	[Send]	pulse 420 8
[00:55:04]	[Recv]	umi 5060.257 9028.376

[00:55:04]	[Recv]	mv 3 40371 76 91 9

[00:55:04]	[Recv]	mv 3 40363 27 12 8

[00:55:04]	[Recv]	mv 3 40361 23 107 8

[00:55:04]	[Recv]	stat 75191 75191 17265 17265 0 1316

[00:55:04]	[Recv]	stat 75191 75191 17265 17265 0 1316

[00:55:04]	[Recv]	mv 3 40366 33 108 8

[00:55:04]	[Recv]	mv 3 40365 32 116 8

[00:55:04]	[Recv]	mv 3 40362 26 22 8

[00:55:04]	[Recv]	pst 2 2557262 0 100 100 34166 7013 0 0 0

[00:55:04]	[Recv]	pst 2 2557249 1 100 100 42830 3622 0 0 0

[00:55:05]	[Recv]	mv 3 40364 29 5 8

[00:55:05]	[Recv]	mv 3 40379 92 79 9

[00:55:05]	[Recv]	mv 3 40374 80 43 9

[00:55:05]	[Recv]	mv 3 40372 78 55 9

[00:55:05]	[Recv]	mv 3 40368 39 10 8

[00:55:05]	[Send]	walk 36 71 0 25
[00:55:05]	[Recv]	mv 3 40376 85 87 9

[00:55:05]	[Recv]	mv 3 40371 76 89 9

[00:55:05]	[Recv]	mv 3 40370 75 43 9

[00:55:05]	[Recv]	mv 3 40363 29 14 8

[00:55:05]	[Recv]	mv 3 40361 24 108 8

[00:55:05]	[Recv]	mv 3 40359 23 117 8

[00:55:05]	[Recv]	mv 3 40366 31 107 8

[00:55:05]	[Recv]	mv 3 40365 30 115 8

[00:55:05]	[Recv]	mv 3 40362 25 22 8

[00:55:05]	[Recv]	pst 2 2557262 0 100 100 34166 7013 0 0 0

[00:55:05]	[Recv]	pst 2 2557249 1 100 100 42830 3622 0 0 0

[00:55:06]	[Recv]	mv 3 40375 87 76 9

[00:55:06]	[Recv]	mv 3 40358 24 10 8

[00:55:06]	[Recv]	mv 3 40369 39 18 8

[00:55:06]	[Recv]	mv 3 40367 33 20 8

[00:55:06]	[Recv]	mv 3 40360 26 99 8

[00:55:06]	[Send]	walk 36 80 0 25
[00:55:06]	[Recv]	mv 3 40379 91 77 9

[00:55:06]	[Recv]	mv 3 40374 79 44 9

[00:55:06]	[Recv]	mv 3 40372 76 53 9

[00:55:06]	[Recv]	mv 3 40368 41 10 8

[00:55:06]	[Recv]	mv 3 40378 86 66 9

[00:55:06]	[Recv]	mv 3 40377 89 46 9

[00:55:06]	[Recv]	mv 3 40376 87 88 9

[00:55:06]	[Recv]	mv 3 40371 76 91 9

[00:55:06]	[Recv]	mv 3 40370 75 42 9

[00:55:06]	[Recv]	mv 3 40363 28 14 8

[00:55:06]	[Recv]	stat 75191 75191 17265 17265 0 1316

[00:55:06]	[Recv]	mv 3 40366 32 109 8

[00:55:06]	[Recv]	mv 3 40365 32 117 8

[00:55:06]	[Recv]	mv 3 40362 25 21 8

[00:55:06]	[Recv]	pst 2 2557262 0 100 100 34166 7013 0 0 0

[00:55:06]	[Recv]	pst 2 2557249 1 100 100 42830 3622 0 0 0

[00:55:07]	[Recv]	mv 3 40375 85 75 9

[00:55:07]	[Recv]	mv 3 40364 30 6 8

[00:55:07]	[Recv]	mv 3 40358 23 11 8

[00:55:07]	[Recv]	mv 3 40369 40 16 8

[00:55:07]	[Recv]	mv 3 40367 35 21 8

[00:55:07]	[Recv]	mv 3 40360 25 100 8

[00:55:07]	[Send]	walk 36 89 0 25
[00:55:07]	[Recv]	mv 3 40379 90 78 9

[00:55:07]	[Recv]	mv 3 40372 77 52 9

[00:55:07]	[Recv]	mv 3 40363 27 14 8

[00:55:07]	[Recv]	mv 3 40361 26 107 8

[00:55:07]	[Recv]	mv 3 40373 77 59 9

[00:55:07]	[Recv]	mv 3 40366 31 108 8

[00:55:07]	[Recv]	mv 3 40365 33 117 8

[00:55:07]	[Recv]	mv 3 40362 26 19 8

[00:55:07]	[Recv]	pst 2 2557262 0 100 100 34166 7013 0 0 0

[00:55:07]	[Recv]	pst 2 2557249 1 100 100 42830 3622 0 0 0

[00:55:08]	[Recv]	mv 3 40364 31 7 8

[00:55:08]	[Recv]	mv 3 40358 25 9 8

[00:55:08]	[Send]	walk 36 98 0 25
[00:55:08]	[Recv]	mv 3 40367 35 19 8

[00:55:08]	[Recv]	mv 3 40379 88 79 9

[00:55:08]	[Recv]	mv 3 40372 78 51 9

[00:55:08]	[Recv]	mv 3 40376 86 87 9

[00:55:08]	[Recv]	mv 3 40370 74 41 9

[00:55:08]	[Recv]	mv 3 40361 25 109 8

[00:55:08]	[Recv]	stat 75191 75191 17265 17265 0 1316

[00:55:08]	[Recv]	stat 75191 75191 17265 17265 0 1316

[00:55:08]	[Recv]	mv 3 40365 31 115 8

[00:55:08]	[Recv]	pst 2 2557262 0 100 100 34166 7013 0 0 0

[00:55:08]	[Recv]	pst 2 2557249 1 100 100 42830 3622 0 0 0

[00:55:09]	[Recv]	mv 3 40375 83 74 9

[00:55:09]	[Recv]	mv 3 40364 33 6 8

[00:55:09]	[Recv]	mv 3 40358 24 10 8

[00:55:09]	[Send]	walk 36 107 0 25
[00:55:09]	[Recv]	mv 3 40369 39 18 8

[00:55:09]	[Recv]	mv 3 40367 33 20 8

[00:55:09]	[Recv]	mv 3 40379 89 78 9

[00:55:09]	[Recv]	mv 3 40368 39 9 8

[00:55:09]	[Recv]	mv 3 40371 74 93 9

[00:55:09]	[Recv]	mv 3 40361 23 108 8

[00:55:09]	[Recv]	mv 3 40373 78 61 9

[00:55:09]	[Recv]	mv 3 40362 25 21 8

[00:55:09]	[Recv]	pst 2 2557262 0 100 100 34166 7013 0 0 0

[00:55:09]	[Recv]	pst 2 2557249 1 100 100 42830 3622 0 0 0

[00:55:09]	[Send]	walk 32 115 0 25
[00:55:10]	[Recv]	mv 3 40358 23 9 8

[00:55:10]	[Recv]	mv 3 40369 38 16 8

[00:55:10]	[Recv]	mv 3 40379 90 77 9

[00:55:10]	[Recv]	mv 3 40374 77 43 9

[00:55:10]	[Recv]	mv 3 40372 77 52 9

[00:55:10]	[Recv]	mv 3 40368 38 10 8

[00:55:10]	[Recv]	mv 3 40377 88 47 9

[00:55:10]	[Recv]	mv 3 40376 85 88 9

[00:55:10]	[Recv]	stat 75191 75191 17265 17265 0 1316

[00:55:10]	[Recv]	mv 3 40366 33 107 8

[00:55:10]	[Recv]	pst 2 2557262 0 100 100 34166 7013 0 0 0

[00:55:10]	[Recv]	pst 2 2557249 1 100 100 42830 3622 0 0 0

[00:55:10]	[Send]	walk 26 121 0 25
[00:55:11]	[Recv]	mv 3 40364 32 8 8

[00:55:11]	[Recv]	mv 3 40358 25 9 8

[00:55:11]	[Recv]	mv 3 40369 39 18 8

[00:55:11]	[Recv]	mv 3 40367 34 18 8

[00:55:11]	[Recv]	mv 3 40360 23 100 8

[00:55:11]	[Send]	walk 29 124 0 25
[00:55:11]	[Recv]	mv 3 40379 89 78 9

[00:55:11]	[Recv]	mv 3 40374 77 42 9

[00:55:11]	[Recv]	mv 3 40368 37 11 8

[00:55:11]	[Send]	walk 28 126 1 25
[00:55:11]	[Recv]	mv 3 40377 88 46 9

[00:55:11]	[Recv]	mv 3 40376 85 90 9

[00:55:11]	[Recv]	mv 3 40371 73 91 9

[00:55:11]	[Recv]	mv 3 40370 74 40 9

[00:55:11]	[Recv]	mv 3 40363 27 13 8

[00:55:11]	[Recv]	mv 3 40361 25 110 8

[00:55:11]	[Recv]	mv 3 40373 78 59 9

[00:55:11]	[Recv]	mv 3 40362 25 22 8

[00:55:11]	[Recv]	pst 2 2557262 0 100 100 34166 7013 0 0 0

[00:55:11]	[Recv]	pst 2 2557249 1 100 100 42830 3622 0 0 0

[00:55:12]	[Recv]	mv 3 40375 84 75 9

[00:55:12]	[Recv]	mv 3 40358 25 8 8

[00:55:12]	[Recv]	mv 3 40367 35 19 8

[00:55:12]	[Recv]	mv 3 40360 25 100 8

[00:55:12]	[Send]	preq
[00:55:12]	[Recv]	c_map 0 2631 0

[00:55:12]	[Recv]	mapout

[00:55:12]	[Send]	c_close 1
[00:55:12]	[Send]	c_close 0
[00:55:12]	[Send]	f_stash_end 
[00:55:12]	[Send]	c_close 1
[00:55:12]	[Recv]	c_info milkers - -1 3739.918 Sanguinarius 6835325 0 0 1 5 1 27 0 10 0 0 0 0 8151 9

[00:55:12]	[Send]	mall 50
[00:55:12]	[Send]	c_close 1
[00:55:12]	[Recv]	c_mode 1 6835325 3728 0 0 0 100 8151

[00:55:12]	[Recv]	equip 73 78 0.8628.3.7.0.8.82 1.8643.8.7.0.2.82 2.8689.0.0.0.0.0 3.8653.0.2.0.0.0 4.8655.0.0.0.0.0 5.8636.7.8.0.0.82 6.4657.0.0.0.0.0 7.4653.0.0.0.0.0 8.4647.0.0.0.0.0 9.8687.0.0.0.0.0 10.8674.9.0.0.0.0 12.909.0.20.100.0.0 13.8680.0.0.0.0.0 14.8566.0.0.0.0.0 15.8598.0.0.0.0.0 16.8568.0.0.0.0.0 17.8801.0.0.0.0.0

[00:55:12]	[Recv]	lev 99 0 99 0 2140719000 5991794 13364600 200 881816047 91 967912450 0

[00:55:12]	[Recv]	stat 75191 75191 17265 17265 0 1316

[00:55:12]	[Recv]	at 6835325 2632 6 8 2 0 113 1 -1

[00:55:12]	[Recv]	cond 1 6835325 0 0 25

[00:55:12]	[Recv]	cond 1 6835325 0 0 25

[00:55:12]	[Recv]	titinfo 1 6835325 9468 9468

[00:55:12]	[Recv]	eq 6835325 0 0 1 5 1 8689.8643.8628.8636.8687.8674.8680.8566.8598.8568.8801 73 78 100

[00:55:12]	[Recv]	c_map 0 2632 1

[00:55:12]	[Recv]	sc 0 7 4136 4278 1894 37 415 1 8 4111 4311 2101 43 405 7 2246 1268 2064 1268 1784 91 88 127 138

[00:55:12]	[Recv]	char_sc 1 6835325 100

[00:55:12]	[Recv]	gidx 1 6835325 3739.918 Sanguinarius 27 0|0|1

[00:55:12]	[Recv]	rsfp 0 -1

[00:55:12]	[Recv]	pairy 1 6835325 4 3 129 59

[00:55:12]	[Recv]	minipet 1 6835325 8801

[00:55:12]	[Recv]	act6 

[00:55:12]	[Recv]	pinit 2 2|2557262|0|99|@|-1|2789|1|2646|0|0 2|2557249|1|96|@|-1|2762|0|0|0|0


[00:55:12]	[Recv]	food 0

[00:55:12]	[Recv]	mv 3 40405 20 21 8

[00:55:12]	[Recv]	mv 3 40399 3 42 8

[00:55:12]	[Recv]	mv 3 40395 31 75 8

[00:55:12]	[Recv]	mv 3 40391 18 59 8

[00:55:12]	[Recv]	mv 3 40406 20 43 8

[00:55:12]	[Recv]	mv 3 40398 3 24 8

[00:55:12]	[Recv]	mv 3 40397 5 86 8

[00:55:12]	[Recv]	mv 3 40385 9 85 8

[00:55:12]	[Recv]	stat 75191 75191 17265 17265 0 1316

[00:55:12]	[Recv]	stat 75191 75191 17265 17265 0 1316

[00:55:12]	[Recv]	mv 3 40418 43 59 9

[00:55:12]	[Recv]	mv 3 40415 38 38 9

[00:55:12]	[Recv]	mv 3 40414 35 42 9

[00:55:12]	[Recv]	mv 3 40409 25 101 8

[00:55:12]	[Recv]	mv 3 40394 31 55 8

[00:55:12]	[Recv]	mv 3 40386 8 42 8

[00:55:12]	[Recv]	mv 3 40384 5 52 8

[00:55:12]	[Recv]	mv 3 40383 4 30 8

[00:55:12]	[Recv]	gp 6 2 2631 -1 0 0

[00:55:12]	[Recv]	wp 6 99 92 4 85 99

[00:55:12]	[Recv]	in 3 3019 40421 52 80 2 100 100 0 0 0 -1 1 0 -1 - 0 -1 0 0 0 0 0 0 0 0 0 0 0 0 0

[00:55:12]	[Recv]	in 3 3019 40420 50 75 2 100 100 0 0 0 -1 1 0 -1 - 0 -1 0 0 0 0 0 0 0 0 0 0 0 0 0

[00:55:12]	[Recv]	in 3 3019 40419 47 75 2 100 100 0 0 0 -1 1 0 -1 - 0 -1 0 0 0 0 0 0 0 0 0 0 0 0 0

[00:55:12]	[Recv]	in 3 3019 40418 43 59 2 100 100 0 0 0 -1 1 0 -1 - 0 -1 0 0 0 0 0 0 0 0 0 0 0 0 0

[00:55:12]	[Recv]	in 3 3019 40417 41 51 2 100 100 0 0 0 -1 1 0 -1 - 0 -1 0 0 0 0 0 0 0 0 0 0 0 0 0

[00:55:12]	[Recv]	in 3 3019 40416 40 80 2 100 100 0 0 0 -1 1 0 -1 - 0 -1 0 0 0 0 0 0 0 0 0 0 0 0 0

[00:55:12]	[Recv]	in 3 3019 40415 38 38 2 100 100 0 0 0 -1 1 0 -1 - 0 -1 0 0 0 0 0 0 0 0 0 0 0 0 0

[00:55:12]	[Recv]	in 3 3019 40414 35 42 2 100 100 0 0 0 -1 1 0 -1 - 0 -1 0 0 0 0 0 0 0 0 0 0 0 0 0

[00:55:12]	[Recv]	in 3 3019 40413 35 64 2 100 100 0 0 0 -1 1 0 -1 - 0 -1 0 0 0 0 0 0 0 0 0 0 0 0 0

[00:55:12]	[Recv]	in 3 3019 40412 31 96 2 100 100 0 0 0 -1 1 0 -1 - 0 -1 0 0 0 0 0 0 0 0 0 0 0 0 0

[00:55:12]	[Recv]	in 3 3019 40411 19 88 2 100 100 0 0 0 -1 1 0 -1 - 0 -1 0 0 0 0 0 0 0 0 0 0 0 0 0

[00:55:12]	[Recv]	in 3 3001 40410 27 54 2 100 100 0 0 0 -1 1 0 -1 - 0 -1 0 0 0 0 0 0 0 0 0 0 0 0 0

[00:55:12]	[Recv]	in 3 3001 40409 25 101 2 100 100 0 0 0 -1 1 0 -1 - 0 -1 0 0 0 0 0 0 0 0 0 0 0 0 0

[00:55:12]	[Recv]	in 3 3001 40408 24 63 2 100 100 0 0 0 -1 1 0 -1 - 0 -1 0 0 0 0 0 0 0 0 0 0 0 0 0

[00:55:12]	[Recv]	in 3 3001 40407 24 75 2 100 100 0 0 0 -1 1 0 -1 - 0 -1 0 0 0 0 0 0 0 0 0 0 0 0 0

[00:55:12]	[Recv]	in 3 3001 40406 20 43 2 100 100 0 0 0 -1 1 0 -1 - 0 -1 0 0 0 0 0 0 0 0 0 0 0 0 0

[00:55:12]	[Recv]	in 3 3001 40405 20 21 2 100 100 0 0 0 -1 1 0 -1 - 0 -1 0 0 0 0 0 0 0 0 0 0 0 0 0

[00:55:12]	[Recv]	in 3 3001 40404 16 84 2 100 100 0 0 0 -1 1 0 -1 - 0 -1 0 0 0 0 0 0 0 0 0 0 0 0 0

[00:55:12]	[Recv]	in 3 3001 40403 11 109 2 100 100 0 0 0 -1 1 0 -1 - 0 -1 0 0 0 0 0 0 0 0 0 0 0 0 0

[00:55:12]	[Recv]	in 3 3001 40402 11 80 2 100 100 0 0 0 -1 1 0 -1 - 0 -1 0 0 0 0 0 0 0 0 0 0 0 0 0

[00:55:12]	[Recv]	in 3 3001 40401 8 48 2 100 100 0 0 0 -1 1 0 -1 - 0 -1 0 0 0 0 0 0 0 0 0 0 0 0 0

[00:55:12]	[Recv]	in 3 3001 40400 8 63 2 100 100 0 0 0 -1 1 0 -1 - 0 -1 0 0 0 0 0 0 0 0 0 0 0 0 0

[00:55:12]	[Recv]	in 3 3001 40399 3 42 2 100 100 0 0 0 -1 1 0 -1 - 0 -1 0 0 0 0 0 0 0 0 0 0 0 0 0

[00:55:12]	[Recv]	in 3 3001 40398 3 24 2 100 100 0 0 0 -1 1 0 -1 - 0 -1 0 0 0 0 0 0 0 0 0 0 0 0 0

[00:55:12]	[Recv]	in 3 3001 40397 5 86 2 100 100 0 0 0 -1 1 0 -1 - 0 -1 0 0 0 0 0 0 0 0 0 0 0 0 0

[00:55:12]	[Recv]	in 3 3001 40396 4 72 2 100 100 0 0 0 -1 1 0 -1 - 0 -1 0 0 0 0 0 0 0 0 0 0 0 0 0

[00:55:12]	[Recv]	in 3 3000 40395 31 75 2 100 100 0 0 0 -1 1 0 -1 - 0 -1 0 0 0 0 0 0 0 0 0 0 0 0 0

[00:55:12]	[Recv]	in 3 3000 40394 31 55 2 100 100 0 0 0 -1 1 0 -1 - 0 -1 0 0 0 0 0 0 0 0 0 0 0 0 0

[00:55:12]	[Recv]	in 3 3000 40393 22 95 2 100 100 0 0 0 -1 1 0 -1 - 0 -1 0 0 0 0 0 0 0 0 0 0 0 0 0

[00:55:12]	[Recv]	in 3 3000 40392 21 69 2 100 100 0 0 0 -1 1 0 -1 - 0 -1 0 0 0 0 0 0 0 0 0 0 0 0 0

[00:55:12]	[Recv]	in 3 3000 40391 18 59 2 100 100 0 0 0 -1 1 0 -1 - 0 -1 0 0 0 0 0 0 0 0 0 0 0 0 0

[00:55:12]	[Recv]	in 3 3000 40390 17 46 2 100 100 0 0 0 -1 1 0 -1 - 0 -1 0 0 0 0 0 0 0 0 0 0 0 0 0

[00:55:12]	[Recv]	in 3 3000 40389 14 16 2 100 100 0 0 0 -1 1 0 -1 - 0 -1 0 0 0 0 0 0 0 0 0 0 0 0 0

[00:55:12]	[Recv]	in 3 3000 40388 11 71 2 100 100 0 0 0 -1 1 0 -1 - 0 -1 0 0 0 0 0 0 0 0 0 0 0 0 0

[00:55:12]	[Recv]	in 3 3000 40387 9 23 2 100 100 0 0 0 -1 1 0 -1 - 0 -1 0 0 0 0 0 0 0 0 0 0 0 0 0

[00:55:12]	[Recv]	in 3 3000 40386 8 42 2 100 100 0 0 0 -1 1 0 -1 - 0 -1 0 0 0 0 0 0 0 0 0 0 0 0 0

[00:55:12]	[Recv]	in 3 3000 40385 9 85 2 100 100 0 0 0 -1 1 0 -1 - 0 -1 0 0 0 0 0 0 0 0 0 0 0 0 0

[00:55:12]	[Recv]	in 3 3000 40384 5 52 2 100 100 0 0 0 -1 1 0 -1 - 0 -1 0 0 0 0 0 0 0 0 0 0 0 0 0

[00:55:12]	[Recv]	in 3 3000 40383 4 30 2 100 100 0 0 0 -1 1 0 -1 - 0 -1 0 0 0 0 0 0 0 0 0 0 0 0 0

[00:55:12]	[Recv]	in 3 3000 40382 1 13 2 100 100 0 0 0 -1 1 0 -1 - 0 -1 0 0 0 0 0 0 0 0 0 0 0 0 0

[00:55:12]	[Recv]	in 2 3065 40424 12 74 0 100 100 0 0 0 -1 1 0 -1 - 0 -1 0 0 0 0 0 0 0 0 0 0 0 0 0

[00:55:12]	[Recv]	in 2 3064 40423 5 26 0 100 100 0 0 0 -1 1 0 -1 - 0 -1 0 0 0 0 0 0 0 0 0 0 0 0 0

[00:55:12]	[Recv]	in 2 3064 40422 2 48 0 100 100 0 0 0 -1 1 0 -1 - 0 -1 0 0 0 0 0 0 0 0 0 0 0 0 0

[00:55:12]	[Recv]	pst 2 2557262 0 100 100 34166 7013 0 0 0

[00:55:12]	[Recv]	pst 2 2557249 1 100 100 42830 3622 0 0 0

[00:55:13]	[Recv]	mv 3 40420 49 77 9

[00:55:13]	[Recv]	mv 3 40410 28 56 8

[00:55:13]	[Recv]	mv 3 40404 15 83 8

[00:55:13]	[Recv]	mv 3 40387 9 25 8

[00:55:13]	[Send]	walk 9 9 0 25
[00:55:13]	[Recv]	mv 3 40421 50 78 9

[00:55:13]	[Recv]	mv 3 40402 9 78 8

[00:55:13]	[Recv]	mv 3 40393 20 96 8

[00:55:13]	[Recv]	mv 3 40389 15 14 8

[00:55:13]	[Recv]	mv 3 40405 18 20 8

[00:55:13]	[Recv]	mv 3 40399 3 41 8

[00:55:13]	[Recv]	mv 3 40395 29 73 8

[00:55:13]	[Recv]	mv 3 40392 20 70 8

[00:55:13]	[Recv]	mv 3 40391 16 57 8

[00:55:13]	[Recv]	mv 3 40382 3 14 8

[00:55:13]	[Recv]	mv 3 40417 43 50 9

[00:55:13]	[Recv]	mv 3 40385 8 87 8

[00:55:13]	[Recv]	mv 3 40418 44 60 9

[00:55:13]	[Recv]	mv 3 40415 37 36 9

[00:55:13]	[Recv]	mv 3 40414 36 43 9

[00:55:13]	[Recv]	mv 3 40388 9 72 8

[00:55:13]	[Recv]	mv 3 40386 9 40 8

[00:55:13]	[Recv]	mv 3 40383 5 29 8

[00:55:13]	[Recv]	pst 2 2557262 0 100 100 34166 7013 0 0 0

[00:55:13]	[Recv]	pst 2 2557249 1 100 100 42830 3622 0 0 0

[00:55:13]	[Send]	walk 7 3 1 25
[00:55:14]	[Recv]	mv 3 40420 48 76 9

[00:55:14]	[Recv]	mv 3 40419 47 73 9

[00:55:14]	[Recv]	mv 3 40421 48 80 9

[00:55:14]	[Recv]	mv 3 40399 3 42 8

[00:55:14]	[Recv]	mv 3 40396 5 74 8

[00:55:14]	[Recv]	mv 3 40391 17 58 8

[00:55:14]	[Recv]	mv 3 40382 2 16 8

[00:55:14]	[Send]	preq
[00:55:14]	[Recv]	mv 3 40417 45 49 9

[00:55:14]	[Recv]	mv 3 40406 21 41 8

[00:55:14]	[Recv]	mv 3 40400 7 65 8

[00:55:14]	[Recv]	mv 3 40385 7 86 8

[00:55:14]	[Recv]	sayi 1 6835325 10 94 0 0 0 0 0

[00:55:14]	[Recv]	stat 75191 75191 17265 17265 0 1316

[00:55:14]	[Recv]	mv 3 40418 46 59 9

[00:55:14]	[Recv]	mv 3 40413 33 66 9

[00:55:14]	[Recv]	mv 3 40388 10 71 8

[00:55:14]	[Recv]	mv 3 40383 4 30 8

[00:55:14]	[Recv]	pst 2 2557262 0 100 100 34166 7013 0 0 0

[00:55:14]	[Recv]	pst 2 2557249 1 100 100 42830 3622 0 0 0

[00:55:14]	[Send]	walk 6 2 0 25
[00:55:15]	[Recv]	mv 3 40412 30 95 9

[00:55:15]	[Recv]	mv 3 40404 14 83 8

[00:55:15]	[Recv]	mv 3 40387 8 24 8

[00:55:15]	[Send]	preq
[00:55:15]	[Recv]	mv 3 40421 50 78 9

[00:55:15]	[Recv]	mv 3 40393 19 97 8

[00:55:15]	[Recv]	mv 3 40390 18 46 8

[00:55:15]	[Recv]	mv 3 40389 14 16 8

[00:55:15]	[Recv]	sayi 1 6835325 10 94 0 0 0 0 0

[00:55:15]	[Recv]	mv 3 40416 38 78 9

[00:55:15]	[Recv]	mv 3 40405 17 19 8

[00:55:15]	[Recv]	mv 3 40399 5 41 8

[00:55:15]	[Recv]	mv 3 40396 5 73 8

[00:55:15]	[Recv]	mv 3 40395 30 71 8

[00:55:15]	[Recv]	mv 3 40392 19 68 8

[00:55:15]	[Recv]	mv 3 40391 19 58 8

[00:55:15]	[Send]	walk 8 2 1 25
[00:55:15]	[Recv]	mv 3 40417 44 50 9

[00:55:15]	[Recv]	mv 3 40406 22 41 8

[00:55:15]	[Recv]	mv 3 40400 6 64 8

[00:55:15]	[Recv]	mv 3 40418 44 61 9

[00:55:15]	[Recv]	mv 3 40415 39 38 9

[00:55:15]	[Recv]	mv 3 40414 38 42 9

[00:55:15]	[Recv]	mv 3 40413 33 65 9

[00:55:15]	[Recv]	mv 3 40409 24 99 8

[00:55:15]	[Recv]	mv 3 40408 25 65 8

[00:55:15]	[Recv]	mv 3 40403 13 110 8

[00:55:15]	[Recv]	mv 3 40388 9 73 8

[00:55:15]	[Recv]	mv 3 40384 5 53 8

[00:55:15]	[Recv]	pst 2 2557262 0 100 100 34166 7013 0 0 0

[00:55:15]	[Recv]	pst 2 2557249 1 100 100 42830 3622 0 0 0

[00:55:16]	[Recv]	mv 3 40419 46 75 9

[00:55:16]	[Recv]	mv 3 40410 26 56 8

[00:55:16]	[Recv]	mv 3 40404 15 85 8

[00:55:16]	[Recv]	mv 3 40401 9 48 8

[00:55:16]	[Recv]	mv 3 40387 9 23 8

[00:55:16]	[Recv]	mv 3 40390 16 46 8

[00:55:16]	[Recv]	mv 3 40416 39 79 9

[00:55:16]	[Recv]	mv 3 40392 20 67 8

[00:55:16]	[Recv]	mv 3 40382 1 17 8

[00:55:16]	[Send]	walk 6 2 0 25
[00:55:16]	[Recv]	mv 3 40400 8 62 8

[00:55:16]	[Recv]	stat 75191 75191 17265 17265 0 1316

[00:55:16]	[Recv]	stat 75191 75191 17265 17265 0 1316

[00:55:16]	[Send]	preq
[00:55:16]	[Recv]	mv 3 40418 42 60 9

[00:55:16]	[Recv]	mv 3 40414 38 44 9

[00:55:16]	[Recv]	mv 3 40413 34 66 9

[00:55:16]	[Recv]	mv 3 40411 21 89 9

[00:55:16]	[Recv]	mv 3 40408 25 63 8

[00:55:16]	[Recv]	mv 3 40407 24 76 8

[00:55:16]	[Recv]	mv 3 40403 11 112 8

[00:55:16]	[Recv]	mv 3 40394 29 54 8

[00:55:16]	[Recv]	mv 3 40386 7 40 8

[00:55:16]	[Recv]	pst 2 2557262 0 100 100 34166 7013 0 0 0

[00:55:16]	[Recv]	pst 2 2557249 1 100 100 42830 3622 0 0 0

[00:55:16]	[Recv]	c_map 0 2632 0

[00:55:16]	[Recv]	mapout

[00:55:16]	[Send]	c_close 1
[00:55:16]	[Send]	c_close 0
[00:55:16]	[Send]	f_stash_end 
[00:55:16]	[Send]	c_close 1
[00:55:16]	[Recv]	c_info milkers - -1 3739.918 Sanguinarius 6835325 0 0 1 5 1 27 0 10 0 0 0 0 8151 9

[00:55:16]	[Send]	mall 50
[00:55:16]	[Send]	c_close 1
[00:55:16]	[Recv]	c_mode 1 6835325 3728 0 0 0 100 8151

[00:55:16]	[Recv]	equip 73 78 0.8628.3.7.0.8.82 1.8643.8.7.0.2.82 2.8689.0.0.0.0.0 3.8653.0.2.0.0.0 4.8655.0.0.0.0.0 5.8636.7.8.0.0.82 6.4657.0.0.0.0.0 7.4653.0.0.0.0.0 8.4647.0.0.0.0.0 9.8687.0.0.0.0.0 10.8674.9.0.0.0.0 12.909.0.20.100.0.0 13.8680.0.0.0.0.0 14.8566.0.0.0.0.0 15.8598.0.0.0.0.0 16.8568.0.0.0.0.0 17.8801.0.0.0.0.0

[00:55:16]	[Recv]	lev 99 0 99 0 2140719000 5991794 13364600 200 881816047 91 967912450 0

[00:55:16]	[Recv]	stat 75191 75191 17265 17265 0 1316

[00:55:16]	[Recv]	at 6835325 2631 28 125 2 0 113 1 -1

[00:55:16]	[Recv]	cond 1 6835325 0 0 25

[00:55:16]	[Recv]	cond 1 6835325 0 0 25

[00:55:16]	[Recv]	titinfo 1 6835325 9468 9468

[00:55:16]	[Recv]	eq 6835325 0 0 1 5 1 8689.8643.8628.8636.8687.8674.8680.8566.8598.8568.8801 73 78 100

[00:55:16]	[Recv]	c_map 0 2631 1

[00:55:16]	[Recv]	sc 0 7 4136 4278 1894 37 415 1 8 4111 4311 2101 43 405 7 2246 1268 2064 1268 1784 91 88 127 138

[00:55:16]	[Recv]	char_sc 1 6835325 100

[00:55:16]	[Recv]	gidx 1 6835325 3739.918 Sanguinarius 27 0|0|1

[00:55:16]	[Recv]	rsfp 0 -1

[00:55:16]	[Recv]	pairy 1 6835325 4 3 129 59

[00:55:16]	[Recv]	minipet 1 6835325 8801

[00:55:16]	[Recv]	act6 

[00:55:16]	[Recv]	pinit 2 2|2557262|0|99|@|-1|2789|1|2646|0|0 2|2557249|1|96|@|-1|2762|0|0|0|0


[00:55:16]	[Recv]	food 0

[00:55:17]	[Recv]	mv 3 40377 89 47 9

[00:55:17]	[Recv]	mv 3 40365 30 115 8

[00:55:17]	[Recv]	mv 3 40378 85 66 9

[00:55:17]	[Recv]	mv 3 40375 83 74 9

[00:55:17]	[Recv]	mv 3 40366 35 109 8

[00:55:17]	[Recv]	mv 3 40358 23 9 8

[00:55:17]	[Recv]	mv 3 40371 76 90 9

[00:55:17]	[Recv]	mv 3 40369 37 19 8

[00:55:17]	[Recv]	mv 3 40368 39 11 8

[00:55:17]	[Recv]	gp 27 2 2630 -1 0 0

[00:55:17]	[Recv]	gp 28 127 2632 -1 1 0

[00:55:17]	[Recv]	gp 97 43 2633 -1 2 0

[00:55:17]	[Recv]	in 3 3003 40379 89 78 2 100 100 0 0 0 -1 1 0 -1 - 0 -1 0 0 0 0 0 0 0 0 0 0 0 0 0

[00:55:17]	[Recv]	in 3 3003 40378 85 66 2 100 100 0 0 0 -1 1 0 -1 - 0 -1 0 0 0 0 0 0 0 0 0 0 0 0 0

[00:55:17]	[Recv]	in 3 3003 40377 89 47 2 100 100 0 0 0 -1 1 0 -1 - 0 -1 0 0 0 0 0 0 0 0 0 0 0 0 0

[00:55:17]	[Recv]	in 3 3003 40376 87 89 2 100 100 0 0 0 -1 1 0 -1 - 0 -1 0 0 0 0 0 0 0 0 0 0 0 0 0

[00:55:17]	[Recv]	in 3 3003 40375 83 74 2 100 100 0 0 0 -1 1 0 -1 - 0 -1 0 0 0 0 0 0 0 0 0 0 0 0 0

[00:55:17]	[Recv]	in 3 3003 40374 77 42 2 100 100 0 0 0 -1 1 0 -1 - 0 -1 0 0 0 0 0 0 0 0 0 0 0 0 0

[00:55:17]	[Recv]	in 3 3003 40373 77 59 2 100 100 0 0 0 -1 1 0 -1 - 0 -1 0 0 0 0 0 0 0 0 0 0 0 0 0

[00:55:17]	[Recv]	in 3 3003 40372 79 54 2 100 100 0 0 0 -1 1 0 -1 - 0 -1 0 0 0 0 0 0 0 0 0 0 0 0 0

[00:55:17]	[Recv]	in 3 3003 40371 76 90 2 100 100 0 0 0 -1 1 0 -1 - 0 -1 0 0 0 0 0 0 0 0 0 0 0 0 0

[00:55:17]	[Recv]	in 3 3003 40370 74 40 2 100 100 0 0 0 -1 1 0 -1 - 0 -1 0 0 0 0 0 0 0 0 0 0 0 0 0

[00:55:17]	[Recv]	in 3 3000 40369 37 19 2 100 100 0 0 0 -1 1 0 -1 - 0 -1 0 0 0 0 0 0 0 0 0 0 0 0 0

[00:55:17]	[Recv]	in 3 3000 40368 39 11 2 100 100 0 0 0 -1 1 0 -1 - 0 -1 0 0 0 0 0 0 0 0 0 0 0 0 0

[00:55:17]	[Recv]	in 3 3000 40367 35 18 2 100 100 0 0 0 -1 1 0 -1 - 0 -1 0 0 0 0 0 0 0 0 0 0 0 0 0

[00:55:17]	[Recv]	in 3 3000 40366 35 109 2 100 100 0 0 0 -1 1 0 -1 - 0 -1 0 0 0 0 0 0 0 0 0 0 0 0 0

[00:55:17]	[Recv]	in 3 3000 40365 30 115 2 100 100 0 0 0 -1 1 0 -1 - 0 -1 0 0 0 0 0 0 0 0 0 0 0 0 0

[00:55:17]	[Recv]	in 3 3000 40364 32 8 2 100 100 0 0 0 -1 1 0 -1 - 0 -1 0 0 0 0 0 0 0 0 0 0 0 0 0

[00:55:17]	[Recv]	in 3 3000 40363 26 14 2 100 100 0 0 0 -1 1 0 -1 - 0 -1 0 0 0 0 0 0 0 0 0 0 0 0 0

[00:55:17]	[Recv]	in 3 3000 40362 25 22 2 100 100 0 0 0 -1 1 0 -1 - 0 -1 0 0 0 0 0 0 0 0 0 0 0 0 0

[00:55:17]	[Recv]	in 3 3000 40361 25 110 2 100 100 0 0 0 -1 1 0 -1 - 0 -1 0 0 0 0 0 0 0 0 0 0 0 0 0

[00:55:17]	[Recv]	in 3 3000 40360 25 100 2 100 100 0 0 0 -1 1 0 -1 - 0 -1 0 0 0 0 0 0 0 0 0 0 0 0 0

[00:55:17]	[Recv]	in 3 3000 40359 25 117 2 100 100 0 0 0 -1 1 0 -1 - 0 -1 0 0 0 0 0 0 0 0 0 0 0 0 0

[00:55:17]	[Recv]	in 3 3000 40358 23 9 2 100 100 0 0 0 -1 1 0 -1 - 0 -1 0 0 0 0 0 0 0 0 0 0 0 0 0

[00:55:17]	[Recv]	in 2 3068 40381 32 46 2 100 100 11010 0 0 -1 1 0 -1 - 0 -1 0 0 0 0 0 0 0 0 0 0 0 0 0

[00:55:17]	[Recv]	shop 2 40381 1 0 94 Fishing Tackle Shop

[00:55:17]	[Recv]	in 2 3069 40380 42 58 3 100 100 11016 0 0 -1 1 0 -1 - 0 -1 0 0 0 0 0 0 0 0 0 0 0 0 0

[00:55:17]	[Recv]	shop 2 40380 1 0 91 Port Alveus Crossing

[00:55:17]	[Recv]	pst 2 2557262 0 100 100 34166 7013 0 0 0

[00:55:17]	[Recv]	pst 2 2557249 1 100 100 42830 3622 0 0 0

[00:55:17]	[Recv]	mv 3 40370 75 42 9

[00:55:17]	[Recv]	mv 3 40363 26 13 8

[00:55:17]	[Recv]	mv 3 40360 27 98 8

[00:55:17]	[Recv]	mv 3 40359 26 116 8

[00:55:17]	[Send]	walk 31 128 0 25
[00:55:18]	[Recv]	mv 3 40365 32 114 8

[00:55:18]	[Recv]	mv 3 40364 31 6 8

[00:55:18]	[Recv]	mv 3 40366 34 108 8

[00:55:18]	[Recv]	mv 3 40358 23 10 8

[00:55:18]	[Recv]	mv 3 40374 79 43 9

[00:55:18]	[Recv]	mv 3 40371 74 91 9

[00:55:18]	[Recv]	pst 2 2557262 0 100 100 34166 7013 0 0 0

[00:55:18]	[Recv]	pst 2 2557249 1 100 100 42830 3622 0 0 0

[00:55:18]	[Recv]	mv 3 40373 78 60 9

[00:55:18]	[Recv]	mv 3 40372 78 54 9

[00:55:18]	[Recv]	stat 75191 75191 17265 17265 0 1316

[00:55:18]	[Recv]	mv 3 40379 88 79 9

[00:55:18]	[Recv]	mv 3 40367 33 17 8

[00:55:19]	[Recv]	mv 3 40365 31 113 8

[00:55:19]	[Recv]	mv 3 40366 32 107 8

[00:55:19]	[Recv]	mv 3 40358 25 9 8

[00:55:19]	[Recv]	mv 3 40374 81 42 9

[00:55:19]	[Recv]	mv 3 40371 76 92 9

[00:55:19]	[Recv]	mv 3 40368 38 10 8

[00:55:19]	[Recv]	pst 2 2557262 0 100 100 34166 7013 0 0 0

[00:55:19]	[Recv]	pst 2 2557249 1 100 100 42830 3622 0 0 0

[00:55:19]	[Recv]	mv 3 40372 79 52 9

[00:55:19]	[Recv]	mv 3 40370 73 41 9

[00:55:19]	[Recv]	mv 3 40360 26 100 8

[00:55:19]	[Recv]	mv 3 40379 90 79 9

[00:55:19]	[Recv]	mv 3 40367 34 18 8

[00:55:19]	[Recv]	mv 3 40361 23 110 8

[00:55:20]	[Recv]	mv 3 40365 29 114 8

[00:55:20]	[Recv]	mv 3 40364 32 7 8

[00:55:20]	[Recv]	mv 3 40378 87 66 9

[00:55:20]	[Recv]	mv 3 40375 83 75 9

[00:55:20]	[Recv]	mv 3 40358 23 10 8

[00:55:20]	[Recv]	mv 3 40371 76 90 9

[00:55:20]	[Recv]	mv 3 40369 38 18 8

[00:55:20]	[Recv]	mv 3 40368 40 9 8

[00:55:20]	[Recv]	pst 2 2557262 0 100 100 34166 7013 0 0 0

[00:55:20]	[Recv]	pst 2 2557249 1 100 100 42830 3622 0 0 0

[00:55:20]	[Recv]	mv 3 40376 85 89 9

[00:55:20]	[Recv]	mv 3 40373 79 59 9

[00:55:20]	[Recv]	mv 3 40372 78 53 9

[00:55:20]	[Recv]	mv 3 40360 24 101 8

[00:55:20]	[Recv]	mv 3 40359 25 117 8

[00:55:20]	[Recv]	stat 75191 75191 17265 17265 0 1316

[00:55:20]	[Recv]	stat 75191 75191 17265 17265 0 1316

[00:55:20]	[Recv]	mv 3 40379 91 80 9

[00:55:20]	[Recv]	mv 3 40361 24 110 8

[00:55:21]	[Recv]	mv 3 40365 30 115 8

[00:55:21]	[Recv]	mv 3 40364 30 7 8

