[15:52:09]	[Send]	select 0
[15:52:10]	[Recv]	OK

[15:52:10]	[Send]	game_start
[15:52:10]	[Send]	lbs 0
[15:52:10]	[Recv]	tit 37 #Rey#

[15:52:10]	[Recv]	fd 58452912 0 100 1

[15:52:10]	[Recv]	fd 58452912 27 100 1

[15:52:10]	[Recv]	c_info #Rey# - -1 2322.918 »Elite 2073308 0 0 0 53 2 27 0 0 0 0 0 0 8151 -1

[15:52:10]	[Send]	mall 50
[15:52:10]	[Send]	c_close 1
[15:52:10]	[Recv]	c_info_reset

[15:52:10]	[Recv]	equip 88 107 0.8629.8.8.0.0 1.4636.7.10.0.11 2.4641.0.0.0.0 3.4643.0.5.0.0 4.4645.0.5.0.0 5.8637.6.7.0.0 6.4657.0.0.0.0 7.4653.0.0.0.0 8.4647.0.0.0.0 9.4672.0.0.0.0 10.8675.3.0.0.0 12.4492.0.16.100.0 13.8564.0.0.0.0 14.8566.0.0.0.0 15.8602.0.0.0.0 16.8568.0.0.0.0

[15:52:10]	[Recv]	lev 99 0 80 710 2140719000 790000 58452912 2 12114890 83 608742899 0

[15:52:10]	[Recv]	ski 0 240 241 240 241 242 243 244 245 246 247 248 249 250 251 252 253 254 255 236 699|7 702|6 22 26 30 38 42 46 50 54 58 60 91 95 106 107 108 109 110 111 112 103 104 105 122 123 132 125 117 127 345 346 347 348 351 352 353 355 356 357 358 359 360 363 259 278 280

[15:52:10]	[Recv]	at 2073308 1 78 113 2 0 0 1 -1

[15:52:10]	[Recv]	c_map 0 1 1

[15:52:10]	[Recv]	sc 1 8 1808 2035 1999 21 270 0 7 1546 1641 1877 25 417 11 1374 1636 1489 1636 1418 140 140 140 140

[15:52:10]	[Recv]	pairy 1 2073308 4 4 95 60

[15:52:10]	[Recv]	minipet 1 2073308 -1

[15:52:10]	[Recv]	rsfi 9 1 10 10 10 10

[15:52:10]	[Recv]	rage 163326 250000

[15:52:10]	[Recv]	food 0

[15:52:10]	[Recv]	bpm 0 0 0

[15:52:10]	[Recv]	rank_cool 0 0 18000

[15:52:10]	[Recv]	flinit 2331352|99|80|200000000|Lokijesu 5279403|99|81|200000000|Dubix 1827725|99|90|200000000|*white* 5595880|99|80|200000000|ZmywaraMiezeja 4599668|99|90|200000000|krajkaj 5645630|99|90|200000000|Zupta 3518229|99|90|200000000|~Milli*~ 2295582|99|90|200000000|Huesitos$ 2514198|99|80|200000000|·*~Eragon~*· 4821193|99|80|200000000|TheInsomnia 6548739|99|90|200000000|Deven†or· 6313441|99|86|200000000|Danioooo 5324523|99|90|200000000|KadoeL 5427531|99|80|200000000|PrzydupasAxar 3518828|99|90|200000000|Barry00 4060882|99|90|200000000|Flor?da 3462620|99|89|200000000|wiliam(powa2) 4513463|99|90|200000000|***bella*** 4738080|99|90|200000000|SZELASZ 6825052|99|90|200000000|×Ðrrm× 3653819|99|90|200000000|·Eren 6173014|99|90|200000000|Hytrusek 1954861|99|90|200000000|ledivan 6190808|99|64|200000000|Crypta 2209163|99|90|200000000|*KarNa* 3397829|99|90|200000000|†Ð?lbRl?kR† 3697441|99|90|200000000|Catto 2055140|99|81|200000000|-Darkman 5635569|99|90|200000000|vladzio 3093305|99|89|200000000|MrArpia 2502320|99|80|200000000|Oddyseus 3084307|99|90|200000000|shadow1995 3038472|99|80|200000000|GrayFox 3021294|99|90|200000000|bucciken 2872420|99|81|199882627|·Tlyn· 6458154|99|90|199735350|Meteora 1852850|99|80|198689330|jon91 2879561|99|90|195483172|Jaime2325 3653186|99|90|190647759|Samehada 3436296|99|84|189510553|Micio«3 6087088|99|81|189079712|Stratuss 2211266|99|82|188023032|MeVan-Res 2504336|99|83|186911084|Zanapa

[15:52:10]	[Recv]	kdlinit 6834421|99|90|18765|Devil†Jin 6934544|99|90|1137|~EranTh~ 6947574|99|81|1008|Willcox 7076013|89|30|863|MrPoow 2047051|99|87|812|~Melkii~ 2637041|99|83|785|~~ErAgOn~~ 6918790|99|90|538|MartiniOwO 6905951|99|90|476|«ÂccuRa†e» 6915774|99|80|453|Massteru 5524807|99|80|451|7InchNails 4335330|99|83|447|~Francesco~ 2043121|99|63|446|nitio 3941641|99|76|418|Ja©K 6313441|99|86|387|Danioooo 1693406|99|90|387|CYBER5600X 1247275|99|58|351|#Devil_Boy# 7046131|99|90|291|Schuba 7105659|89|30|282|AceHardlight 2196078|99|80|277|XigneelX 3326200|99|84|267|kapers 3542715|99|80|252|CrL§h 5249936|99|90|239|Berkuls 2894098|99|84|239|QueenDaenerys 6947966|99|90|234|Angel_Cake 6942827|99|74|215|touhaku 3425625|99|60|208|Nashy 3897429|99|80|201|Karien96(Ban2) 6986978|99|89|200|†»Titan«† 1827725|99|90|174|*white* 3571656|99|82|173|XMagnusBaneX

[15:52:10]	[Recv]	skyinit 0 2956416|99|80|50349|Khulhan 6509658|99|81|50298|Addison 4136423|99|90|39302|DLMlX 1866706|99|82|25325|Stelio-Kontos 3684668|99|80|25305|Kalenda 909198|99|87|20398|Olegrin 2295582|99|90|20387|Huesitos$ 644605|99|77|18378|EndOfMisery 5041374|99|60|14361|Rijo 3606813|99|45|10380|SwordTale 3310386|98|62|9382|tabaccaio(ban) 2177161|99|67|8377|=[*FEAR*]= 2383931|99|72|5386|MONKEY:D:LUFFY 2661253|99|80|5384|vdovle 4410310|99|66|5366|skapp328 3417974|97|30|4366|tzubasa 7048566|96|62|2397|kubson4 3635233|99|80|2395|GearOfDeath 3784489|99|90|1405|X_Mihawk_X 5204597|99|83|1401|Edve

[15:52:10]	[Recv]	skyinit 1 2175149|99|80|50350|cristichi 3518229|99|90|50319|~Milli*~ 2458106|99|80|50297|!BilboBolsón 4340730|99|80|27331|~KarLa* 3669726|99|80|25304|ErCapaneo 833796|99|60|22306|Ramezor 2046247|99|80|20388|•KaZuMi• 6796075|99|80|20388|OxnJuicy 2504336|99|83|20386|Zanapa 6611835|99|70|18357|GHOO05T 3772306|99|82|16382|RobyM 4367802|99|86|15378|ketti00 4322462|99|80|14388|DeathLok 3249993|97|46|13380|_°DIVINAS°_ 3589556|99|82|11389|-Sinfony- 469712|99|81|8398|OkToBeSexy 2858638|99|68|6398|Usopp-Hood 7074817|99|70|5400|!Antonio 6656643|99|80|5391|Reservoar~ 2358733|99|82|5389|Sniper--Rama 2424378|95|38|5386|MegaPabolo 6676592|99|77|5382|SzymonSnajper 3629296|99|88|4392|Iperion 4192047|99|83|3393|ShisuiS 6994406|95|55|3388|Pesciolino~ 4344185|97|60|2395|USOPP11 6993351|99|61|2391|Erick-Samir 6842939|99|80|1397|MrYanýk 588867|99|81|1397|Gabryel301 2501158|99|80|1395|Ginebra:)

[15:52:10]	[Recv]	skyinit 2 2961460|99|74|50350|Kaharith 4292162|99|80|50318|~Seam 5124240|99|83|49326|CzaroSnkg 5020783|99|86|49316|MamCieNaHita:S 3525456|99|90|35331|Haliss 2611272|99|81|21281|Darkmage017 3571720|99|71|20376|*Matildeh* 4353786|99|66|20372|Pandorso 4420335|99|90|15405|Frenk121 3042926|99|67|15387|goodevil 6872811|99|65|10394|PrivarsonPL 3093305|99|89|10384|MrArpia 6788353|99|90|6396|Milk-Tea 2407712|99|87|5404|Isuna-Chan 4312405|99|90|5399|BoltPare 6594247|92|31|5371|MalaLenkaa 1190677|94|45|5357|Ðistrust 2894027|99|78|4391|*NEO_COMANDO* 3533111|99|73|3389|°Gildarts° 3628666|99|70|3380|Tip° 6835055|99|80|3379|ßarlamenTa 6520239|99|70|3378|Nelaa 1326571|99|80|2398|Bcisa 6992134|94|47|1396|-Bezoki- 6456265|99|61|1392|Killer100 6454580|99|68|1389|Capry

[15:52:10]	[Recv]	skyinit 3 2938043|97|55|49317|Crisstichii 4359679|99|80|38290|Ncgan 2616813|99|90|30326|Vanagloria 4357673|99|79|9380|*Rubick* 4466500|99|80|7386|-TheMostCrazy- 4371769|99|80|1398|Masterwolf96 6949764|99|80|1395|Tanwen

[15:52:10]	[Recv]	sp 806709 1000000 10000 10000

[15:52:10]	[Recv]	scr 0 0 0 0 0 0 0

[15:52:10]	[Recv]	bn 0 Nostale^Staff^will^NEVER^ask^for^your^password.

[15:52:10]	[Recv]	bn 1 Nostale^Forum:^board.en.nostale.gameforge.com.

[15:52:10]	[Recv]	bn 2 Nostale^Support:^nostale.support.gameforge.com.

[15:52:10]	[Recv]	bn 3 Nostale^Discord:^discord.gg/invite/nostaleofficial

[15:52:10]	[Recv]	bn 4 Game^Rules:^Go^to^Forum^>^News^>^Game^Rules.

[15:52:10]	[Recv]	bn 5 Game^Master^applications^are^now^open,^check^forum.

[15:52:10]	[Recv]	bn 6 Payment^Issues?^>^billing.gameforge.com

[15:52:10]	[Recv]	bn 7 Do^not^visit^websites^by^players^offering^free^Nos$

[15:52:10]	[Recv]	bn 8 Players^that^purchase^gold^will^be^banned.

[15:52:10]	[Recv]	bn 9 Only^use^Latin^characters^for^your^fam/char^names.

[15:52:10]	[Recv]	evtb 0 0 0 0 0 0 1 1 1 1 0 0 0 0 0 0 0 0 0 0 0 1

[15:52:10]	[Recv]	exts 0 108 108 144

[15:52:10]	[Recv]	gidx 1 2073308 2322.918 »Elite 19 0|0|0

[15:52:10]	[Recv]	mlinfo 3800 2000 100 0 3863 25 0 3800 .

[15:52:10]	[Recv]	sc_n 4 2640 493784 94 1000 473672 991.2.4 996.0.10 317.0.5 321.0.5 0 0 1 4 566 686 820 9 160 10 191 555 248 555 235 1 0 0 0 0 15310 17310 10544 10544 0 291503800 @ -1 0 4812.100 1318.3 1319.3 1320.7 0 1 0

[15:52:10]	[Recv]	sc_n 4 2640 493784 94 1000 473672 991.2.4 996.0.10 317.0.5 321.0.5 0 0 1 4 566 686 820 9 160 10 191 455 248 455 235 1 0 0 0 0 15310 15310 10544 10544 0 291503800 @ -1 0 4812.100 1318.3 1319.3 1320.7 0 1 0

[15:52:10]	[Recv]	sc_n 4 2640 493784 94 1000 473672 991.2.4 996.0.10 317.0.5 321.0.5 0 0 1 4 566 686 820 9 160 10 191 555 248 555 235 1 0 0 0 0 15310 17310 10544 10544 0 291503800 @ -1 0 4812.100 1318.3 1319.3 1320.7 0 1 0

[15:52:10]	[Recv]	sc_n 4 2640 493784 94 1000 473672 991.2.4 996.0.10 317.0.5 321.0.5 0 0 1 4 566 686 820 9 160 10 199 455 256 455 243 1 0 0 48 0 15310 15310 10544 10544 0 291503800 @ -1 0 4812.100 1318.3 1319.3 1320.7 0 1 0

[15:52:10]	[Recv]	sc_n 4 2640 493784 94 1000 473672 991.2.4 996.0.10 317.0.5 321.0.5 0 0 1 4 566 686 820 9 160 10 191 555 248 555 235 1 0 0 0 0 15310 17310 10544 10544 0 291503800 @ -1 0 4812.100 1318.3 1319.3 1320.7 0 1 0

[15:52:10]	[Recv]	sc_n 4 2640 493784 94 1000 473672 991.2.4 996.0.10 317.0.5 321.0.5 0 0 1 4 566 686 820 9 160 10 201 455 264 455 248 1 0 0 96 0 15310 15310 10544 10544 0 291503800 @ -1 0 4812.100 1318.3 1319.3 1320.7 0 1 0

[15:52:10]	[Recv]	sc_n 4 2640 493784 94 1000 473672 991.2.4 996.0.10 317.0.5 321.0.5 0 0 1 4 566 686 820 9 160 10 191 555 248 555 235 1 0 0 0 0 15310 17310 10544 10544 0 291503800 @ -1 0 4812.100 1318.3 1319.3 1320.7 0 1 0

[15:52:10]	[Recv]	sc_n 6 2673 493783 94 1000 102761607 4779.5.0 4780.5.0 -1 -1 0 0 2 0 1123 1254 70 0 0 0 65 177 88 177 111 3 0 0 0 0 9451 9451 13260 22260 0 291503800 @ 2705 0 4405.100 1602.1 1603.4 1604.7 0 0 19

[15:52:10]	[Recv]	sc_n 6 2673 493783 94 1000 102761607 4779.5.0 4780.5.0 -1 -1 0 0 2 0 1123 1254 70 0 0 0 270 573 321 573 312 3 0 0 0 0 9451 9451 13260 13260 0 291503800 @ 2705 0 4405.100 1602.1 1603.4 1604.7 0 0 19

[15:52:10]	[Recv]	sc_n 6 2673 493783 94 1000 102761607 4779.5.0 4780.5.0 -1 -1 0 0 2 0 1123 1254 70 0 0 0 65 177 88 177 111 3 0 0 0 0 9451 9451 13260 22260 0 291503800 @ 2705 0 4405.100 1602.1 1603.4 1604.7 0 0 19

[15:52:10]	[Recv]	sc_n 6 2673 493783 94 1000 102761607 4779.5.0 4780.5.0 -1 -1 0 0 2 0 1123 1254 70 0 0 0 625 760 740 760 914 3 0 0 0 0 9451 19451 13260 22260 0 291503800 @ 2705 0 4405.100 1602.1 1603.4 1604.7 0 0 19

[15:52:10]	[Recv]	sc_n 6 2673 493783 94 1000 102761607 4779.5.0 4780.5.0 -1 -1 0 0 2 0 1123 1254 70 0 0 0 625 760 740 760 914 3 14 14 14 14 9451 19451 13260 13260 0 291503800 @ 2705 0 4405.100 1602.1 1603.4 1604.7 0 0 19

[15:52:10]	[Recv]	sc_n 6 2673 493783 94 1000 102761607 4779.5.0 4780.5.0 -1 -1 0 0 2 0 1123 1254 70 0 0 0 625 760 740 760 914 3 14 14 14 14 9451 9451 13260 13260 0 291503800 @ 2705 0 4405.100 1602.1 1603.4 1604.7 0 0 19

[15:52:10]	[Recv]	sc_n 6 2673 493783 94 1000 102761607 4779.5.0 4780.5.0 -1 -1 0 0 2 0 1123 1254 70 0 0 0 65 177 88 177 111 3 0 0 0 0 9451 9451 13260 22260 0 291503800 @ 2705 0 4405.100 1602.1 1603.4 1604.7 0 0 19

[15:52:10]	[Recv]	sc_n 6 2673 493783 94 1000 102761607 4779.5.0 4780.5.0 -1 -1 0 0 2 0 1123 1254 70 0 0 0 625 760 740 760 914 3 0 0 0 0 9451 19451 13260 22260 0 291503800 @ 2705 0 4405.100 1602.1 1603.4 1604.7 0 0 19

[15:52:10]	[Recv]	sc_n 7 1491 493712 97 1000 177983910 4777.6.0 4782.4.0 4931.0.5 4845.4.5 0 0 0 0 1201 1306 828 15 253 0 977 731 823 731 646 1 20 5 10 10 43317 43317 7205 7205 1 368740800 @ -1 0 4446.100 660.7 661.7 662.7 0 20 0

[15:52:10]	[Recv]	sc_n 7 1491 493712 97 1000 177983910 4777.6.0 4782.4.0 4931.0.5 4845.4.5 0 0 0 0 1201 1306 828 15 253 0 977 731 823 731 646 1 34 19 24 24 33317 33317 7205 7205 1 368740800 @ -1 0 4446.100 660.7 661.7 662.7 0 20 0

[15:52:10]	[Recv]	sc_n 7 1491 493712 97 1000 177983910 4777.6.0 4782.4.0 4931.0.5 4845.4.5 0 0 0 0 1201 1306 828 15 253 0 977 731 823 731 646 1 20 5 10 10 33317 43317 7205 7205 1 368740800 @ -1 0 4446.100 660.7 661.7 662.7 0 20 0

[15:52:10]	[Recv]	sc_n 7 1491 493712 97 1000 177983910 4777.6.0 4782.4.0 4931.0.5 4845.4.5 0 0 0 0 1201 1306 828 15 253 0 1077 731 923 731 746 1 94 19 24 84 33317 33317 7205 7205 1 368740800 @ -1 0 4446.100 660.7 661.7 662.7 0 20 0

[15:52:10]	[Recv]	sc_n 7 1491 493712 97 1000 177983910 4777.6.0 4782.4.0 4931.0.5 4845.4.5 0 0 0 0 1201 1306 828 15 253 0 977 731 823 731 646 1 20 5 10 10 33317 43317 7205 7205 1 368740800 @ -1 0 4446.100 660.7 661.7 662.7 0 20 0

[15:52:10]	[Recv]	sc_n 7 1491 493712 97 1000 177983910 4777.6.0 4782.4.0 4931.0.5 4845.4.5 0 0 0 0 1201 1306 828 15 253 0 1077 731 923 731 746 1 154 19 24 144 33317 33317 7205 7205 1 368740800 @ -1 0 4446.100 660.7 661.7 662.7 0 20 0

[15:52:10]	[Recv]	sc_n 7 1491 493712 97 1000 177983910 4777.6.0 4782.4.0 4931.0.5 4845.4.5 0 0 0 0 1201 1306 828 15 253 0 977 731 823 731 646 1 20 5 10 10 33317 43317 7205 7205 1 368740800 @ -1 0 4446.100 660.7 661.7 662.7 0 20 0

[15:52:10]	[Recv]	sc_n 2 319 493660 99 1000 398653210 990.4.5 997.5.6 -1 -1 0 0 0 5 661 711 543 10 150 6 592 586 461 586 372 0 0 0 0 0 34176 38176 11281 11281 0 428143800 Kliff 1102 0 4809.100 1299.2 1300.4 1301.7 0 0 0

[15:52:10]	[Recv]	sc_n 2 319 493660 99 1000 398653210 990.4.5 997.5.6 -1 -1 0 0 0 5 661 711 543 10 150 6 592 586 461 586 372 0 5 5 5 5 34176 34176 11281 11281 0 428143800 Kliff 1102 0 4809.100 1299.2 1300.4 1301.7 0 0 0

[15:52:10]	[Recv]	sc_n 2 319 493660 99 1000 398653210 990.4.5 997.5.6 -1 -1 0 0 0 5 661 711 543 10 150 6 592 586 461 586 372 0 0 0 0 0 34176 38176 11281 11281 0 428143800 Kliff 1102 0 4809.100 1299.2 1300.4 1301.7 0 0 0

[15:52:10]	[Recv]	p_clear

[15:52:10]	[Recv]	sc_p 67 728 493785 35 3000 0 0 0 552 616 396 8 142 0 268 201 276 201 261 3 30 30 33 18 30143 30143 4224 4224 0 93516 0 @ 0 0 3 27 1818 1825 490 860

[15:52:10]	[Recv]	sc_n 4 2640 493784 94 1000 473672 991.2.4 996.0.10 317.0.5 321.0.5 0 0 1 4 566 686 820 9 160 10 201 555 264 555 248 1 0 0 96 0 15310 17310 10544 10544 0 291503800 @ -1 0 4812.100 1318.3 1319.3 1320.7 0 1 0

[15:52:10]	[Recv]	sc_n 6 2673 493783 94 1000 102761607 4779.5.0 4780.5.0 -1 -1 0 0 2 0 1123 1254 70 0 0 0 625 760 740 760 914 3 14 14 14 14 9451 19451 13260 22260 0 291503800 @ 2705 0 4405.100 1602.1 1603.4 1604.7 0 0 19

[15:52:10]	[Recv]	sc_p 112 2681 493782 1 3000 0 0 0 500 548 246 6 80 0 204 39 204 39 201 1 77 47 57 77 4571 4571 4260 4260 0 15 0 @ 0 0 3 30 1797 1805 0 1080

[15:52:10]	[Recv]	sc_p 34 80 493781 1 3000 0 2 0 40 61 70 0 0 0 -20 31 -11 31 70 4 28 18 -8 30 316 316 250 250 0 15 0 @ 0 0 4 1 0 0 0 90

[15:52:10]	[Recv]	sc_p 93 83 493780 29 3000 0 2 0 459 513 70 0 0 0 219 171 220 171 219 0 16 17 11 20 5960 5960 3525 3525 0 53010 0 @ 0 0 4 20 1818 1797 0 500

[15:52:10]	[Recv]	sc_p 4 2714 493779 1 3000 0 0 0 425 473 215 10 70 0 175 41 174 41 171 2 41 81 26 61 3821 3821 3560 3560 0 15 0 Lusi<3 0 0 3 25 1811 1804 649 740

[15:52:10]	[Recv]	sc_p 78 2731 493778 1 3000 0 0 0 820 850 450 15 80 0 345 38 350 38 360 4 83 93 73 108 7621 7621 7260 7260 0 15 0 @ 0 0 5 40 1805 1820 3 2130

[15:52:10]	[Recv]	sc_p 19 3107 493777 2 3000 23 0 0 187 217 92 4 70 0 76 36 75 36 65 3 62 82 72 72 1545 1545 1215 1215 0 42 0 @ 0 0 2 10 1811 0 189 210

[15:52:10]	[Recv]	sc_p 31 3125 493776 94 3000 1 1 0 767 985 990 14 90 0 393 643 427 643 336 1 62 32 52 52 30645 30645 5741 5741 0 72875950 0 @ 0 2 2 14 1797 0 75 300

[15:52:10]	[Recv]	sc_p 37 3125 493775 94 3000 1 1 0 839 1057 1026 14 90 0 423 643 457 643 366 1 64 34 54 54 31365 31365 6461 6461 0 72875950 0 @ 0 0 2 20 1797 1818 0 500

[15:52:10]	[Recv]	sc_p 163 1549 493774 1 3000 0 0 0 130 178 80 18 150 0 27 45 21 45 27 3 70 70 80 60 221 221 65 65 0 15 0 @ 0 0 4 0 0 0 0 1

[15:52:10]	[Recv]	sc_p 164 1550 493773 1 3000 0 0 0 82 100 37 10 100 0 21 36 22 36 18 3 50 60 80 70 356 356 10 10 0 15 0 @ 0 0 3 0 0 0 0 1

[15:52:10]	[Recv]	sc_p 171 1551 493772 1 3000 0 0 0 130 188 130 18 150 0 22 74 24 74 19 2 60 80 70 70 441 441 70 70 0 15 0 @ 0 0 4 0 0 0 0 1

[15:52:10]	[Recv]	sc_p 113 3128 493771 1 3000 0 2 0 448 556 70 0 0 0 181 34 184 34 185 2 66 86 56 56 4251 4251 3840 3840 0 15 0 @ 0 0 3 27 1825 1797 73 860

[15:52:10]	[Recv]	sc_p 103 3148 493770 1 3000 0 0 0 86 134 64 29 120 0 29 36 27 36 21 3 50 50 70 40 446 446 150 150 0 15 0 @ 0 0 3 1 0 0 0 90

[15:52:10]	[Recv]	sc_p 36 3150 493769 1 3000 0 1 0 432 530 256 24 100 0 173 40 178 40 173 2 55 75 65 65 3961 3961 3585 3585 0 15 0 @ 0 0 4 22 1825 1811 469 590

[15:52:10]	[Recv]	sc_p 35 2684 493768 94 3000 1 1 0 1050 1223 1048 4 70 0 487 619 524 619 483 2 77 87 67 67 26551 26551 15375 15375 0 72875950 0 @ 0 0 3 30 1812 1804 0 1080

[15:52:10]	[Recv]	sc_p 2 2696 493767 94 3000 1 0 0 1036 1216 757 15 170 0 507 542 489 542 447 4 27 37 7 95 33065 33065 8256 8256 0 72875950 0 @ 0 17 3 30 1804 1812 0 1080

[15:52:10]	[Recv]	sc_p 48 1470 493766 95 3000 15358514 0 0 1432 1624 1011 19 95 0 660 676 671 676 575 3 60 50 80 60 52179 52179 11980 11980 0 78866350 0 @ 0 0 4 40 1814 1804 0 2130

[15:52:10]	[Recv]	sc_p 17 2696 493765 94 3000 1 0 0 1036 1216 757 15 170 0 507 542 489 542 447 4 27 37 7 95 33065 33065 8256 8256 0 72875950 0 @ 0 9 3 30 1811 1805 0 1080

[15:52:10]	[Recv]	sc_p 80 1456 493764 1 3000 0 1 0 623 703 280 19 110 0 208 42 219 42 222 1 76 46 56 56 4700 4700 4725 4725 0 15 0 @ 0 0 4 25 1825 1797 311 740

[15:52:10]	[Recv]	sc_p 26 1446 493763 94 3000 1 2 0 982 1230 70 34 100 0 456 552 496 552 498 2 27 87 67 57 14126 14126 16458 16458 0 72875950 0 @ 0 13 3 30 1798 1811 0 1080

[15:52:10]	[Recv]	sc_p 70 754 493762 53 3000 0 0 0 542 634 617 9 165 0 263 301 280 301 250 2 38 38 38 38 41888 41888 3307 3307 0 733605 0 @ 0 0 2 20 1825 1797 0 500

[15:52:10]	[Recv]	sc_p 43 2682 493761 94 3000 1 0 0 1048 1246 711 6 80 0 522 504 469 504 427 4 67 57 47 77 40463 40463 6240 6240 0 72875950 0 @ 0 11 3 30 1826 1804 0 1080

[15:52:10]	[Recv]	sc_p 114 2683 493760 1 3000 0 1 0 540 563 250 4 70 0 197 34 199 34 197 3 67 77 87 67 4521 4521 4260 4260 0 15 0 @ 0 0 3 30 1798 1804 0 1080

[15:52:10]	[Recv]	sc_p 41 2682 493759 94 3000 1 0 0 1048 1246 711 6 80 0 522 504 469 504 427 4 67 57 47 77 40463 40463 6240 6240 0 72875950 0 @ 0 19 3 30 1819 1811 0 1080

[15:52:10]	[Recv]	sc_p 46 1470 493758 94 3000 11056410 0 0 1298 1488 940 19 95 0 599 669 610 669 515 3 58 48 78 58 50002 50002 10551 10551 0 72875950 0 @ 0 5 4 32 1826 1804 709 1240

[15:52:10]	[Recv]	sc_p 7 2708 493757 94 3000 150447 0 1 908 1116 696 14 90 4 460 550 428 550 375 3 65 65 75 55 38913 38913 5790 5790 0 72875950 0 Oso^polar^Grunidos 0 0 3 20 1797 1818 11 500

[15:52:10]	[Recv]	sc_p 101 714 493756 1 3000 0 0 0 790 853 410 22 90 0 341 39 343 39 339 3 63 63 93 73 7681 7681 7260 7260 0 15 0 @ 0 0 5 40 1805 1827 9 2130

[15:52:10]	[Recv]	sc_p 61 821 493755 1 3000 0 0 0 286 298 160 10 100 0 117 34 119 34 117 0 6 6 6 6 2771 2771 2460 2460 0 15 0 @ 0 0 2 20 1811 1818 0 500

[15:52:10]	[Recv]	sc_p 40 692 493754 7 3000 60 0 0 319 354 186 4 70 0 135 71 136 71 131 4 34 34 49 49 2991 2991 2508 2508 0 612 0 @ 0 0 2 20 1804 1811 0 500

[15:52:10]	[Recv]	sc_p 25 176 493753 94 3000 1254 0 0 706 864 615 4 70 0 379 499 384 499 343 2 4 4 4 4 14475 14475 4440 4440 0 72875950 0 @ 0 14 2 20 1818 1825 0 500

[15:52:10]	[Recv]	sc_p 121 204 493752 43 3000 0 2 0 567 603 70 0 0 0 298 241 277 241 306 2 45 57 35 20 6111 6111 4772 4772 0 266490 0 @ 0 0 4 20 1804 1825 0 500

[15:52:10]	[Recv]	sc_p 3 157 493751 1 3000 0 0 0 270 308 150 15 170 0 117 34 119 34 117 4 24 24 -16 54 3021 3021 2460 2460 0 15 0 Ardilla^gladiadora 0 0 2 20 1804 1811 0 500

[15:52:10]	[Recv]	sc_p 50 97 493750 3 3000 1 1 0 702 714 381 4 70 0 319 42 319 42 314 0 3 17 12 20 6855 6855 6680 6680 0 90 0 @ 0 0 5 37 1820 1797 60 1740

[15:52:10]	[Recv]	sc_p 55 7 493749 30 3000 0 0 0 1371 1423 786 15 50 0 699 190 707 190 659 3 40 30 50 35 16876 16876 15444 15444 0 58776 0 @ 0 0 6 60 1829 1814 0 100

[15:52:10]	[Recv]	sc_p 115 9 493748 1 3000 0 0 0 437 435 227 4 70 0 213 31 192 31 188 0 6 6 9 19 4156 4156 4010 4010 0 15 0 @ 0 0 4 25 1818 1804 80 740

[15:52:10]	[Recv]	sc_p 102 1488 493747 96 368 33600344 0 0 1550 1730 1032 19 95 0 746 563 719 563 661 3 66 76 96 66 46463 46463 12100 12100 0 84982200 0 @ 0 0 5 50 1812 1829 0 3820

[15:52:10]	[Recv]	sc_p 91 200 493746 42 3000 0 0 0 854 898 540 6 130 0 376 248 379 248 375 0 17 19 16 18 9733 9733 6525 6525 0 229706 0 @ 0 0 4 37 1813 1804 1370 1740

[15:52:10]	[Recv]	sc_p 84 669 493745 1 3000 0 2 0 144 201 70 4 70 0 27 35 29 35 25 3 60 50 80 50 501 501 220 220 0 15 0 @ 0 0 4 1 0 0 0 90

[15:52:10]	[Recv]	sc_p 92 82 493744 26 3000 0 2 0 168 216 70 0 0 0 64 156 79 156 91 0 12 15 8 12 1091 1091 1008 1008 0 37860 0 @ 0 0 4 1 0 0 0 90

[15:52:10]	[Recv]	sc_p 124 12 493743 13 3000 0 0 0 111 134 97 2 70 0 77 93 59 93 66 1 12 -7 0 8 886 886 279 279 0 3045 0 @ 0 0 4 1 0 0 0 90

[15:52:10]	[Recv]	sc_p 97 11 493742 6 3000 0 0 0 77 83 62 4 70 0 59 58 39 58 32 0 0 0 4 12 496 496 198 198 0 420 0 @ 0 0 4 1 0 0 0 90

[15:52:10]	[Recv]	sc_p 116 96 493741 1 3000 0 1 0 43 51 42 4 70 0 25 31 24 31 20 0 -10 2 0 2 316 316 170 170 0 15 0 @ 0 0 4 1 0 0 0 90

[15:52:10]	[Recv]	sc_p 30 682 493740 2 3000 0 0 0 537 567 250 2 60 0 206 38 205 38 200 2 57 57 57 57 4545 4545 4265 4265 0 42 0 @ 0 0 3 30 1826 1804 0 1080

[15:52:10]	[Recv]	sc_p 8 670 493739 97 3000 19789695 2 2 1093 1265 70 4 70 8 559 604 523 604 576 2 67 87 77 67 50845 50845 31831 31831 0 92185200 1 Fibi^Friggus 0 0 3 30 1798 1825 0 1080

[15:52:10]	[Recv]	sc_p 111 31 493738 1 3000 0 0 0 450 464 237 4 80 0 198 31 201 31 193 0 7 7 7 7 4356 4356 4210 4210 0 15 0 @ 0 0 3 30 1805 1811 0 1080

[15:52:10]	[Recv]	sc_p 149 333 493737 1 3000 0 0 0 32 40 27 4 70 0 18 31 17 31 13 0 0 0 0 0 156 156 10 10 0 15 0 @ 0 0 1 0 0 0 0 1

[15:52:10]	[Recv]	sc_p 86 644 493736 1 3000 0 2 0 144 201 70 4 70 0 27 35 29 35 25 3 60 50 80 50 501 501 220 220 0 15 0 @ 0 0 4 1 0 0 0 90

[15:52:10]	[Recv]	sc_p 73 64 493735 1 3000 0 0 0 442 475 237 4 100 0 205 31 194 31 193 0 -3 12 12 14 4356 4356 4210 4210 0 15 0 @ 0 0 3 30 1804 1798 0 1080

[15:52:10]	[Recv]	sc_p 5 683 493734 99 2631 107035950 0 0 1562 1783 1044 19 100 9 758 579 725 579 668 2 76 86 66 76 48684 48684 12270 12270 1 107035950 1 Lunould 0 0 5 50 1828 1799 0 3820

[15:52:10]	[Recv]	sc_p 1 581 493733 94 3000 1 2 0 681 916 70 4 70 0 379 499 384 499 343 2 24 64 54 54 14615 14615 4440 4440 0 72875950 0 Ardilla^marinera 0 16 2 20 1797 1825 0 500

[15:52:10]	[Recv]	sc_p 120 778 493732 1 3000 0 2 0 198 255 70 4 70 0 50 35 52 35 48 3 46 46 71 -16 1041 1041 760 760 0 15 0 @ 0 0 3 5 0 0 47 130

[15:52:10]	[Recv]	sc_p 59 10 493731 1 3000 0 0 0 137 135 77 4 70 0 78 31 57 31 53 0 2 2 4 17 1156 1156 1010 1010 0 15 0 @ 0 0 1 10 1811 0 0 210

[15:52:10]	[Recv]	sc_p 49 10 493730 1 3000 0 0 0 629 627 323 4 70 0 297 31 276 31 272 0 9 9 11 24 6076 6076 5930 5930 0 15 0 @ 0 0 4 37 1811 1820 1360 1740

[15:52:10]	[Recv]	sc_p 108 813 493729 1 3000 0 0 0 104 124 42 5 80 0 41 44 39 44 32 3 60 70 80 60 861 861 300 300 0 15 0 @ 0 0 2 2 0 0 17 100

[15:52:10]	[Recv]	sc_p 131 616 493728 1 3000 0 0 0 50 68 30 4 70 0 17 34 19 34 17 3 70 70 70 70 271 271 60 60 0 15 0 @ 0 0 2 0 0 0 0 1

[15:52:10]	[Recv]	sc_p 11 815 493727 1 3000 0 0 0 322 368 165 15 200 0 140 42 128 42 126 1 84 64 64 74 3071 3071 2460 2460 0 15 0 @ 0 0 2 20 1818 1825 0 500

[15:52:10]	[Recv]	sc_p 166 616 493726 1 3000 0 0 0 50 68 30 4 70 0 17 34 19 34 17 3 70 70 70 70 271 271 60 60 0 15 0 @ 0 0 2 0 0 0 0 1

[15:52:10]	[Recv]	sc_p 129 632 493725 1 3000 0 0 0 50 68 30 4 70 0 17 34 19 34 17 3 70 70 70 70 271 271 60 60 0 15 0 @ 0 0 2 0 0 0 0 1

[15:52:10]	[Recv]	sc_p 66 544 493724 20 3000 0 0 0 847 926 452 6 140 0 347 126 352 126 341 0 30 30 30 30 23088 23088 6581 6581 0 16146 0 @ 0 0 4 40 1819 1813 0 2130

[15:52:10]	[Recv]	sc_p 110 536 493723 1 3000 0 0 0 40 40 21 4 70 0 48 57 45 57 37 3 0 0 10 10 590 590 300 300 0 15 0 @ 0 0 3 2 0 0 29 100

[15:52:10]	[Recv]	sc_p 168 615 493722 1 3000 0 0 0 50 68 30 4 70 0 17 34 19 34 17 3 70 70 70 70 271 271 60 60 0 15 0 @ 0 0 2 0 0 0 0 1

[15:52:10]	[Recv]	sc_p 148 333 493721 1 3000 0 0 0 32 40 27 4 70 0 18 31 17 31 13 0 0 0 0 0 156 156 10 10 0 15 0 @ 0 0 1 0 0 0 0 1

[15:52:10]	[Recv]	sc_p 6 2105 493720 94 3000 1 0 2 995 1197 750 4 80 4 522 581 495 581 498 1 86 66 66 76 42011 42011 19030 19030 0 72875950 1 Inferno 0 0 5 20 1797 1825 0 500

[15:52:10]	[Recv]	sc_p 88 642 493719 1 3000 0 2 0 144 201 70 4 70 0 27 35 29 35 25 3 60 50 80 50 501 501 220 220 0 15 0 @ 0 0 4 1 0 0 0 90

[15:52:10]	[Recv]	sc_p 157 2106 493718 1 3000 0 0 0 48 64 30 4 70 0 24 39 22 39 22 1 40 40 40 40 281 281 60 60 0 15 0 @ 0 0 2 0 0 0 0 1

[15:52:10]	[Recv]	sc_p 44 2107 493717 4 3000 6 0 0 501 555 255 10 70 0 206 49 207 49 204 1 77 27 47 57 4621 4621 4287 4287 0 165 0 @ 0 0 3 30 1797 1805 0 1080

[15:52:10]	[Recv]	sc_p 71 1506 493716 1 3000 0 1 0 110 153 49 10 100 0 29 34 29 34 28 1 60 60 60 60 401 401 240 240 0 15 0 @ 0 0 5 1 0 0 0 90

[15:52:10]	[Recv]	sc_p 109 673 493715 1 3000 0 2 0 224 242 70 4 70 0 96 31 95 31 93 3 23 23 53 23 2126 2126 1830 1830 0 15 0 @ 0 0 3 13 1797 0 213 270

[15:52:10]	[Recv]	sc_p 56 838 493714 5 3000 45 2 0 410 445 70 4 70 0 149 58 152 58 149 2 55 85 65 55 3205 3205 2942 2942 0 273 0 @ 0 0 3 20 1825 1811 0 500

[15:52:10]	[Recv]	sc_p 68 755 493713 47 3000 0 0 0 849 931 769 2 26 0 410 261 421 261 403 3 41 41 41 41 35305 35305 6975 6975 0 430916 0 @ 0 0 4 39 1820 1804 260 1990

[15:52:10]	[Recv]	sc_n 7 1491 493712 97 1000 177983910 4777.6.0 4782.4.0 4931.0.5 4845.4.5 0 0 0 0 1201 1306 828 15 253 0 1077 731 923 731 746 1 154 19 24 144 33317 43317 7205 7205 1 368740800 @ -1 0 4446.100 660.7 661.7 662.7 0 20 0

[15:52:10]	[Recv]	sc_p 21 3284 493711 94 3000 9 0 0 929 1177 751 24 100 0 468 556 452 556 389 3 75 75 85 65 34581 34381 5872 5672 0 72875950 0 @ 0 6 4 20 1825 1804 9 500

[15:52:10]	[Recv]	sc_p 85 667 493710 1 3000 0 2 0 144 201 70 4 70 0 27 35 29 35 25 3 60 50 80 50 501 501 220 220 0 15 0 @ 0 0 4 1 0 0 0 90

[15:52:10]	[Recv]	sc_p 69 668 493709 52 3000 0 0 0 952 1077 502 6 120 0 329 286 343 286 322 0 37 37 37 37 16600 16600 5077 5077 0 678201 0 @ 0 0 3 30 1826 1818 0 1080

[15:52:10]	[Recv]	sc_p 144 333 493708 1 3000 0 0 0 32 40 27 4 70 0 18 31 17 31 13 0 0 0 0 0 156 156 10 10 0 15 0 @ 0 0 1 0 0 0 0 1

[15:52:10]	[Recv]	sc_p 140 333 493707 1 3000 0 0 0 32 40 27 4 70 0 18 31 17 31 13 0 0 0 0 0 156 156 10 10 0 15 0 @ 0 0 1 0 0 0 0 1

[15:52:10]	[Recv]	sc_p 154 333 493706 1 3000 0 0 0 32 40 27 4 70 0 18 31 17 31 13 0 0 0 0 0 156 156 10 10 0 15 0 @ 0 0 1 0 0 0 0 1

[15:52:10]	[Recv]	sc_p 155 333 493705 1 3000 0 0 0 32 40 27 4 70 0 18 31 17 31 13 0 0 0 0 0 156 156 10 10 0 15 0 @ 0 0 1 0 0 0 0 1

[15:52:10]	[Recv]	sc_p 145 333 493704 1 3000 0 0 0 132 140 77 4 70 0 58 31 57 31 53 0 2 2 2 2 1156 1156 1010 1010 0 15 0 @ 0 0 1 10 1818 0 0 210

[15:52:10]	[Recv]	sc_p 90 3150 493703 1 3000 4 1 0 400 498 240 24 100 0 159 40 164 40 159 2 55 75 65 65 3641 3641 3265 3265 0 15 0 @ 0 0 4 20 1818 1811 11 500

[15:52:10]	[Recv]	sc_p 52 202 493702 45 3000 0 0 0 307 447 268 6 100 0 141 264 167 264 137 3 4 6 22 6 4898 4898 841 841 0 345169 0 @ 0 0 4 1 0 0 0 90

[15:52:10]	[Recv]	sc_p 83 640 493701 1 3000 0 2 0 144 201 70 4 70 0 27 35 29 35 25 3 60 50 80 50 501 501 220 220 0 15 0 @ 0 0 4 1 0 0 0 90

[15:52:10]	[Recv]	sc_p 53 203 493700 47 3000 0 0 0 903 1045 562 6 100 0 404 270 422 270 394 3 16 12 31 15 12010 12010 6655 6655 0 430916 0 @ 0 0 4 37 1797 1813 110 1740

[15:52:10]	[Recv]	sc_p 107 816 493699 1 3000 0 0 0 280 300 150 4 70 0 121 39 126 39 121 3 44 44 44 44 2720 2720 2460 2460 0 15 0 @ 0 0 2 20 1818 1825 0 500

[15:52:10]	[Recv]	sc_p 160 181 493698 55 3000 0 0 0 338 514 302 6 160 0 157 301 161 301 150 3 15 10 30 -10 9613 9613 969 969 0 850664 0 @ 0 0 2 0 0 0 0 1

[15:52:10]	[Recv]	sc_p 161 181 493697 55 3000 0 0 0 338 514 302 6 160 0 157 301 161 301 150 3 15 10 30 -10 9613 9613 969 969 0 850664 0 @ 0 0 2 0 0 0 0 1

[15:52:10]	[Recv]	sc_p 75 1538 493696 1 3000 0 0 0 1330 1388 730 18 150 0 622 74 624 74 619 2 90 110 100 100 15441 15441 15070 15070 0 15 0 @ 0 0 6 60 1819 1831 0 100

[15:52:10]	[Recv]	sc_p 138 333 493695 1 3000 0 0 0 32 40 27 4 70 0 18 31 17 31 13 0 0 0 0 0 156 156 10 10 0 15 0 @ 0 0 1 0 0 0 0 1

[15:52:10]	[Recv]	sc_p 20 844 493694 1 3000 0 2 0 380 408 70 0 0 0 117 34 119 34 117 3 64 54 84 54 2671 2671 2460 2460 0 15 0 @ 0 0 2 20 1825 1818 0 500

[15:52:10]	[Recv]	sc_p 165 844 493693 1 3000 0 2 0 140 168 70 0 0 0 17 34 19 34 17 3 60 50 80 50 271 271 60 60 0 15 0 @ 0 0 2 0 0 0 0 1

[15:52:10]	[Recv]	sc_p 13 3203 493692 1 3000 11 1 0 497 515 274 9 90 0 201 36 202 36 198 3 67 67 77 67 4556 4556 4210 4210 0 15 0 @ 0 0 3 30 1826 1818 0 1080

[15:52:10]	[Recv]	sc_p 89 641 493691 1 3000 0 2 0 144 201 70 4 70 0 27 35 29 35 25 3 60 50 80 50 501 501 220 220 0 15 0 @ 0 0 4 1 0 0 0 90

[15:52:10]	[Recv]	sc_p 122 201 493690 44 3000 0 0 0 349 397 274 6 130 0 158 246 148 246 149 0 11 8 9 10 6085 6085 1295 1295 0 304965 0 @ 0 0 4 4 0 0 70 120

[15:52:10]	[Recv]	sc_p 159 181 493689 55 3000 0 0 0 338 514 302 6 160 0 157 301 161 301 150 3 15 10 30 -10 9613 9613 969 969 0 850664 0 @ 0 0 2 0 0 0 0 1

[15:52:10]	[Recv]	sc_p 162 181 493688 55 3000 0 0 0 338 514 302 6 160 0 157 301 161 301 150 3 15 10 30 -10 9613 9613 969 969 0 850664 0 @ 0 0 2 0 0 0 0 1

[15:52:10]	[Recv]	sc_p 10 207 493687 46 3000 0 0 0 690 730 460 2 180 0 353 256 358 256 357 2 -7 28 11 14 7071 7071 6155 6155 0 387140 0 @ 0 0 4 26 1797 1804 670 800

[15:52:10]	[Recv]	sc_p 134 333 493686 1 3000 0 0 0 102 110 62 4 70 0 46 31 45 31 41 0 1 1 1 1 856 856 710 710 0 15 0 @ 0 0 1 7 0 0 119 160

[15:52:10]	[Recv]	sc_p 23 769 493685 1 3000 0 0 0 550 570 265 15 180 0 212 35 217 35 193 0 27 27 27 27 4550 4550 4260 4260 0 15 0 @ 0 0 3 30 1804 1812 0 1080

[15:52:10]	[Recv]	sc_p 132 333 493684 1 3000 0 0 0 32 40 27 4 70 0 18 31 17 31 13 0 0 0 0 0 156 156 10 10 0 15 0 @ 0 0 1 0 0 0 0 1

[15:52:10]	[Recv]	sc_p 151 333 493683 1 3000 0 0 0 32 40 27 4 70 0 18 31 17 31 13 0 0 0 0 0 156 156 10 10 0 15 0 @ 0 0 1 0 0 0 0 1

[15:52:10]	[Recv]	sc_p 96 98 493682 1 3000 0 1 0 43 51 42 4 70 0 25 31 24 31 20 0 0 0 0 0 316 316 170 170 0 15 0 @ 0 0 4 1 0 0 0 90

[15:52:10]	[Recv]	sc_p 54 206 493681 43 3000 21 0 0 1025 1061 615 2 180 0 502 241 503 241 495 2 10 34 19 24 10866 10866 8830 8830 0 266490 0 @ 0 0 5 42 1806 1819 1710 2400

[15:52:10]	[Recv]	sc_p 63 181 493680 55 3000 0 0 0 578 754 422 6 160 0 257 301 261 301 250 3 19 14 34 -6 12013 12013 3369 3369 0 850664 0 @ 0 0 2 20 1811 1825 0 500

[15:52:10]	[Recv]	sc_p 158 181 493679 55 3000 0 0 0 338 514 302 6 160 0 157 301 161 301 150 3 15 10 30 -10 9613 9613 969 969 0 850664 0 @ 0 0 2 0 0 0 0 1

[15:52:10]	[Recv]	sc_p 9 567 493678 1 3000 0 1 0 461 468 254 10 150 0 198 31 197 31 193 2 12 12 12 12 4368 4368 4224 4224 0 15 0 Hada^oval 0 0 3 30 1819 1797 0 1080

[15:52:10]	[Recv]	sc_p 60 808 493677 94 3000 325397 2 0 1222 1390 70 0 0 0 619 554 612 554 603 2 80 90 70 70 37461 37461 17575 17575 0 72875950 0 @ 0 0 4 40 1797 1828 0 2130

[15:52:10]	[Recv]	sc_n 0 317 493676 94 1000 202328 991.2.4 -1 -1 -1 0 0 1 4 558 678 801 9 160 0 88 214 107 214 79 0 0 0 0 0 16921 16921 6757 6757 0 291503800 Bob 1100 0 8239.0 0.0 0.0 0.0 0 12 0

[15:52:10]	[Recv]	sc_p 62 616 493675 1 3000 0 0 0 64 82 37 4 70 0 23 34 25 34 23 3 70 70 70 70 411 411 200 200 0 15 0 @ 0 0 3 1 0 0 0 90

[15:52:10]	[Recv]	sc_p 117 377 493674 27 3000 0 2 0 371 421 70 4 70 0 185 161 191 161 179 1 54 -16 24 24 3975 3975 2690 2690 0 42564 0 @ 0 0 2 20 1825 1797 0 500

[15:52:10]	[Recv]	sc_p 105 448 493673 1 3000 0 0 0 282 285 152 14 90 0 148 41 137 41 123 0 9 14 6 19 2556 2556 2410 2410 0 15 0 @ 0 0 2 20 1818 1804 0 500

[15:52:10]	[Recv]	sc_p 64 478 493672 60 3000 0 0 0 639 803 452 17 150 0 295 341 336 341 287 2 24 36 49 27 21388 21388 3531 3531 0 1371320 0 @ 0 0 2 20 1811 1818 0 500

[15:52:10]	[Recv]	sc_p 130 631 493671 1 3000 0 0 0 50 68 30 4 70 0 17 34 19 34 17 3 70 70 70 70 271 271 60 60 0 15 0 @ 0 0 2 0 0 0 0 1

[15:52:10]	[Recv]	sc_p 98 99 493670 12 3000 0 1 0 94 131 124 4 70 0 39 94 60 94 48 2 -9 17 0 3 610 610 268 268 0 2457 0 @ 0 0 4 1 0 0 0 90

[15:52:10]	[Recv]	sc_p 126 100 493669 15 3000 0 1 0 103 146 136 4 70 0 48 106 67 106 56 2 -7 15 0 3 848 848 302 302 0 5256 0 @ 0 0 4 1 0 0 0 90

[15:52:10]	[Recv]	sc_p 15 2704 493668 49 3000 475614 1 0 824 930 689 14 240 0 380 357 398 357 369 0 32 32 32 32 11716 11716 6819 6819 0 524035 0 Ardilla^de^la^suert 0 0 3 30 1825 1812 0 1080

[15:52:10]	[Recv]	sc_p 152 333 493667 1 3000 0 0 0 32 40 27 4 70 0 18 31 17 31 13 0 0 0 0 0 156 156 10 10 0 15 0 @ 0 0 1 0 0 0 0 1

[15:52:10]	[Recv]	sc_p 153 333 493666 1 3000 0 0 0 32 40 27 4 70 0 18 31 17 31 13 0 0 0 0 0 156 156 10 10 0 15 0 @ 0 0 1 0 0 0 0 1

[15:52:10]	[Recv]	sc_p 170 830 493665 1 3000 0 0 0 45 58 30 4 70 0 24 39 23 39 21 3 40 40 40 40 371 371 60 60 0 15 0 @ 0 0 2 0 0 0 0 1

[15:52:10]	[Recv]	sc_p 133 333 493664 1 3000 0 0 0 132 140 77 4 70 0 58 31 57 31 53 0 2 2 2 2 1156 1156 1010 1010 0 15 0 @ 0 0 1 10 1825 0 0 210

[15:52:10]	[Recv]	sc_p 38 997 493663 6 3000 123 0 0 401 469 211 14 120 0 160 67 161 67 155 2 30 55 50 43 3466 3466 2908 2908 0 420 0 @ 0 0 3 20 1797 1825 11 500

[15:52:10]	[Recv]	sc_p 146 333 493662 1 3000 0 0 0 32 40 27 4 70 0 18 31 17 31 13 0 0 0 0 0 156 156 10 10 0 15 0 @ 0 0 1 0 0 0 0 1

[15:52:10]	[Recv]	sc_p 147 333 493661 1 3000 0 0 0 132 140 77 4 70 0 58 31 57 31 53 0 2 2 2 2 1156 1156 1010 1010 0 15 0 @ 0 0 1 10 1825 0 0 210

[15:52:10]	[Recv]	sc_n 2 319 493660 99 1000 398653210 990.4.5 997.5.6 -1 -1 0 0 0 5 661 711 543 10 150 6 592 586 461 586 372 0 5 5 5 5 34176 38176 11281 11281 0 428143800 Kliff 1102 0 4809.100 1299.2 1300.4 1301.7 0 0 0

[15:52:10]	[Recv]	sc_p 76 333 493659 1 3000 0 0 0 932 940 477 4 70 0 418 31 417 31 413 0 16 16 16 16 9156 9156 9010 9010 0 15 0 @ 0 4 5 50 1802 1825 0 3820

[15:52:10]	[Recv]	sc_p 118 333 493658 1 3000 0 0 0 312 320 167 4 70 0 138 31 137 31 133 0 5 5 5 5 2956 2956 2810 2810 0 15 0 @ 0 0 3 20 1825 1818 10 500

[15:52:10]	[Recv]	sc_p 16 614 493657 10 3000 1359 2 0 298 400 70 2 70 0 119 79 119 79 119 1 83 53 53 63 2446 2446 2107 2107 0 1518 0 @ 0 0 2 15 1811 0 171 330

[15:52:10]	[Recv]	sc_p 167 632 493656 1 3000 0 0 0 50 68 30 4 70 0 17 34 19 34 17 3 70 70 70 70 271 271 60 60 0 15 0 @ 0 0 2 0 0 0 0 1

[15:52:10]	[Recv]	sc_p 81 638 493655 1 3000 0 2 0 144 201 70 4 70 0 27 35 29 35 25 3 60 50 80 50 501 501 220 220 0 15 0 @ 0 0 4 1 0 0 0 90

[15:52:10]	[Recv]	sc_p 141 333 493654 1 3000 0 0 0 132 140 77 4 70 0 58 31 57 31 53 0 2 2 2 2 1156 1156 1010 1010 0 15 0 @ 0 0 1 10 1804 0 0 210

[15:52:10]	[Recv]	sc_p 87 643 493653 1 3000 0 2 0 144 201 70 4 70 0 27 35 29 35 25 3 60 50 80 50 501 501 220 220 0 15 0 @ 0 0 4 1 0 0 0 90

[15:52:10]	[Recv]	sc_p 142 333 493652 1 3000 0 0 0 132 140 77 4 70 0 58 31 57 31 53 0 2 2 2 2 1156 1156 1010 1010 0 15 0 @ 0 0 1 10 1818 0 0 210

[15:52:10]	[Recv]	sc_p 150 333 493651 1 3000 0 0 0 32 40 27 4 70 0 18 31 17 31 13 0 0 0 0 0 156 156 10 10 0 15 0 @ 0 0 1 0 0 0 0 1

[15:52:10]	[Recv]	sc_p 143 333 493650 1 3000 0 0 0 102 110 62 4 70 0 46 31 45 31 41 0 1 1 1 1 856 856 710 710 0 15 0 @ 0 0 1 7 0 0 29 160

[15:52:10]	[Recv]	sc_p 137 333 493649 1 3000 0 0 0 32 40 27 4 70 0 18 31 17 31 13 0 0 0 0 0 156 156 10 10 0 15 0 @ 0 0 1 0 0 0 0 1

[15:52:10]	[Recv]	sc_p 125 14 493648 17 3000 0 0 0 699 728 411 2 70 0 337 128 322 128 320 1 26 2 11 22 7176 7176 5902 5902 0 8934 0 @ 0 0 4 36 1797 1806 1036 1630

[15:52:10]	[Recv]	sc_p 135 333 493647 1 3000 0 0 0 132 140 77 4 70 0 58 31 57 31 53 0 2 2 2 2 1156 1156 1010 1010 0 15 0 @ 0 0 1 10 1804 0 0 210

[15:52:10]	[Recv]	sc_p 77 24 493646 1 3000 0 0 0 656 664 339 4 70 0 291 31 290 31 286 0 9 9 9 9 6396 6396 6250 6250 0 15 0 @ 0 0 4 39 1826 1819 1242 1990

[15:52:10]	[Recv]	sc_p 72 1508 493645 1 3000 0 1 0 110 153 49 10 100 0 29 34 29 34 28 4 60 60 60 60 401 401 240 240 0 15 0 @ 0 0 5 1 0 0 0 90

[15:52:10]	[Recv]	sc_p 82 639 493644 1 3000 0 2 0 144 201 70 4 70 0 27 35 29 35 25 3 60 50 80 50 501 501 220 220 0 15 0 @ 0 0 4 1 0 0 0 90

[15:52:10]	[Recv]	sc_p 57 1507 493643 1 3000 1 1 0 110 153 49 10 100 0 29 34 29 34 28 3 60 60 60 60 401 401 240 240 0 15 0 @ 0 0 5 1 0 0 0 90

[15:52:10]	[Recv]	sc_p 106 1477 493642 1 3000 0 0 0 303 371 180 5 90 0 116 39 121 39 132 2 34 64 54 54 2736 2736 3130 3130 0 15 0 @ 0 0 2 20 1811 1825 0 500

[15:52:10]	[Recv]	sc_p 0 2709 493641 94 3000 544 1 0 1086 1264 1063 14 240 0 539 627 565 627 516 0 32 32 32 32 28975 28975 12890 12890 0 72875950 0 @ 0 8 4 28 1818 1825 201 930

[15:52:10]	[Recv]	sc_n 3 822 493640 94 1000 1 991.1.5 -1 -1 -1 0 0 1 5 562 682 806 9 160 0 93 223 111 223 84 4 0 0 0 0 18613 18613 7605 7605 0 291503800 @ -1 0 -1 -1 -1 -1 0 0

[15:52:10]	[Recv]	sc_p 18 823 493639 1 3000 0 0 0 116 134 57 7 80 0 50 41 52 41 50 1 80 60 60 70 631 631 420 420 0 15 0 Sombro 0 0 2 3 0 0 23 110

[15:52:10]	[Recv]	sc_p 58 1505 493638 1 3000 0 1 0 650 693 319 10 100 0 269 34 269 34 268 2 70 70 70 70 5801 5801 5640 5640 0 15 0 @ 0 0 5 31 1819 1825 1022 1160

[15:52:10]	[Recv]	sc_p 128 1547 493637 1 3000 0 0 0 80 108 60 14 90 0 20 39 21 39 22 3 30 30 50 20 321 321 60 60 0 15 0 @ 0 0 3 0 0 0 0 1

[15:52:10]	[Recv]	sc_p 39 2120 493636 9 3000 645 0 0 753 825 416 14 90 0 344 88 332 88 322 3 39 69 89 59 7295 7295 6435 6435 0 1155 0 @ 0 0 4 39 1813 1804 1369 1990

[15:52:10]	[Recv]	sc_p 27 2123 493635 40 3000 1910 2 0 558 670 70 0 70 0 260 232 252 232 253 4 45 55 35 65 8136 8136 4940 4940 0 161059 0 @ 0 0 3 20 1804 1797 9 500

[15:52:10]	[Recv]	sc_p 24 846 493634 1 3000 0 0 0 424 482 237 5 160 0 143 54 145 54 143 1 85 50 60 65 3161 3161 3000 3000 0 15 0 @ 0 0 3 21 1797 1825 221 540

[15:52:10]	[Recv]	sc_p 65 545 493633 15 3000 0 0 0 587 644 307 9 120 0 234 101 237 101 228 0 22 22 22 22 16963 16963 4319 4319 0 5256 0 @ 0 0 3 30 1812 1804 0 1080

[15:52:10]	[Recv]	sc_n 5 2618 493632 99 1000 428143800 -1 -1 -1 -1 0 0 0 0 235 235 147 0 0 0 117 147 73 147 58 2 0 0 0 0 29396 29396 3805 3805 0 428143800 @ -1 0 -1 -1 -1 -1 0 15

[15:52:10]	[Recv]	sc_p 119 779 493631 1 3000 0 2 0 538 595 70 4 70 0 198 34 200 34 198 3 42 42 67 -18 4461 4461 4260 4260 0 15 0 @ 0 0 3 30 1825 1819 0 1080

[15:52:10]	[Recv]	sc_p 32 784 493630 94 3000 2618 2 0 861 1099 70 4 70 0 483 499 464 499 426 1 77 42 57 57 24758 24758 6240 6240 0 72875950 0 @ 0 0 3 30 1798 1811 0 1080

[15:52:10]	[Recv]	sc_p 45 801 493629 1 3000 0 0 0 56 59 39 14 90 0 54 41 43 41 29 3 5 2 10 15 296 296 150 150 0 15 0 @ 0 0 3 1 0 0 0 90

[15:52:10]	[Recv]	sc_p 127 803 493628 1 3000 0 0 0 30 60 30 10 100 0 17 34 19 34 17 3 70 50 70 50 460 460 60 60 0 15 0 @ 0 0 4 0 0 0 0 1

[15:52:10]	[Recv]	sc_p 100 806 493627 1 3000 0 0 0 980 1058 510 24 110 0 420 43 424 43 420 2 76 96 66 66 9481 9481 9060 9060 0 15 0 @ 0 0 5 50 1813 1800 0 3820

[15:52:10]	[Recv]	sc_p 104 535 493626 1 3000 0 2 0 280 308 70 14 75 0 127 44 129 44 127 2 -6 12 9 8 2621 2621 2460 2460 0 15 0 @ 0 0 2 20 1811 1797 0 500

[15:52:10]	[Recv]	sc_p 51 205 493625 48 3000 0 2 0 295 339 70 15 50 0 174 266 158 266 192 2 43 49 30 12 2900 2900 2509 2509 0 476535 0 @ 0 0 3 1 0 0 0 90

[15:52:10]	[Recv]	sc_n 1 417 493624 99 1000 428143800 -1 -1 -1 -1 0 0 2 0 255 255 0 0 0 0 83 157 78 157 127 2 0 0 0 0 15863 14963 17988 17088 0 428143800 Princesa^Sakura -1 0 -1 -1 -1 -1 0 0

[15:52:10]	[Recv]	sc_p 156 333 493623 1 3000 0 0 0 32 40 27 4 70 0 18 31 17 31 13 0 0 0 0 0 156 156 10 10 0 15 0 @ 0 0 1 0 0 0 0 1

[15:52:10]	[Recv]	sc_p 94 85 493622 30 3000 0 2 0 178 236 70 0 0 0 85 178 95 178 102 1 17 5 5 6 1856 1856 895 895 0 58776 0 @ 0 0 4 1 0 0 0 90

[15:52:10]	[Recv]	sc_p 12 1384 493621 94 3000 1 2 0 895 1063 70 4 70 0 445 499 383 499 421 0 54 44 24 74 40861 40861 15560 15560 0 72875950 0 @ 0 10 2 20 1825 1797 0 500

[15:52:10]	[Recv]	sc_p 136 333 493620 1 3000 0 0 0 32 40 27 4 70 0 18 31 17 31 13 0 0 0 0 0 156 156 10 10 0 15 0 @ 0 0 1 0 0 0 0 1

[15:52:10]	[Recv]	sc_p 169 616 493619 1 3000 0 0 0 50 68 30 4 70 0 17 34 19 34 17 3 70 70 70 70 271 271 60 60 0 15 0 @ 0 0 2 0 0 0 0 1

[15:52:10]	[Recv]	sc_p 22 671 493618 94 3000 163 2 0 1002 1210 70 16 170 0 498 501 470 501 496 1 67 27 37 57 29288 29288 16458 16458 0 72875950 0 @ 0 7 3 30 1819 1797 0 1080

[15:52:10]	[Recv]	sc_p 79 840 493617 1 3000 0 0 0 423 456 224 5 70 0 203 35 215 35 188 2 6 10 8 7 4021 4021 3740 3740 0 15 0 @ 0 0 4 23 1811 1797 629 630

[15:52:10]	[Recv]	sc_p 33 762 493616 94 3000 1 0 0 856 1050 620 5 60 0 437 495 387 495 346 4 74 44 44 74 35737 35737 4440 4440 0 72875950 0 @ 0 3 2 20 1818 1804 0 500

[15:52:10]	[Recv]	sc_p 139 333 493615 1 3000 0 0 0 32 40 27 4 70 0 18 31 17 31 13 0 0 0 0 0 156 156 10 10 0 15 0 @ 0 0 1 0 0 0 0 1

[15:52:10]	[Recv]	sc_p 74 838 493614 1 3000 0 2 0 350 377 70 4 70 0 117 34 119 34 117 2 54 84 64 54 2641 2641 2460 2460 0 15 0 @ 0 0 2 20 1804 1811 0 500

[15:52:10]	[Recv]	sc_p 47 841 493613 1 3000 0 2 0 380 408 70 0 0 0 117 34 119 34 117 4 54 64 54 84 2671 2671 2460 2460 0 15 0 @ 0 0 2 20 1804 1811 0 500

[15:52:10]	[Recv]	sc_p 42 2697 493612 94 3000 1 2 5 953 1141 70 0 0 6 463 560 468 560 450 4 36 26 6 94 25901 25901 12756 12756 0 72875950 0 @ 0 18 3 25 1825 1804 505 740

[15:52:10]	[Recv]	sc_p 29 2701 493611 94 3000 1 1 0 982 1140 958 8 200 0 493 564 507 564 423 1 17 7 17 17 25038 25038 6240 6240 0 72875950 0 @ 0 0 3 30 1825 1812 0 1080

[15:52:10]	[Recv]	sc_p 99 2 493610 10 3000 0 0 0 94 118 81 15 50 0 53 77 25 77 42 0 10 0 0 2 811 811 229 229 0 1518 0 @ 0 0 4 1 0 0 0 90

[15:52:10]	[Recv]	sc_p 123 1 493609 7 3000 0 0 0 424 442 242 15 50 0 190 64 167 64 184 0 17 6 6 8 4003 4003 3685 3685 0 612 0 @ 0 0 3 26 1825 1804 566 800

[15:52:10]	[Recv]	sc_p 28 136 493608 23 3000 12427 0 0 547 603 351 4 70 0 257 145 277 145 266 0 57 57 57 57 5005 5005 4425 4425 0 25680 0 @ 0 0 3 30 1798 1818 0 1080

[15:52:10]	[Recv]	sc_p 14 752 493607 1 3000 0 0 0 280 303 154 2 60 0 125 34 124 34 122 1 59 39 44 44 2850 2850 2460 2460 0 15 0 Ardilla^toro 0 0 2 20 1797 1811 0 500

[15:52:10]	[Recv]	sc_p 95 0 493606 1 3000 0 0 0 608 616 315 15 50 0 270 31 244 31 265 0 22 9 10 9 5916 5916 5770 5770 0 15 0 @ 0 0 4 36 1799 1811 520 1630

[15:52:10]	[Recv]	sc_p_stc 19 5

[15:52:10]	[Send]	npinfo 0
[15:52:10]	[Recv]	in 2 1491 493712 78 112 2 76 100 0 0 3 2073308 1 0 -1 @ 1 7 0 0 0 0 0 0 0 0 0 0 20 0

[15:52:10]	[Recv]	ski 0 240 241 240 241 242 243 244 245 246 247 248 249 250 251 252 253 254 255 236 1781 1782 699|7 702|6 22 26 30 38 42 46 50 54 58 60 91 95 106 107 108 109 110 111 112 103 104 105 122 123 132 125 117 127 345 346 347 348 351 352 353 355 356 357 358 359 360 363 259 278 280

[15:52:10]	[Recv]	qslot 0 1.1.2 1.1.3 1.1.4 1.1.5 1.1.7 1.1.41 1.1.42 1.1.38 1.1.39 0.-1.-1 0.1.30 0.1.58 0.1.19 1.1.17 1.3.976 0.-1.-1 0.-1.-1 0.-1.-1 0.-1.-1 0.-1.-1 1.3.12 1.1.1 0.-1.-1 0.2.16 1.1.38 1.1.39 0.-1.-1 0.-1.-1 0.-1.-1 0.-1.-1

[15:52:10]	[Recv]	qslot 1 7.7.-1 7.7.-1 7.7.-1 7.7.-1 7.7.-1 0.-1.-1 7.7.-1 7.7.-1 1.3.12 7.7.-1 7.7.-1 7.7.-1 7.7.-1 7.7.-1 7.7.-1 7.7.-1 7.7.-1 7.7.-1 7.7.-1 7.7.-1 7.7.-1 7.7.-1 7.7.-1 7.7.-1 7.7.-1 7.7.-1 7.7.-1 7.7.-1 7.7.-1 7.7.-1

[15:52:10]	[Recv]	in 2 683 493734 79 112 2 100 100 0 0 3 2073308 1 0 -1 Lunould 2 -1 0 0 0 0 0 0 0 0 0 0 0 5

[15:52:10]	[Recv]	sc_p_stc 19 5

[15:52:10]	[Send]	npinfo 0
[15:52:10]	[Recv]	sc_p 5 683 493734 99 2631 107035950 0 0 1562 1783 1044 19 100 9 758 579 725 579 668 2 76 86 66 76 48684 48684 12270 12270 1 107035950 1 Lunould 0 0 5 50 1828 1799 0 3820

[15:52:10]	[Recv]	tbf  1.1034 2.0 3.0 4.1004 5.0
[15:52:10]	[Recv]	pinit 2 2|493712|0|97|@|-1|1491|1|0|0|0 2|493734|1|99|Lunould|-1|683|0|0|0|50


[15:52:10]	[Recv]	petski 663 1828 1799

[15:52:10]	[Recv]	title 1.1 2.1 0.1 3.1 5.1 4.1 7.1 8.1 6.1 13.1 14.1 9.1 69.1 79.1 52.1 56.1 70.1 41.1 101.1 88.1 97.1 80.1 77.1 73.1 78.1 67.1 110.1 111.1 109.1 72.1 105.1 112.1 85.1 140.1 86.1 47.1 152.1 138.1 53.1 113.1 51.1 162.1 168.7 68.1 170.1 171.1 187.1 172.1 175.1 183.1 184.1 196.1 200.1 201.1 202.1 203.1 122.1 207.1

[15:52:10]	[Recv]	titinfo 1 2073308 9468 9468

[15:52:10]	[Recv]	fish 0 0.0.0 1.697.20 2.0.0 3.0.0 4.43.20 5.243.20 6.41.20 7.0.0 8.0.0 9.0.0 10.212.20 11.0.0 12.0.0 13.0.0 14.0.0 15.0.0 16.34.70 17.0.0 18.0.0 19.0.0 20.0.0 21.95.70 22.0.0 23.0.0 24.0.0 25.0.0 26.0.0 27.0.0 28.0.0 29.0.0 30.0.0 31.0.0 32.0.0 33.14.391 34.0.0 35.1.181 36.0.0 37.0.0 38.0.0 39.0.0 40.373.20 41.260.20 42.0.0 43.1169.20 44.295.20 45.253.20 46.127.20 47.58.20 48.130.20 49.0.0 50.0.0 51.39.69 52.100.70 53.0.0 54.0.0 55.94.70 56.82.69 57.1.255 58.3.316 59.7.357 60.0.0 61.0.0 62.1.325 63.0.0 64.0.0 65.0.0 66.0.0 67.0.0 68.0.0 69.0.0 70.0.0 71.0.0 72.0.0 73.0.0 74.0.0 75.0.0 76.0.0 77.0.0 78.0.0 79.0.0 80.0.0 81.0.0 82.0.0 83.0.0 84.0.0 85.0.0 86.0.0 87.0.0 88.0.0 89.0.0 90.0.0 91.0.0 92.0.0 93.0.0 94.0.0 95.0.0 96.0.0 97.0.0 98.0.0 99.0.0 2 -1.9468.9468

[15:52:10]	[Recv]	pet_cool2  0 0 0

[15:52:10]	[Recv]	blinit 6936370|JiggyFlopas 5597358|AanguS 7046424|Soskeksmju5 2954127|El_FurroGalego 6985924|*-Chiyoko-* 6789343|IamOP 6851239|llllllllillli 4435528|Fiorellino3 6793458|natySdeSfresa 6528812|Yuruki 6851162|illiilliliili 2577646|»»newlegend«« 671470|N!KE! 6801633|-VisuaL- 4302648|~Daiwa~ 6859785|NULve~~ 6816269|$Tmix$ 2622076|°Tenedor° 6851163|lilililllilil 6917403|Soosil55 3664062|VonGoethe 6819548|PowNey 6807655|Oxdoch 6814885|gfsdjruyk 6896703|_Natalie_ 4622693|SneakyLucznik 6902360|DoremonKÝMAQ 6810877|MagoFerroso 6800695|beroabi 3571564|•Paragrn 6928360|~Ruffytaro~ 3772822|~Virgo 6814034|»Bromazepam 576105|Mage[Roman] 7046345|Sisjeu5

[15:52:10]	[Recv]	sayi 1 2073308 12 835 4 1 0 0 0

[15:52:10]	[Recv]	parcel 1 1 0 1 0 2405071411 #Rey# 9060 5 1

[15:52:10]	[Recv]	zzim

[15:52:10]	[Recv]	sayi 1 2073308 12 1845 0 0 0 0 0

[15:52:10]	[Recv]	twk 1 2073308 ES_ArquerxD #Rey# shtmxpdlfeoqkr en en

[15:52:10]	[Recv]	qstlist 6.6119.0.19.0.0.0.0.0.0.0.0.0.0.0.0 7.6071.0.25.0.1.0.0.0.0.0.0.0.0.0.0 8.6099.0.12.0.0.0.0.0.0.0.0.0.0.0.0 9.6848.0.4.2.10.0.10.10.0.0.0.0.0.0.0 10.6828.0.29.0.1.0.0.0.0.0.0.0.0.0.0 11.6242.0.12.0.0.0.0.0.0.0.0.0.0.0.0 12.6014.0.12.0.0.1.0.0.0.0.0.0.0.0.0 13.7016.0.12.0.0.0.0.0.0.0.0.0.0.0.0

[15:52:10]	[Recv]	sqst  0 0000000000000000000000000000000000000000000000000000000000000000000000000000000000000000000000000000000000000000000000000000000000000000000000000000000000000000000000000000000000000000000000000000000000000000000000000000000000000000000000000000000000

[15:52:10]	[Recv]	sqst  1 00000000000000000000000000000000000000000000000000000000000000000000000000000000000000000000000000000000000000000000000000000O0000000000000000000000000000000000000000000000000000000000000000000000000000000000000000000000000000000000000000000000000000

[15:52:10]	[Recv]	sqst  2 0000000000000000000000000000000000000000000000000000000000000000000000000000000000000000000000000000000000000000000000000000000000000000000000000000000000000000000000000000000000000000000000000000000000000000000000000000000000000000000000000000000000

[15:52:10]	[Recv]	sqst  3 00000}}}}}}V}xxS}}}}}}}}}l000000000000000000000000000000000000000000000000000000000U}}t}}1O}}}}}}}}0O}}X00Od0}X00UX00d000000000000000000000OX0O}000U0000000000000000000000000000000000000000000000000000000000000000000000000000000000000vW000000000000000

[15:52:10]	[Recv]	sqst  4 G0UX00O}}}}lV}}}Z0Sl00V}XU}}}}}}}}d0000000000000000000U10000}Z000000000000000000000U}}z}}}}}}}}}}z}zV}}}l0000000000000VG}XU}}l}}}}z}t}}}}}0G}X000000000U}V}l}}t}}}lt}}Z00X00UZ0000000u}}}}}}}}}}X000000000000000000000000000000000000000000000000000000000

[15:52:10]	[Recv]	sqst  5 0000000000000000000000000000000000000000000000000000000000000000000000000000000000000000000000000000000000000000000000000000000000000000000000000000000000000000000000000000000000000000000000000000000000000000000000000000000000000000000000000000000000

[15:52:10]	[Recv]	sqst  6 0000000000000000000000000000000000000000000000000000000000000000000000000000000000000000000000000000000000000000000000000000000000000000000000000000000000000000000000000000000000000000000000000000000000000000000000000000000000000000000000000000000000

[15:52:10]	[Recv]	eq 2073308 0 0 0 53 2 4641.4636.8629.8637.4672.8675.8564.8566.8602.8568.-1 88 107 10

[15:52:10]	[Recv]	act6 

[15:52:10]	[Recv]	ginfo »Elite Salvanto2 0 19 4618500 25000000 95 100 3 1 1 1 1 2 1 1 

[15:52:10]	[Recv]	gmbr 0 4286434|20062415|Salvanto2|99|3|0|9|1|89|15 4343548|22011021|Elatson25|99|2|1|11|0|90|14 4371592|21010613|STa®†a©R|99|1|1|7|0|72|1824 3467154|22030623|[St]Grippato|99|1|2|1|0|90|1 4384113|22090314|~Nilah™|99|3|2|11|1|71|10 3849234|21011500|DarkSiria36|99|3|2|19|0|80|9 4355578|23011819|Salvant6|98|4|2|0|0|60|1464 3599314|21120511|Federaikou|99|2|2|0|0|80|1848 3553253|23061016|ZagatoZ|99|2|2|0|1|88|0 4467786|23101723|chress|99|2|2|0|0|87|19 3504103|22010421|MrBiscotto|99|2|2|0|0|78|19 3597405|21091222|Hinode|99|1|2|10|0|65|912 4032759|24031521|•Van_Heert•™|99|2|2|0|1|72|0 6776965|22072700|™Kydd~|99|1|2|0|0|90|13 4094580|22080812|Mezzogenio|99|1|2|0|0|77|360 3413411|23031520|TheRealCenoz|99|2|2|0|1|82|14 4468121|23042020|lubello|99|3|2|0|0|88|19 4343557|23031017|Daviduzz0|99|3|2|0|0|80|216 4321566|23031722|Salvanto4|99|2|2|0|0|61|1320 3672622|23121223|redelfuoco3|99|2|2|0|0|80|48 4332863|23061016|CiccioCaputo|99|1|2|0|1|88|72 4357105|22061813|•Rosengarten|99|4|3|0|0|65|1128 6800604|23112310|BazaarDiAleRe|99|3|3|0|0|80|5 4462399|23032412|DarkFox-|99|2|3|0|0|65|528 2545168|24050317|minikaito|99|1|3|0|0|80|18 3897396|22101614|^^TheWar^^|99|1|3|0|0|80|840 3411041|24022300|z7v1cio7z|99|2|3|0|1|83|15 4465452|23051220|sara66|93|3|3|0|1|40|0 4352759|22110522|YellowCrown|99|2|3|0|0|80|0 615402|24050211|Shisuko|99|2|3|0|0|80|17 4367802|23010814|ketti00|99|2|3|0|1|86|17 3413562|23101312|~ÐSLA~|99|3|3|0|0|80|0 3812522|24022914|Abba$h™|99|1|3|0|0|80|216 3856132|23060921|Mallyna|99|3|3|0|0|70|216 3548080|23112821|Everest°|99|2|3|0|0|83|14 6994310|24040716|LadyZaira|55|3|3|0|0|0|96 2360335|23010400|All730|99|1|3|0|0|80|552 4228379|23030520|HOTSHOT|98|3|3|0|0|40|504 7101734|24033115|Claremont|55|1|3|0|0|0|840 4294526|23042423|†RrronoaZorr†|99|1|3|0|0|65|24 3833619|23060908|AlessioReturn|99|2|3|0|0|82|5 3532515|23031509|~Asalyah~|96|3|3|0|0|41|48 4436697|23122120|Takemichi™|99|3|3|0|1|77|0 3613296|23031722|*-*Nami*-*|99|3|3|0|0|60|1632 3963555|23100700|Pestilence?|99|2|3|0|0|60|552 4024288|23042912|Enthernom|99|3|3|0|0|80|48 2416462|24042821|darkgunner98|85|3|3|0|0|4|13 7006501|24032817|*°As?xa°*|96|2|3|0|0|60|3 4454428|24042702|Sound!|99|1|3|0|1|64|0 4456594|24022318|Lethalea|99|3|3|0|1|81|0 3518828|21102919|Barry00|99|1|3|0|1|90|10 7120447|24050100|kakikaki|70|2|3|0|0|0|1 2578396|24041517|Sonder|99|2|3|0|0|82|0 6799444|24021323|~SuPaNoVa~|99|2|3|0|0|80|96 4128643|22100421|mariomessi|99|1|3|0|0|68|4632 4008762|24031522|^Kisame^|99|3|3|0|0|73|14 3918686|22020823|cristian2011|99|1|3|0|0|80|8 4122898|21051011|ringo|99|3|3|0|0|57|22 3654050|22032115|Ambro420|99|1|3|0|0|67|2544 4316119|21091023|¤Raff_F0xs¤|97|1|3|11|0|45|1008 3748147|22020800|cappio|99|1|3|0|0|74|17 4001689|22020719|Master-Griever|99|1|3|0|0|62|48 3611492|23010410|_zoro_95|99|1|3|0|0|80|864 2218813|22052023|Ethail|99|1|3|0|0|63|2832 6502425|23122200|*Marshall*|99|3|3|0|1|90|13 3138078|24011819|rarely|99|3|3|0|0|90|0 3626489|22062721|-King*|99|3|3|0|0|80|4 4368277|22092921|iRUKA•|99|1|3|0|0|80|0 3827606|23122316|¤Zenitsu¤|99|1|3|0|0|80|17 4472895|24021318|Mount|90|2|3|0|0|30|48 957916|24050617|lusikill|99|1|3|0|0|82|20 6971714|23101911|L@ndrynek|99|3|3|0|0|78|3792 4364021|24010618|ciaojr|99|3|2|0|1|80|2 6947505|24012110|AleBuffWK|85|2|3|0|0|3|5 4471317|23101400|Heleika|73|1|3|0|0|0|840 2073308|23101819|#Rey#|99|2|3|0|1|83|0 4318931|24022410|Alluka_|99|2|3|0|0|73|216 4370701|24012801|EmTa†hy|99|3|3|0|0|80|48 6783836|24030210|Lucifer234|99|1|3|0|0|72|1080 2185296|23111802|Frailyn-C|99|1|3|0|0|80|13 3765708|23121322|NewSpizzy|99|1|3|0|0|83|18 6961761|24030212|LeLeZ°|91|2|3|0|0|46|216 3571564|24011109|•Paragrn|99|2|3|0|0|87|12 4351183|24021223|Ymojen25|99|1|3|0|0|75|48 6591424|24031120|Mbf07|55|3|3|0|0|0|48 7096962|24040118|AleCrux|82|1|3|0|0|0|5 3643497|24021023|ciaos3|99|1|3|0|0|77|19 4387661|24031522|LeviAckermann|99|1|3|0|0|63|288 5409688|24032810|Tahir|99|2|3|0|0|80|21 3572112|24031218|_WarDeath_|99|1|3|0|0|68|336 4373382|24030301|~Diem·Carpe|99|2|3|0|1|80|0 6955743|24032909|BazaarAle8|85|3|3|0|0|3|5 6955742|24040118|BazaarAle7|82|3|3|0|0|0|5 4351446|24041815|VERN4|66|2|3|0|0|0|96 4322155|24041922|Too-|96|1|3|0|0|60|16

[15:52:10]	[Recv]	fmp 9695|0 9697|0 9683|0 9687|0 9751|0 9741|0 9736|0 9690|0 9746|0 9757|7529 9693|0

[15:52:10]	[Recv]	sayi2 1 -1  10 1992 17 #Rey# 918 

[15:52:10]	[Recv]	gcon 2073308|1|0

[15:52:10]	[Recv]	gmsg 4286434|<3 4343548|<3 4371592|molloGAMEperunpobaci! 3467154| 4384113| 3849234|ehe 4355578| 3599314|NTA9FIDOBIRBONOSMALLCODE 3553253| 4467786| 3504103|IlCroccomela!!! 3597405|<3 4032759| 6776965| 4094580|11.1newscore 3413411|LentamenteOgniCosaBellaSvanisce<3 4468121|lasciogildaconchressperfaladoppia 4343557| 4321566| 3672622| 4332863| 4357105|ernestina93enjoyer 6800604| 4462399|Pocoattivocausalavoro 2545168| 3897396| 3411041| 4465452| 4352759| 615402| 4367802| 3413562|99-93 3812522| 3856132| 3548080| 6994310|Tuttiimigliorisonomatti<3 2360335| 4228379|ALT+PERMAKILLATUTTI 7101734| 4294526| 3833619|vispacco 3532515| 4436697|Quantoseibello<3 3613296| 3963555| 4024288| 2416462| 7006501|Hallo! 4454428| 4456594|Rimaninellabolla..ilkarmafarrilresto<3 3518828|wiii 7120447| 2578396| 6799444| 4128643| 4008762| 3918686|LFfixedgroupforlol70+WM 4122898|#Cicciosafe 3654050| 4316119|Doyoulovetherain,doesitmakeyoudance 3748147| 4001689|yeahhhh 3611492| 2218813|HAPPYNEWDAY 6502425|:D 3138078| 3626489|:I 4368277| 3827606| 4472895| 957916| 6971714| 4364021| 6947505| 4471317| 2073308|r 4318931| 4370701| 6783836| 2185296| 3765708| 6961761|Salveatutti 3571564| 4351183| 6591424| 7096962| 3643497| 4387661| 5409688| 3572112| 4373382| 6955743| 6955742| 4351446| 4322155|

[15:52:10]	[Recv]	gmsg 

[15:52:10]	[Recv]	fs 1

[15:52:10]	[Recv]	ghis 0 10|*Virgil07*|0 7|Sonder|4498|12|0 7|Sonder|4498|11|0 7|Sonder|4498|10|0 7|Sonder|4498|9|0 7|Sonder|4498|8|0 12|9090|15 9|Salvanto2|2|ciaojr|16 12|9076|17 12|9075|17 12|9006|17 2|2|17 6|kakikaki|70|19 12|9017|20 11|Salvanto2|lusikill|21 12|9084|21 7|Lethalea|8647|7|22 7|Lethalea|8647|6|22 7|Lethalea|8647|5|22 10|icu@dmovies|22 1|icu@dmovies|Amoritornoinfateperlolpoitornerndavoi<3|22 12|9083|24 12|9080|24 4|kakikaki|5000|24 6|kakikaki|60|24 1|~ÐSLA~|99-93|24 12|9089|24 12|9077|24 12|9008|24 4|darkgunner98|1000|24 12|9078|24 12|9080|24 12|9087|24 6|kakikaki|50|24 12|9083|48 4|Shisuko|1000|48 12|9082|48 12|9086|48 12|9090|48 12|9080|48 12|9083|48 7|™Kydd~|8635|8|48 7|™Kydd~|8635|7|48 7|™Kydd~|8635|6|48 7|™Kydd~|8635|5|48 12|9087|48 12|9078|48 4|*Virgil07*|1000|48 12|9081|72 4|•Van_Heert•™|5000|72

[15:52:10]	[Recv]	ghis 12|9017|72 1|TheRealCenoz|LentamenteOgniCosaBellaSvanisce<3|72 4|minikaito|1000|72 12|9089|72 11|[St]Grippato|minikaito|72 12|9085|72 12|9086|72 12|9083|96 12|9080|96 12|9087|96 12|9078|96 12|9089|96 4|Master-Griever|50000|96 12|9084|96 12|9090|96 12|9083|96 12|9005|96 11|Salvanto2|Shisuko|120 10|Ruppe|120 1|Ruppe|wawawawawawawawaawaawawawawaw|120 7|Master-Griever|910|17|120 7|Master-Griever|910|16|120 12|9087|120 12|9085|120 4|kakikaki|1000|120 6|kakikaki|40|120 12|9089|120 12|9083|120 1|#Rey#|r|120 7|z7v1cio7z|4492|11|120 12|9080|144 12|9017|144 6|kakikaki|30|144 11|Elatson25|kakikaki|144 12|9086|144 7|*Virgil07*|4497|9|144 7|Elatson25|907|13|144 12|9083|144 7|*Virgil07*|4497|8|144 11|•Van_Heert•™|*Virgil07*|168 7|Elatson25|907|12|168 7|Elatson25|907|11|168 7|Elatson25|907|10|168 12|9089|168 1|TheRealCenoz|NonSiamoNatiPerAmareMaPerSognare.TiAmo<3G|168 12|9082|168 12|9087|168 4|Sound!|1000|192 12|9080|192 12|9085|192

[15:52:10]	[Recv]	ghis 12|9004|192 12|9084|192 12|9017|192 11|Elatson25|darkgunner98|192 7|rarely|907|12|192 7|rarely|907|11|192 7|rarely|907|10|192 7|rarely|907|9|192 7|rarely|907|8|192 1|Lethalea|Rimaninellabolla..ilkarmafarrilresto<3|192 10|Gianduiozzo|192 1|Gianduiozzo|escoconquestoperaiutareunapersona|192 4|LadyZaira|5000|192 7|~Carletto97|907|11|192 12|9078|192 12|9083|192 12|9089|192 12|9008|216 7|*Marshall*|907|11|216 7|*Marshall*|907|10|216 4|Sonder|5000|216 7|~Carletto97|907|10|216 7|~Carletto97|907|9|216 7|~Carletto97|907|8|216 12|9087|216 12|9076|216 12|9075|216 12|9006|216 2|1|216 12|9086|216 12|9088|216 12|9080|216 12|9090|216 12|9089|216 12|9078|216 7|Sound!|4497|9|240 7|Sound!|4497|8|240 4|Ymojen25|5000|240 11|DarkSiria36|Sound!|240 12|9080|240 1|TheRealCenoz|TraUnBattitoEl'AltrocNascostaLaVeritrDiUnAmore<3G|240 12|9085|240 6|LadyZaira|81|240 6|LadyZaira|80|240 7|ZagatoZ|8638|7|240 7|ZagatoZ|8638|6|240 7|ZagatoZ|8638|5|240 4|^Kisame^|10000|240 12|9083|240 12|9087|240

[15:52:10]	[Recv]	ghis 12|9081|240 12|9089|240 12|9013|240 12|9084|264 12|9090|264 12|9017|264 10|LordShura°|264 7|LordShura°|4618|7|264 7|LordShura°|4618|6|264 7|LordShura°|4618|5|264 12|9005|264 12|9089|288 12|9080|288 12|9083|288 12|9078|288 6|sara66|93|288 12|9087|288 12|9086|288 12|9080|312 10|Varyel|312 6|LeLeZ°|93|312 12|9089|312 12|9087|312 1|#Rey#|Endofastory,itwouldhavebeenfun|312 12|9076|336 12|9006|336 2|2|336 12|9083|336 1|LadyZaira|Tuttiimigliorisonomatti<3|336 12|9078|336 12|9017|336 12|9090|336 4|~Diem·Carpe|50000|360 12|9087|360 2|4|360 1|TheRealCenoz|ChiudiamociInUnAttimoEViviamociPerSempre<3Giulia<3|360 12|9089|360 7|Amclyath|8631|8|360 7|Amclyath|8631|7|360 7|Amclyath|8631|6|360 7|Amclyath|8631|5|360 12|9086|360 7|z7v1cio7z|4492|10|360 7|z7v1cio7z|4492|9|360 7|z7v1cio7z|4492|8|360 7|z7v1cio7z|8522|10|360 7|z7v1cio7z|8522|9|360 7|z7v1cio7z|8522|8|360 12|9083|384 12|9081|384

[15:52:10]	[Recv]	mv 2 2727 134 103 5

[15:52:10]	[Recv]	mv 2 2718 78 147 5

[15:52:10]	[Recv]	mv 2 2726 134 73 5

[15:52:10]	[Recv]	mv 2 2725 131 43 5

[15:52:10]	[Recv]	p_clear

[15:52:10]	[Recv]	sc_p 67 728 493785 35 3000 0 0 0 552 616 396 8 142 0 268 201 276 201 261 3 30 30 33 18 30143 30143 4224 4224 0 93516 0 @ 0 0 3 27 1818 1825 490 860

[15:52:10]	[Recv]	sc_n 4 2640 493784 94 1000 473672 991.2.4 996.0.10 317.0.5 321.0.5 0 0 1 4 566 686 820 9 160 10 201 555 264 555 248 1 0 0 96 0 15310 17310 10544 10544 0 291503800 @ -1 0 4812.100 1318.3 1319.3 1320.7 0 1 0

[15:52:10]	[Recv]	sc_n 6 2673 493783 94 1000 102761607 4779.5.0 4780.5.0 -1 -1 0 0 2 0 1123 1254 70 0 0 0 625 760 740 760 914 3 14 14 14 14 9451 19451 13260 22260 0 291503800 @ 2705 0 4405.100 1602.1 1603.4 1604.7 0 0 19

[15:52:10]	[Recv]	sc_p 112 2681 493782 1 3000 0 0 0 500 548 246 6 80 0 204 39 204 39 201 1 77 47 57 77 4571 4571 4260 4260 0 15 0 @ 0 0 3 30 1797 1805 0 1080

[15:52:10]	[Recv]	sc_p 34 80 493781 1 3000 0 2 0 40 61 70 0 0 0 -20 31 -11 31 70 4 28 18 -8 30 316 316 250 250 0 15 0 @ 0 0 4 1 0 0 0 90

[15:52:10]	[Recv]	sc_p 93 83 493780 29 3000 0 2 0 459 513 70 0 0 0 219 171 220 171 219 0 16 17 11 20 5960 5960 3525 3525 0 53010 0 @ 0 0 4 20 1818 1797 0 500

[15:52:10]	[Recv]	sc_p 4 2714 493779 1 3000 0 0 0 425 473 215 10 70 0 175 41 174 41 171 2 41 81 26 61 3821 3821 3560 3560 0 15 0 Lusi<3 0 0 3 25 1811 1804 649 740

[15:52:10]	[Recv]	sc_p 78 2731 493778 1 3000 0 0 0 820 850 450 15 80 0 345 38 350 38 360 4 83 93 73 108 7621 7621 7260 7260 0 15 0 @ 0 0 5 40 1805 1820 3 2130

[15:52:10]	[Recv]	sc_p 19 3107 493777 2 3000 23 0 0 187 217 92 4 70 0 76 36 75 36 65 3 62 82 72 72 1545 1545 1215 1215 0 42 0 @ 0 0 2 10 1811 0 189 210

[15:52:10]	[Recv]	sc_p 31 3125 493776 94 3000 1 1 0 767 985 990 14 90 0 393 643 427 643 336 1 62 32 52 52 30645 30645 5741 5741 0 72875950 0 @ 0 2 2 14 1797 0 75 300

[15:52:10]	[Recv]	sc_p 37 3125 493775 94 3000 1 1 0 839 1057 1026 14 90 0 423 643 457 643 366 1 64 34 54 54 31365 31365 6461 6461 0 72875950 0 @ 0 0 2 20 1797 1818 0 500

[15:52:10]	[Recv]	sc_p 163 1549 493774 1 3000 0 0 0 130 178 80 18 150 0 27 45 21 45 27 3 70 70 80 60 221 221 65 65 0 15 0 @ 0 0 4 0 0 0 0 1

[15:52:10]	[Recv]	sc_p 164 1550 493773 1 3000 0 0 0 82 100 37 10 100 0 21 36 22 36 18 3 50 60 80 70 356 356 10 10 0 15 0 @ 0 0 3 0 0 0 0 1

[15:52:10]	[Recv]	sc_p 171 1551 493772 1 3000 0 0 0 130 188 130 18 150 0 22 74 24 74 19 2 60 80 70 70 441 441 70 70 0 15 0 @ 0 0 4 0 0 0 0 1

[15:52:10]	[Recv]	sc_p 113 3128 493771 1 3000 0 2 0 448 556 70 0 0 0 181 34 184 34 185 2 66 86 56 56 4251 4251 3840 3840 0 15 0 @ 0 0 3 27 1825 1797 73 860

[15:52:10]	[Recv]	sc_p 103 3148 493770 1 3000 0 0 0 86 134 64 29 120 0 29 36 27 36 21 3 50 50 70 40 446 446 150 150 0 15 0 @ 0 0 3 1 0 0 0 90

[15:52:10]	[Recv]	sc_p 36 3150 493769 1 3000 0 1 0 432 530 256 24 100 0 173 40 178 40 173 2 55 75 65 65 3961 3961 3585 3585 0 15 0 @ 0 0 4 22 1825 1811 469 590

[15:52:10]	[Recv]	sc_p 35 2684 493768 94 3000 1 1 0 1050 1223 1048 4 70 0 487 619 524 619 483 2 77 87 67 67 26551 26551 15375 15375 0 72875950 0 @ 0 0 3 30 1812 1804 0 1080

[15:52:10]	[Recv]	sc_p 2 2696 493767 94 3000 1 0 0 1036 1216 757 15 170 0 507 542 489 542 447 4 27 37 7 95 33065 33065 8256 8256 0 72875950 0 @ 0 17 3 30 1804 1812 0 1080

[15:52:10]	[Recv]	sc_p 48 1470 493766 95 3000 15358514 0 0 1432 1624 1011 19 95 0 660 676 671 676 575 3 60 50 80 60 52179 52179 11980 11980 0 78866350 0 @ 0 0 4 40 1814 1804 0 2130

[15:52:10]	[Recv]	sc_p 17 2696 493765 94 3000 1 0 0 1036 1216 757 15 170 0 507 542 489 542 447 4 27 37 7 95 33065 33065 8256 8256 0 72875950 0 @ 0 9 3 30 1811 1805 0 1080

[15:52:10]	[Recv]	sc_p 80 1456 493764 1 3000 0 1 0 623 703 280 19 110 0 208 42 219 42 222 1 76 46 56 56 4700 4700 4725 4725 0 15 0 @ 0 0 4 25 1825 1797 311 740

[15:52:10]	[Recv]	sc_p 26 1446 493763 94 3000 1 2 0 982 1230 70 34 100 0 456 552 496 552 498 2 27 87 67 57 14126 14126 16458 16458 0 72875950 0 @ 0 13 3 30 1798 1811 0 1080

[15:52:10]	[Recv]	sc_p 70 754 493762 53 3000 0 0 0 542 634 617 9 165 0 263 301 280 301 250 2 38 38 38 38 41888 41888 3307 3307 0 733605 0 @ 0 0 2 20 1825 1797 0 500

[15:52:10]	[Recv]	sc_p 43 2682 493761 94 3000 1 0 0 1048 1246 711 6 80 0 522 504 469 504 427 4 67 57 47 77 40463 40463 6240 6240 0 72875950 0 @ 0 11 3 30 1826 1804 0 1080

[15:52:10]	[Recv]	sc_p 114 2683 493760 1 3000 0 1 0 540 563 250 4 70 0 197 34 199 34 197 3 67 77 87 67 4521 4521 4260 4260 0 15 0 @ 0 0 3 30 1798 1804 0 1080

[15:52:10]	[Recv]	sc_p 41 2682 493759 94 3000 1 0 0 1048 1246 711 6 80 0 522 504 469 504 427 4 67 57 47 77 40463 40463 6240 6240 0 72875950 0 @ 0 19 3 30 1819 1811 0 1080

[15:52:10]	[Recv]	sc_p 46 1470 493758 94 3000 11056410 0 0 1298 1488 940 19 95 0 599 669 610 669 515 3 58 48 78 58 50002 50002 10551 10551 0 72875950 0 @ 0 5 4 32 1826 1804 709 1240

[15:52:10]	[Recv]	sc_p 7 2708 493757 94 3000 150447 0 1 908 1116 696 14 90 4 460 550 428 550 375 3 65 65 75 55 38913 38913 5790 5790 0 72875950 0 Oso^polar^Grunidos 0 0 3 20 1797 1818 11 500

[15:52:10]	[Recv]	sc_p 101 714 493756 1 3000 0 0 0 790 853 410 22 90 0 341 39 343 39 339 3 63 63 93 73 7681 7681 7260 7260 0 15 0 @ 0 0 5 40 1805 1827 9 2130

[15:52:10]	[Recv]	sc_p 61 821 493755 1 3000 0 0 0 286 298 160 10 100 0 117 34 119 34 117 0 6 6 6 6 2771 2771 2460 2460 0 15 0 @ 0 0 2 20 1811 1818 0 500

[15:52:10]	[Recv]	sc_p 40 692 493754 7 3000 60 0 0 319 354 186 4 70 0 135 71 136 71 131 4 34 34 49 49 2991 2991 2508 2508 0 612 0 @ 0 0 2 20 1804 1811 0 500

[15:52:10]	[Recv]	sc_p 25 176 493753 94 3000 1254 0 0 706 864 615 4 70 0 379 499 384 499 343 2 4 4 4 4 14475 14475 4440 4440 0 72875950 0 @ 0 14 2 20 1818 1825 0 500

[15:52:10]	[Recv]	sc_p 121 204 493752 43 3000 0 2 0 567 603 70 0 0 0 298 241 277 241 306 2 45 57 35 20 6111 6111 4772 4772 0 266490 0 @ 0 0 4 20 1804 1825 0 500

[15:52:10]	[Recv]	sc_p 3 157 493751 1 3000 0 0 0 270 308 150 15 170 0 117 34 119 34 117 4 24 24 -16 54 3021 3021 2460 2460 0 15 0 Ardilla^gladiadora 0 0 2 20 1804 1811 0 500

[15:52:10]	[Recv]	sc_p 50 97 493750 3 3000 1 1 0 702 714 381 4 70 0 319 42 319 42 314 0 3 17 12 20 6855 6855 6680 6680 0 90 0 @ 0 0 5 37 1820 1797 60 1740

[15:52:10]	[Recv]	sc_p 55 7 493749 30 3000 0 0 0 1371 1423 786 15 50 0 699 190 707 190 659 3 40 30 50 35 16876 16876 15444 15444 0 58776 0 @ 0 0 6 60 1829 1814 0 100

[15:52:10]	[Recv]	sc_p 115 9 493748 1 3000 0 0 0 437 435 227 4 70 0 213 31 192 31 188 0 6 6 9 19 4156 4156 4010 4010 0 15 0 @ 0 0 4 25 1818 1804 80 740

[15:52:10]	[Recv]	sc_p 102 1488 493747 96 368 33600344 0 0 1550 1730 1032 19 95 0 746 563 719 563 661 3 66 76 96 66 46463 46463 12100 12100 0 84982200 0 @ 0 0 5 50 1812 1829 0 3820

[15:52:10]	[Recv]	sc_p 91 200 493746 42 3000 0 0 0 854 898 540 6 130 0 376 248 379 248 375 0 17 19 16 18 9733 9733 6525 6525 0 229706 0 @ 0 0 4 37 1813 1804 1370 1740

[15:52:10]	[Recv]	sc_p 84 669 493745 1 3000 0 2 0 144 201 70 4 70 0 27 35 29 35 25 3 60 50 80 50 501 501 220 220 0 15 0 @ 0 0 4 1 0 0 0 90

[15:52:10]	[Recv]	sc_p 92 82 493744 26 3000 0 2 0 168 216 70 0 0 0 64 156 79 156 91 0 12 15 8 12 1091 1091 1008 1008 0 37860 0 @ 0 0 4 1 0 0 0 90

[15:52:10]	[Recv]	sc_p 124 12 493743 13 3000 0 0 0 111 134 97 2 70 0 77 93 59 93 66 1 12 -7 0 8 886 886 279 279 0 3045 0 @ 0 0 4 1 0 0 0 90

[15:52:10]	[Recv]	sc_p 97 11 493742 6 3000 0 0 0 77 83 62 4 70 0 59 58 39 58 32 0 0 0 4 12 496 496 198 198 0 420 0 @ 0 0 4 1 0 0 0 90

[15:52:10]	[Recv]	sc_p 116 96 493741 1 3000 0 1 0 43 51 42 4 70 0 25 31 24 31 20 0 -10 2 0 2 316 316 170 170 0 15 0 @ 0 0 4 1 0 0 0 90

[15:52:10]	[Recv]	sc_p 30 682 493740 2 3000 0 0 0 537 567 250 2 60 0 206 38 205 38 200 2 57 57 57 57 4545 4545 4265 4265 0 42 0 @ 0 0 3 30 1826 1804 0 1080

[15:52:10]	[Recv]	sc_p 8 670 493739 97 3000 19789695 2 2 1093 1265 70 4 70 8 559 604 523 604 576 2 67 87 77 67 50845 50845 31831 31831 0 92185200 1 Fibi^Friggus 0 0 3 30 1798 1825 0 1080

[15:52:10]	[Recv]	sc_p 111 31 493738 1 3000 0 0 0 450 464 237 4 80 0 198 31 201 31 193 0 7 7 7 7 4356 4356 4210 4210 0 15 0 @ 0 0 3 30 1805 1811 0 1080

[15:52:10]	[Recv]	sc_p 149 333 493737 1 3000 0 0 0 32 40 27 4 70 0 18 31 17 31 13 0 0 0 0 0 156 156 10 10 0 15 0 @ 0 0 1 0 0 0 0 1

[15:52:10]	[Recv]	sc_p 86 644 493736 1 3000 0 2 0 144 201 70 4 70 0 27 35 29 35 25 3 60 50 80 50 501 501 220 220 0 15 0 @ 0 0 4 1 0 0 0 90

[15:52:10]	[Recv]	sc_p 73 64 493735 1 3000 0 0 0 442 475 237 4 100 0 205 31 194 31 193 0 -3 12 12 14 4356 4356 4210 4210 0 15 0 @ 0 0 3 30 1804 1798 0 1080

[15:52:10]	[Recv]	sc_p 5 683 493734 99 2631 107035950 0 0 1562 1783 1044 19 100 9 758 579 725 579 668 2 76 86 66 76 48684 48684 12270 12270 1 107035950 1 Lunould 0 0 5 50 1828 1799 0 3820

[15:52:10]	[Recv]	sc_p 1 581 493733 94 3000 1 2 0 681 916 70 4 70 0 379 499 384 499 343 2 24 64 54 54 14615 14615 4440 4440 0 72875950 0 Ardilla^marinera 0 16 2 20 1797 1825 0 500

[15:52:10]	[Recv]	sc_p 120 778 493732 1 3000 0 2 0 198 255 70 4 70 0 50 35 52 35 48 3 46 46 71 -16 1041 1041 760 760 0 15 0 @ 0 0 3 5 0 0 47 130

[15:52:10]	[Recv]	sc_p 59 10 493731 1 3000 0 0 0 137 135 77 4 70 0 78 31 57 31 53 0 2 2 4 17 1156 1156 1010 1010 0 15 0 @ 0 0 1 10 1811 0 0 210

[15:52:10]	[Recv]	sc_p 49 10 493730 1 3000 0 0 0 629 627 323 4 70 0 297 31 276 31 272 0 9 9 11 24 6076 6076 5930 5930 0 15 0 @ 0 0 4 37 1811 1820 1360 1740

[15:52:10]	[Recv]	sc_p 108 813 493729 1 3000 0 0 0 104 124 42 5 80 0 41 44 39 44 32 3 60 70 80 60 861 861 300 300 0 15 0 @ 0 0 2 2 0 0 17 100

[15:52:10]	[Recv]	sc_p 131 616 493728 1 3000 0 0 0 50 68 30 4 70 0 17 34 19 34 17 3 70 70 70 70 271 271 60 60 0 15 0 @ 0 0 2 0 0 0 0 1

[15:52:10]	[Recv]	sc_p 11 815 493727 1 3000 0 0 0 322 368 165 15 200 0 140 42 128 42 126 1 84 64 64 74 3071 3071 2460 2460 0 15 0 @ 0 0 2 20 1818 1825 0 500

[15:52:10]	[Recv]	sc_p 166 616 493726 1 3000 0 0 0 50 68 30 4 70 0 17 34 19 34 17 3 70 70 70 70 271 271 60 60 0 15 0 @ 0 0 2 0 0 0 0 1

[15:52:10]	[Recv]	sc_p 129 632 493725 1 3000 0 0 0 50 68 30 4 70 0 17 34 19 34 17 3 70 70 70 70 271 271 60 60 0 15 0 @ 0 0 2 0 0 0 0 1

[15:52:10]	[Recv]	sc_p 66 544 493724 20 3000 0 0 0 847 926 452 6 140 0 347 126 352 126 341 0 30 30 30 30 23088 23088 6581 6581 0 16146 0 @ 0 0 4 40 1819 1813 0 2130

[15:52:10]	[Recv]	sc_p 110 536 493723 1 3000 0 0 0 40 40 21 4 70 0 48 57 45 57 37 3 0 0 10 10 590 590 300 300 0 15 0 @ 0 0 3 2 0 0 29 100

[15:52:10]	[Recv]	sc_p 168 615 493722 1 3000 0 0 0 50 68 30 4 70 0 17 34 19 34 17 3 70 70 70 70 271 271 60 60 0 15 0 @ 0 0 2 0 0 0 0 1

[15:52:10]	[Recv]	sc_p 148 333 493721 1 3000 0 0 0 32 40 27 4 70 0 18 31 17 31 13 0 0 0 0 0 156 156 10 10 0 15 0 @ 0 0 1 0 0 0 0 1

[15:52:10]	[Recv]	sc_p 6 2105 493720 94 3000 1 0 2 995 1197 750 4 80 4 522 581 495 581 498 1 86 66 66 76 42011 42011 19030 19030 0 72875950 1 Inferno 0 0 5 20 1797 1825 0 500

[15:52:10]	[Recv]	sc_p 88 642 493719 1 3000 0 2 0 144 201 70 4 70 0 27 35 29 35 25 3 60 50 80 50 501 501 220 220 0 15 0 @ 0 0 4 1 0 0 0 90

[15:52:10]	[Recv]	sc_p 157 2106 493718 1 3000 0 0 0 48 64 30 4 70 0 24 39 22 39 22 1 40 40 40 40 281 281 60 60 0 15 0 @ 0 0 2 0 0 0 0 1

[15:52:10]	[Recv]	sc_p 44 2107 493717 4 3000 6 0 0 501 555 255 10 70 0 206 49 207 49 204 1 77 27 47 57 4621 4621 4287 4287 0 165 0 @ 0 0 3 30 1797 1805 0 1080

[15:52:10]	[Recv]	sc_p 71 1506 493716 1 3000 0 1 0 110 153 49 10 100 0 29 34 29 34 28 1 60 60 60 60 401 401 240 240 0 15 0 @ 0 0 5 1 0 0 0 90

[15:52:10]	[Recv]	sc_p 109 673 493715 1 3000 0 2 0 224 242 70 4 70 0 96 31 95 31 93 3 23 23 53 23 2126 2126 1830 1830 0 15 0 @ 0 0 3 13 1797 0 213 270

[15:52:10]	[Recv]	sc_p 56 838 493714 5 3000 45 2 0 410 445 70 4 70 0 149 58 152 58 149 2 55 85 65 55 3205 3205 2942 2942 0 273 0 @ 0 0 3 20 1825 1811 0 500

[15:52:10]	[Recv]	sc_p 68 755 493713 47 3000 0 0 0 849 931 769 2 26 0 410 261 421 261 403 3 41 41 41 41 35305 35305 6975 6975 0 430916 0 @ 0 0 4 39 1820 1804 260 1990

[15:52:10]	[Recv]	sc_n 7 1491 493712 97 1000 177983910 4777.6.0 4782.4.0 4931.0.5 4845.4.5 0 0 0 0 1201 1306 828 15 253 0 1077 731 923 731 746 1 154 19 24 144 33317 43317 7205 7205 1 368740800 @ -1 0 4446.100 660.7 661.7 662.7 0 20 0

[15:52:10]	[Recv]	sc_p 21 3284 493711 94 3000 9 0 0 929 1177 751 24 100 0 468 556 452 556 389 3 75 75 85 65 34581 34381 5872 5672 0 72875950 0 @ 0 6 4 20 1825 1804 9 500

[15:52:10]	[Recv]	sc_p 85 667 493710 1 3000 0 2 0 144 201 70 4 70 0 27 35 29 35 25 3 60 50 80 50 501 501 220 220 0 15 0 @ 0 0 4 1 0 0 0 90

[15:52:10]	[Recv]	sc_p 69 668 493709 52 3000 0 0 0 952 1077 502 6 120 0 329 286 343 286 322 0 37 37 37 37 16600 16600 5077 5077 0 678201 0 @ 0 0 3 30 1826 1818 0 1080

[15:52:10]	[Recv]	sc_p 144 333 493708 1 3000 0 0 0 32 40 27 4 70 0 18 31 17 31 13 0 0 0 0 0 156 156 10 10 0 15 0 @ 0 0 1 0 0 0 0 1

[15:52:10]	[Recv]	sc_p 140 333 493707 1 3000 0 0 0 32 40 27 4 70 0 18 31 17 31 13 0 0 0 0 0 156 156 10 10 0 15 0 @ 0 0 1 0 0 0 0 1

[15:52:10]	[Recv]	sc_p 154 333 493706 1 3000 0 0 0 32 40 27 4 70 0 18 31 17 31 13 0 0 0 0 0 156 156 10 10 0 15 0 @ 0 0 1 0 0 0 0 1

[15:52:10]	[Recv]	sc_p 155 333 493705 1 3000 0 0 0 32 40 27 4 70 0 18 31 17 31 13 0 0 0 0 0 156 156 10 10 0 15 0 @ 0 0 1 0 0 0 0 1

[15:52:10]	[Recv]	sc_p 145 333 493704 1 3000 0 0 0 132 140 77 4 70 0 58 31 57 31 53 0 2 2 2 2 1156 1156 1010 1010 0 15 0 @ 0 0 1 10 1818 0 0 210

[15:52:10]	[Recv]	sc_p 90 3150 493703 1 3000 4 1 0 400 498 240 24 100 0 159 40 164 40 159 2 55 75 65 65 3641 3641 3265 3265 0 15 0 @ 0 0 4 20 1818 1811 11 500

[15:52:10]	[Recv]	sc_p 52 202 493702 45 3000 0 0 0 307 447 268 6 100 0 141 264 167 264 137 3 4 6 22 6 4898 4898 841 841 0 345169 0 @ 0 0 4 1 0 0 0 90

[15:52:10]	[Recv]	sc_p 83 640 493701 1 3000 0 2 0 144 201 70 4 70 0 27 35 29 35 25 3 60 50 80 50 501 501 220 220 0 15 0 @ 0 0 4 1 0 0 0 90

[15:52:10]	[Recv]	sc_p 53 203 493700 47 3000 0 0 0 903 1045 562 6 100 0 404 270 422 270 394 3 16 12 31 15 12010 12010 6655 6655 0 430916 0 @ 0 0 4 37 1797 1813 110 1740

[15:52:10]	[Recv]	sc_p 107 816 493699 1 3000 0 0 0 280 300 150 4 70 0 121 39 126 39 121 3 44 44 44 44 2720 2720 2460 2460 0 15 0 @ 0 0 2 20 1818 1825 0 500

[15:52:10]	[Recv]	sc_p 160 181 493698 55 3000 0 0 0 338 514 302 6 160 0 157 301 161 301 150 3 15 10 30 -10 9613 9613 969 969 0 850664 0 @ 0 0 2 0 0 0 0 1

[15:52:10]	[Recv]	sc_p 161 181 493697 55 3000 0 0 0 338 514 302 6 160 0 157 301 161 301 150 3 15 10 30 -10 9613 9613 969 969 0 850664 0 @ 0 0 2 0 0 0 0 1

[15:52:10]	[Recv]	sc_p 75 1538 493696 1 3000 0 0 0 1330 1388 730 18 150 0 622 74 624 74 619 2 90 110 100 100 15441 15441 15070 15070 0 15 0 @ 0 0 6 60 1819 1831 0 100

[15:52:10]	[Recv]	sc_p 138 333 493695 1 3000 0 0 0 32 40 27 4 70 0 18 31 17 31 13 0 0 0 0 0 156 156 10 10 0 15 0 @ 0 0 1 0 0 0 0 1

[15:52:10]	[Recv]	sc_p 20 844 493694 1 3000 0 2 0 380 408 70 0 0 0 117 34 119 34 117 3 64 54 84 54 2671 2671 2460 2460 0 15 0 @ 0 0 2 20 1825 1818 0 500

[15:52:10]	[Recv]	sc_p 165 844 493693 1 3000 0 2 0 140 168 70 0 0 0 17 34 19 34 17 3 60 50 80 50 271 271 60 60 0 15 0 @ 0 0 2 0 0 0 0 1

[15:52:10]	[Recv]	sc_p 13 3203 493692 1 3000 11 1 0 497 515 274 9 90 0 201 36 202 36 198 3 67 67 77 67 4556 4556 4210 4210 0 15 0 @ 0 0 3 30 1826 1818 0 1080

[15:52:10]	[Recv]	sc_p 89 641 493691 1 3000 0 2 0 144 201 70 4 70 0 27 35 29 35 25 3 60 50 80 50 501 501 220 220 0 15 0 @ 0 0 4 1 0 0 0 90

[15:52:10]	[Recv]	sc_p 122 201 493690 44 3000 0 0 0 349 397 274 6 130 0 158 246 148 246 149 0 11 8 9 10 6085 6085 1295 1295 0 304965 0 @ 0 0 4 4 0 0 70 120

[15:52:10]	[Recv]	sc_p 159 181 493689 55 3000 0 0 0 338 514 302 6 160 0 157 301 161 301 150 3 15 10 30 -10 9613 9613 969 969 0 850664 0 @ 0 0 2 0 0 0 0 1

[15:52:10]	[Recv]	sc_p 162 181 493688 55 3000 0 0 0 338 514 302 6 160 0 157 301 161 301 150 3 15 10 30 -10 9613 9613 969 969 0 850664 0 @ 0 0 2 0 0 0 0 1

[15:52:10]	[Recv]	sc_p 10 207 493687 46 3000 0 0 0 690 730 460 2 180 0 353 256 358 256 357 2 -7 28 11 14 7071 7071 6155 6155 0 387140 0 @ 0 0 4 26 1797 1804 670 800

[15:52:10]	[Recv]	sc_p 134 333 493686 1 3000 0 0 0 102 110 62 4 70 0 46 31 45 31 41 0 1 1 1 1 856 856 710 710 0 15 0 @ 0 0 1 7 0 0 119 160

[15:52:10]	[Recv]	sc_p 23 769 493685 1 3000 0 0 0 550 570 265 15 180 0 212 35 217 35 193 0 27 27 27 27 4550 4550 4260 4260 0 15 0 @ 0 0 3 30 1804 1812 0 1080

[15:52:10]	[Recv]	sc_p 132 333 493684 1 3000 0 0 0 32 40 27 4 70 0 18 31 17 31 13 0 0 0 0 0 156 156 10 10 0 15 0 @ 0 0 1 0 0 0 0 1

[15:52:10]	[Recv]	sc_p 151 333 493683 1 3000 0 0 0 32 40 27 4 70 0 18 31 17 31 13 0 0 0 0 0 156 156 10 10 0 15 0 @ 0 0 1 0 0 0 0 1

[15:52:10]	[Recv]	sc_p 96 98 493682 1 3000 0 1 0 43 51 42 4 70 0 25 31 24 31 20 0 0 0 0 0 316 316 170 170 0 15 0 @ 0 0 4 1 0 0 0 90

[15:52:10]	[Recv]	sc_p 54 206 493681 43 3000 21 0 0 1025 1061 615 2 180 0 502 241 503 241 495 2 10 34 19 24 10866 10866 8830 8830 0 266490 0 @ 0 0 5 42 1806 1819 1710 2400

[15:52:10]	[Recv]	sc_p 63 181 493680 55 3000 0 0 0 578 754 422 6 160 0 257 301 261 301 250 3 19 14 34 -6 12013 12013 3369 3369 0 850664 0 @ 0 0 2 20 1811 1825 0 500

[15:52:10]	[Recv]	sc_p 158 181 493679 55 3000 0 0 0 338 514 302 6 160 0 157 301 161 301 150 3 15 10 30 -10 9613 9613 969 969 0 850664 0 @ 0 0 2 0 0 0 0 1

[15:52:10]	[Recv]	sc_p 9 567 493678 1 3000 0 1 0 461 468 254 10 150 0 198 31 197 31 193 2 12 12 12 12 4368 4368 4224 4224 0 15 0 Hada^oval 0 0 3 30 1819 1797 0 1080

[15:52:10]	[Recv]	sc_p 60 808 493677 94 3000 325397 2 0 1222 1390 70 0 0 0 619 554 612 554 603 2 80 90 70 70 37461 37461 17575 17575 0 72875950 0 @ 0 0 4 40 1797 1828 0 2130

[15:52:10]	[Recv]	sc_n 0 317 493676 94 1000 202328 991.2.4 -1 -1 -1 0 0 1 4 558 678 801 9 160 0 88 214 107 214 79 0 0 0 0 0 16921 16921 6757 6757 0 291503800 Bob 1100 0 8239.0 0.0 0.0 0.0 0 12 0

[15:52:10]	[Recv]	sc_p 62 616 493675 1 3000 0 0 0 64 82 37 4 70 0 23 34 25 34 23 3 70 70 70 70 411 411 200 200 0 15 0 @ 0 0 3 1 0 0 0 90

[15:52:10]	[Recv]	sc_p 117 377 493674 27 3000 0 2 0 371 421 70 4 70 0 185 161 191 161 179 1 54 -16 24 24 3975 3975 2690 2690 0 42564 0 @ 0 0 2 20 1825 1797 0 500

[15:52:10]	[Recv]	sc_p 105 448 493673 1 3000 0 0 0 282 285 152 14 90 0 148 41 137 41 123 0 9 14 6 19 2556 2556 2410 2410 0 15 0 @ 0 0 2 20 1818 1804 0 500

[15:52:10]	[Recv]	sc_p 64 478 493672 60 3000 0 0 0 639 803 452 17 150 0 295 341 336 341 287 2 24 36 49 27 21388 21388 3531 3531 0 1371320 0 @ 0 0 2 20 1811 1818 0 500

[15:52:10]	[Recv]	sc_p 130 631 493671 1 3000 0 0 0 50 68 30 4 70 0 17 34 19 34 17 3 70 70 70 70 271 271 60 60 0 15 0 @ 0 0 2 0 0 0 0 1

[15:52:10]	[Recv]	sc_p 98 99 493670 12 3000 0 1 0 94 131 124 4 70 0 39 94 60 94 48 2 -9 17 0 3 610 610 268 268 0 2457 0 @ 0 0 4 1 0 0 0 90

[15:52:10]	[Recv]	sc_p 126 100 493669 15 3000 0 1 0 103 146 136 4 70 0 48 106 67 106 56 2 -7 15 0 3 848 848 302 302 0 5256 0 @ 0 0 4 1 0 0 0 90

[15:52:10]	[Recv]	sc_p 15 2704 493668 49 3000 475614 1 0 824 930 689 14 240 0 380 357 398 357 369 0 32 32 32 32 11716 11716 6819 6819 0 524035 0 Ardilla^de^la^suert 0 0 3 30 1825 1812 0 1080

[15:52:10]	[Recv]	sc_p 152 333 493667 1 3000 0 0 0 32 40 27 4 70 0 18 31 17 31 13 0 0 0 0 0 156 156 10 10 0 15 0 @ 0 0 1 0 0 0 0 1

[15:52:10]	[Recv]	sc_p 153 333 493666 1 3000 0 0 0 32 40 27 4 70 0 18 31 17 31 13 0 0 0 0 0 156 156 10 10 0 15 0 @ 0 0 1 0 0 0 0 1

[15:52:10]	[Recv]	sc_p 170 830 493665 1 3000 0 0 0 45 58 30 4 70 0 24 39 23 39 21 3 40 40 40 40 371 371 60 60 0 15 0 @ 0 0 2 0 0 0 0 1

[15:52:10]	[Recv]	sc_p 133 333 493664 1 3000 0 0 0 132 140 77 4 70 0 58 31 57 31 53 0 2 2 2 2 1156 1156 1010 1010 0 15 0 @ 0 0 1 10 1825 0 0 210

[15:52:10]	[Recv]	sc_p 38 997 493663 6 3000 123 0 0 401 469 211 14 120 0 160 67 161 67 155 2 30 55 50 43 3466 3466 2908 2908 0 420 0 @ 0 0 3 20 1797 1825 11 500

[15:52:10]	[Recv]	sc_p 146 333 493662 1 3000 0 0 0 32 40 27 4 70 0 18 31 17 31 13 0 0 0 0 0 156 156 10 10 0 15 0 @ 0 0 1 0 0 0 0 1

[15:52:10]	[Recv]	sc_p 147 333 493661 1 3000 0 0 0 132 140 77 4 70 0 58 31 57 31 53 0 2 2 2 2 1156 1156 1010 1010 0 15 0 @ 0 0 1 10 1825 0 0 210

[15:52:10]	[Recv]	sc_n 2 319 493660 99 1000 398653210 990.4.5 997.5.6 -1 -1 0 0 0 5 661 711 543 10 150 6 592 586 461 586 372 0 5 5 5 5 34176 38176 11281 11281 0 428143800 Kliff 1102 0 4809.100 1299.2 1300.4 1301.7 0 0 0

[15:52:10]	[Recv]	sc_p 76 333 493659 1 3000 0 0 0 932 940 477 4 70 0 418 31 417 31 413 0 16 16 16 16 9156 9156 9010 9010 0 15 0 @ 0 4 5 50 1802 1825 0 3820

[15:52:10]	[Recv]	sc_p 118 333 493658 1 3000 0 0 0 312 320 167 4 70 0 138 31 137 31 133 0 5 5 5 5 2956 2956 2810 2810 0 15 0 @ 0 0 3 20 1825 1818 10 500

[15:52:10]	[Recv]	sc_p 16 614 493657 10 3000 1359 2 0 298 400 70 2 70 0 119 79 119 79 119 1 83 53 53 63 2446 2446 2107 2107 0 1518 0 @ 0 0 2 15 1811 0 171 330

[15:52:10]	[Recv]	sc_p 167 632 493656 1 3000 0 0 0 50 68 30 4 70 0 17 34 19 34 17 3 70 70 70 70 271 271 60 60 0 15 0 @ 0 0 2 0 0 0 0 1

[15:52:10]	[Recv]	sc_p 81 638 493655 1 3000 0 2 0 144 201 70 4 70 0 27 35 29 35 25 3 60 50 80 50 501 501 220 220 0 15 0 @ 0 0 4 1 0 0 0 90

[15:52:10]	[Recv]	sc_p 141 333 493654 1 3000 0 0 0 132 140 77 4 70 0 58 31 57 31 53 0 2 2 2 2 1156 1156 1010 1010 0 15 0 @ 0 0 1 10 1804 0 0 210

[15:52:10]	[Recv]	sc_p 87 643 493653 1 3000 0 2 0 144 201 70 4 70 0 27 35 29 35 25 3 60 50 80 50 501 501 220 220 0 15 0 @ 0 0 4 1 0 0 0 90

[15:52:10]	[Recv]	sc_p 142 333 493652 1 3000 0 0 0 132 140 77 4 70 0 58 31 57 31 53 0 2 2 2 2 1156 1156 1010 1010 0 15 0 @ 0 0 1 10 1818 0 0 210

[15:52:10]	[Recv]	sc_p 150 333 493651 1 3000 0 0 0 32 40 27 4 70 0 18 31 17 31 13 0 0 0 0 0 156 156 10 10 0 15 0 @ 0 0 1 0 0 0 0 1

[15:52:10]	[Recv]	sc_p 143 333 493650 1 3000 0 0 0 102 110 62 4 70 0 46 31 45 31 41 0 1 1 1 1 856 856 710 710 0 15 0 @ 0 0 1 7 0 0 29 160

[15:52:10]	[Recv]	sc_p 137 333 493649 1 3000 0 0 0 32 40 27 4 70 0 18 31 17 31 13 0 0 0 0 0 156 156 10 10 0 15 0 @ 0 0 1 0 0 0 0 1

[15:52:10]	[Recv]	sc_p 125 14 493648 17 3000 0 0 0 699 728 411 2 70 0 337 128 322 128 320 1 26 2 11 22 7176 7176 5902 5902 0 8934 0 @ 0 0 4 36 1797 1806 1036 1630

[15:52:10]	[Recv]	sc_p 135 333 493647 1 3000 0 0 0 132 140 77 4 70 0 58 31 57 31 53 0 2 2 2 2 1156 1156 1010 1010 0 15 0 @ 0 0 1 10 1804 0 0 210

[15:52:10]	[Recv]	sc_p 77 24 493646 1 3000 0 0 0 656 664 339 4 70 0 291 31 290 31 286 0 9 9 9 9 6396 6396 6250 6250 0 15 0 @ 0 0 4 39 1826 1819 1242 1990

[15:52:10]	[Recv]	sc_p 72 1508 493645 1 3000 0 1 0 110 153 49 10 100 0 29 34 29 34 28 4 60 60 60 60 401 401 240 240 0 15 0 @ 0 0 5 1 0 0 0 90

[15:52:10]	[Recv]	sc_p 82 639 493644 1 3000 0 2 0 144 201 70 4 70 0 27 35 29 35 25 3 60 50 80 50 501 501 220 220 0 15 0 @ 0 0 4 1 0 0 0 90

[15:52:10]	[Recv]	sc_p 57 1507 493643 1 3000 1 1 0 110 153 49 10 100 0 29 34 29 34 28 3 60 60 60 60 401 401 240 240 0 15 0 @ 0 0 5 1 0 0 0 90

[15:52:10]	[Recv]	sc_p 106 1477 493642 1 3000 0 0 0 303 371 180 5 90 0 116 39 121 39 132 2 34 64 54 54 2736 2736 3130 3130 0 15 0 @ 0 0 2 20 1811 1825 0 500

[15:52:10]	[Recv]	sc_p 0 2709 493641 94 3000 544 1 0 1086 1264 1063 14 240 0 539 627 565 627 516 0 32 32 32 32 28975 28975 12890 12890 0 72875950 0 @ 0 8 4 28 1818 1825 201 930

[15:52:10]	[Recv]	sc_n 3 822 493640 94 1000 1 991.1.5 -1 -1 -1 0 0 1 5 562 682 806 9 160 0 93 223 111 223 84 4 0 0 0 0 18613 18613 7605 7605 0 291503800 @ -1 0 -1 -1 -1 -1 0 0

[15:52:10]	[Recv]	sc_p 18 823 493639 1 3000 0 0 0 116 134 57 7 80 0 50 41 52 41 50 1 80 60 60 70 631 631 420 420 0 15 0 Sombro 0 0 2 3 0 0 23 110

[15:52:10]	[Recv]	sc_p 58 1505 493638 1 3000 0 1 0 650 693 319 10 100 0 269 34 269 34 268 2 70 70 70 70 5801 5801 5640 5640 0 15 0 @ 0 0 5 31 1819 1825 1022 1160

[15:52:10]	[Recv]	sc_p 128 1547 493637 1 3000 0 0 0 80 108 60 14 90 0 20 39 21 39 22 3 30 30 50 20 321 321 60 60 0 15 0 @ 0 0 3 0 0 0 0 1

[15:52:10]	[Recv]	sc_p 39 2120 493636 9 3000 645 0 0 753 825 416 14 90 0 344 88 332 88 322 3 39 69 89 59 7295 7295 6435 6435 0 1155 0 @ 0 0 4 39 1813 1804 1369 1990

[15:52:10]	[Recv]	sc_p 27 2123 493635 40 3000 1910 2 0 558 670 70 0 70 0 260 232 252 232 253 4 45 55 35 65 8136 8136 4940 4940 0 161059 0 @ 0 0 3 20 1804 1797 9 500

[15:52:10]	[Recv]	sc_p 24 846 493634 1 3000 0 0 0 424 482 237 5 160 0 143 54 145 54 143 1 85 50 60 65 3161 3161 3000 3000 0 15 0 @ 0 0 3 21 1797 1825 221 540

[15:52:10]	[Recv]	sc_p 65 545 493633 15 3000 0 0 0 587 644 307 9 120 0 234 101 237 101 228 0 22 22 22 22 16963 16963 4319 4319 0 5256 0 @ 0 0 3 30 1812 1804 0 1080

[15:52:10]	[Recv]	sc_n 5 2618 493632 99 1000 428143800 -1 -1 -1 -1 0 0 0 0 235 235 147 0 0 0 117 147 73 147 58 2 0 0 0 0 29396 29396 3805 3805 0 428143800 @ -1 0 -1 -1 -1 -1 0 15

[15:52:10]	[Recv]	sc_p 119 779 493631 1 3000 0 2 0 538 595 70 4 70 0 198 34 200 34 198 3 42 42 67 -18 4461 4461 4260 4260 0 15 0 @ 0 0 3 30 1825 1819 0 1080

[15:52:10]	[Recv]	sc_p 32 784 493630 94 3000 2618 2 0 861 1099 70 4 70 0 483 499 464 499 426 1 77 42 57 57 24758 24758 6240 6240 0 72875950 0 @ 0 0 3 30 1798 1811 0 1080

[15:52:10]	[Recv]	sc_p 45 801 493629 1 3000 0 0 0 56 59 39 14 90 0 54 41 43 41 29 3 5 2 10 15 296 296 150 150 0 15 0 @ 0 0 3 1 0 0 0 90

[15:52:10]	[Recv]	sc_p 127 803 493628 1 3000 0 0 0 30 60 30 10 100 0 17 34 19 34 17 3 70 50 70 50 460 460 60 60 0 15 0 @ 0 0 4 0 0 0 0 1

[15:52:10]	[Recv]	sc_p 100 806 493627 1 3000 0 0 0 980 1058 510 24 110 0 420 43 424 43 420 2 76 96 66 66 9481 9481 9060 9060 0 15 0 @ 0 0 5 50 1813 1800 0 3820

[15:52:10]	[Recv]	sc_p 104 535 493626 1 3000 0 2 0 280 308 70 14 75 0 127 44 129 44 127 2 -6 12 9 8 2621 2621 2460 2460 0 15 0 @ 0 0 2 20 1811 1797 0 500

[15:52:10]	[Recv]	sc_p 51 205 493625 48 3000 0 2 0 295 339 70 15 50 0 174 266 158 266 192 2 43 49 30 12 2900 2900 2509 2509 0 476535 0 @ 0 0 3 1 0 0 0 90

[15:52:10]	[Recv]	sc_n 1 417 493624 99 1000 428143800 -1 -1 -1 -1 0 0 2 0 255 255 0 0 0 0 83 157 78 157 127 2 0 0 0 0 15863 14963 17988 17088 0 428143800 Princesa^Sakura -1 0 -1 -1 -1 -1 0 0

[15:52:10]	[Recv]	sc_p 156 333 493623 1 3000 0 0 0 32 40 27 4 70 0 18 31 17 31 13 0 0 0 0 0 156 156 10 10 0 15 0 @ 0 0 1 0 0 0 0 1

[15:52:10]	[Recv]	sc_p 94 85 493622 30 3000 0 2 0 178 236 70 0 0 0 85 178 95 178 102 1 17 5 5 6 1856 1856 895 895 0 58776 0 @ 0 0 4 1 0 0 0 90

[15:52:10]	[Recv]	sc_p 12 1384 493621 94 3000 1 2 0 895 1063 70 4 70 0 445 499 383 499 421 0 54 44 24 74 40861 40861 15560 15560 0 72875950 0 @ 0 10 2 20 1825 1797 0 500

[15:52:10]	[Recv]	sc_p 136 333 493620 1 3000 0 0 0 32 40 27 4 70 0 18 31 17 31 13 0 0 0 0 0 156 156 10 10 0 15 0 @ 0 0 1 0 0 0 0 1

[15:52:10]	[Recv]	sc_p 169 616 493619 1 3000 0 0 0 50 68 30 4 70 0 17 34 19 34 17 3 70 70 70 70 271 271 60 60 0 15 0 @ 0 0 2 0 0 0 0 1

[15:52:10]	[Recv]	sc_p 22 671 493618 94 3000 163 2 0 1002 1210 70 16 170 0 498 501 470 501 496 1 67 27 37 57 29288 29288 16458 16458 0 72875950 0 @ 0 7 3 30 1819 1797 0 1080

[15:52:10]	[Recv]	sc_p 79 840 493617 1 3000 0 0 0 423 456 224 5 70 0 203 35 215 35 188 2 6 10 8 7 4021 4021 3740 3740 0 15 0 @ 0 0 4 23 1811 1797 629 630

[15:52:10]	[Recv]	sc_p 33 762 493616 94 3000 1 0 0 856 1050 620 5 60 0 437 495 387 495 346 4 74 44 44 74 35737 35737 4440 4440 0 72875950 0 @ 0 3 2 20 1818 1804 0 500

[15:52:10]	[Recv]	sc_p 139 333 493615 1 3000 0 0 0 32 40 27 4 70 0 18 31 17 31 13 0 0 0 0 0 156 156 10 10 0 15 0 @ 0 0 1 0 0 0 0 1

[15:52:10]	[Recv]	sc_p 74 838 493614 1 3000 0 2 0 350 377 70 4 70 0 117 34 119 34 117 2 54 84 64 54 2641 2641 2460 2460 0 15 0 @ 0 0 2 20 1804 1811 0 500

[15:52:10]	[Recv]	sc_p 47 841 493613 1 3000 0 2 0 380 408 70 0 0 0 117 34 119 34 117 4 54 64 54 84 2671 2671 2460 2460 0 15 0 @ 0 0 2 20 1804 1811 0 500

[15:52:10]	[Recv]	sc_p 42 2697 493612 94 3000 1 2 5 953 1141 70 0 0 6 463 560 468 560 450 4 36 26 6 94 25901 25901 12756 12756 0 72875950 0 @ 0 18 3 25 1825 1804 505 740

[15:52:10]	[Recv]	sc_p 29 2701 493611 94 3000 1 1 0 982 1140 958 8 200 0 493 564 507 564 423 1 17 7 17 17 25038 25038 6240 6240 0 72875950 0 @ 0 0 3 30 1825 1812 0 1080

[15:52:10]	[Recv]	sc_p 99 2 493610 10 3000 0 0 0 94 118 81 15 50 0 53 77 25 77 42 0 10 0 0 2 811 811 229 229 0 1518 0 @ 0 0 4 1 0 0 0 90

[15:52:10]	[Recv]	sc_p 123 1 493609 7 3000 0 0 0 424 442 242 15 50 0 190 64 167 64 184 0 17 6 6 8 4003 4003 3685 3685 0 612 0 @ 0 0 3 26 1825 1804 566 800

[15:52:10]	[Recv]	sc_p 28 136 493608 23 3000 12427 0 0 547 603 351 4 70 0 257 145 277 145 266 0 57 57 57 57 5005 5005 4425 4425 0 25680 0 @ 0 0 3 30 1798 1818 0 1080

[15:52:10]	[Recv]	sc_p 14 752 493607 1 3000 0 0 0 280 303 154 2 60 0 125 34 124 34 122 1 59 39 44 44 2850 2850 2460 2460 0 15 0 Ardilla^toro 0 0 2 20 1797 1811 0 500

[15:52:10]	[Recv]	sc_p 95 0 493606 1 3000 0 0 0 608 616 315 15 50 0 270 31 244 31 265 0 22 9 10 9 5916 5916 5770 5770 0 15 0 @ 0 0 4 36 1799 1811 520 1630

[15:52:10]	[Recv]	inv 0 0.4504.0.0.0.0 1.4707.2.0.1.0 2.4129.0.0.0.0 3.4503.0.0.0.0 4.34.5.0.0.0 5.4642.0.0.0.0 10.8029.0.0.0.0 12.4929.0.0.0.0 17.4572.0.0.0.0 24.8520.0.0.0.0 25.4616.0.0.0.0 26.4382.0.0.0.0 27.4439.0.0.0.0 28.4568.0.0.0.0 29.4529.0.0.0.0 30.8518.0.0.0.0 31.4660.0.0.0.0 32.4384.0.0.0.0 33.4441.0.0.0.0 34.4380.0.0.0.0 35.4268.0.0.0.0 36.4538.0.0.0.0 37.4443.0.0.0.0 47.8522.0.13.91.0 48.8150.0.0.0.0 49.4975.0.0.0.0 52.911.0.9.0.0 53.4498.0.0.0.0 58.908.0.0.0.0 59.4582.0.9.46.0 64.4099.0.15.0.0 65.8580.0.0.0.0 66.4993.0.0.0.0 67.4993.0.0.0.0 70.4575.0.0.0.0 71.4562.0.0.0.0 79.8040.0.0.0.0 80.8041.0.0.0.0 101.4805.0.0.0.0 102.8037.0.0.0.0 103.4805.0.0.0.0 104.4825.0.0.0.0 105.4825.0.0.0.0 106.4825.0.0.0.0 107.4825.0.0.0.0

[15:52:10]	[Recv]	inv 1 0.1881.2 1.5929.23 2.1027.999 3.1873.1 4.5959.8 5.1028.2 6.1025.133 8.1012.999 9.1013.97 10.1092.5 11.1243.6 12.1241.149 13.1015.907 14.5949.1 15.5948.2 16.1248.128 17.1078.32 18.1027.999 19.9589.1 20.1026.54 21.9565.2 22.9149.1 23.1004.112 24.9023.3 25.9058.1 26.1242.16 27.5332.1 28.5119.2 29.9020.3 30.5997.1 31.5986.37 32.1900.1 33.5769.1 34.5947.4 35.1249.19 36.5836.1 37.5858.2 38.1429.380 39.5770.1 40.5862.9 41.5768.1 42.5712.1 43.1010.55 44.1027.223 45.9110.3 46.5750.1 47.9564.1 48.9762.2 50.1286.66 51.1011.244 52.1007.46 53.9274.1 54.9943.99 55.1899.4 56.1896.1 57.1030.136 58.1248.989 59.1892.1 61.1246.135 62.1012.19 63.9554.690 65.9554.999 66.5370.5 67.1901.20 69.5879.6 70.1029.1 71.1007.999 72.1247.45 73.9088.1 74.1872.2 75.5919.1 76.5871.2 77.5868.1 78.5880.16 79.5762.178 80.1016.535 81.1429.999 82.9540.48 84.9070.1 87.1296.16 88.1122.49 89.9556.65 92.1014.621 93.1014.999 94.1014.999 95.1014.999 102.9574.1 103.13200.1 104.9287.1 107.13208.62

[15:52:10]	[Recv]	inv 2 0.2320.4 1.2474.2 2.2801.9 3.2800.18 4.2799.11 5.2480.156 6.2479.453 7.2311.43 8.2307.120 9.2071.624 10.2576.20 11.2619.80 12.2575.5 13.2574.20 14.2523.8 15.2522.10 16.2072.193 17.2481.198 18.2295.15 19.2361.27 20.2123.8 21.2158.6 22.2617.43 23.2635.11 24.2627.1 25.2632.12 26.2088.8 27.2077.295 28.2115.2 29.2489.252 30.2577.1 31.2285.105 32.2705.28 33.2410.90 34.2643.312 35.2677.1 36.2642.23 37.2656.1 38.2117.244 39.10031.2 40.2192.2 41.2160.30 42.2206.13 43.2411.149 44.2412.2 45.2539.5 46.2416.115 47.2626.1 48.2282.771 49.2639.3 50.2348.1 51.2631.10 52.2408.20 54.2349.2 55.2483.10 56.2308.20 57.2900.40 58.2170.2 59.2901.2 62.10410.10 73.2684.2 74.2682.10 75.2686.2 76.2703.32 77.2694.6 78.2680.6 79.2681.22 80.2697.4 81.2685.18 82.2683.13 83.2695.4 84.2700.16 85.2693.14 86.2678.37 87.2699.36 88.2679.10 89.2689.14 99.2173.3 101.2707.2 102.2673.468 108.2089.876 109.2089.503 110.2329.550 120.2666.6 121.2667.6 122.2668.27 123.2669.1 130.2614.185 131.2615.908 132.2083.723 133.2083.229 134.2083.999 135.2083.999 136.2615.415 137.2615.999 138.2083.999 139.2083.999 140.2083.999

[15:52:10]	[Recv]	inv 3 0.3104.1 1.3005.1 2.3201.1 3.3114.1 4.3175.1 5.3125.1 6.3212.1 7.3215.1 8.3226.1 9.3114.1 10.3193.1 11.3161.1 12.3219.1 13.3207.1 14.3128.1 15.3179.1 16.3134.1 17.3174.1 18.3200.1 19.3197.1 20.3113.1 21.3113.1 22.3177.1 23.3145.1 24.3114.1 25.3164.1 26.3156.1 27.3000.1 28.3002.1 29.3120.1 30.3103.1 31.3028.1 32.3023.1 33.3179.1 34.3173.1 35.3173.1 36.3224.1 37.3154.1 38.3176.1 39.3210.1 40.3230.1 41.3156.1 42.3136.1 43.3133.1 44.3201.1 45.3136.1 46.3188.1 47.3142.1 48.3203.1 49.3137.1

[15:52:10]	[Recv]	mlobjlst 0.0.0.0.4.2.0.100.0.0 1.0.0.0.4.2.0.100.0.0 2.0.0.0.2.2.0.100.0.0 3.0.0.0.0.0.0.100.0.0 4.0.0.0.0.0.0.100.0.0 5.1.6.22.5.3.11945.100.0.1 6.0.0.0.0.0.0.100.0.0 7.0.0.0.0.0.0.100.0.0 8.1.12.15.0.0.0.100.0.0 9.0.0.0.0.0.0.100.0.0 10.1.21.8.0.0.0.100.0.0 11.0.0.0.0.0.0.100.0.0 12.1.10.10.0.0.0.100.0.0 13.1.4.9.0.0.0.100.0.0 14.1.6.27.5.3.5525.100.0.1 15.0.0.0.0.0.0.100.0.0 16.0.0.0.5.2.0.100.0.0 17.0.0.0.0.0.0.100.0.0 18.1.21.14.0.0.0.100.0.0 19.0.0.0.0.0.0.100.0.0 20.0.0.0.3.0.0.100.0.0 21.1.7.3.3.0.0.100.0.0 22.0.0.0.0.0.0.100.0.0 23.0.0.0.0.0.0.100.0.0 24.1.27.15.0.0.0.100.0.0 25.0.0.0.0.0.0.100.0.0 26.1.16.9.2.1.0.100.0.0 27.0.0.0.8.3.0.100.0.0 28.0.0.0.5.2.0.100.0.0 29.1.12.27.2.2.3000.100.0.1 30.0.0.0.5.2.0.100.0.0 31.1.8.12.0.0.0.100.0.0 32.0.0.0.2.1.0.100.0.0 33.0.0.0.0.0.0.100.0.0 34.0.0.0.0.0.0.100.0.0 35.0.0.0.0.0.0.100.0.0 36.0.0.0.5.2.0.100.0.0 37.0.0.0.2.1.0.100.0.0 38.0.0.0.0.0.0.100.0.0 39.1.4.6.0.0.0.100.0.0 40.0.0.0.3.0.0.100.0.0 41.1.16.6.2.1.0.100.0.0 42.1.21.4.5.2.0.100.0.0 43.1.24.6.8.3.0.100.0.0 44.1.24.11.2.2.0.100.0.0 45.0.0.0.5.2.0.100.0.0 46.1.10.6.2.0.0.100.0.0 47.0.0.0.0.0.0.100.0.0 48.1.30.11.2.2.0.100.0.0 49.1.31.3.4.2.0.100.0.0

[15:52:10]	[Recv]	inv 6 0.907.0.14.0 1.4803.0.0.0 2.4416.0.0.0 3.900.0.14.0 4.907.0.0.0 5.4493.0.0.0 6.4498.0.0.0 7.4804.0.0.0 8.4498.0.0.0 9.4501.0.0.0 10.4498.0.0.0 11.4493.0.0.0 12.4493.0.0.0 13.4493.0.0.0 14.4488.0.0.0 15.4804.0.0.0 16.4491.0.0.0 17.4489.0.0.0 18.4099.0.0.0 19.4099.0.0.0 20.8237.0.0.0 21.8236.0.0.0 22.8235.0.0.0 23.8235.0.0.0 24.8231.0.0.0 25.8228.0.0.0 26.8227.0.0.0 27.8227.0.0.0 28.8224.0.0.0 29.4498.0.0.0 30.8238.0.0.0 31.4821.0.0.0 32.4819.0.0.0 33.4813.0.0.0 34.4813.0.0.0 35.4813.0.0.0 36.4810.0.0.0 37.4806.0.0.0 38.4806.0.0.0 39.4800.0.0.0 40.4800.0.0.0 41.4800.0.0.0 42.4325.0.0.0 43.4324.0.0.0 44.4817.0.0.0

[15:52:10]	[Recv]	inv 7 0.8362.0.0.0 1.8550.0.0.0 2.8265.0.0.0 3.8206.0.0.0 4.4384.0.0.0 5.8139.0.0.0 6.8138.0.0.0 7.8135.0.0.0 8.8134.0.0.0 9.4108.0.0.0 10.8133.0.0.0 11.8122.0.0.0 12.8100.0.0.0 13.8074.0.0.0 14.8072.0.0.0 15.8071.0.0.0 16.8071.0.0.0 17.4433.0.0.0 18.4392.0.0.0 19.4308.0.0.0 20.4308.0.0.0 21.4308.0.0.0 22.4308.0.0.0 23.4258.0.0.0 24.4177.0.0.0 25.4075.0.0.0 26.4075.0.0.0 27.8182.0.0.0 28.8188.0.0.0 29.8188.0.0.0 30.8188.0.0.0 31.8160.0.0.0 32.8150.0.0.0 33.8150.0.0.0 34.8150.0.0.0 35.8150.0.0.0 36.8142.0.0.0 37.8142.0.0.0 38.8142.0.0.0 39.8123.0.0.0 40.8104.0.0.0 41.8104.0.0.0 42.8082.0.0.0 43.8081.0.0.0 44.8056.0.0.0 45.8053.0.0.0 46.4527.0.0.0 47.4429.0.0.0 48.4266.0.0.0 49.4260.0.0.0 50.4179.0.0.0 52.8263.0.0.0 53.8257.0.0.0 54.8253.0.0.0 55.4354.0.0.0 56.4531.0.0.0 57.4310.0.0.0 58.4382.0.0.0 59.4115.0.0.0

[15:52:10]	[Recv]	gold 182275314 0

[15:52:10]	[Recv]	qslot 0 1.1.2 1.1.3 1.1.4 1.1.5 1.1.7 1.1.41 1.1.42 1.1.38 1.1.39 0.-1.-1 0.1.30 0.1.58 0.1.19 1.1.17 1.3.976 0.-1.-1 0.-1.-1 0.-1.-1 0.-1.-1 0.-1.-1 1.3.12 1.1.1 0.-1.-1 0.2.16 1.1.38 1.1.39 0.-1.-1 0.-1.-1 0.-1.-1 0.-1.-1

[15:52:10]	[Recv]	qslot 1 7.7.-1 7.7.-1 7.7.-1 7.7.-1 7.7.-1 0.-1.-1 7.7.-1 7.7.-1 1.3.12 7.7.-1 7.7.-1 7.7.-1 7.7.-1 7.7.-1 7.7.-1 7.7.-1 7.7.-1 7.7.-1 7.7.-1 7.7.-1 7.7.-1 7.7.-1 7.7.-1 7.7.-1 7.7.-1 7.7.-1 7.7.-1 7.7.-1 7.7.-1 7.7.-1

[15:52:10]	[Recv]	finit 3654050|0|0|Ambro420 4371592|0|0|STa®†a©R 1246372|0|0|!Ice! 3467154|0|0|[St]Grippato 2935710|0|0|#Rey1# 1216152|0|0|^Lionello^ 3559057|0|0|~Frizz 4286434|0|0|Salvanto2 4357105|0|0|•Rosengarten 3343263|0|0|Ansatsu 2939098|0|0|GorGoJo 1638277|0|0|Memed 2360335|0|0|All730 2460434|0|0|Jon07 1213513|0|0|Anny_ 1189318|0|0|VelveD 957916|5|0|lusikill 2602125|0|0|Omega~ 2620775|0|0|·Tenzo 4338026|0|0|redelfuoco9 3744876|0|0|MoMbe13 6822110|0|0|^PDW^ 5656845|0|0|$$PDW$$

[15:52:10]	[Recv]	blinit 6936370|JiggyFlopas 5597358|AanguS 7046424|Soskeksmju5 2954127|El_FurroGalego 6985924|*-Chiyoko-* 6789343|IamOP 6851239|llllllllillli 4435528|Fiorellino3 6793458|natySdeSfresa 6528812|Yuruki 6851162|illiilliliili 2577646|»»newlegend«« 671470|N!KE! 6801633|-VisuaL- 4302648|~Daiwa~ 6859785|NULve~~ 6816269|$Tmix$ 2622076|°Tenedor° 6851163|lilililllilil 6917403|Soosil55 3664062|VonGoethe 6819548|PowNey 6807655|Oxdoch 6814885|gfsdjruyk 6896703|_Natalie_ 4622693|SneakyLucznik 6902360|DoremonKÝMAQ 6810877|MagoFerroso 6800695|beroabi 3571564|•Paragrn 6928360|~Ruffytaro~ 3772822|~Virgo 6814034|»Bromazepam 576105|Mage[Roman] 7046345|Sisjeu5

[15:52:10]	[Recv]	p_clear

[15:52:10]	[Recv]	sc_p 67 728 493785 35 3000 0 0 0 552 616 396 8 142 0 268 201 276 201 261 3 30 30 33 18 30143 30143 4224 4224 0 93516 0 @ 0 0 3 27 1818 1825 490 860

[15:52:10]	[Recv]	sc_n 4 2640 493784 94 1000 473672 991.2.4 996.0.10 317.0.5 321.0.5 0 0 1 4 566 686 820 9 160 10 201 555 264 555 248 1 0 0 96 0 15310 17310 10544 10544 0 291503800 @ -1 0 4812.100 1318.3 1319.3 1320.7 0 1 0

[15:52:10]	[Recv]	sc_n 6 2673 493783 94 1000 102761607 4779.5.0 4780.5.0 -1 -1 0 0 2 0 1123 1254 70 0 0 0 625 760 740 760 914 3 14 14 14 14 9451 19451 13260 22260 0 291503800 @ 2705 0 4405.100 1602.1 1603.4 1604.7 0 0 19

[15:52:10]	[Recv]	sc_p 112 2681 493782 1 3000 0 0 0 500 548 246 6 80 0 204 39 204 39 201 1 77 47 57 77 4571 4571 4260 4260 0 15 0 @ 0 0 3 30 1797 1805 0 1080

[15:52:10]	[Recv]	sc_p 34 80 493781 1 3000 0 2 0 40 61 70 0 0 0 -20 31 -11 31 70 4 28 18 -8 30 316 316 250 250 0 15 0 @ 0 0 4 1 0 0 0 90

[15:52:10]	[Recv]	sc_p 93 83 493780 29 3000 0 2 0 459 513 70 0 0 0 219 171 220 171 219 0 16 17 11 20 5960 5960 3525 3525 0 53010 0 @ 0 0 4 20 1818 1797 0 500

[15:52:10]	[Recv]	sc_p 4 2714 493779 1 3000 0 0 0 425 473 215 10 70 0 175 41 174 41 171 2 41 81 26 61 3821 3821 3560 3560 0 15 0 Lusi<3 0 0 3 25 1811 1804 649 740

[15:52:10]	[Recv]	sc_p 78 2731 493778 1 3000 0 0 0 820 850 450 15 80 0 345 38 350 38 360 4 83 93 73 108 7621 7621 7260 7260 0 15 0 @ 0 0 5 40 1805 1820 3 2130

[15:52:10]	[Recv]	sc_p 19 3107 493777 2 3000 23 0 0 187 217 92 4 70 0 76 36 75 36 65 3 62 82 72 72 1545 1545 1215 1215 0 42 0 @ 0 0 2 10 1811 0 189 210

[15:52:10]	[Recv]	sc_p 31 3125 493776 94 3000 1 1 0 767 985 990 14 90 0 393 643 427 643 336 1 62 32 52 52 30645 30645 5741 5741 0 72875950 0 @ 0 2 2 14 1797 0 75 300

[15:52:10]	[Recv]	sc_p 37 3125 493775 94 3000 1 1 0 839 1057 1026 14 90 0 423 643 457 643 366 1 64 34 54 54 31365 31365 6461 6461 0 72875950 0 @ 0 0 2 20 1797 1818 0 500

[15:52:10]	[Recv]	sc_p 163 1549 493774 1 3000 0 0 0 130 178 80 18 150 0 27 45 21 45 27 3 70 70 80 60 221 221 65 65 0 15 0 @ 0 0 4 0 0 0 0 1

[15:52:10]	[Recv]	sc_p 164 1550 493773 1 3000 0 0 0 82 100 37 10 100 0 21 36 22 36 18 3 50 60 80 70 356 356 10 10 0 15 0 @ 0 0 3 0 0 0 0 1

[15:52:10]	[Recv]	sc_p 171 1551 493772 1 3000 0 0 0 130 188 130 18 150 0 22 74 24 74 19 2 60 80 70 70 441 441 70 70 0 15 0 @ 0 0 4 0 0 0 0 1

[15:52:10]	[Recv]	sc_p 113 3128 493771 1 3000 0 2 0 448 556 70 0 0 0 181 34 184 34 185 2 66 86 56 56 4251 4251 3840 3840 0 15 0 @ 0 0 3 27 1825 1797 73 860

[15:52:10]	[Recv]	sc_p 103 3148 493770 1 3000 0 0 0 86 134 64 29 120 0 29 36 27 36 21 3 50 50 70 40 446 446 150 150 0 15 0 @ 0 0 3 1 0 0 0 90

[15:52:10]	[Recv]	sc_p 36 3150 493769 1 3000 0 1 0 432 530 256 24 100 0 173 40 178 40 173 2 55 75 65 65 3961 3961 3585 3585 0 15 0 @ 0 0 4 22 1825 1811 469 590

[15:52:10]	[Recv]	sc_p 35 2684 493768 94 3000 1 1 0 1050 1223 1048 4 70 0 487 619 524 619 483 2 77 87 67 67 26551 26551 15375 15375 0 72875950 0 @ 0 0 3 30 1812 1804 0 1080

[15:52:10]	[Recv]	sc_p 2 2696 493767 94 3000 1 0 0 1036 1216 757 15 170 0 507 542 489 542 447 4 27 37 7 95 33065 33065 8256 8256 0 72875950 0 @ 0 17 3 30 1804 1812 0 1080

[15:52:10]	[Recv]	sc_p 48 1470 493766 95 3000 15358514 0 0 1432 1624 1011 19 95 0 660 676 671 676 575 3 60 50 80 60 52179 52179 11980 11980 0 78866350 0 @ 0 0 4 40 1814 1804 0 2130

[15:52:10]	[Recv]	sc_p 17 2696 493765 94 3000 1 0 0 1036 1216 757 15 170 0 507 542 489 542 447 4 27 37 7 95 33065 33065 8256 8256 0 72875950 0 @ 0 9 3 30 1811 1805 0 1080

[15:52:10]	[Recv]	sc_p 80 1456 493764 1 3000 0 1 0 623 703 280 19 110 0 208 42 219 42 222 1 76 46 56 56 4700 4700 4725 4725 0 15 0 @ 0 0 4 25 1825 1797 311 740

[15:52:10]	[Recv]	sc_p 26 1446 493763 94 3000 1 2 0 982 1230 70 34 100 0 456 552 496 552 498 2 27 87 67 57 14126 14126 16458 16458 0 72875950 0 @ 0 13 3 30 1798 1811 0 1080

[15:52:10]	[Recv]	sc_p 70 754 493762 53 3000 0 0 0 542 634 617 9 165 0 263 301 280 301 250 2 38 38 38 38 41888 41888 3307 3307 0 733605 0 @ 0 0 2 20 1825 1797 0 500

[15:52:10]	[Recv]	sc_p 43 2682 493761 94 3000 1 0 0 1048 1246 711 6 80 0 522 504 469 504 427 4 67 57 47 77 40463 40463 6240 6240 0 72875950 0 @ 0 11 3 30 1826 1804 0 1080

[15:52:10]	[Recv]	sc_p 114 2683 493760 1 3000 0 1 0 540 563 250 4 70 0 197 34 199 34 197 3 67 77 87 67 4521 4521 4260 4260 0 15 0 @ 0 0 3 30 1798 1804 0 1080

[15:52:10]	[Recv]	sc_p 41 2682 493759 94 3000 1 0 0 1048 1246 711 6 80 0 522 504 469 504 427 4 67 57 47 77 40463 40463 6240 6240 0 72875950 0 @ 0 19 3 30 1819 1811 0 1080

[15:52:10]	[Recv]	sc_p 46 1470 493758 94 3000 11056410 0 0 1298 1488 940 19 95 0 599 669 610 669 515 3 58 48 78 58 50002 50002 10551 10551 0 72875950 0 @ 0 5 4 32 1826 1804 709 1240

[15:52:10]	[Recv]	sc_p 7 2708 493757 94 3000 150447 0 1 908 1116 696 14 90 4 460 550 428 550 375 3 65 65 75 55 38913 38913 5790 5790 0 72875950 0 Oso^polar^Grunidos 0 0 3 20 1797 1818 11 500

[15:52:10]	[Recv]	sc_p 101 714 493756 1 3000 0 0 0 790 853 410 22 90 0 341 39 343 39 339 3 63 63 93 73 7681 7681 7260 7260 0 15 0 @ 0 0 5 40 1805 1827 9 2130

[15:52:10]	[Recv]	sc_p 61 821 493755 1 3000 0 0 0 286 298 160 10 100 0 117 34 119 34 117 0 6 6 6 6 2771 2771 2460 2460 0 15 0 @ 0 0 2 20 1811 1818 0 500

[15:52:10]	[Recv]	sc_p 40 692 493754 7 3000 60 0 0 319 354 186 4 70 0 135 71 136 71 131 4 34 34 49 49 2991 2991 2508 2508 0 612 0 @ 0 0 2 20 1804 1811 0 500

[15:52:10]	[Recv]	sc_p 25 176 493753 94 3000 1254 0 0 706 864 615 4 70 0 379 499 384 499 343 2 4 4 4 4 14475 14475 4440 4440 0 72875950 0 @ 0 14 2 20 1818 1825 0 500

[15:52:10]	[Recv]	sc_p 121 204 493752 43 3000 0 2 0 567 603 70 0 0 0 298 241 277 241 306 2 45 57 35 20 6111 6111 4772 4772 0 266490 0 @ 0 0 4 20 1804 1825 0 500

[15:52:10]	[Recv]	sc_p 3 157 493751 1 3000 0 0 0 270 308 150 15 170 0 117 34 119 34 117 4 24 24 -16 54 3021 3021 2460 2460 0 15 0 Ardilla^gladiadora 0 0 2 20 1804 1811 0 500

[15:52:10]	[Recv]	sc_p 50 97 493750 3 3000 1 1 0 702 714 381 4 70 0 319 42 319 42 314 0 3 17 12 20 6855 6855 6680 6680 0 90 0 @ 0 0 5 37 1820 1797 60 1740

[15:52:10]	[Recv]	sc_p 55 7 493749 30 3000 0 0 0 1371 1423 786 15 50 0 699 190 707 190 659 3 40 30 50 35 16876 16876 15444 15444 0 58776 0 @ 0 0 6 60 1829 1814 0 100

[15:52:10]	[Recv]	sc_p 115 9 493748 1 3000 0 0 0 437 435 227 4 70 0 213 31 192 31 188 0 6 6 9 19 4156 4156 4010 4010 0 15 0 @ 0 0 4 25 1818 1804 80 740

[15:52:10]	[Recv]	sc_p 102 1488 493747 96 368 33600344 0 0 1550 1730 1032 19 95 0 746 563 719 563 661 3 66 76 96 66 46463 46463 12100 12100 0 84982200 0 @ 0 0 5 50 1812 1829 0 3820

[15:52:10]	[Recv]	sc_p 91 200 493746 42 3000 0 0 0 854 898 540 6 130 0 376 248 379 248 375 0 17 19 16 18 9733 9733 6525 6525 0 229706 0 @ 0 0 4 37 1813 1804 1370 1740

[15:52:10]	[Recv]	sc_p 84 669 493745 1 3000 0 2 0 144 201 70 4 70 0 27 35 29 35 25 3 60 50 80 50 501 501 220 220 0 15 0 @ 0 0 4 1 0 0 0 90

[15:52:10]	[Recv]	sc_p 92 82 493744 26 3000 0 2 0 168 216 70 0 0 0 64 156 79 156 91 0 12 15 8 12 1091 1091 1008 1008 0 37860 0 @ 0 0 4 1 0 0 0 90

[15:52:10]	[Recv]	sc_p 124 12 493743 13 3000 0 0 0 111 134 97 2 70 0 77 93 59 93 66 1 12 -7 0 8 886 886 279 279 0 3045 0 @ 0 0 4 1 0 0 0 90

[15:52:10]	[Recv]	sc_p 97 11 493742 6 3000 0 0 0 77 83 62 4 70 0 59 58 39 58 32 0 0 0 4 12 496 496 198 198 0 420 0 @ 0 0 4 1 0 0 0 90

[15:52:10]	[Recv]	sc_p 116 96 493741 1 3000 0 1 0 43 51 42 4 70 0 25 31 24 31 20 0 -10 2 0 2 316 316 170 170 0 15 0 @ 0 0 4 1 0 0 0 90

[15:52:10]	[Recv]	sc_p 30 682 493740 2 3000 0 0 0 537 567 250 2 60 0 206 38 205 38 200 2 57 57 57 57 4545 4545 4265 4265 0 42 0 @ 0 0 3 30 1826 1804 0 1080

[15:52:10]	[Recv]	sc_p 8 670 493739 97 3000 19789695 2 2 1093 1265 70 4 70 8 559 604 523 604 576 2 67 87 77 67 50845 50845 31831 31831 0 92185200 1 Fibi^Friggus 0 0 3 30 1798 1825 0 1080

[15:52:11]	[Recv]	sc_p 111 31 493738 1 3000 0 0 0 450 464 237 4 80 0 198 31 201 31 193 0 7 7 7 7 4356 4356 4210 4210 0 15 0 @ 0 0 3 30 1805 1811 0 1080

[15:52:11]	[Recv]	sc_p 149 333 493737 1 3000 0 0 0 32 40 27 4 70 0 18 31 17 31 13 0 0 0 0 0 156 156 10 10 0 15 0 @ 0 0 1 0 0 0 0 1

[15:52:11]	[Recv]	sc_p 86 644 493736 1 3000 0 2 0 144 201 70 4 70 0 27 35 29 35 25 3 60 50 80 50 501 501 220 220 0 15 0 @ 0 0 4 1 0 0 0 90

[15:52:11]	[Recv]	sc_p 73 64 493735 1 3000 0 0 0 442 475 237 4 100 0 205 31 194 31 193 0 -3 12 12 14 4356 4356 4210 4210 0 15 0 @ 0 0 3 30 1804 1798 0 1080

[15:52:11]	[Recv]	sc_p 5 683 493734 99 2631 107035950 0 0 1562 1783 1044 19 100 9 758 579 725 579 668 2 76 86 66 76 48684 48684 12270 12270 1 107035950 1 Lunould 0 0 5 50 1828 1799 0 3820

[15:52:11]	[Recv]	sc_p 1 581 493733 94 3000 1 2 0 681 916 70 4 70 0 379 499 384 499 343 2 24 64 54 54 14615 14615 4440 4440 0 72875950 0 Ardilla^marinera 0 16 2 20 1797 1825 0 500

[15:52:11]	[Recv]	sc_p 120 778 493732 1 3000 0 2 0 198 255 70 4 70 0 50 35 52 35 48 3 46 46 71 -16 1041 1041 760 760 0 15 0 @ 0 0 3 5 0 0 47 130

[15:52:11]	[Recv]	sc_p 59 10 493731 1 3000 0 0 0 137 135 77 4 70 0 78 31 57 31 53 0 2 2 4 17 1156 1156 1010 1010 0 15 0 @ 0 0 1 10 1811 0 0 210

[15:52:11]	[Recv]	sc_p 49 10 493730 1 3000 0 0 0 629 627 323 4 70 0 297 31 276 31 272 0 9 9 11 24 6076 6076 5930 5930 0 15 0 @ 0 0 4 37 1811 1820 1360 1740

[15:52:11]	[Recv]	sc_p 108 813 493729 1 3000 0 0 0 104 124 42 5 80 0 41 44 39 44 32 3 60 70 80 60 861 861 300 300 0 15 0 @ 0 0 2 2 0 0 17 100

[15:52:11]	[Recv]	sc_p 131 616 493728 1 3000 0 0 0 50 68 30 4 70 0 17 34 19 34 17 3 70 70 70 70 271 271 60 60 0 15 0 @ 0 0 2 0 0 0 0 1

[15:52:11]	[Recv]	sc_p 11 815 493727 1 3000 0 0 0 322 368 165 15 200 0 140 42 128 42 126 1 84 64 64 74 3071 3071 2460 2460 0 15 0 @ 0 0 2 20 1818 1825 0 500

[15:52:11]	[Recv]	sc_p 166 616 493726 1 3000 0 0 0 50 68 30 4 70 0 17 34 19 34 17 3 70 70 70 70 271 271 60 60 0 15 0 @ 0 0 2 0 0 0 0 1

[15:52:11]	[Recv]	sc_p 129 632 493725 1 3000 0 0 0 50 68 30 4 70 0 17 34 19 34 17 3 70 70 70 70 271 271 60 60 0 15 0 @ 0 0 2 0 0 0 0 1

[15:52:11]	[Recv]	sc_p 66 544 493724 20 3000 0 0 0 847 926 452 6 140 0 347 126 352 126 341 0 30 30 30 30 23088 23088 6581 6581 0 16146 0 @ 0 0 4 40 1819 1813 0 2130

[15:52:11]	[Recv]	sc_p 110 536 493723 1 3000 0 0 0 40 40 21 4 70 0 48 57 45 57 37 3 0 0 10 10 590 590 300 300 0 15 0 @ 0 0 3 2 0 0 29 100

[15:52:11]	[Recv]	sc_p 168 615 493722 1 3000 0 0 0 50 68 30 4 70 0 17 34 19 34 17 3 70 70 70 70 271 271 60 60 0 15 0 @ 0 0 2 0 0 0 0 1

[15:52:11]	[Recv]	sc_p 148 333 493721 1 3000 0 0 0 32 40 27 4 70 0 18 31 17 31 13 0 0 0 0 0 156 156 10 10 0 15 0 @ 0 0 1 0 0 0 0 1

[15:52:11]	[Recv]	sc_p 6 2105 493720 94 3000 1 0 2 995 1197 750 4 80 4 522 581 495 581 498 1 86 66 66 76 42011 42011 19030 19030 0 72875950 1 Inferno 0 0 5 20 1797 1825 0 500

[15:52:11]	[Recv]	sc_p 88 642 493719 1 3000 0 2 0 144 201 70 4 70 0 27 35 29 35 25 3 60 50 80 50 501 501 220 220 0 15 0 @ 0 0 4 1 0 0 0 90

[15:52:11]	[Recv]	sc_p 157 2106 493718 1 3000 0 0 0 48 64 30 4 70 0 24 39 22 39 22 1 40 40 40 40 281 281 60 60 0 15 0 @ 0 0 2 0 0 0 0 1

[15:52:11]	[Recv]	sc_p 44 2107 493717 4 3000 6 0 0 501 555 255 10 70 0 206 49 207 49 204 1 77 27 47 57 4621 4621 4287 4287 0 165 0 @ 0 0 3 30 1797 1805 0 1080

[15:52:11]	[Recv]	sc_p 71 1506 493716 1 3000 0 1 0 110 153 49 10 100 0 29 34 29 34 28 1 60 60 60 60 401 401 240 240 0 15 0 @ 0 0 5 1 0 0 0 90

[15:52:11]	[Recv]	sc_p 109 673 493715 1 3000 0 2 0 224 242 70 4 70 0 96 31 95 31 93 3 23 23 53 23 2126 2126 1830 1830 0 15 0 @ 0 0 3 13 1797 0 213 270

[15:52:11]	[Recv]	sc_p 56 838 493714 5 3000 45 2 0 410 445 70 4 70 0 149 58 152 58 149 2 55 85 65 55 3205 3205 2942 2942 0 273 0 @ 0 0 3 20 1825 1811 0 500

[15:52:11]	[Recv]	sc_p 68 755 493713 47 3000 0 0 0 849 931 769 2 26 0 410 261 421 261 403 3 41 41 41 41 35305 35305 6975 6975 0 430916 0 @ 0 0 4 39 1820 1804 260 1990

[15:52:11]	[Recv]	sc_n 7 1491 493712 97 1000 177983910 4777.6.0 4782.4.0 4931.0.5 4845.4.5 0 0 0 0 1201 1306 828 15 253 0 1077 731 923 731 746 1 154 19 24 144 33317 43317 7205 7205 1 368740800 @ -1 0 4446.100 660.7 661.7 662.7 0 20 0

[15:52:11]	[Recv]	sc_p 21 3284 493711 94 3000 9 0 0 929 1177 751 24 100 0 468 556 452 556 389 3 75 75 85 65 34581 34381 5872 5672 0 72875950 0 @ 0 6 4 20 1825 1804 9 500

[15:52:11]	[Recv]	sc_p 85 667 493710 1 3000 0 2 0 144 201 70 4 70 0 27 35 29 35 25 3 60 50 80 50 501 501 220 220 0 15 0 @ 0 0 4 1 0 0 0 90

[15:52:11]	[Recv]	sc_p 69 668 493709 52 3000 0 0 0 952 1077 502 6 120 0 329 286 343 286 322 0 37 37 37 37 16600 16600 5077 5077 0 678201 0 @ 0 0 3 30 1826 1818 0 1080

[15:52:11]	[Recv]	sc_p 144 333 493708 1 3000 0 0 0 32 40 27 4 70 0 18 31 17 31 13 0 0 0 0 0 156 156 10 10 0 15 0 @ 0 0 1 0 0 0 0 1

[15:52:11]	[Recv]	sc_p 140 333 493707 1 3000 0 0 0 32 40 27 4 70 0 18 31 17 31 13 0 0 0 0 0 156 156 10 10 0 15 0 @ 0 0 1 0 0 0 0 1

[15:52:11]	[Recv]	sc_p 154 333 493706 1 3000 0 0 0 32 40 27 4 70 0 18 31 17 31 13 0 0 0 0 0 156 156 10 10 0 15 0 @ 0 0 1 0 0 0 0 1

[15:52:11]	[Recv]	sc_p 155 333 493705 1 3000 0 0 0 32 40 27 4 70 0 18 31 17 31 13 0 0 0 0 0 156 156 10 10 0 15 0 @ 0 0 1 0 0 0 0 1

[15:52:11]	[Recv]	sc_p 145 333 493704 1 3000 0 0 0 132 140 77 4 70 0 58 31 57 31 53 0 2 2 2 2 1156 1156 1010 1010 0 15 0 @ 0 0 1 10 1818 0 0 210

[15:52:11]	[Recv]	sc_p 90 3150 493703 1 3000 4 1 0 400 498 240 24 100 0 159 40 164 40 159 2 55 75 65 65 3641 3641 3265 3265 0 15 0 @ 0 0 4 20 1818 1811 11 500

[15:52:11]	[Recv]	sc_p 52 202 493702 45 3000 0 0 0 307 447 268 6 100 0 141 264 167 264 137 3 4 6 22 6 4898 4898 841 841 0 345169 0 @ 0 0 4 1 0 0 0 90

[15:52:11]	[Recv]	sc_p 83 640 493701 1 3000 0 2 0 144 201 70 4 70 0 27 35 29 35 25 3 60 50 80 50 501 501 220 220 0 15 0 @ 0 0 4 1 0 0 0 90

[15:52:11]	[Recv]	sc_p 53 203 493700 47 3000 0 0 0 903 1045 562 6 100 0 404 270 422 270 394 3 16 12 31 15 12010 12010 6655 6655 0 430916 0 @ 0 0 4 37 1797 1813 110 1740

[15:52:11]	[Recv]	sc_p 107 816 493699 1 3000 0 0 0 280 300 150 4 70 0 121 39 126 39 121 3 44 44 44 44 2720 2720 2460 2460 0 15 0 @ 0 0 2 20 1818 1825 0 500

[15:52:11]	[Recv]	sc_p 160 181 493698 55 3000 0 0 0 338 514 302 6 160 0 157 301 161 301 150 3 15 10 30 -10 9613 9613 969 969 0 850664 0 @ 0 0 2 0 0 0 0 1

[15:52:11]	[Recv]	sc_p 161 181 493697 55 3000 0 0 0 338 514 302 6 160 0 157 301 161 301 150 3 15 10 30 -10 9613 9613 969 969 0 850664 0 @ 0 0 2 0 0 0 0 1

[15:52:11]	[Recv]	sc_p 75 1538 493696 1 3000 0 0 0 1330 1388 730 18 150 0 622 74 624 74 619 2 90 110 100 100 15441 15441 15070 15070 0 15 0 @ 0 0 6 60 1819 1831 0 100

[15:52:11]	[Recv]	sc_p 138 333 493695 1 3000 0 0 0 32 40 27 4 70 0 18 31 17 31 13 0 0 0 0 0 156 156 10 10 0 15 0 @ 0 0 1 0 0 0 0 1

[15:52:11]	[Recv]	sc_p 20 844 493694 1 3000 0 2 0 380 408 70 0 0 0 117 34 119 34 117 3 64 54 84 54 2671 2671 2460 2460 0 15 0 @ 0 0 2 20 1825 1818 0 500

[15:52:11]	[Recv]	sc_p 165 844 493693 1 3000 0 2 0 140 168 70 0 0 0 17 34 19 34 17 3 60 50 80 50 271 271 60 60 0 15 0 @ 0 0 2 0 0 0 0 1

[15:52:11]	[Recv]	sc_p 13 3203 493692 1 3000 11 1 0 497 515 274 9 90 0 201 36 202 36 198 3 67 67 77 67 4556 4556 4210 4210 0 15 0 @ 0 0 3 30 1826 1818 0 1080

[15:52:11]	[Recv]	sc_p 89 641 493691 1 3000 0 2 0 144 201 70 4 70 0 27 35 29 35 25 3 60 50 80 50 501 501 220 220 0 15 0 @ 0 0 4 1 0 0 0 90

[15:52:11]	[Recv]	sc_p 122 201 493690 44 3000 0 0 0 349 397 274 6 130 0 158 246 148 246 149 0 11 8 9 10 6085 6085 1295 1295 0 304965 0 @ 0 0 4 4 0 0 70 120

[15:52:11]	[Recv]	sc_p 159 181 493689 55 3000 0 0 0 338 514 302 6 160 0 157 301 161 301 150 3 15 10 30 -10 9613 9613 969 969 0 850664 0 @ 0 0 2 0 0 0 0 1

[15:52:11]	[Recv]	sc_p 162 181 493688 55 3000 0 0 0 338 514 302 6 160 0 157 301 161 301 150 3 15 10 30 -10 9613 9613 969 969 0 850664 0 @ 0 0 2 0 0 0 0 1

[15:52:11]	[Recv]	sc_p 10 207 493687 46 3000 0 0 0 690 730 460 2 180 0 353 256 358 256 357 2 -7 28 11 14 7071 7071 6155 6155 0 387140 0 @ 0 0 4 26 1797 1804 670 800

[15:52:11]	[Recv]	sc_p 134 333 493686 1 3000 0 0 0 102 110 62 4 70 0 46 31 45 31 41 0 1 1 1 1 856 856 710 710 0 15 0 @ 0 0 1 7 0 0 119 160

[15:52:11]	[Recv]	sc_p 23 769 493685 1 3000 0 0 0 550 570 265 15 180 0 212 35 217 35 193 0 27 27 27 27 4550 4550 4260 4260 0 15 0 @ 0 0 3 30 1804 1812 0 1080

[15:52:11]	[Recv]	sc_p 132 333 493684 1 3000 0 0 0 32 40 27 4 70 0 18 31 17 31 13 0 0 0 0 0 156 156 10 10 0 15 0 @ 0 0 1 0 0 0 0 1

[15:52:11]	[Recv]	sc_p 151 333 493683 1 3000 0 0 0 32 40 27 4 70 0 18 31 17 31 13 0 0 0 0 0 156 156 10 10 0 15 0 @ 0 0 1 0 0 0 0 1

[15:52:11]	[Recv]	sc_p 96 98 493682 1 3000 0 1 0 43 51 42 4 70 0 25 31 24 31 20 0 0 0 0 0 316 316 170 170 0 15 0 @ 0 0 4 1 0 0 0 90

[15:52:11]	[Recv]	sc_p 54 206 493681 43 3000 21 0 0 1025 1061 615 2 180 0 502 241 503 241 495 2 10 34 19 24 10866 10866 8830 8830 0 266490 0 @ 0 0 5 42 1806 1819 1710 2400

[15:52:11]	[Recv]	sc_p 63 181 493680 55 3000 0 0 0 578 754 422 6 160 0 257 301 261 301 250 3 19 14 34 -6 12013 12013 3369 3369 0 850664 0 @ 0 0 2 20 1811 1825 0 500

[15:52:11]	[Recv]	sc_p 158 181 493679 55 3000 0 0 0 338 514 302 6 160 0 157 301 161 301 150 3 15 10 30 -10 9613 9613 969 969 0 850664 0 @ 0 0 2 0 0 0 0 1

[15:52:11]	[Recv]	sc_p 9 567 493678 1 3000 0 1 0 461 468 254 10 150 0 198 31 197 31 193 2 12 12 12 12 4368 4368 4224 4224 0 15 0 Hada^oval 0 0 3 30 1819 1797 0 1080

[15:52:11]	[Recv]	sc_p 60 808 493677 94 3000 325397 2 0 1222 1390 70 0 0 0 619 554 612 554 603 2 80 90 70 70 37461 37461 17575 17575 0 72875950 0 @ 0 0 4 40 1797 1828 0 2130

[15:52:11]	[Recv]	sc_n 0 317 493676 94 1000 202328 991.2.4 -1 -1 -1 0 0 1 4 558 678 801 9 160 0 88 214 107 214 79 0 0 0 0 0 16921 16921 6757 6757 0 291503800 Bob 1100 0 8239.0 0.0 0.0 0.0 0 12 0

[15:52:11]	[Recv]	sc_p 62 616 493675 1 3000 0 0 0 64 82 37 4 70 0 23 34 25 34 23 3 70 70 70 70 411 411 200 200 0 15 0 @ 0 0 3 1 0 0 0 90

[15:52:11]	[Recv]	sc_p 117 377 493674 27 3000 0 2 0 371 421 70 4 70 0 185 161 191 161 179 1 54 -16 24 24 3975 3975 2690 2690 0 42564 0 @ 0 0 2 20 1825 1797 0 500

[15:52:11]	[Recv]	sc_p 105 448 493673 1 3000 0 0 0 282 285 152 14 90 0 148 41 137 41 123 0 9 14 6 19 2556 2556 2410 2410 0 15 0 @ 0 0 2 20 1818 1804 0 500

[15:52:11]	[Recv]	sc_p 64 478 493672 60 3000 0 0 0 639 803 452 17 150 0 295 341 336 341 287 2 24 36 49 27 21388 21388 3531 3531 0 1371320 0 @ 0 0 2 20 1811 1818 0 500

[15:52:11]	[Recv]	sc_p 130 631 493671 1 3000 0 0 0 50 68 30 4 70 0 17 34 19 34 17 3 70 70 70 70 271 271 60 60 0 15 0 @ 0 0 2 0 0 0 0 1

[15:52:11]	[Recv]	sc_p 98 99 493670 12 3000 0 1 0 94 131 124 4 70 0 39 94 60 94 48 2 -9 17 0 3 610 610 268 268 0 2457 0 @ 0 0 4 1 0 0 0 90

[15:52:11]	[Recv]	sc_p 126 100 493669 15 3000 0 1 0 103 146 136 4 70 0 48 106 67 106 56 2 -7 15 0 3 848 848 302 302 0 5256 0 @ 0 0 4 1 0 0 0 90

[15:52:11]	[Recv]	sc_p 15 2704 493668 49 3000 475614 1 0 824 930 689 14 240 0 380 357 398 357 369 0 32 32 32 32 11716 11716 6819 6819 0 524035 0 Ardilla^de^la^suert 0 0 3 30 1825 1812 0 1080

[15:52:11]	[Recv]	sc_p 152 333 493667 1 3000 0 0 0 32 40 27 4 70 0 18 31 17 31 13 0 0 0 0 0 156 156 10 10 0 15 0 @ 0 0 1 0 0 0 0 1

[15:52:11]	[Recv]	sc_p 153 333 493666 1 3000 0 0 0 32 40 27 4 70 0 18 31 17 31 13 0 0 0 0 0 156 156 10 10 0 15 0 @ 0 0 1 0 0 0 0 1

[15:52:11]	[Recv]	sc_p 170 830 493665 1 3000 0 0 0 45 58 30 4 70 0 24 39 23 39 21 3 40 40 40 40 371 371 60 60 0 15 0 @ 0 0 2 0 0 0 0 1

[15:52:11]	[Recv]	sc_p 133 333 493664 1 3000 0 0 0 132 140 77 4 70 0 58 31 57 31 53 0 2 2 2 2 1156 1156 1010 1010 0 15 0 @ 0 0 1 10 1825 0 0 210

[15:52:11]	[Recv]	sc_p 38 997 493663 6 3000 123 0 0 401 469 211 14 120 0 160 67 161 67 155 2 30 55 50 43 3466 3466 2908 2908 0 420 0 @ 0 0 3 20 1797 1825 11 500

[15:52:11]	[Recv]	sc_p 146 333 493662 1 3000 0 0 0 32 40 27 4 70 0 18 31 17 31 13 0 0 0 0 0 156 156 10 10 0 15 0 @ 0 0 1 0 0 0 0 1

[15:52:11]	[Recv]	sc_p 147 333 493661 1 3000 0 0 0 132 140 77 4 70 0 58 31 57 31 53 0 2 2 2 2 1156 1156 1010 1010 0 15 0 @ 0 0 1 10 1825 0 0 210

[15:52:11]	[Recv]	sc_n 2 319 493660 99 1000 398653210 990.4.5 997.5.6 -1 -1 0 0 0 5 661 711 543 10 150 6 592 586 461 586 372 0 5 5 5 5 34176 38176 11281 11281 0 428143800 Kliff 1102 0 4809.100 1299.2 1300.4 1301.7 0 0 0

[15:52:11]	[Recv]	sc_p 76 333 493659 1 3000 0 0 0 932 940 477 4 70 0 418 31 417 31 413 0 16 16 16 16 9156 9156 9010 9010 0 15 0 @ 0 4 5 50 1802 1825 0 3820

[15:52:11]	[Recv]	sc_p 118 333 493658 1 3000 0 0 0 312 320 167 4 70 0 138 31 137 31 133 0 5 5 5 5 2956 2956 2810 2810 0 15 0 @ 0 0 3 20 1825 1818 10 500

[15:52:11]	[Recv]	sc_p 16 614 493657 10 3000 1359 2 0 298 400 70 2 70 0 119 79 119 79 119 1 83 53 53 63 2446 2446 2107 2107 0 1518 0 @ 0 0 2 15 1811 0 171 330

[15:52:11]	[Recv]	sc_p 167 632 493656 1 3000 0 0 0 50 68 30 4 70 0 17 34 19 34 17 3 70 70 70 70 271 271 60 60 0 15 0 @ 0 0 2 0 0 0 0 1

[15:52:11]	[Recv]	sc_p 81 638 493655 1 3000 0 2 0 144 201 70 4 70 0 27 35 29 35 25 3 60 50 80 50 501 501 220 220 0 15 0 @ 0 0 4 1 0 0 0 90

[15:52:11]	[Recv]	sc_p 141 333 493654 1 3000 0 0 0 132 140 77 4 70 0 58 31 57 31 53 0 2 2 2 2 1156 1156 1010 1010 0 15 0 @ 0 0 1 10 1804 0 0 210

[15:52:11]	[Recv]	sc_p 87 643 493653 1 3000 0 2 0 144 201 70 4 70 0 27 35 29 35 25 3 60 50 80 50 501 501 220 220 0 15 0 @ 0 0 4 1 0 0 0 90

[15:52:11]	[Recv]	sc_p 142 333 493652 1 3000 0 0 0 132 140 77 4 70 0 58 31 57 31 53 0 2 2 2 2 1156 1156 1010 1010 0 15 0 @ 0 0 1 10 1818 0 0 210

[15:52:11]	[Recv]	sc_p 150 333 493651 1 3000 0 0 0 32 40 27 4 70 0 18 31 17 31 13 0 0 0 0 0 156 156 10 10 0 15 0 @ 0 0 1 0 0 0 0 1

[15:52:11]	[Recv]	sc_p 143 333 493650 1 3000 0 0 0 102 110 62 4 70 0 46 31 45 31 41 0 1 1 1 1 856 856 710 710 0 15 0 @ 0 0 1 7 0 0 29 160

[15:52:11]	[Recv]	sc_p 137 333 493649 1 3000 0 0 0 32 40 27 4 70 0 18 31 17 31 13 0 0 0 0 0 156 156 10 10 0 15 0 @ 0 0 1 0 0 0 0 1

[15:52:11]	[Recv]	sc_p 125 14 493648 17 3000 0 0 0 699 728 411 2 70 0 337 128 322 128 320 1 26 2 11 22 7176 7176 5902 5902 0 8934 0 @ 0 0 4 36 1797 1806 1036 1630

[15:52:11]	[Recv]	sc_p 135 333 493647 1 3000 0 0 0 132 140 77 4 70 0 58 31 57 31 53 0 2 2 2 2 1156 1156 1010 1010 0 15 0 @ 0 0 1 10 1804 0 0 210

[15:52:11]	[Recv]	sc_p 77 24 493646 1 3000 0 0 0 656 664 339 4 70 0 291 31 290 31 286 0 9 9 9 9 6396 6396 6250 6250 0 15 0 @ 0 0 4 39 1826 1819 1242 1990

[15:52:11]	[Recv]	sc_p 72 1508 493645 1 3000 0 1 0 110 153 49 10 100 0 29 34 29 34 28 4 60 60 60 60 401 401 240 240 0 15 0 @ 0 0 5 1 0 0 0 90

[15:52:11]	[Recv]	sc_p 82 639 493644 1 3000 0 2 0 144 201 70 4 70 0 27 35 29 35 25 3 60 50 80 50 501 501 220 220 0 15 0 @ 0 0 4 1 0 0 0 90

[15:52:11]	[Recv]	sc_p 57 1507 493643 1 3000 1 1 0 110 153 49 10 100 0 29 34 29 34 28 3 60 60 60 60 401 401 240 240 0 15 0 @ 0 0 5 1 0 0 0 90

[15:52:11]	[Recv]	sc_p 106 1477 493642 1 3000 0 0 0 303 371 180 5 90 0 116 39 121 39 132 2 34 64 54 54 2736 2736 3130 3130 0 15 0 @ 0 0 2 20 1811 1825 0 500

[15:52:11]	[Recv]	sc_p 0 2709 493641 94 3000 544 1 0 1086 1264 1063 14 240 0 539 627 565 627 516 0 32 32 32 32 28975 28975 12890 12890 0 72875950 0 @ 0 8 4 28 1818 1825 201 930

[15:52:11]	[Recv]	sc_n 3 822 493640 94 1000 1 991.1.5 -1 -1 -1 0 0 1 5 562 682 806 9 160 0 93 223 111 223 84 4 0 0 0 0 18613 18613 7605 7605 0 291503800 @ -1 0 -1 -1 -1 -1 0 0

[15:52:11]	[Recv]	sc_p 18 823 493639 1 3000 0 0 0 116 134 57 7 80 0 50 41 52 41 50 1 80 60 60 70 631 631 420 420 0 15 0 Sombro 0 0 2 3 0 0 23 110

[15:52:11]	[Recv]	sc_p 58 1505 493638 1 3000 0 1 0 650 693 319 10 100 0 269 34 269 34 268 2 70 70 70 70 5801 5801 5640 5640 0 15 0 @ 0 0 5 31 1819 1825 1022 1160

[15:52:11]	[Recv]	sc_p 128 1547 493637 1 3000 0 0 0 80 108 60 14 90 0 20 39 21 39 22 3 30 30 50 20 321 321 60 60 0 15 0 @ 0 0 3 0 0 0 0 1

[15:52:11]	[Recv]	sc_p 39 2120 493636 9 3000 645 0 0 753 825 416 14 90 0 344 88 332 88 322 3 39 69 89 59 7295 7295 6435 6435 0 1155 0 @ 0 0 4 39 1813 1804 1369 1990

[15:52:11]	[Recv]	sc_p 27 2123 493635 40 3000 1910 2 0 558 670 70 0 70 0 260 232 252 232 253 4 45 55 35 65 8136 8136 4940 4940 0 161059 0 @ 0 0 3 20 1804 1797 9 500

[15:52:11]	[Recv]	sc_p 24 846 493634 1 3000 0 0 0 424 482 237 5 160 0 143 54 145 54 143 1 85 50 60 65 3161 3161 3000 3000 0 15 0 @ 0 0 3 21 1797 1825 221 540

[15:52:11]	[Recv]	sc_p 65 545 493633 15 3000 0 0 0 587 644 307 9 120 0 234 101 237 101 228 0 22 22 22 22 16963 16963 4319 4319 0 5256 0 @ 0 0 3 30 1812 1804 0 1080

[15:52:11]	[Recv]	sc_n 5 2618 493632 99 1000 428143800 -1 -1 -1 -1 0 0 0 0 235 235 147 0 0 0 117 147 73 147 58 2 0 0 0 0 29396 29396 3805 3805 0 428143800 @ -1 0 -1 -1 -1 -1 0 15

[15:52:11]	[Recv]	sc_p 119 779 493631 1 3000 0 2 0 538 595 70 4 70 0 198 34 200 34 198 3 42 42 67 -18 4461 4461 4260 4260 0 15 0 @ 0 0 3 30 1825 1819 0 1080

[15:52:11]	[Recv]	sc_p 32 784 493630 94 3000 2618 2 0 861 1099 70 4 70 0 483 499 464 499 426 1 77 42 57 57 24758 24758 6240 6240 0 72875950 0 @ 0 0 3 30 1798 1811 0 1080

[15:52:11]	[Recv]	sc_p 45 801 493629 1 3000 0 0 0 56 59 39 14 90 0 54 41 43 41 29 3 5 2 10 15 296 296 150 150 0 15 0 @ 0 0 3 1 0 0 0 90

[15:52:11]	[Recv]	sc_p 127 803 493628 1 3000 0 0 0 30 60 30 10 100 0 17 34 19 34 17 3 70 50 70 50 460 460 60 60 0 15 0 @ 0 0 4 0 0 0 0 1

[15:52:11]	[Recv]	sc_p 100 806 493627 1 3000 0 0 0 980 1058 510 24 110 0 420 43 424 43 420 2 76 96 66 66 9481 9481 9060 9060 0 15 0 @ 0 0 5 50 1813 1800 0 3820

[15:52:11]	[Recv]	sc_p 104 535 493626 1 3000 0 2 0 280 308 70 14 75 0 127 44 129 44 127 2 -6 12 9 8 2621 2621 2460 2460 0 15 0 @ 0 0 2 20 1811 1797 0 500

[15:52:11]	[Recv]	sc_p 51 205 493625 48 3000 0 2 0 295 339 70 15 50 0 174 266 158 266 192 2 43 49 30 12 2900 2900 2509 2509 0 476535 0 @ 0 0 3 1 0 0 0 90

[15:52:11]	[Recv]	sc_n 1 417 493624 99 1000 428143800 -1 -1 -1 -1 0 0 2 0 255 255 0 0 0 0 83 157 78 157 127 2 0 0 0 0 15863 14963 17988 17088 0 428143800 Princesa^Sakura -1 0 -1 -1 -1 -1 0 0

[15:52:11]	[Recv]	sc_p 156 333 493623 1 3000 0 0 0 32 40 27 4 70 0 18 31 17 31 13 0 0 0 0 0 156 156 10 10 0 15 0 @ 0 0 1 0 0 0 0 1

[15:52:11]	[Recv]	sc_p 94 85 493622 30 3000 0 2 0 178 236 70 0 0 0 85 178 95 178 102 1 17 5 5 6 1856 1856 895 895 0 58776 0 @ 0 0 4 1 0 0 0 90

[15:52:11]	[Recv]	sc_p 12 1384 493621 94 3000 1 2 0 895 1063 70 4 70 0 445 499 383 499 421 0 54 44 24 74 40861 40861 15560 15560 0 72875950 0 @ 0 10 2 20 1825 1797 0 500

[15:52:11]	[Recv]	sc_p 136 333 493620 1 3000 0 0 0 32 40 27 4 70 0 18 31 17 31 13 0 0 0 0 0 156 156 10 10 0 15 0 @ 0 0 1 0 0 0 0 1

[15:52:11]	[Recv]	sc_p 169 616 493619 1 3000 0 0 0 50 68 30 4 70 0 17 34 19 34 17 3 70 70 70 70 271 271 60 60 0 15 0 @ 0 0 2 0 0 0 0 1

[15:52:11]	[Recv]	sc_p 22 671 493618 94 3000 163 2 0 1002 1210 70 16 170 0 498 501 470 501 496 1 67 27 37 57 29288 29288 16458 16458 0 72875950 0 @ 0 7 3 30 1819 1797 0 1080

[15:52:11]	[Recv]	sc_p 79 840 493617 1 3000 0 0 0 423 456 224 5 70 0 203 35 215 35 188 2 6 10 8 7 4021 4021 3740 3740 0 15 0 @ 0 0 4 23 1811 1797 629 630

[15:52:11]	[Recv]	sc_p 33 762 493616 94 3000 1 0 0 856 1050 620 5 60 0 437 495 387 495 346 4 74 44 44 74 35737 35737 4440 4440 0 72875950 0 @ 0 3 2 20 1818 1804 0 500

[15:52:11]	[Recv]	sc_p 139 333 493615 1 3000 0 0 0 32 40 27 4 70 0 18 31 17 31 13 0 0 0 0 0 156 156 10 10 0 15 0 @ 0 0 1 0 0 0 0 1

[15:52:11]	[Recv]	sc_p 74 838 493614 1 3000 0 2 0 350 377 70 4 70 0 117 34 119 34 117 2 54 84 64 54 2641 2641 2460 2460 0 15 0 @ 0 0 2 20 1804 1811 0 500

[15:52:11]	[Recv]	sc_p 47 841 493613 1 3000 0 2 0 380 408 70 0 0 0 117 34 119 34 117 4 54 64 54 84 2671 2671 2460 2460 0 15 0 @ 0 0 2 20 1804 1811 0 500

[15:52:11]	[Recv]	sc_p 42 2697 493612 94 3000 1 2 5 953 1141 70 0 0 6 463 560 468 560 450 4 36 26 6 94 25901 25901 12756 12756 0 72875950 0 @ 0 18 3 25 1825 1804 505 740

[15:52:11]	[Recv]	sc_p 29 2701 493611 94 3000 1 1 0 982 1140 958 8 200 0 493 564 507 564 423 1 17 7 17 17 25038 25038 6240 6240 0 72875950 0 @ 0 0 3 30 1825 1812 0 1080

[15:52:11]	[Recv]	sc_p 99 2 493610 10 3000 0 0 0 94 118 81 15 50 0 53 77 25 77 42 0 10 0 0 2 811 811 229 229 0 1518 0 @ 0 0 4 1 0 0 0 90

[15:52:11]	[Recv]	sc_p 123 1 493609 7 3000 0 0 0 424 442 242 15 50 0 190 64 167 64 184 0 17 6 6 8 4003 4003 3685 3685 0 612 0 @ 0 0 3 26 1825 1804 566 800

[15:52:11]	[Recv]	sc_p 28 136 493608 23 3000 12427 0 0 547 603 351 4 70 0 257 145 277 145 266 0 57 57 57 57 5005 5005 4425 4425 0 25680 0 @ 0 0 3 30 1798 1818 0 1080

[15:52:11]	[Recv]	sc_p 14 752 493607 1 3000 0 0 0 280 303 154 2 60 0 125 34 124 34 122 1 59 39 44 44 2850 2850 2460 2460 0 15 0 Ardilla^toro 0 0 2 20 1797 1811 0 500

[15:52:11]	[Recv]	sc_p 95 0 493606 1 3000 0 0 0 608 616 315 15 50 0 270 31 244 31 265 0 22 9 10 9 5916 5916 5770 5770 0 15 0 @ 0 0 4 36 1799 1811 520 1630

[15:52:11]	[Recv]	mv 2 2733 154 21 5

[15:52:11]	[Recv]	mv 2 2724 127 38 5

[15:52:11]	[Recv]	mv 2 2723 119 152 5

[15:52:11]	[Recv]	mv 2 2732 154 17 5

[15:52:11]	[Recv]	mv 2 2721 108 146 5

[15:52:11]	[Recv]	mv 2 2730 150 18 5

[15:52:11]	[Recv]	mv 2 2720 94 57 5

[15:52:11]	[Recv]	mv 2 2719 79 53 5

[15:52:11]	[Recv]	mv 2 2709 27 110 5

[15:52:11]	[Recv]	bf 1 2073308 0.742.3000 99

[15:52:11]	[Recv]	eff 1 2073308 0

[15:52:11]	[Recv]	sayi 1 2073308 20 26 3 742 0 0 0

[15:52:11]	[Recv]	eff_t 2 493734 1 2073308 4766

[15:52:11]	[Recv]	mv 2 407969 43 166 7

[15:52:11]	[Recv]	mv 2 2728 135 116 5

[15:52:11]	[Recv]	mv 2 2716 65 63 5

[15:52:11]	[Recv]	mv 2 2715 51 59 5

[15:52:11]	[Recv]	gp 17 52 2547 -1 0 0

[15:52:11]	[Recv]	gp 79 2 2 -1 1 0

[15:52:11]	[Recv]	gp 80 66 147 20 2 0

[15:52:11]	[Recv]	gp 117 177 145 -1 3 0

[15:52:11]	[Recv]	gp 159 6 2550 -1 4 0

[15:52:11]	[Recv]	gp 48 132 4995 3 5 0

[15:52:11]	[Recv]	wp 134 36 0 4 1 99

[15:52:11]	[Recv]	in 3 333 2693 51 164 2 100 100 0 0 0 -1 1 0 -1 - 0 -1 0 0 0 0 0 0 0 0 0 0 0 0

[15:52:11]	[Recv]	in 3 333 2692 51 164 2 100 100 0 0 0 -1 1 0 -1 - 0 -1 0 0 0 0 0 0 0 0 0 0 0 0

[15:52:11]	[Recv]	in 3 333 2691 46 164 2 100 100 0 0 0 -1 1 0 -1 - 0 -1 0 0 0 0 0 0 0 0 0 0 0 0

[15:52:11]	[Recv]	in 3 333 2690 48 165 2 100 100 0 0 0 -1 1 0 -1 - 0 -1 0 0 0 0 0 0 0 0 0 0 0 0

[15:52:11]	[Recv]	in 3 333 2689 41 161 2 100 100 0 0 0 -1 1 0 -1 - 0 -1 0 0 0 0 0 0 0 0 0 0 0 0

[15:52:11]	[Recv]	in 3 333 2688 42 157 2 100 100 0 0 0 -1 1 0 -1 - 0 -1 0 0 0 0 0 0 0 0 0 0 0 0

[15:52:11]	[Recv]	in 3 333 2687 37 166 2 100 100 0 0 0 -1 1 0 -1 - 0 -1 0 0 0 0 0 0 0 0 0 0 0 0

[15:52:11]	[Recv]	in 3 333 2686 39 165 2 100 100 0 0 0 -1 1 0 -1 - 0 -1 0 0 0 0 0 0 0 0 0 0 0 0

[15:52:11]	[Recv]	in 3 333 2685 32 163 2 100 100 0 0 0 -1 1 0 -1 - 0 -1 0 0 0 0 0 0 0 0 0 0 0 0

[15:52:11]	[Recv]	in 3 333 2684 29 165 2 100 100 0 0 0 -1 1 0 -1 - 0 -1 0 0 0 0 0 0 0 0 0 0 0 0

[15:52:11]	[Recv]	in 3 333 2683 27 152 2 100 100 0 0 0 -1 1 0 -1 - 0 -1 0 0 0 0 0 0 0 0 0 0 0 0

[15:52:11]	[Recv]	in 3 333 2682 30 154 2 100 100 0 0 0 -1 1 0 -1 - 0 -1 0 0 0 0 0 0 0 0 0 0 0 0

[15:52:11]	[Recv]	in 3 333 2681 25 164 2 100 100 0 0 0 -1 1 0 -1 - 0 -1 0 0 0 0 0 0 0 0 0 0 0 0

[15:52:11]	[Recv]	in 3 333 2680 24 165 2 100 100 0 0 0 -1 1 0 -1 - 0 -1 0 0 0 0 0 0 0 0 0 0 0 0

[15:52:11]	[Recv]	in 3 333 2679 24 157 2 100 100 0 0 0 -1 1 0 -1 - 0 -1 0 0 0 0 0 0 0 0 0 0 0 0

[15:52:11]	[Recv]	in 3 333 2678 25 158 2 100 100 0 0 0 -1 1 0 -1 - 0 -1 0 0 0 0 0 0 0 0 0 0 0 0

[15:52:11]	[Recv]	in 3 333 2677 23 159 2 100 100 0 0 0 -1 1 0 -1 - 0 -1 0 0 0 0 0 0 0 0 0 0 0 0

[15:52:11]	[Recv]	in 3 333 2675 19 161 2 100 100 0 0 0 -1 1 0 -1 - 0 -1 0 0 0 0 0 0 0 0 0 0 0 0

[15:52:11]	[Recv]	in 3 333 2674 20 162 2 100 100 0 0 0 -1 1 0 -1 - 0 -1 0 0 0 0 0 0 0 0 0 0 0 0

[15:52:11]	[Recv]	in 3 333 2673 18 146 2 100 100 0 0 0 -1 1 0 -1 - 0 -1 0 0 0 0 0 0 0 0 0 0 0 0

[15:52:11]	[Recv]	in 3 333 2672 19 143 2 100 100 0 0 0 -1 1 0 -1 - 0 -1 0 0 0 0 0 0 0 0 0 0 0 0

[15:52:11]	[Recv]	in 3 333 2671 19 157 2 100 100 0 0 0 -1 1 0 -1 - 0 -1 0 0 0 0 0 0 0 0 0 0 0 0

[15:52:11]	[Recv]	in 3 333 2670 18 154 2 100 100 0 0 0 -1 1 0 -1 - 0 -1 0 0 0 0 0 0 0 0 0 0 0 0

[15:52:11]	[Recv]	in 3 333 2669 17 164 2 100 100 0 0 0 -1 1 0 -1 - 0 -1 0 0 0 0 0 0 0 0 0 0 0 0

[15:52:11]	[Recv]	in 3 333 2668 15 165 2 100 100 0 0 0 -1 1 0 -1 - 0 -1 0 0 0 0 0 0 0 0 0 0 0 0

[15:52:11]	[Recv]	in 3 333 2667 16 150 2 100 100 0 0 0 -1 1 0 -1 - 0 -1 0 0 0 0 0 0 0 0 0 0 0 0

[15:52:11]	[Recv]	in 3 333 2666 16 150 2 100 100 0 0 0 -1 1 0 -1 - 0 -1 0 0 0 0 0 0 0 0 0 0 0 0

[15:52:11]	[Recv]	in 3 30 2665 130 4 2 100 100 0 0 0 -1 1 0 -1 - 0 -1 0 0 0 0 0 0 0 0 0 0 0 0

[15:52:11]	[Recv]	in 3 30 2664 130 4 2 100 100 0 0 0 -1 1 0 -1 - 0 -1 0 0 0 0 0 0 0 0 0 0 0 0

[15:52:11]	[Recv]	in 3 30 2663 127 4 2 100 100 0 0 0 -1 1 0 -1 - 0 -1 0 0 0 0 0 0 0 0 0 0 0 0

[15:52:11]	[Recv]	in 3 30 2662 127 4 2 100 100 0 0 0 -1 1 0 -1 - 0 -1 0 0 0 0 0 0 0 0 0 0 0 0

[15:52:11]	[Recv]	in 3 30 2661 125 14 2 100 100 0 0 0 -1 1 0 -1 - 0 -1 0 0 0 0 0 0 0 0 0 0 0 0

[15:52:11]	[Recv]	in 3 30 2660 126 14 2 100 100 0 0 0 -1 1 0 -1 - 0 -1 0 0 0 0 0 0 0 0 0 0 0 0

[15:52:11]	[Recv]	in 3 30 2659 123 10 2 100 100 0 0 0 -1 1 0 -1 - 0 -1 0 0 0 0 0 0 0 0 0 0 0 0

[15:52:11]	[Recv]	in 3 30 2658 123 9 2 100 100 0 0 0 -1 1 0 -1 - 0 -1 0 0 0 0 0 0 0 0 0 0 0 0

[15:52:11]	[Recv]	in 3 30 2657 122 10 2 100 100 0 0 0 -1 1 0 -1 - 0 -1 0 0 0 0 0 0 0 0 0 0 0 0

[15:52:11]	[Recv]	in 3 30 2656 124 12 2 100 100 0 0 0 -1 1 0 -1 - 0 -1 0 0 0 0 0 0 0 0 0 0 0 0

[15:52:11]	[Recv]	in 3 30 2655 119 8 2 100 100 0 0 0 -1 1 0 -1 - 0 -1 0 0 0 0 0 0 0 0 0 0 0 0

[15:52:11]	[Recv]	in 3 30 2654 119 7 2 100 100 0 0 0 -1 1 0 -1 - 0 -1 0 0 0 0 0 0 0 0 0 0 0 0

[15:52:11]	[Recv]	in 3 30 2653 118 3 2 100 100 0 0 0 -1 1 0 -1 - 0 -1 0 0 0 0 0 0 0 0 0 0 0 0

[15:52:11]	[Recv]	in 3 30 2652 117 4 2 100 100 0 0 0 -1 1 0 -1 - 0 -1 0 0 0 0 0 0 0 0 0 0 0 0

[15:52:11]	[Recv]	in 3 30 2651 120 4 2 100 100 0 0 0 -1 1 0 -1 - 0 -1 0 0 0 0 0 0 0 0 0 0 0 0

[15:52:11]	[Recv]	in 3 30 2650 117 4 2 100 100 0 0 0 -1 1 0 -1 - 0 -1 0 0 0 0 0 0 0 0 0 0 0 0

[15:52:11]	[Recv]	in 3 30 2649 113 6 2 100 100 0 0 0 -1 1 0 -1 - 0 -1 0 0 0 0 0 0 0 0 0 0 0 0

[15:52:11]	[Recv]	in 3 30 2648 113 7 2 100 100 0 0 0 -1 1 0 -1 - 0 -1 0 0 0 0 0 0 0 0 0 0 0 0

[15:52:11]	[Recv]	in 3 30 2647 114 11 2 100 100 0 0 0 -1 1 0 -1 - 0 -1 0 0 0 0 0 0 0 0 0 0 0 0

[15:52:11]	[Recv]	in 3 30 2646 114 11 2 100 100 0 0 0 -1 1 0 -1 - 0 -1 0 0 0 0 0 0 0 0 0 0 0 0

[15:52:11]	[Recv]	in 3 30 2645 112 3 2 100 100 0 0 0 -1 1 0 -1 - 0 -1 0 0 0 0 0 0 0 0 0 0 0 0

[15:52:11]	[Recv]	in 3 30 2644 109 3 2 100 100 0 0 0 -1 1 0 -1 - 0 -1 0 0 0 0 0 0 0 0 0 0 0 0

[15:52:11]	[Recv]	in 3 30 2643 105 13 2 100 100 0 0 0 -1 1 0 -1 - 0 -1 0 0 0 0 0 0 0 0 0 0 0 0

[15:52:11]	[Recv]	in 3 30 2642 108 13 2 100 100 0 0 0 -1 1 0 -1 - 0 -1 0 0 0 0 0 0 0 0 0 0 0 0

[15:52:11]	[Recv]	in 3 30 2641 102 3 2 100 100 0 0 0 -1 1 0 -1 - 0 -1 0 0 0 0 0 0 0 0 0 0 0 0

[15:52:11]	[Recv]	in 3 30 2640 101 4 2 100 100 0 0 0 -1 1 0 -1 - 0 -1 0 0 0 0 0 0 0 0 0 0 0 0

[15:52:11]	[Recv]	in 3 30 2639 97 8 2 100 100 0 0 0 -1 1 0 -1 - 0 -1 0 0 0 0 0 0 0 0 0 0 0 0

[15:52:11]	[Recv]	in 3 30 2638 96 7 2 100 100 0 0 0 -1 1 0 -1 - 0 -1 0 0 0 0 0 0 0 0 0 0 0 0

[15:52:11]	[Recv]	in 3 30 2637 70 13 2 100 100 0 0 0 -1 1 0 -1 - 0 -1 0 0 0 0 0 0 0 0 0 0 0 0

[15:52:11]	[Recv]	in 3 30 2636 69 12 2 100 100 0 0 0 -1 1 0 -1 - 0 -1 0 0 0 0 0 0 0 0 0 0 0 0

[15:52:11]	[Recv]	in 3 30 2635 69 9 2 100 100 0 0 0 -1 1 0 -1 - 0 -1 0 0 0 0 0 0 0 0 0 0 0 0

[15:52:11]	[Recv]	in 3 30 2634 69 8 2 100 100 0 0 0 -1 1 0 -1 - 0 -1 0 0 0 0 0 0 0 0 0 0 0 0

[15:52:11]	[Recv]	in 3 30 2633 66 3 2 100 100 0 0 0 -1 1 0 -1 - 0 -1 0 0 0 0 0 0 0 0 0 0 0 0

[15:52:11]	[Recv]	in 3 30 2632 65 4 2 100 100 0 0 0 -1 1 0 -1 - 0 -1 0 0 0 0 0 0 0 0 0 0 0 0

[15:52:11]	[Recv]	in 3 30 2631 59 10 2 100 100 0 0 0 -1 1 0 -1 - 0 -1 0 0 0 0 0 0 0 0 0 0 0 0

[15:52:11]	[Recv]	in 3 30 2630 58 7 2 100 100 0 0 0 -1 1 0 -1 - 0 -1 0 0 0 0 0 0 0 0 0 0 0 0

[15:52:11]	[Recv]	in 3 30 2629 55 8 2 100 100 0 0 0 -1 1 0 -1 - 0 -1 0 0 0 0 0 0 0 0 0 0 0 0

[15:52:11]	[Recv]	in 3 30 2628 58 8 2 100 100 0 0 0 -1 1 0 -1 - 0 -1 0 0 0 0 0 0 0 0 0 0 0 0

[15:52:11]	[Recv]	in 3 30 2627 46 12 2 100 100 0 0 0 -1 1 0 -1 - 0 -1 0 0 0 0 0 0 0 0 0 0 0 0

[15:52:11]	[Recv]	in 3 30 2626 46 11 2 100 100 0 0 0 -1 1 0 -1 - 0 -1 0 0 0 0 0 0 0 0 0 0 0 0

[15:52:11]	[Recv]	in 3 30 2625 42 6 2 100 100 0 0 0 -1 1 0 -1 - 0 -1 0 0 0 0 0 0 0 0 0 0 0 0

[15:52:11]	[Recv]	in 3 30 2624 41 10 2 100 100 0 0 0 -1 1 0 -1 - 0 -1 0 0 0 0 0 0 0 0 0 0 0 0

[15:52:11]	[Recv]	in 3 30 2623 30 4 2 100 100 0 0 0 -1 1 0 -1 - 0 -1 0 0 0 0 0 0 0 0 0 0 0 0

[15:52:11]	[Recv]	in 3 30 2622 30 5 2 100 100 0 0 0 -1 1 0 -1 - 0 -1 0 0 0 0 0 0 0 0 0 0 0 0

[15:52:11]	[Recv]	in 3 30 2621 22 4 2 100 100 0 0 0 -1 1 0 -1 - 0 -1 0 0 0 0 0 0 0 0 0 0 0 0

[15:52:11]	[Recv]	in 3 30 2620 24 5 2 100 100 0 0 0 -1 1 0 -1 - 0 -1 0 0 0 0 0 0 0 0 0 0 0 0

[15:52:11]	[Recv]	in 3 30 2619 22 8 2 100 100 0 0 0 -1 1 0 -1 - 0 -1 0 0 0 0 0 0 0 0 0 0 0 0

[15:52:11]	[Recv]	in 3 30 2618 21 9 2 100 100 0 0 0 -1 1 0 -1 - 0 -1 0 0 0 0 0 0 0 0 0 0 0 0

[15:52:11]	[Recv]	in 3 30 2617 17 17 2 100 100 0 0 0 -1 1 0 -1 - 0 -1 0 0 0 0 0 0 0 0 0 0 0 0

[15:52:11]	[Recv]	in 3 30 2616 14 18 2 100 100 0 0 0 -1 1 0 -1 - 0 -1 0 0 0 0 0 0 0 0 0 0 0 0

[15:52:11]	[Recv]	in 3 30 2615 13 12 2 100 100 0 0 0 -1 1 0 -1 - 0 -1 0 0 0 0 0 0 0 0 0 0 0 0

[15:52:11]	[Recv]	in 3 30 2614 13 10 2 100 100 0 0 0 -1 1 0 -1 - 0 -1 0 0 0 0 0 0 0 0 0 0 0 0

[15:52:11]	[Recv]	in 3 30 2613 13 5 2 100 100 0 0 0 -1 1 0 -1 - 0 -1 0 0 0 0 0 0 0 0 0 0 0 0

[15:52:11]	[Recv]	in 3 30 2612 11 6 2 100 100 0 0 0 -1 1 0 -1 - 0 -1 0 0 0 0 0 0 0 0 0 0 0 0

[15:52:11]	[Recv]	in 3 30 2611 8 17 2 100 100 0 0 0 -1 1 0 -1 - 0 -1 0 0 0 0 0 0 0 0 0 0 0 0

[15:52:11]	[Recv]	in 3 30 2610 10 18 2 100 100 0 0 0 -1 1 0 -1 - 0 -1 0 0 0 0 0 0 0 0 0 0 0 0

[15:52:11]	[Recv]	in 3 30 2609 8 7 2 100 100 0 0 0 -1 1 0 -1 - 0 -1 0 0 0 0 0 0 0 0 0 0 0 0

[15:52:11]	[Recv]	in 3 30 2608 7 7 2 100 100 0 0 0 -1 1 0 -1 - 0 -1 0 0 0 0 0 0 0 0 0 0 0 0

[15:52:11]	[Recv]	in 3 30 2607 4 14 2 100 100 0 0 0 -1 1 0 -1 - 0 -1 0 0 0 0 0 0 0 0 0 0 0 0

[15:52:11]	[Recv]	in 3 30 2606 4 11 2 100 100 0 0 0 -1 1 0 -1 - 0 -1 0 0 0 0 0 0 0 0 0 0 0 0

[15:52:11]	[Recv]	in 3 25 2605 104 24 2 100 100 0 0 0 -1 1 0 -1 - 0 -1 0 0 0 0 0 0 0 0 0 0 0 0

[15:52:11]	[Recv]	in 3 25 2604 104 23 2 100 100 0 0 0 -1 1 0 -1 - 0 -1 0 0 0 0 0 0 0 0 0 0 0 0

[15:52:11]	[Recv]	in 3 25 2603 102 21 2 100 100 0 0 0 -1 1 0 -1 - 0 -1 0 0 0 0 0 0 0 0 0 0 0 0

[15:52:11]	[Recv]	in 3 25 2602 101 19 2 100 100 0 0 0 -1 1 0 -1 - 0 -1 0 0 0 0 0 0 0 0 0 0 0 0

[15:52:11]	[Recv]	in 3 25 2601 100 15 2 100 100 0 0 0 -1 1 0 -1 - 0 -1 0 0 0 0 0 0 0 0 0 0 0 0

[15:52:11]	[Recv]	in 3 25 2600 102 16 2 100 100 0 0 0 -1 1 0 -1 - 0 -1 0 0 0 0 0 0 0 0 0 0 0 0

[15:52:11]	[Recv]	in 3 25 2599 94 23 2 100 100 0 0 0 -1 1 0 -1 - 0 -1 0 0 0 0 0 0 0 0 0 0 0 0

[15:52:11]	[Recv]	in 3 25 2598 96 21 2 100 100 0 0 0 -1 1 0 -1 - 0 -1 0 0 0 0 0 0 0 0 0 0 0 0

[15:52:11]	[Recv]	in 3 25 2597 96 14 2 100 100 0 0 0 -1 1 0 -1 - 0 -1 0 0 0 0 0 0 0 0 0 0 0 0

[15:52:11]	[Recv]	in 3 25 2596 95 17 2 100 100 0 0 0 -1 1 0 -1 - 0 -1 0 0 0 0 0 0 0 0 0 0 0 0

[15:52:11]	[Recv]	in 3 25 2595 69 28 2 100 100 0 0 0 -1 1 0 -1 - 0 -1 0 0 0 0 0 0 0 0 0 0 0 0

[15:52:11]	[Recv]	in 3 25 2594 67 28 2 100 100 0 0 0 -1 1 0 -1 - 0 -1 0 0 0 0 0 0 0 0 0 0 0 0

[15:52:11]	[Recv]	in 3 25 2593 67 27 2 100 100 0 0 0 -1 1 0 -1 - 0 -1 0 0 0 0 0 0 0 0 0 0 0 0

[15:52:11]	[Recv]	in 3 25 2592 68 23 2 100 100 0 0 0 -1 1 0 -1 - 0 -1 0 0 0 0 0 0 0 0 0 0 0 0

[15:52:11]	[Recv]	in 3 25 2591 65 35 2 100 100 0 0 0 -1 1 0 -1 - 0 -1 0 0 0 0 0 0 0 0 0 0 0 0

[15:52:11]	[Recv]	in 3 25 2590 69 35 2 100 100 0 0 0 -1 1 0 -1 - 0 -1 0 0 0 0 0 0 0 0 0 0 0 0

[15:52:11]	[Recv]	in 3 25 2589 67 18 2 100 100 0 0 0 -1 1 0 -1 - 0 -1 0 0 0 0 0 0 0 0 0 0 0 0

[15:52:11]	[Recv]	in 3 25 2588 65 16 2 100 100 0 0 0 -1 1 0 -1 - 0 -1 0 0 0 0 0 0 0 0 0 0 0 0

[15:52:11]	[Recv]	in 3 25 2587 59 30 2 100 100 0 0 0 -1 1 0 -1 - 0 -1 0 0 0 0 0 0 0 0 0 0 0 0

[15:52:11]	[Recv]	in 3 25 2586 60 31 2 100 100 0 0 0 -1 1 0 -1 - 0 -1 0 0 0 0 0 0 0 0 0 0 0 0

[15:52:11]	[Recv]	in 3 25 2585 59 34 2 100 100 0 0 0 -1 1 0 -1 - 0 -1 0 0 0 0 0 0 0 0 0 0 0 0

[15:52:11]	[Recv]	in 3 25 2584 58 36 2 100 100 0 0 0 -1 1 0 -1 - 0 -1 0 0 0 0 0 0 0 0 0 0 0 0

[15:52:11]	[Recv]	in 3 25 2583 60 17 2 100 100 0 0 0 -1 1 0 -1 - 0 -1 0 0 0 0 0 0 0 0 0 0 0 0

[15:52:11]	[Recv]	in 3 25 2582 61 15 2 100 100 0 0 0 -1 1 0 -1 - 0 -1 0 0 0 0 0 0 0 0 0 0 0 0

[15:52:11]	[Recv]	in 3 25 2581 54 15 2 100 100 0 0 0 -1 1 0 -1 - 0 -1 0 0 0 0 0 0 0 0 0 0 0 0

[15:52:11]	[Recv]	in 3 25 2580 52 15 2 100 100 0 0 0 -1 1 0 -1 - 0 -1 0 0 0 0 0 0 0 0 0 0 0 0

[15:52:11]	[Recv]	in 3 25 2579 48 18 2 100 100 0 0 0 -1 1 0 -1 - 0 -1 0 0 0 0 0 0 0 0 0 0 0 0

[15:52:11]	[Recv]	in 3 25 2578 47 17 2 100 100 0 0 0 -1 1 0 -1 - 0 -1 0 0 0 0 0 0 0 0 0 0 0 0

[15:52:11]	[Recv]	in 3 25 2577 42 21 2 100 100 0 0 0 -1 1 0 -1 - 0 -1 0 0 0 0 0 0 0 0 0 0 0 0

[15:52:11]	[Recv]	in 3 25 2576 43 22 2 100 100 0 0 0 -1 1 0 -1 - 0 -1 0 0 0 0 0 0 0 0 0 0 0 0

[15:52:11]	[Recv]	in 3 25 2575 40 16 2 100 100 0 0 0 -1 1 0 -1 - 0 -1 0 0 0 0 0 0 0 0 0 0 0 0

[15:52:11]	[Recv]	in 3 25 2574 39 17 2 100 100 0 0 0 -1 1 0 -1 - 0 -1 0 0 0 0 0 0 0 0 0 0 0 0

[15:52:11]	[Recv]	in 3 25 2573 34 19 2 100 100 0 0 0 -1 1 0 -1 - 0 -1 0 0 0 0 0 0 0 0 0 0 0 0

[15:52:11]	[Recv]	in 3 25 2572 33 17 2 100 100 0 0 0 -1 1 0 -1 - 0 -1 0 0 0 0 0 0 0 0 0 0 0 0

[15:52:11]	[Recv]	in 3 25 2571 28 30 2 100 100 0 0 0 -1 1 0 -1 - 0 -1 0 0 0 0 0 0 0 0 0 0 0 0

[15:52:11]	[Recv]	in 3 25 2570 29 32 2 100 100 0 0 0 -1 1 0 -1 - 0 -1 0 0 0 0 0 0 0 0 0 0 0 0

[15:52:11]	[Recv]	in 3 25 2569 28 21 2 100 100 0 0 0 -1 1 0 -1 - 0 -1 0 0 0 0 0 0 0 0 0 0 0 0

[15:52:11]	[Recv]	in 3 25 2568 29 24 2 100 100 0 0 0 -1 1 0 -1 - 0 -1 0 0 0 0 0 0 0 0 0 0 0 0

[15:52:11]	[Recv]	in 3 25 2567 23 21 2 100 100 0 0 0 -1 1 0 -1 - 0 -1 0 0 0 0 0 0 0 0 0 0 0 0

[15:52:11]	[Recv]	in 3 25 2566 23 19 2 100 100 0 0 0 -1 1 0 -1 - 0 -1 0 0 0 0 0 0 0 0 0 0 0 0

[15:52:11]	[Recv]	in 3 25 2565 19 30 2 100 100 0 0 0 -1 1 0 -1 - 0 -1 0 0 0 0 0 0 0 0 0 0 0 0

[15:52:11]	[Recv]	in 3 25 2564 19 30 2 100 100 0 0 0 -1 1 0 -1 - 0 -1 0 0 0 0 0 0 0 0 0 0 0 0

[15:52:11]	[Recv]	in 3 24 2563 53 162 2 100 100 0 0 0 -1 1 0 -1 - 0 -1 0 0 0 0 0 0 0 0 0 0 0 0

[15:52:11]	[Recv]	in 3 24 2562 54 164 2 100 100 0 0 0 -1 1 0 -1 - 0 -1 0 0 0 0 0 0 0 0 0 0 0 0

[15:52:11]	[Recv]	in 3 24 2561 53 159 2 100 100 0 0 0 -1 1 0 -1 - 0 -1 0 0 0 0 0 0 0 0 0 0 0 0

[15:52:11]	[Recv]	in 3 24 2560 51 158 2 100 100 0 0 0 -1 1 0 -1 - 0 -1 0 0 0 0 0 0 0 0 0 0 0 0

[15:52:11]	[Recv]	in 3 24 2559 50 153 2 100 100 0 0 0 -1 1 0 -1 - 0 -1 0 0 0 0 0 0 0 0 0 0 0 0

[15:52:11]	[Recv]	in 3 24 2558 51 154 2 100 100 0 0 0 -1 1 0 -1 - 0 -1 0 0 0 0 0 0 0 0 0 0 0 0

[15:52:11]	[Recv]	in 3 24 2557 47 163 2 100 100 0 0 0 -1 1 0 -1 - 0 -1 0 0 0 0 0 0 0 0 0 0 0 0

[15:52:11]	[Recv]	in 3 24 2555 42 167 2 100 100 0 0 0 -1 1 0 -1 - 0 -1 0 0 0 0 0 0 0 0 0 0 0 0

[15:52:11]	[Recv]	in 3 24 2553 43 160 2 100 100 0 0 0 -1 1 0 -1 - 0 -1 0 0 0 0 0 0 0 0 0 0 0 0

[15:52:11]	[Recv]	in 3 24 2552 43 159 2 100 100 0 0 0 -1 1 0 -1 - 0 -1 0 0 0 0 0 0 0 0 0 0 0 0

[15:52:11]	[Recv]	in 3 24 2551 43 153 2 100 100 0 0 0 -1 1 0 -1 - 0 -1 0 0 0 0 0 0 0 0 0 0 0 0

[15:52:11]	[Recv]	in 3 24 2550 42 154 2 100 100 0 0 0 -1 1 0 -1 - 0 -1 0 0 0 0 0 0 0 0 0 0 0 0

[15:52:11]	[Recv]	in 3 24 2549 36 164 2 100 100 0 0 0 -1 1 0 -1 - 0 -1 0 0 0 0 0 0 0 0 0 0 0 0

[15:52:11]	[Recv]	in 3 24 2548 36 164 2 100 100 0 0 0 -1 1 0 -1 - 0 -1 0 0 0 0 0 0 0 0 0 0 0 0

[15:52:11]	[Recv]	in 3 24 2547 32 151 2 100 100 0 0 0 -1 1 0 -1 - 0 -1 0 0 0 0 0 0 0 0 0 0 0 0

[15:52:11]	[Recv]	in 3 24 2546 32 152 2 100 100 0 0 0 -1 1 0 -1 - 0 -1 0 0 0 0 0 0 0 0 0 0 0 0

[15:52:11]	[Recv]	in 3 24 2545 33 140 2 100 100 0 0 0 -1 1 0 -1 - 0 -1 0 0 0 0 0 0 0 0 0 0 0 0

[15:52:11]	[Recv]	in 3 24 2544 31 141 2 100 100 0 0 0 -1 1 0 -1 - 0 -1 0 0 0 0 0 0 0 0 0 0 0 0

[15:52:11]	[Recv]	in 3 24 2542 32 140 2 100 100 0 0 0 -1 1 0 -1 - 0 -1 0 0 0 0 0 0 0 0 0 0 0 0

[15:52:11]	[Recv]	in 3 24 2541 32 145 2 100 100 0 0 0 -1 1 0 -1 - 0 -1 0 0 0 0 0 0 0 0 0 0 0 0

[15:52:11]	[Recv]	in 3 24 2540 31 145 2 100 100 0 0 0 -1 1 0 -1 - 0 -1 0 0 0 0 0 0 0 0 0 0 0 0

[15:52:11]	[Recv]	in 3 24 2539 30 140 2 100 100 0 0 0 -1 1 0 -1 - 0 -1 0 0 0 0 0 0 0 0 0 0 0 0

[15:52:11]	[Recv]	in 3 24 2538 30 136 2 100 100 0 0 0 -1 1 0 -1 - 0 -1 0 0 0 0 0 0 0 0 0 0 0 0

[15:52:11]	[Recv]	in 3 24 2536 28 167 2 100 100 0 0 0 -1 1 0 -1 - 0 -1 0 0 0 0 0 0 0 0 0 0 0 0

[15:52:11]	[Recv]	in 3 24 2535 23 162 2 100 100 0 0 0 -1 1 0 -1 - 0 -1 0 0 0 0 0 0 0 0 0 0 0 0

[15:52:11]	[Recv]	in 3 24 2534 22 163 2 100 100 0 0 0 -1 1 0 -1 - 0 -1 0 0 0 0 0 0 0 0 0 0 0 0

[15:52:11]	[Recv]	in 3 24 2533 26 142 2 100 100 0 0 0 -1 1 0 -1 - 0 -1 0 0 0 0 0 0 0 0 0 0 0 0

[15:52:11]	[Recv]	in 3 24 2532 23 140 2 100 100 0 0 0 -1 1 0 -1 - 0 -1 0 0 0 0 0 0 0 0 0 0 0 0

[15:52:11]	[Recv]	in 3 24 2531 25 156 2 100 100 0 0 0 -1 1 0 -1 - 0 -1 0 0 0 0 0 0 0 0 0 0 0 0

[15:52:12]	[Recv]	in 3 24 2530 25 156 2 100 100 0 0 0 -1 1 0 -1 - 0 -1 0 0 0 0 0 0 0 0 0 0 0 0

[15:52:12]	[Recv]	in 3 24 2529 22 163 2 100 100 0 0 0 -1 1 0 -1 - 0 -1 0 0 0 0 0 0 0 0 0 0 0 0

[15:52:12]	[Recv]	in 3 24 2528 21 162 2 100 100 0 0 0 -1 1 0 -1 - 0 -1 0 0 0 0 0 0 0 0 0 0 0 0

[15:52:12]	[Recv]	in 3 24 2527 21 162 2 100 100 0 0 0 -1 1 0 -1 - 0 -1 0 0 0 0 0 0 0 0 0 0 0 0

[15:52:12]	[Recv]	in 3 24 2526 22 164 2 100 100 0 0 0 -1 1 0 -1 - 0 -1 0 0 0 0 0 0 0 0 0 0 0 0

[15:52:12]	[Recv]	in 3 24 2525 19 169 2 100 100 0 0 0 -1 1 0 -1 - 0 -1 0 0 0 0 0 0 0 0 0 0 0 0

[15:52:12]	[Recv]	in 3 24 2524 18 170 2 100 100 0 0 0 -1 1 0 -1 - 0 -1 0 0 0 0 0 0 0 0 0 0 0 0

[15:52:12]	[Recv]	in 3 24 2523 16 159 2 100 100 0 0 0 -1 1 0 -1 - 0 -1 0 0 0 0 0 0 0 0 0 0 0 0

[15:52:12]	[Recv]	in 3 24 2522 18 156 2 100 100 0 0 0 -1 1 0 -1 - 0 -1 0 0 0 0 0 0 0 0 0 0 0 0

[15:52:12]	[Recv]	in 3 24 2521 16 149 2 100 100 0 0 0 -1 1 0 -1 - 0 -1 0 0 0 0 0 0 0 0 0 0 0 0

[15:52:12]	[Recv]	in 3 24 2520 15 147 2 100 100 0 0 0 -1 1 0 -1 - 0 -1 0 0 0 0 0 0 0 0 0 0 0 0

[15:52:12]	[Recv]	in 3 24 2519 12 154 2 100 100 0 0 0 -1 1 0 -1 - 0 -1 0 0 0 0 0 0 0 0 0 0 0 0

[15:52:12]	[Recv]	in 3 24 2518 12 156 2 100 100 0 0 0 -1 1 0 -1 - 0 -1 0 0 0 0 0 0 0 0 0 0 0 0

[15:52:12]	[Recv]	in 2 1947 2755 110 141 2 100 100 469 0 0 -1 1 0 -1 - 0 -1 0 0 0 0 0 0 0 0 0 0 0 0

[15:52:12]	[Recv]	shop 2 2755 1 0 108 Pet Trainer Lucy

[15:52:12]	[Recv]	in 2 1946 2754 121 81 0 100 100 468 0 0 -1 1 0 -1 - 0 -1 0 0 0 0 0 0 0 0 0 0 0 0

[15:52:12]	[Recv]	shop 2 2754 1 0 95 Cooking Shop

[15:52:12]	[Recv]	in 2 788 2753 145 103 7 100 100 467 0 0 -1 1 0 -1 - 0 -1 0 0 0 0 0 0 0 0 0 0 0 0

[15:52:12]	[Recv]	shop 2 2753 1 0 94 Fishing Tackle Shop

[15:52:12]	[Recv]	in 2 1431 2752 102 70 5 100 100 462 0 0 -1 1 0 -1 - 0 -1 0 0 0 0 0 0 0 0 0 0 0 0

[15:52:12]	[Recv]	shop 2 2752 1 5 48 Family manager

[15:52:12]	[Recv]	in 2 915 2751 90 45 0 100 100 54 0 0 -1 1 0 -1 - 0 -1 0 0 0 0 0 0 0 0 0 0 0 0

[15:52:12]	[Recv]	shop 2 2751 1 0 0 High score board

[15:52:12]	[Recv]	in 2 905 2750 156 5 2 100 100 6567 0 0 -1 1 0 -1 - 0 -1 0 0 0 0 0 0 0 0 0 0 0 0

[15:52:12]	[Recv]	shop 2 2750 1 0 0 Wanted List

[15:52:12]	[Recv]	in 2 331 2749 59 86 2 100 100 306 0 0 -1 1 0 -1 - 0 -1 0 0 0 0 0 0 0 0 0 0 0 0

[15:52:12]	[Recv]	shop 2 2749 1 4 29 Wandering Sam

[15:52:12]	[Recv]	in 2 955 2748 67 56 2 100 100 439 0 0 -1 1 0 -1 - 0 -1 0 0 0 0 0 0 0 0 0 0 0 0

[15:52:12]	[Recv]	shop 2 2748 1 0 0 Warp Tower

[15:52:12]	[Recv]	in 2 330 2747 50 65 0 100 100 11 0 0 -1 1 0 -1 - 0 -1 0 0 0 0 0 0 0 0 0 0 0 0

[15:52:12]	[Recv]	shop 2 2747 1 0 82 Time Circle

[15:52:12]	[Recv]	in 2 328 2746 23 65 1 100 100 2 0 0 -1 1 0 -1 - 0 -1 0 0 0 0 0 0 0 0 0 0 0 0

[15:52:12]	[Recv]	shop 2 2746 1 0 4 Teo's Betting Shop

[15:52:12]	[Recv]	in 2 305 2745 20 108 1 100 100 6 0 0 -1 1 0 -1 - 0 -1 0 0 0 0 0 0 0 0 0 0 0 0

[15:52:12]	[Recv]	shop 2 2745 1 0 7 Alchemy Association

[15:52:12]	[Recv]	in 2 303 2744 24 117 5 100 100 10 0 0 -1 1 0 -1 - 0 -1 0 0 0 0 0 0 0 0 0 0 0 0

[15:52:12]	[Recv]	shop 2 2744 1 0 5 Fashion Boutique

[15:52:12]	[Recv]	in 2 304 2743 23 100 1 100 100 9 0 0 -1 1 0 -1 - 0 -1 0 0 0 0 0 0 0 0 0 0 0 0

[15:52:12]	[Recv]	shop 2 2743 1 0 6 NosVille Market

[15:52:12]	[Recv]	in 2 300 2742 96 65 0 100 100 3 0 0 -1 1 0 -1 - 0 -1 0 0 0 0 0 0 0 0 0 0 0 0

[15:52:12]	[Recv]	shop 2 2742 1 4 1 NosCamp Info

[15:52:12]	[Recv]	in 2 302 2741 100 47 7 100 100 4 0 0 -1 1 0 -1 - 0 -1 0 0 0 0 0 0 0 0 0 0 0 0

[15:52:12]	[Recv]	shop 2 2741 1 1 2 NosCamp Training

[15:52:12]	[Recv]	in 2 301 2740 30 71 0 100 100 1 0 0 -1 1 0 -1 - 0 -1 0 0 0 0 0 0 0 0 0 0 0 0

[15:52:12]	[Recv]	shop 2 2740 1 0 3 Teo's Tool Shop

[15:52:12]	[Recv]	in 2 2338 2739 130 70 6 100 100 9665 0 0 -1 1 0 -1 - 0 -1 0 0 0 0 0 0 0 0 0 0 0 0

[15:52:12]	[Recv]	in 2 2336 2738 127 65 6 100 100 9664 0 0 -1 1 0 -1 - 0 -1 0 0 0 0 0 0 0 0 0 0 0 0

[15:52:12]	[Recv]	in 2 939 2737 81 58 2 100 100 1 0 0 -1 1 0 -1 - 0 -1 0 0 0 0 0 0 0 0 0 0 0 0

[15:52:12]	[Recv]	in 2 379 2736 113 171 0 100 100 99 0 0 -1 1 0 -1 - 0 -1 0 0 0 0 0 0 0 0 0 0 0 0

[15:52:12]	[Recv]	in 2 351 2735 78 42 5 100 100 99 0 0 -1 1 0 -1 - 0 -1 0 0 0 0 0 0 0 0 0 0 0 0

[15:52:12]	[Recv]	in 2 350 2734 85 41 0 100 100 99 0 0 -1 1 0 -1 - 0 -1 0 0 0 0 0 0 0 0 0 0 0 0

[15:52:12]	[Recv]	in 2 334 2733 154 21 2 100 100 0 0 0 -1 1 0 -1 - 0 -1 0 0 0 0 0 0 0 0 0 0 0 0

[15:52:12]	[Recv]	in 2 334 2732 154 17 2 100 100 0 0 0 -1 1 0 -1 - 0 -1 0 0 0 0 0 0 0 0 0 0 0 0

[15:52:12]	[Recv]	in 2 334 2731 152 24 2 100 100 0 0 0 -1 1 0 -1 - 0 -1 0 0 0 0 0 0 0 0 0 0 0 0

[15:52:12]	[Recv]	in 2 334 2730 150 18 2 100 100 0 0 0 -1 1 0 -1 - 0 -1 0 0 0 0 0 0 0 0 0 0 0 0

[15:52:12]	[Recv]	in 2 334 2729 144 29 2 100 100 0 0 0 -1 1 0 -1 - 0 -1 0 0 0 0 0 0 0 0 0 0 0 0

[15:52:12]	[Recv]	in 2 334 2728 135 116 2 100 100 0 0 0 -1 1 0 -1 - 0 -1 0 0 0 0 0 0 0 0 0 0 0 0

[15:52:12]	[Recv]	in 2 334 2727 134 103 2 100 100 0 0 0 -1 1 0 -1 - 0 -1 0 0 0 0 0 0 0 0 0 0 0 0

[15:52:12]	[Recv]	in 2 334 2726 134 73 2 100 100 0 0 0 -1 1 0 -1 - 0 -1 0 0 0 0 0 0 0 0 0 0 0 0

[15:52:12]	[Recv]	in 2 334 2725 131 43 2 100 100 0 0 0 -1 1 0 -1 - 0 -1 0 0 0 0 0 0 0 0 0 0 0 0

[15:52:12]	[Recv]	in 2 334 2724 127 38 2 100 100 0 0 0 -1 1 0 -1 - 0 -1 0 0 0 0 0 0 0 0 0 0 0 0

[15:52:12]	[Recv]	in 2 334 2723 119 152 2 100 100 0 0 0 -1 1 0 -1 - 0 -1 0 0 0 0 0 0 0 0 0 0 0 0

[15:52:12]	[Recv]	in 2 334 2722 114 73 2 100 100 0 0 0 -1 1 0 -1 - 0 -1 0 0 0 0 0 0 0 0 0 0 0 0

[15:52:12]	[Recv]	in 2 334 2721 108 146 2 100 100 0 0 0 -1 1 0 -1 - 0 -1 0 0 0 0 0 0 0 0 0 0 0 0

[15:52:12]	[Recv]	in 2 334 2720 94 57 2 100 100 0 0 0 -1 1 0 -1 - 0 -1 0 0 0 0 0 0 0 0 0 0 0 0

[15:52:12]	[Recv]	in 2 334 2719 79 53 2 100 100 0 0 0 -1 1 0 -1 - 0 -1 0 0 0 0 0 0 0 0 0 0 0 0

[15:52:12]	[Recv]	in 2 334 2718 78 147 2 100 100 0 0 0 -1 1 0 -1 - 0 -1 0 0 0 0 0 0 0 0 0 0 0 0

[15:52:12]	[Recv]	in 2 334 2717 66 137 2 100 100 0 0 0 -1 1 0 -1 - 0 -1 0 0 0 0 0 0 0 0 0 0 0 0

[15:52:12]	[Recv]	in 2 334 2716 65 63 2 100 100 0 0 0 -1 1 0 -1 - 0 -1 0 0 0 0 0 0 0 0 0 0 0 0

[15:52:12]	[Recv]	in 2 334 2715 51 59 2 100 100 0 0 0 -1 1 0 -1 - 0 -1 0 0 0 0 0 0 0 0 0 0 0 0

[15:52:12]	[Recv]	in 2 334 2714 51 119 2 100 100 0 0 0 -1 1 0 -1 - 0 -1 0 0 0 0 0 0 0 0 0 0 0 0

[15:52:12]	[Recv]	in 2 334 2713 51 108 2 100 100 0 0 0 -1 1 0 -1 - 0 -1 0 0 0 0 0 0 0 0 0 0 0 0

[15:52:12]	[Recv]	in 2 334 2712 39 102 2 100 100 0 0 0 -1 1 0 -1 - 0 -1 0 0 0 0 0 0 0 0 0 0 0 0

[15:52:12]	[Recv]	in 2 334 2711 38 56 2 100 100 0 0 0 -1 1 0 -1 - 0 -1 0 0 0 0 0 0 0 0 0 0 0 0

[15:52:12]	[Recv]	in 2 334 2710 31 116 2 100 100 0 0 0 -1 1 0 -1 - 0 -1 0 0 0 0 0 0 0 0 0 0 0 0

[15:52:12]	[Recv]	in 2 334 2709 27 110 2 100 100 0 0 0 -1 1 0 -1 - 0 -1 0 0 0 0 0 0 0 0 0 0 0 0

[15:52:12]	[Recv]	in 2 322 2708 47 43 4 100 100 301 0 0 -1 1 0 -1 - 0 -1 0 0 0 0 0 0 0 0 0 0 0 0

[15:52:12]	[Recv]	in 2 322 2707 117 30 0 100 100 303 0 0 -1 1 0 -1 - 0 -1 0 0 0 0 0 0 0 0 0 0 0 0

[15:52:12]	[Recv]	in 2 322 2706 63 152 7 100 100 0 0 0 -1 1 0 -1 - 0 -1 0 0 0 0 0 0 0 0 0 0 0 0

[15:52:12]	[Recv]	in 2 322 2705 51 145 2 100 100 0 0 0 -1 1 0 -1 - 0 -1 0 0 0 0 0 0 0 0 0 0 0 0

[15:52:12]	[Recv]	in 2 322 2704 36 131 7 100 100 0 0 0 -1 1 0 -1 - 0 -1 0 0 0 0 0 0 0 0 0 0 0 0

[15:52:12]	[Recv]	in 2 322 2703 28 129 2 100 100 0 0 0 -1 1 0 -1 - 0 -1 0 0 0 0 0 0 0 0 0 0 0 0

[15:52:12]	[Recv]	in 2 321 2702 123 171 4 100 100 305 0 0 -1 1 0 -1 - 0 -1 0 0 0 0 0 0 0 0 0 0 0 0

[15:52:12]	[Recv]	in 2 320 2701 39 44 4 100 100 302 0 0 -1 1 0 -1 - 0 -1 0 0 0 0 0 0 0 0 0 0 0 0

[15:52:12]	[Recv]	in 2 320 2700 109 34 0 100 100 300 0 0 -1 1 0 -1 - 0 -1 0 0 0 0 0 0 0 0 0 0 0 0

[15:52:12]	[Recv]	in 2 2658 2699 88 44 7 100 100 538 0 0 -1 1 0 -1 - 0 -1 0 0 0 0 0 0 0 0 0 0 0 0

[15:52:12]	[Recv]	in 2 2658 2698 85 110 7 100 100 538 0 0 -1 1 0 -1 - 0 -1 0 0 0 0 0 0 0 0 0 0 0 0

[15:52:12]	[Recv]	in 2 2604 2697 115 81 0 100 100 3049 0 0 -1 1 0 -1 - 0 -1 0 0 0 0 0 0 0 0 0 0 0 0

[15:52:12]	[Recv]	in 2 2540 2696 81 118 0 100 100 9714 0 0 -1 1 0 -1 - 0 -1 0 0 0 0 0 0 0 0 0 0 0 0

[15:52:12]	[Recv]	in 2 2210 2695 109 140 2 100 100 0 0 0 -1 1 0 -1 - 0 -1 0 0 0 0 0 0 0 0 0 0 0 0

[15:52:12]	[Recv]	in 2 2209 2694 111 140 2 100 100 0 0 0 -1 1 0 -1 - 0 -1 0 0 0 0 0 0 0 0 0 0 0 0

[15:52:12]	[Recv]	in 1 kleksiarzPL - 7122420 59 97 2 0 1 0 9 0 -1.12.1.8.-1.-1.-1.-1.-1.-1.-1 100 100 0 -1 0 0 0 0 0 0 0 0 -1 - 2 0 0 0 0 1 0 0|0|0 0 0 10 0 0

[15:52:12]	[Recv]	in 2 317 460998 30 51 2 100 100 0 0 3 7119875 1 1 -1 @ 1 0 0 0 0 0 0 0 0 0 0 0 0 0

[15:52:12]	[Recv]	in 1 Silveee - 7119875 31 50 2 0 0 1 1 2 -1.169.32.80.232.800.-1.-1.-1.-1.-1 100 100 1 -1 4 1 0 0 0 0 0 6 -1 - 9 0 0 0 0 28 0 0|0|0 0 0 10 0 0

[15:52:12]	[Recv]	in 2 333 407793 27 166 2 100 100 0 0 3 7123245 1 0 -1 @ 2 -1 0 0 0 0 0 0 0 0 0 0 0 1

[15:52:12]	[Recv]	in 1 SAKIARET - 7123245 27 166 2 0 1 1 7 0 -1.12.1.8.-1.-1.-1.-1.-1.-1.-1 97 100 0 -1 0 0 0 0 0 0 0 0 -1 - 1 0 0 0 0 11 0 0|0|0 0 0 10 0 0

[15:52:12]	[Recv]	mv 2 2713 50 110 5

[15:52:12]	[Recv]	mv 2 2732 154 18 5

[15:52:12]	[Recv]	mv 2 2712 41 100 5

[15:52:12]	[Recv]	mv 2 2711 39 58 5

[15:52:12]	[Recv]	mv 2 407873 22 159 7

[15:52:12]	[Recv]	mv 2 2729 146 27 5

[15:52:12]	[Recv]	mv 2 2720 94 58 5

[15:52:12]	[Recv]	mv 2 2719 81 55 5

[15:52:12]	[Recv]	mv 2 2710 32 118 5

[15:52:12]	[Recv]	eff 1 7115424 881

[15:52:12]	[Recv]	mv 2 2727 133 102 5

[15:52:12]	[Recv]	mv 2 336788 31 140 7

[15:52:12]	[Recv]	mv 2 2725 129 42 5

[15:52:12]	[Recv]	mv 2 2716 65 61 5

[15:52:12]	[Recv]	in 2 2618 436428 49 132 2 100 100 0 0 3 6782196 1 0 -1 @ 1 0 0 0 0 0 0 0 0 0 0 0 0 0

[15:52:12]	[Recv]	in 2 1488 436424 49 132 2 100 100 0 0 3 6782196 1 0 -1 @ 2 -1 0 0 0 0 0 0 0 0 0 0 0 6

[15:52:12]	[Recv]	in 1 ^^Erik^^ - 6782196 48 132 2 0 0 1 7 3 4642.4638.4622.4630.227.4132.8518.4260.8604.4531.8587 100 100 0 -1 4 4 0 43 0 49 85 87 1797.918 •Lüthiem• 27 0 0 0 0 99 14 0|0|0 0 0 10 80 9477

[15:52:12]	[Recv]	in 1 JogurtOwocowy - 6831671 58 101 2 0 0 0 15 1 221.4952.4449.4465.8026.803.4529.8081.8546.-1.-1 100 100 0 -1 4 4 0 0 0 3717 65 87 3739.918 Sanguinarius 27 0 0 0 17 99 20 0|0|2 0 0 10 62 9306

[15:52:12]	[Recv]	in 1 ·Leyenda - 6914586 114 148 2 0 0 3 13 3 0.4483.4455.4471.4840.4132.8680.0.8604.8568.-1 100 100 0 -1 4 4 0 43 0 25 97 85 5022.918 «ShadowSins» 23 0 15 0 12 96 8 0|0|0 0 0 10 62 9347

[15:52:12]	[Recv]	in 1 VatraSxD - 5938386 122 145 2 0 0 1 6 3 4507.4637.4621.4629.227.4131.8564.8566.-1.8568.8694 100 100 0 -1 4 3 0 42 0 28 87 77 1416.918 willows 27 0 15 0 20 99 17 0|0|0 0 0 10 72 9346

[15:52:13]	[Recv]	in 3 24 2556 43 162 2 100 100 0 0 0 -1 0 0 -1 - 0 -1 0 0 0 0 0 0 0 0 0 0 0 0

[15:52:13]	[Recv]	mv 2 2724 126 39 5

[15:52:13]	[Recv]	mv 2 2714 50 117 5

[15:52:13]	[Recv]	mv 2 2713 49 109 5

[15:52:13]	[Recv]	mv 2 2731 150 24 5

[15:52:13]	[Recv]	mv 2 2722 115 75 5

[15:52:13]	[Recv]	mv 2 2721 108 144 5

[15:52:13]	[Recv]	mv 2 2711 40 57 5

[15:52:13]	[Send]	sl 0
[15:52:13]	[Recv]	mv 2 2719 80 54 5

[15:52:13]	[Recv]	delay 5000 3 #sl^1 

[15:52:13]	[Send]	guri 2
[15:52:13]	[Send]	guri 5 1 2073308 0 3
[15:52:13]	[Recv]	mv 2 2728 134 116 5

[15:52:13]	[Recv]	mv 2 2727 134 101 5

[15:52:13]	[Recv]	mv 2 2718 77 145 5

[15:52:13]	[Recv]	mv 2 2717 67 138 5

[15:52:13]	[Recv]	mv 2 2697 117 80 10

[15:52:13]	[Recv]	guri 2 1 2073308 0

[15:52:13]	[Recv]	mv 2 2726 136 74 5

[15:52:13]	[Recv]	mv 2 2716 66 61 5

[15:52:13]	[Recv]	mv 2 2696 79 118 1

[15:52:13]	[Recv]	in 2 536 456807 107 67 2 100 100 0 0 3 3635852 1 0 -1 Maialino^portafortu 2 -1 0 0 0 0 0 0 0 0 0 0 0 3

[15:52:13]	[Recv]	in 1 Aveloal - 3635852 106 67 2 0 0 0 0 3 4508.4483.4455.4471.4840.4132.8518.8520.8703.4443.8696 100 100 0 -1 4 4 0 43 0 15 87 96 1897.915 EliteGreen 27 0 18 0 16 99 9 0|0|0 0 0 10 60 9347

[15:52:13]	[Recv]	in 2 333 407873 22 159 2 100 100 0 0 3 7123247 1 0 -1 @ 2 -1 0 0 0 0 0 0 0 0 0 0 0 1

[15:52:13]	[Recv]	in 1 DAHAROK - 7123247 22 159 2 0 0 0 3 0 -1.12.1.8.-1.-1.-1.-1.-1.-1.-1 54 100 0 -1 0 0 0 0 0 0 0 0 -1 - 1 0 0 0 0 12 0 0|0|0 0 0 10 0 0

[15:52:13]	[Recv]	in 2 333 336788 31 140 2 99 100 0 0 3 7123157 1 0 -1 @ 2 -1 0 0 0 0 0 0 0 0 0 0 0 1

[15:52:13]	[Recv]	in 1 AZAYUN - 7123157 31 140 2 0 1 1 0 0 -1.12.1.8.-1.-1.-1.-1.-1.-1.-1 69 100 0 -1 0 0 0 0 0 0 0 0 -1 - 1 0 0 0 0 12 0 0|0|0 0 0 10 0 0

[15:52:14]	[Recv]	in 3 333 2676 19 162 2 100 100 0 0 0 -1 0 0 -1 - 0 -1 0 0 0 0 0 0 0 0 0 0 0 0

[15:52:14]	[Recv]	mv 2 2733 153 22 5

[15:52:14]	[Recv]	mv 2 2714 52 119 5

[15:52:14]	[Recv]	mv 2 2713 48 110 5

[15:52:14]	[Recv]	in 1 RoBB_Rto - 4427380 71 105 2 0 0 1 23 1 4507.4952.4964.4955.227.4132.4402.4401.-1.4538.-1 67 100 0 -1 4 4 0 43 1 11 85 87 7226.917 †Mandalore† 24 0 11 0 18 97 5 0|0|0 0 0 10 60 0

[15:52:14]	[Recv]	mv 2 2732 155 16 5

[15:52:14]	[Recv]	mv 2 2731 151 24 5

[15:52:14]	[Recv]	mv 2 2722 117 73 5

[15:52:14]	[Recv]	mv 2 2721 106 146 5

[15:52:14]	[Recv]	mv 2 407793 28 166 7

[15:52:14]	[Recv]	mv 2 2730 148 17 5

[15:52:14]	[Recv]	mv 2 2729 144 26 5

[15:52:14]	[Recv]	mv 2 2720 96 59 5

[15:52:14]	[Recv]	mv 2 2719 78 56 5

[15:52:14]	[Recv]	mv 2 2710 33 116 5

[15:52:14]	[Send]	guri 5 1 2073308 20 3
[15:52:14]	[Recv]	mv 2 2728 133 117 5

[15:52:14]	[Recv]	mv 2 2718 78 146 5

[15:52:14]	[Recv]	mv 2 2717 66 139 5

[15:52:14]	[Recv]	mv 2 2726 135 72 5

[15:52:14]	[Recv]	mv 2 2725 129 44 5

[15:52:14]	[Recv]	mv 2 2716 67 61 5

[15:52:14]	[Recv]	mv 2 2715 53 60 5

[15:52:14]	[Recv]	mv 2 2696 80 118 1

[15:52:14]	[Recv]	in 2 333 407969 43 166 2 95 100 0 0 3 7123248 1 0 -1 @ 2 -1 0 0 0 0 0 0 0 0 0 0 0 1

[15:52:14]	[Recv]	in 1 WADERTU - 7123248 43 165 2 0 1 0 5 0 -1.12.1.8.-1.-1.-1.-1.-1.-1.-1 35 100 0 -1 0 0 0 0 0 0 0 0 -1 - 1 0 0 0 0 12 0 0|0|0 0 0 10 0 0

[15:52:15]	[Recv]	in 3 24 2554 49 166 2 100 100 0 0 0 -1 0 0 -1 - 0 -1 0 0 0 0 0 0 0 0 0 0 0 0

[15:52:15]	[Recv]	in 3 24 2543 34 136 2 100 100 0 0 0 -1 0 0 -1 - 0 -1 0 0 0 0 0 0 0 0 0 0 0 0

[15:52:15]	[Recv]	mv 2 2724 127 37 5

[15:52:15]	[Recv]	mv 2 2723 119 154 5

[15:52:15]	[Recv]	mv 2 2714 51 118 5

[15:52:15]	[Recv]	in 3 24 2537 32 165 2 100 100 0 0 0 -1 0 0 -1 - 0 -1 0 0 0 0 0 0 0 0 0 0 0 0

[15:52:15]	[Recv]	mv 2 2732 153 17 5

[15:52:15]	[Recv]	mv 2 2721 107 148 5

[15:52:15]	[Recv]	mv 2 2711 38 56 5

[15:52:15]	[Send]	glist 0 0
[15:52:15]	[Recv]	eff 2 493734 3007

[15:52:15]	[Recv]	mv 2 2730 149 17 5

[15:52:15]	[Recv]	mv 2 2729 145 26 5

[15:52:15]	[Recv]	mv 2 2720 96 58 5

[15:52:15]	[Recv]	mv 2 2719 79 55 5

[15:52:15]	[Recv]	mv 2 2709 28 112 5

[15:52:15]	[Recv]	gmbr 0 4286434|20062415|Salvanto2|99|3|0|9|1|89|15 4343548|22011021|Elatson25|99|2|1|11|0|90|14 4371592|21010613|STa®†a©R|99|1|1|7|0|72|1824 3467154|22030623|[St]Grippato|99|1|2|1|0|90|1 4384113|22090314|~Nilah™|99|3|2|11|1|71|10 3849234|21011500|DarkSiria36|99|3|2|19|0|80|9 4355578|23011819|Salvant6|98|4|2|0|0|60|1464 3599314|21120511|Federaikou|99|2|2|0|0|80|1848 3553253|23061016|ZagatoZ|99|2|2|0|1|88|0 4467786|23101723|chress|99|2|2|0|0|87|19 3504103|22010421|MrBiscotto|99|2|2|0|0|78|19 3597405|21091222|Hinode|99|1|2|10|0|65|912 4032759|24031521|•Van_Heert•™|99|2|2|0|1|72|0 6776965|22072700|™Kydd~|99|1|2|0|0|90|13 4094580|22080812|Mezzogenio|99|1|2|0|0|77|360 3413411|23031520|TheRealCenoz|99|2|2|0|1|82|14 4468121|23042020|lubello|99|3|2|0|0|88|19 4343557|23031017|Daviduzz0|99|3|2|0|0|80|216 4321566|23031722|Salvanto4|99|2|2|0|0|61|1320 3672622|23121223|redelfuoco3|99|2|2|0|0|80|48 4332863|23061016|CiccioCaputo|99|1|2|0|1|88|72 4357105|22061813|•Rosengarten|99|4|3|0|0|65|1128 6800604|23112310|BazaarDiAleRe|99|3|3|0|0|80|5 4462399|23032412|DarkFox-|99|2|3|0|0|65|528 2545168|24050317|minikaito|99|1|3|0|0|80|18 3897396|22101614|^^TheWar^^|99|1|3|0|0|80|840 3411041|24022300|z7v1cio7z|99|2|3|0|1|83|15 4465452|23051220|sara66|93|3|3|0|1|40|0 4352759|22110522|YellowCrown|99|2|3|0|0|80|0 615402|24050211|Shisuko|99|2|3|0|0|80|17 4367802|23010814|ketti00|99|2|3|0|1|86|17 3413562|23101312|~ÐSLA~|99|3|3|0|0|80|0 3812522|24022914|Abba$h™|99|1|3|0|0|80|216 3856132|23060921|Mallyna|99|3|3|0|0|70|216 3548080|23112821|Everest°|99|2|3|0|0|83|14 6994310|24040716|LadyZaira|55|3|3|0|0|0|96 2360335|23010400|All730|99|1|3|0|0|80|552 4228379|23030520|HOTSHOT|98|3|3|0|0|40|504 7101734|24033115|Claremont|55|1|3|0|0|0|840 4294526|23042423|†RrronoaZorr†|99|1|3|0|0|65|24 3833619|23060908|AlessioReturn|99|2|3|0|0|82|5 3532515|23031509|~Asalyah~|96|3|3|0|0|41|48 4436697|23122120|Takemichi™|99|3|3|0|1|77|0 3613296|23031722|*-*Nami*-*|99|3|3|0|0|60|1632 3963555|23100700|Pestilence?|99|2|3|0|0|60|552 4024288|23042912|Enthernom|99|3|3|0|0|80|48 2416462|24042821|darkgunner98|85|3|3|0|0|4|13 7006501|24032817|*°As?xa°*|96|2|3|0|0|60|3 4454428|24042702|Sound!|99|1|3|0|1|64|0 4456594|24022318|Lethalea|99|3|3|0|1|81|0 3518828|21102919|Barry00|99|1|3|0|1|90|10 7120447|24050100|kakikaki|70|2|3|0|0|0|1 2578396|24041517|Sonder|99|2|3|0|0|82|0 6799444|24021323|~SuPaNoVa~|99|2|3|0|0|80|96 4128643|22100421|mariomessi|99|1|3|0|0|68|4632 4008762|24031522|^Kisame^|99|3|3|0|0|73|14 3918686|22020823|cristian2011|99|1|3|0|0|80|8 4122898|21051011|ringo|99|3|3|0|0|57|22 3654050|22032115|Ambro420|99|1|3|0|0|67|2544 4316119|21091023|¤Raff_F0xs¤|97|1|3|11|0|45|1008 3748147|22020800|cappio|99|1|3|0|0|74|17 4001689|22020719|Master-Griever|99|1|3|0|0|62|48 3611492|23010410|_zoro_95|99|1|3|0|0|80|864 2218813|22052023|Ethail|99|1|3|0|0|63|2832 6502425|23122200|*Marshall*|99|3|3|0|1|90|13 3138078|24011819|rarely|99|3|3|0|0|90|0 3626489|22062721|-King*|99|3|3|0|0|80|4 4368277|22092921|iRUKA•|99|1|3|0|0|80|0 3827606|23122316|¤Zenitsu¤|99|1|3|0|0|80|17 4472895|24021318|Mount|90|2|3|0|0|30|48 957916|24050617|lusikill|99|1|3|0|0|82|20 6971714|23101911|L@ndrynek|99|3|3|0|0|78|3792 4364021|24010618|ciaojr|99|3|2|0|1|80|2 6947505|24012110|AleBuffWK|85|2|3|0|0|3|5 4471317|23101400|Heleika|73|1|3|0|0|0|840 2073308|23101819|#Rey#|99|2|3|0|1|83|0 4318931|24022410|Alluka_|99|2|3|0|0|73|216 4370701|24012801|EmTa†hy|99|3|3|0|0|80|48 6783836|24030210|Lucifer234|99|1|3|0|0|72|1080 2185296|23111802|Frailyn-C|99|1|3|0|0|80|13 3765708|23121322|NewSpizzy|99|1|3|0|0|83|18 6961761|24030212|LeLeZ°|91|2|3|0|0|46|216 3571564|24011109|•Paragrn|99|2|3|0|0|87|12 4351183|24021223|Ymojen25|99|1|3|0|0|75|48 6591424|24031120|Mbf07|55|3|3|0|0|0|48 7096962|24040118|AleCrux|82|1|3|0|0|0|5 3643497|24021023|ciaos3|99|1|3|0|0|77|19 4387661|24031522|LeviAckermann|99|1|3|0|0|63|288 5409688|24032810|Tahir|99|2|3|0|0|80|21 3572112|24031218|_WarDeath_|99|1|3|0|0|68|336 4373382|24030301|~Diem·Carpe|99|2|3|0|1|80|0 6955743|24032909|BazaarAle8|85|3|3|0|0|3|5 6955742|24040118|BazaarAle7|82|3|3|0|0|0|5 4351446|24041815|VERN4|66|2|3|0|0|0|96 4322155|24041922|Too-|96|1|3|0|0|60|16

[15:52:15]	[Send]	guri 5 1 2073308 40 3
[15:52:15]	[Recv]	gmsg 4286434|<3 4343548|<3 4371592|molloGAMEperunpobaci! 3467154| 4384113| 3849234|ehe 4355578| 3599314|NTA9FIDOBIRBONOSMALLCODE 3553253| 4467786| 3504103|IlCroccomela!!! 3597405|<3 4032759| 6776965| 4094580|11.1newscore 3413411|LentamenteOgniCosaBellaSvanisce<3 4468121|lasciogildaconchressperfaladoppia 4343557| 4321566| 3672622| 4332863| 4357105|ernestina93enjoyer 6800604| 4462399|Pocoattivocausalavoro 2545168| 3897396| 3411041| 4465452| 4352759| 615402| 4367802| 3413562|99-93 3812522| 3856132| 3548080| 6994310|Tuttiimigliorisonomatti<3 2360335| 4228379|ALT+PERMAKILLATUTTI 7101734| 4294526| 3833619|vispacco 3532515| 4436697|Quantoseibello<3 3613296| 3963555| 4024288| 2416462| 7006501|Hallo! 4454428| 4456594|Rimaninellabolla..ilkarmafarrilresto<3 3518828|wiii 7120447| 2578396| 6799444| 4128643| 4008762| 3918686|LFfixedgroupforlol70+WM 4122898|#Cicciosafe 3654050| 4316119|Doyoulovetherain,doesitmakeyoudance 3748147| 4001689|yeahhhh 3611492| 2218813|HAPPYNEWDAY 6502425|:D 3138078| 3626489|:I 4368277| 3827606| 4472895| 957916| 6971714| 4364021| 6947505| 4471317| 2073308|r 4318931| 4370701| 6783836| 2185296| 3765708| 6961761|Salveatutti 3571564| 4351183| 6591424| 7096962| 3643497| 4387661| 5409688| 3572112| 4373382| 6955743| 6955742| 4351446| 4322155|

[15:52:15]	[Recv]	gmsg 

[15:52:15]	[Recv]	mv 2 2727 135 101 5

[15:52:15]	[Recv]	mv 2 2718 79 146 5

[15:52:15]	[Recv]	mv 2 2717 68 139 5

[15:52:15]	[Recv]	mv 2 2697 115 80 10

[15:52:15]	[Recv]	mv 2 2726 136 70 5

[15:52:15]	[Recv]	mv 2 2725 130 43 5

[15:52:15]	[Recv]	mv 2 2716 68 61 5

[15:52:15]	[Recv]	mv 2 2696 82 116 1

[15:52:15]	[Recv]	in 1 dawcze - 7115424 36 88 2 0 0 0 9 3 215.125.49.89.227.800.4380.986.4669.4683.-1 100 100 0 7 4 1 0 0 0 2526 26 23 4108.918 Tygryski 11 0 0 0 0 37 8 0|0|0 0 0 10 0 0

[15:52:15]	[Recv]	in 1 Niiccolka - 7099674 74 115 2 0 1 3 6 2 221.993.148.4008.227.802.-1.-1.-1.-1.-1 100 100 0 -1 4 3 0 0 0 0 34 34 4097.918 Ciapy 23 0 0 0 0 83 16 0|0|0 0 0 10 0 0

[15:52:15]	[Recv]	in 1 #Grdfrey~ - 4392144 39 153 2 0 0 3 15 3 8652.4638.8632.8640.8688.4712.4258.4181.8703.8568.-1 100 100 0 -1 4 4 0 50 0 25 97 107 2548.918 -(R)Evolution- 27 0 20 0 18 99 20 0|0|0 0 0 10 90 9468

[15:52:16]	[Recv]	mv 2 2733 154 21 5

[15:52:16]	[Recv]	mv 2 2724 125 39 5

[15:52:16]	[Recv]	mv 2 490843 73 104 12

[15:52:16]	[Recv]	mv 2 490847 74 104 11

[15:52:16]	[Recv]	mv 2 2732 152 16 5

[15:52:16]	[Recv]	mv 2 2731 151 25 5

[15:52:16]	[Recv]	mv 2 2722 116 73 5

[15:52:16]	[Recv]	mv 2 2721 107 147 5

[15:52:16]	[Recv]	mv 2 336788 30 140 7

[15:52:16]	[Recv]	mv 2 2729 146 25 5

[15:52:16]	[Recv]	mv 2 2720 97 57 5

[15:52:16]	[Send]	guri 5 1 2073308 60 3
[15:52:16]	[Recv]	mv 2 2728 134 116 5

[15:52:16]	[Recv]	mv 2 2717 66 138 5

[15:52:16]	[Recv]	mv 2 2697 117 81 10

[15:52:16]	[Recv]	mv 2 407969 43 165 7

[15:52:16]	[Recv]	mv 2 490843 77 104 12

[15:52:16]	[Recv]	mv 2 2726 135 72 5

[15:52:16]	[Recv]	mv 2 2696 81 117 1

[15:52:16]	[Recv]	mv 2 336788 29 140 7

[15:52:16]	[Recv]	in 1 BillyMilligan - 652625 118 145 2 0 0 1 1 1 4507.4952.4981.4955.227.4132.4787.4795.4309.-1.-1 100 95 0 -1 4 4 0 43 1 11 87 87 6423.918 Finsternis 25 0 11 0 19 95 8 0|0|0 0 0 10 57 9346

[15:52:17]	[Recv]	mv 2 2724 127 38 5

[15:52:17]	[Recv]	mv 2 2723 119 153 5

[15:52:17]	[Recv]	mv 2 490847 78 104 11

[15:52:17]	[Recv]	mv 2 2731 152 27 5

[15:52:17]	[Recv]	mv 2 2730 148 16 5

[15:52:17]	[Recv]	mv 2 2729 145 25 5

[15:52:17]	[Recv]	mv 2 2719 78 55 5

[15:52:17]	[Recv]	mv 2 2710 33 118 5

[15:52:17]	[Send]	guri 5 1 2073308 80 3
[15:52:17]	[Recv]	mv 2 490843 81 104 12

[15:52:17]	[Recv]	mv 2 2717 68 138 5

[15:52:17]	[Recv]	mv 2 2697 119 80 10

[15:52:17]	[Recv]	mv 2 2726 137 73 5

[15:52:17]	[Recv]	mv 2 2716 66 61 5

[15:52:17]	[Recv]	mv 2 2696 83 115 1

[15:52:17]	[Recv]	mv 2 490847 82 104 11

[15:52:18]	[Recv]	mv 2 2724 127 39 5

[15:52:18]	[Recv]	mv 2 2714 50 118 5

[15:52:18]	[Recv]	mv 2 2713 49 112 5

[15:52:18]	[Recv]	in 3 333 2677 26 159 2 100 100 0 0 0 -1 0 0 -1 - 0 -1 0 0 0 0 0 0 0 0 0 0 0 0

[15:52:18]	[Recv]	in 3 24 2555 40 165 2 100 100 0 0 0 -1 0 0 -1 - 0 -1 0 0 0 0 0 0 0 0 0 0 0 0

[15:52:18]	[Recv]	mv 2 2732 153 16 5

[15:52:18]	[Recv]	mv 2 2711 39 56 5

[15:52:18]	[Recv]	mv 2 2730 149 18 5

[15:52:18]	[Recv]	mv 2 2720 96 56 5

[15:52:18]	[Recv]	mv 2 2710 31 117 5

[15:52:18]	[Recv]	mv 2 2709 27 112 5

[15:52:18]	[Recv]	mv 2 490843 84 107 12

[15:52:18]	[Send]	guri 5 1 2073308 100 3
[15:52:18]	[Send]	#sl^1
[15:52:18]	[Recv]	mv 2 2728 133 118 5

[15:52:18]	[Recv]	mv 2 2727 135 103 5

[15:52:18]	[Recv]	mv 2 2718 78 144 5

[15:52:18]	[Recv]	mv 2 2717 66 139 5

[15:52:18]	[Recv]	mv 2 2697 118 80 10

[15:52:18]	[Recv]	mv 2 407793 28 167 7

[15:52:18]	[Recv]	vb 861 0 0

[15:52:18]	[Recv]	vb 862 0 0

[15:52:18]	[Recv]	vb 863 0 0

[15:52:18]	[Recv]	vb 340 0 0

[15:52:18]	[Recv]	vb 339 0 0

[15:52:18]	[Recv]	vb 472 0 0

[15:52:18]	[Recv]	vb 1440 0 0

[15:52:18]	[Recv]	vb 471 0 0

[15:52:18]	[Recv]	vb 634 0 0

[15:52:18]	[Recv]	vb 635 0 0

[15:52:18]	[Recv]	bf 1 2073308 0.742.0 99

[15:52:18]	[Recv]	sc 1 8 3208 3435 2069 29 320 0 7 2946 3041 1947 33 467 11 1750 1641 1865 1641 1794 152 157 151 167

[15:52:18]	[Recv]	c_mode 1 2073308 24 16 29 0 10 8151

[15:52:18]	[Recv]	ski 0 1154 1154 1154 1155 1156 1157 1158 1159 1160 1161 1162 1163 1164 1165 1166 1167 1781 1782 699|7 702|6 22 26 30 38 42 46 50 54 58 60 91 95 106 107 108 109 110 111 112 103 104 105 122 123 132 125 117 127 345 346 347 348 351 352 353 355 356 357 358 359 360 363 259 278 280

[15:52:18]	[Recv]	qslot 0 1.1.1 1.1.2 1.1.3 1.1.4 1.1.5 1.1.6 1.1.7 1.1.8 1.1.9 1.1.10 0.1.30 0.1.35 0.1.19 1.1.39 1.3.976 1.3.12 0.2.27 0.1.26 0.1.72 0.1.61 1.1.42 1.1.41 1.3.11 0.1.1 0.1.63 0.1.87 0.1.55 0.2.9 0.2.16 0.2.58

[15:52:18]	[Recv]	qslot 1 1.1.0 1.1.1 1.1.2 1.1.3 1.1.4 1.1.9 7.7.-1 7.7.-1 7.7.-1 0.0.30 1.1.5 1.1.6 1.1.7 1.1.8 1.1.9 7.7.-1 7.7.-1 7.7.-1 7.7.-1 0.-1.-1 0.-1.-1 0.-1.-1 0.-1.-1 0.-1.-1 0.-1.-1 0.2.-1 7.7.-1 7.7.-1 7.7.-1 7.7.-1

[15:52:18]	[Recv]	sp 806709 1000000 10000 10000

[15:52:18]	[Recv]	lev 99 0 99 0 2140719000 5991794 58452912 2 12114890 83 608742899 0

[15:52:18]	[Recv]	food 0

[15:52:18]	[Recv]	ftpt -1
[15:52:18]	[Recv]	eff 1 2073308 196

[15:52:18]	[Recv]	guri 6 1 2073308 0 0

[15:52:18]	[Recv]	mv 2 2725 131 43 5

[15:52:18]	[Recv]	mv 2 2716 65 61 5

[15:52:18]	[Recv]	mv 2 2715 52 59 5

[15:52:18]	[Recv]	mv 2 2696 81 117 1

[15:52:18]	[Recv]	mv 2 490847 86 104 11

[15:52:18]	[Recv]	mv 2 407873 22 158 7

[15:52:19]	[Recv]	mv 2 2733 156 23 5

[15:52:19]	[Recv]	mv 2 2724 126 38 5

[15:52:19]	[Recv]	mv 2 2714 49 119 5

[15:52:19]	[Recv]	mv 2 2732 154 14 5

[15:52:19]	[Recv]	mv 2 2731 150 27 5

[15:52:19]	[Recv]	mv 2 2722 117 74 5

[15:52:19]	[Recv]	mv 2 2721 106 146 5

[15:52:19]	[Recv]	mv 2 2712 40 100 5

[15:52:19]	[Recv]	mv 2 490843 85 111 12

[15:52:19]	[Recv]	mv 2 2720 98 58 5

[15:52:19]	[Recv]	mv 2 2719 80 55 5

[15:52:19]	[Recv]	bf 1 2073308 0.4121.3000 99

[15:52:19]	[Recv]	sayi 1 2073308 20 26 3 4121 0 0 0

[15:52:19]	[Recv]	bf 1 2073308 0.742.3000 99

[15:52:19]	[Recv]	eff 1 2073308 0

[15:52:19]	[Recv]	sayi 1 2073308 20 26 3 742 0 0 0

[15:52:19]	[Recv]	eff_t 2 493734 1 2073308 4766

[15:52:19]	[Recv]	sayi 1 2073308 20 23 3 4121 0 0 0

[15:52:19]	[Recv]	mv 2 407873 21 157 7

[15:52:19]	[Send]	gop 7 1
[15:52:19]	[Recv]	in 3 24 2544 31 138 2 100 100 0 0 0 -1 0 0 -1 - 0 -1 0 0 0 0 0 0 0 0 0 0 0 0

[15:52:19]	[Recv]	mv 2 2728 135 116 5

[15:52:19]	[Recv]	mv 2 2727 137 101 5

[15:52:19]	[Recv]	mv 2 2718 79 144 5

[15:52:19]	[Recv]	mv 2 2717 67 138 5

[15:52:19]	[Recv]	mv 2 2697 117 80 10

[15:52:19]	[Recv]	mv 2 490847 89 106 11

[15:52:19]	[Recv]	msgi 0 336 0 0 0 0 0

[15:52:19]	[Recv]	mv 2 2726 137 72 5

[15:52:19]	[Recv]	mv 2 2716 66 61 5

[15:52:19]	[Recv]	mv 2 2715 52 60 5

[15:52:19]	[Recv]	mv 2 2696 81 118 1

[15:52:20]	[Recv]	in 3 333 2684 33 162 2 100 100 0 0 0 -1 0 0 -1 - 0 -1 0 0 0 0 0 0 0 0 0 0 0 0

[15:52:20]	[Recv]	mv 2 2733 154 25 5

[15:52:20]	[Recv]	mv 2 2724 125 38 5

[15:52:20]	[Recv]	mv 2 2723 118 153 5

[15:52:20]	[Recv]	finfo 3654050.0.Ambro420 4371592.0.STa®†a©R 1246372.0.!Ice! 3467154.0.[St]Grippato 2935710.0.#Rey1# 1216152.0.^Lionello^ 3559057.0.~Frizz 4286434.1.Salvanto2 4357105.0.•Rosengarten 3343263.0.Ansatsu 2939098.0.GorGoJo 1638277.0.Memed 2360335.0.All730 2460434.0.Jon07 1213513.0.Anny_ 1189318.0.VelveD 957916.0.lusikill 2602125.0.Omega~ 2620775.1.·Tenzo 4338026.0.redelfuoco9 3744876.0.MoMbe13 6822110.0.^PDW^ 5656845.0.$$PDW$$

[15:52:20]	[Recv]	mv 2 490843 85 115 12

[15:52:20]	[Recv]	mv 2 2732 156 16 5

[15:52:20]	[Recv]	mv 2 2731 151 25 5

[15:52:20]	[Recv]	mv 2 2721 107 148 5

[15:52:20]	[Send]	psl 0
[15:52:20]	[Recv]	eff 2 493734 3007

[15:52:20]	[Recv]	mv 2 2720 96 59 5

[15:52:20]	[Recv]	mv 2 2719 80 54 5

[15:52:20]	[Recv]	mv 2 2709 27 110 5

[15:52:20]	[Recv]	pdelay 5000 3 #psl^1 

[15:52:20]	[Send]	guri 6
[15:52:20]	[Send]	guri 5 2 2073308 0 3
[15:52:20]	[Recv]	mv 2 490847 92 109 11

[15:52:20]	[Recv]	mv 2 2728 137 115 5

[15:52:20]	[Recv]	mv 2 2717 65 137 5

[15:52:20]	[Recv]	mv 2 2697 117 82 10

[15:52:20]	[Recv]	guri 2 2 493712 0

[15:52:20]	[Recv]	mv 2 336788 30 140 7

[15:52:20]	[Recv]	mv 2 2726 136 74 5

[15:52:20]	[Recv]	mv 2 2725 130 45 5

[15:52:20]	[Recv]	mv 2 2716 68 63 5

[15:52:21]	[Recv]	mv 2 2733 156 24 5

[15:52:21]	[Recv]	mv 2 2724 123 37 5

[15:52:21]	[Recv]	mv 2 2713 51 110 5

[15:52:21]	[Recv]	mv 2 490843 88 118 12

[15:52:21]	[Recv]	mv 2 2730 148 18 5

[15:52:21]	[Recv]	mv 2 2729 146 25 5

[15:52:21]	[Recv]	mv 2 2720 95 58 5

[15:52:21]	[Recv]	mv 2 2719 78 55 5

[15:52:21]	[Recv]	mv 2 2710 30 117 5

[15:52:21]	[Recv]	mv 2 2709 28 110 5

[15:52:21]	[Send]	guri 5 2 493712 20 3
[15:52:21]	[Recv]	mv 2 490847 95 112 11

[15:52:21]	[Recv]	mv 2 2728 135 115 5

[15:52:21]	[Recv]	mv 2 2727 136 101 5

[15:52:21]	[Recv]	mv 2 2718 78 145 5

[15:52:21]	[Recv]	mv 2 2725 131 43 5

[15:52:21]	[Recv]	mv 2 2716 68 62 5

[15:52:21]	[Recv]	mv 2 2715 52 58 5

[15:52:21]	[Recv]	mv 2 490843 91 121 12

[15:52:22]	[Recv]	in 3 24 2534 19 166 2 100 100 0 0 0 -1 0 0 -1 - 0 -1 0 0 0 0 0 0 0 0 0 0 0 0

[15:52:22]	[Recv]	mv 2 2733 155 25 5

[15:52:22]	[Recv]	mv 2 2723 116 154 5

[15:52:22]	[Recv]	mv 2 2714 50 117 5

[15:52:22]	[Recv]	mv 2 2713 52 109 5

[15:52:22]	[Recv]	mv 2 2731 152 27 5

[15:52:22]	[Recv]	mv 2 2722 116 73 5

[15:52:22]	[Recv]	mv 2 2721 108 147 5

[15:52:22]	[Recv]	mv 2 2712 39 98 5

[15:52:22]	[Recv]	mv 2 2711 37 58 5

[15:52:22]	[Recv]	mv 2 2719 79 53 5

[15:52:22]	[Recv]	mv 2 2710 31 116 5

[15:52:22]	[Recv]	mv 2 2709 29 110 5

[15:52:22]	[Recv]	mv 2 490843 93 123 12

[15:52:22]	[Recv]	mv 2 490847 98 115 11

[15:52:22]	[Send]	guri 5 2 493712 40 3
[15:52:22]	[Recv]	mv 2 2717 66 136 5

[15:52:22]	[Recv]	mv 2 2697 116 82 10

[15:52:22]	[Recv]	mv 2 2726 134 73 5

[15:52:22]	[Recv]	mv 2 2715 52 60 5

[15:52:22]	[Recv]	mv 2 2696 81 117 1

[15:52:23]	[Recv]	mv 2 2733 156 23 5

[15:52:23]	[Recv]	mv 2 2714 49 118 5

[15:52:23]	[Recv]	in 3 24 2557 48 161 2 100 100 0 0 0 -1 0 0 -1 - 0 -1 0 0 0 0 0 0 0 0 0 0 0 0

[15:52:23]	[Recv]	mv 2 2731 151 25 5

[15:52:23]	[Recv]	mv 2 2721 106 146 5

[15:52:23]	[Recv]	mv 2 2712 39 100 5

[15:52:23]	[Recv]	mv 2 2711 38 58 5

[15:52:23]	[Recv]	mv 2 490843 96 126 12

[15:52:23]	[Recv]	mv 2 336788 30 139 7

[15:52:23]	[Recv]	mv 2 2730 149 18 5

[15:52:23]	[Recv]	mv 2 2729 146 27 5

[15:52:23]	[Recv]	mv 2 2710 32 118 5

[15:52:23]	[Recv]	mv 2 2709 31 110 5

[15:52:23]	[Recv]	mv 2 490847 101 118 11

[15:52:23]	[Send]	guri 5 2 493712 60 3
[15:52:23]	[Recv]	mv 2 2728 137 115 5

[15:52:23]	[Recv]	mv 2 2727 135 102 5

[15:52:23]	[Recv]	mv 2 2717 64 136 5

[15:52:23]	[Recv]	mv 2 2697 117 80 10

[15:52:23]	[Recv]	in 3 24 2539 28 134 2 100 100 0 0 0 -1 0 0 -1 - 0 -1 0 0 0 0 0 0 0 0 0 0 0 0

[15:52:23]	[Recv]	mv 2 2725 131 45 5

[15:52:23]	[Recv]	mv 2 2716 66 63 5

[15:52:23]	[Recv]	mv 2 2696 82 116 1

[15:52:24]	[Recv]	mv 2 2714 48 120 5

[15:52:24]	[Recv]	mv 2 2713 50 111 5

[15:52:24]	[Recv]	mv 2 2732 155 14 5

[15:52:24]	[Recv]	mv 2 2731 149 26 5

[15:52:24]	[Recv]	mv 2 490843 100 126 12

[15:52:24]	[Recv]	mv 2 2730 150 20 5

[15:52:24]	[Recv]	mv 2 2729 145 25 5

[15:52:24]	[Recv]	mv 2 2720 96 59 5

[15:52:24]	[Recv]	mv 2 2719 80 53 5

[15:52:24]	[Recv]	mv 2 2710 31 117 5

[15:52:24]	[Recv]	mv 2 2709 29 109 5

[15:52:24]	[Recv]	mv 2 490847 102 121 11

[15:52:24]	[Send]	guri 5 2 493712 80 3
[15:52:24]	[Recv]	mv 2 2728 137 116 5

[15:52:24]	[Recv]	mv 2 2718 76 144 5

[15:52:24]	[Recv]	mv 2 2725 129 44 5

[15:52:24]	[Recv]	mv 2 2716 65 62 5

[15:52:25]	[Recv]	mv 2 2733 156 22 5

[15:52:25]	[Recv]	mv 2 2714 49 118 5

[15:52:25]	[Recv]	mv 2 490843 103 127 12

[15:52:25]	[Recv]	mv 2 2731 151 25 5

[15:52:25]	[Recv]	mv 2 2712 41 100 5

[15:52:25]	[Recv]	mv 2 2711 40 56 5

[15:52:25]	[Recv]	mv 2 490847 102 125 11

[15:52:25]	[Recv]	eff 2 493734 3007

[15:52:25]	[Recv]	mv 2 2730 148 18 5

[15:52:25]	[Recv]	mv 2 2729 146 26 5

[15:52:25]	[Recv]	mv 2 2720 97 57 5

[15:52:25]	[Recv]	mv 2 2709 28 111 5

[15:52:25]	[Send]	guri 5 2 493712 100 3
[15:52:25]	[Send]	#psl^1
[15:52:25]	[Recv]	mv 2 2728 135 114 5

[15:52:25]	[Recv]	mv 2 2697 117 81 10

[15:52:25]	[Recv]	c_mode 2 493712 2731 0 0

[15:52:25]	[Recv]	pski 660 661 662

[15:52:25]	[Recv]	sc_n 7 1491 493712 97 1000 177983910 4777.6.0 4782.4.0 4931.0.5 4845.4.5 0 0 0 0 1201 1306 828 15 253 0 1077 731 923 731 746 1 174 29 37 154 35571 43317 7205 7205 1 368740800 @ 2731 0 4446.100 660.7 661.7 662.7 2420 20 0

[15:52:25]	[Recv]	in 2 1491 493712 78 112 2 82 100 0 0 3 2073308 1 0 2731 @ 1 7 1 660 661 662 4237 4238 4239 0 2420 0 20 0

[15:52:25]	[Recv]	pinit 2 2|493712|0|97|@|-1|2731|1|2420|0|0 2|493734|1|99|Lunould|-1|683|0|0|0|50


[15:52:25]	[Recv]	eff 2 493712 196

[15:52:25]	[Recv]	guri 6 2 493712 10 0

[15:52:25]	[Recv]	mv 2 336788 32 139 7

[15:52:25]	[Recv]	in 3 333 2676 18 160 2 100 100 0 0 0 -1 0 0 -1 - 0 -1 0 0 0 0 0 0 0 0 0 0 0 0

[15:52:25]	[Recv]	in 3 24 2536 23 165 2 100 100 0 0 0 -1 0 0 -1 - 0 -1 0 0 0 0 0 0 0 0 0 0 0 0

[15:52:25]	[Recv]	mv 2 2725 131 43 5

[15:52:25]	[Recv]	mv 2 2696 82 117 1

[15:52:25]	[Recv]	mv 2 490843 106 130 12

[15:52:25]	[Recv]	mv 2 407793 27 166 7

[15:52:26]	[Recv]	mv 2 2713 52 109 5

[15:52:26]	[Recv]	mv 2 407969 44 165 7

[15:52:26]	[Recv]	mv 2 490847 104 128 11

[15:52:26]	[Recv]	mv 2 2731 152 23 5

[15:52:26]	[Recv]	mv 2 2722 114 75 5

[15:52:26]	[Recv]	mv 2 2712 39 99 5

[15:52:26]	[Recv]	mv 2 2711 41 57 5

[15:52:26]	[Recv]	in 2 670 419008 28 73 2 100 100 0 0 3 7115424 1 0 -1 @ 2 -1 0 0 0 0 0 0 0 0 0 0 0 3

[15:52:26]	[Recv]	c_mode 1 7115424 0 0 0 0 10 7943

[15:52:26]	[Recv]	mv 2 2729 144 26 5

[15:52:26]	[Recv]	mv 2 2720 98 57 5

[15:52:26]	[Recv]	mv 2 2719 79 53 5

[15:52:26]	[Recv]	mv 2 2710 32 116 5

[15:52:26]	[Recv]	mv 2 2709 29 112 5

[15:52:26]	[Recv]	bf 1 2073308 0.3034.3000 97

[15:52:26]	[Recv]	sayi 1 2073308 20 26 3 3034 0 0 0

[15:52:26]	[Recv]	eff_t 2 493712 1 2073308 4766

[15:52:26]	[Recv]	mv 2 2727 135 103 5

[15:52:26]	[Recv]	mv 2 2718 77 144 5

[15:52:26]	[Recv]	mv 2 2717 65 137 5

[15:52:26]	[Recv]	mv 2 490843 109 133 12

[15:52:26]	[Recv]	mv 2 2726 134 72 5

[15:52:26]	[Recv]	mv 2 2725 129 43 5

[15:52:26]	[Recv]	eff 1 6831671 4544

[15:52:26]	[Recv]	mv 2 490847 107 131 11

[15:52:27]	[Recv]	mv 2 2733 154 22 5

[15:52:27]	[Recv]	mv 2 2724 124 35 5

[15:52:27]	[Recv]	mv 2 2713 50 110 5

[15:52:27]	[Recv]	in 3 24 2554 46 169 2 100 100 0 0 0 -1 0 0 -1 - 0 -1 0 0 0 0 0 0 0 0 0 0 0 0

[15:52:27]	[Recv]	mv 2 2732 154 15 5

[15:52:27]	[Recv]	mv 2 2722 114 76 5

[15:52:27]	[Recv]	mv 2 2721 108 148 5

[15:52:27]	[Recv]	mv 2 2711 40 56 5

[15:52:27]	[Recv]	mv 2 2729 145 25 5

[15:52:27]	[Recv]	mv 2 2719 80 53 5

[15:52:27]	[Recv]	mv 2 2710 30 115 5

[15:52:27]	[Recv]	mv 2 2709 31 110 5

[15:52:27]	[Send]	u_i 1 2073308 1 30 0 0 
[15:52:27]	[Recv]	in 3 24 2545 28 137 2 100 100 0 0 0 -1 0 0 -1 - 0 -1 0 0 0 0 0 0 0 0 0 0 0 0

[15:52:27]	[Recv]	mv 2 2728 133 114 5

[15:52:27]	[Recv]	mv 2 2727 133 102 5

[15:52:27]	[Recv]	delay 3000 3 #u_i^1^2073308^1^30^2

[15:52:27]	[Send]	guri 2
[15:52:27]	[Send]	guri 5 1 2073308 0 3
[15:52:27]	[Recv]	mv 2 490843 112 136 12

[15:52:27]	[Recv]	guri 2 1 2073308 0

[15:52:27]	[Recv]	mv 2 2726 136 74 5

[15:52:27]	[Recv]	mv 2 2725 128 43 5

[15:52:27]	[Recv]	mv 2 2716 64 64 5

[15:52:27]	[Recv]	eff_t 2 395199 1 6831671 4766

[15:52:27]	[Recv]	mv 2 490847 110 134 11

[15:52:28]	[Recv]	mv 2 2733 153 21 5

[15:52:28]	[Recv]	mv 2 2724 124 36 5

[15:52:28]	[Recv]	mv 2 2723 117 153 5

[15:52:28]	[Recv]	mv 2 2713 49 111 5

[15:52:28]	[Recv]	mv 2 2731 150 25 5

[15:52:28]	[Recv]	mv 2 2721 107 147 5

[15:52:28]	[Recv]	mv 2 2711 41 58 5

[15:52:28]	[Recv]	mv 2 2729 145 26 5

[15:52:28]	[Recv]	mv 2 490843 115 139 12

[15:52:28]	[Send]	guri 5 1 2073308 33 3
[15:52:28]	[Recv]	mv 2 2718 78 145 5

[15:52:28]	[Recv]	mv 2 2717 66 136 5

[15:52:28]	[Recv]	c_mode 1 4427380 0 0 0 0 10 7719

[15:52:28]	[Recv]	mv 2 2726 135 74 5

[15:52:28]	[Recv]	mv 2 2725 127 45 5

[15:52:28]	[Recv]	mv 2 490847 113 137 11

[15:52:28]	[Recv]	eff_t 2 395197 1 6831671 4766

[15:52:29]	[Recv]	mv 2 2714 50 117 5

[15:52:29]	[Recv]	mv 2 2732 156 16 5

[15:52:29]	[Recv]	mv 2 2721 107 146 5

[15:52:29]	[Recv]	mv 2 490843 116 138 12

[15:52:29]	[Recv]	mv 2 2710 32 116 5

[15:52:29]	[Recv]	mv 2 2709 30 112 5

[15:52:29]	[Recv]	mv 2 407969 44 163 7

[15:52:29]	[Send]	guri 5 1 2073308 66 3
[15:52:29]	[Recv]	mv 2 2728 134 114 5

[15:52:29]	[Recv]	mv 2 2718 77 146 5

[15:52:29]	[Recv]	mv 2 2717 68 137 5

[15:52:29]	[Recv]	mv 2 2697 117 79 10

[15:52:29]	[Recv]	mv 2 2725 127 44 5

[15:52:29]	[Recv]	mv 2 2716 66 65 5

[15:52:29]	[Recv]	mv 2 2696 83 116 1

[15:52:29]	[Recv]	mv 2 490847 115 139 11

[15:52:29]	[Recv]	eff 1 6831671 0

[15:52:30]	[Recv]	in 3 24 2530 20 153 2 100 100 0 0 0 -1 0 0 -1 - 0 -1 0 0 0 0 0 0 0 0 0 0 0 0

[15:52:30]	[Recv]	mv 2 2713 49 112 5

[15:52:30]	[Recv]	mv 2 407969 45 162 7

[15:52:30]	[Recv]	mv 2 2731 148 24 5

[15:52:30]	[Recv]	mv 2 2721 108 144 5

[15:52:30]	[Recv]	mv 2 2712 40 101 5

[15:52:30]	[Recv]	eff 2 493734 3007

[15:52:30]	[Recv]	mv 2 2729 143 27 5

[15:52:30]	[Recv]	mv 2 2719 82 53 5

[15:52:30]	[Recv]	mv 2 2710 31 117 5

[15:52:30]	[Recv]	mv 2 2728 134 116 5

[15:52:30]	[Recv]	mv 2 2727 134 100 5

[15:52:30]	[Recv]	mv 2 2717 66 136 5

[15:52:30]	[Recv]	mv 2 2697 115 80 10

[15:52:30]	[Send]	guri 5 1 2073308 100 3
[15:52:30]	[Send]	#u_i^1^2073308^1^30^2
[15:52:30]	[Recv]	in 3 24 2537 31 167 2 100 100 0 0 0 -1 0 0 -1 - 0 -1 0 0 0 0 0 0 0 0 0 0 0 0

[15:52:30]	[Recv]	eff 1 2073308 196

[15:52:30]	[Recv]	pinit 2 2|493712|0|97|@|-1|2731|1|2420|0|0 2|493734|1|99|Lunould|-1|683|0|0|0|50

[15:52:30]	[Recv]	c_mode 1 2073308 3679 0 0 0 10 8151

[15:52:30]	[Recv]	dpski

[15:52:30]	[Recv]	petski -2

[15:52:31]	[Recv]	mv 2 2733 152 23 5

[15:52:31]	[Recv]	mv 2 2724 124 38 5

[15:52:31]	[Recv]	mv 2 2723 118 151 5

[15:52:31]	[Recv]	mv 2 2714 51 118 5

[15:52:31]	[Recv]	mv 2 2713 48 110 5

[15:52:31]	[Recv]	mv 2 2732 155 16 5

[15:52:31]	[Recv]	mv 2 2731 150 24 5

[15:52:31]	[Recv]	mv 2 2722 114 74 5

[15:52:31]	[Recv]	mv 2 2711 40 56 5

[15:52:31]	[Recv]	mv 2 2730 148 17 5

[15:52:31]	[Recv]	mv 2 2729 144 25 5

[15:52:31]	[Recv]	in 3 24 2556 47 163 2 100 100 0 0 0 -1 0 0 -1 - 0 -1 0 0 0 0 0 0 0 0 0 0 0 0

[15:52:31]	[Recv]	mv 2 2728 134 117 5

[15:52:31]	[Recv]	mv 2 2727 136 101 5

[15:52:31]	[Recv]	eq 4427380 0 0 1 23 1 4507.4952.4964.4955.227.4132.4402.4401.-1.4538.-1 85 87 10

[15:52:31]	[Recv]	mv 2 490376 117 148 12

[15:52:31]	[Recv]	mv 2 2726 133 72 5

[15:52:31]	[Recv]	mv 2 2725 127 45 5

[15:52:31]	[Recv]	eff 1 6831671 4544

[15:52:32]	[Recv]	mv 2 2733 153 22 5

[15:52:32]	[Recv]	mv 2 2724 126 39 5

[15:52:32]	[Recv]	mv 2 2714 50 117 5

[15:52:32]	[Recv]	mv 2 2713 49 110 5

[15:52:32]	[Recv]	eq 4427380 0 0 1 23 1 4507.4952.4964.4955.227.4131.4402.4401.-1.4538.-1 85 87 10

[15:52:32]	[Recv]	mv 2 490376 118 147 12

[15:52:32]	[Recv]	mv 2 2732 154 16 5

[15:52:32]	[Recv]	mv 2 2731 150 26 5

[15:52:32]	[Recv]	mv 2 2722 115 76 5

[15:52:32]	[Recv]	mv 2 2712 40 100 5

[15:52:32]	[Recv]	mv 2 2711 38 58 5

[15:52:32]	[Recv]	mv 2 2730 150 16 5

[15:52:32]	[Recv]	mv 2 2710 32 117 5

[15:52:32]	[Recv]	mv 2 2709 29 112 5

[15:52:32]	[Recv]	mv 2 2728 136 118 5

[15:52:32]	[Recv]	mv 2 2718 77 147 5

[15:52:32]	[Recv]	mv 2 2717 67 137 5

[15:52:32]	[Recv]	mv 2 2697 115 81 10

[15:52:32]	[Recv]	in 3 24 2542 30 141 2 100 100 0 0 0 -1 0 0 -1 - 0 -1 0 0 0 0 0 0 0 0 0 0 0 0

[15:52:32]	[Recv]	mv 2 2716 64 64 5

[15:52:32]	[Recv]	mv 2 2715 51 58 5

[15:52:32]	[Recv]	mv 2 2696 82 114 1

[15:52:33]	[Recv]	mv 2 2733 152 22 5

[15:52:33]	[Recv]	mv 2 2724 126 37 5

[15:52:33]	[Recv]	mv 2 2723 118 152 5

[15:52:33]	[Recv]	mv 2 2714 49 119 5

[15:52:33]	[Recv]	mv 2 2713 50 110 5

[15:52:33]	[Recv]	mv 2 2732 152 17 5

[15:52:33]	[Recv]	mv 2 2731 150 25 5

[15:52:33]	[Recv]	mv 2 2721 108 146 5

[15:52:33]	[Recv]	mv 2 2712 41 101 5

[15:52:33]	[Recv]	mv 2 2711 38 60 5

[15:52:33]	[Recv]	mv 2 2730 152 17 5

[15:52:33]	[Recv]	mv 2 2729 142 25 5

[15:52:33]	[Recv]	mv 2 2720 98 59 5

[15:52:33]	[Recv]	mv 2 2709 30 111 5

[15:52:33]	[Recv]	mv 2 2728 135 116 5

[15:52:33]	[Recv]	mv 2 2727 134 99 5

[15:52:33]	[Recv]	mv 2 2718 79 147 5

[15:52:33]	[Recv]	mv 2 2697 117 80 10

[15:52:33]	[Recv]	c_mode 1 7115424 6 0 0 0 10 7943

[15:52:33]	[Recv]	in 3 24 2559 48 155 2 100 100 0 0 0 -1 0 0 -1 - 0 -1 0 0 0 0 0 0 0 0 0 0 0 0

[15:52:33]	[Recv]	mv 2 2716 65 64 5

[15:52:33]	[Recv]	mv 2 2715 52 58 5

[15:52:34]	[Recv]	mv 2 2733 154 24 5

[15:52:34]	[Recv]	mv 2 2724 124 39 5

[15:52:34]	[Recv]	mv 2 2723 118 154 5

[15:52:34]	[Recv]	mv 2 2732 153 16 5

[15:52:34]	[Recv]	mv 2 2731 152 23 5

[15:52:34]	[Recv]	mv 2 2722 114 75 5

[15:52:34]	[Recv]	mv 2 2721 107 145 5

[15:52:34]	[Recv]	mv 2 2711 40 60 5

[15:52:34]	[Recv]	mv 2 2729 144 27 5

[15:52:34]	[Recv]	mv 2 2709 31 110 5

[15:52:34]	[Recv]	mv 2 2728 137 114 5

[15:52:34]	[Recv]	mv 2 2717 66 138 5

[15:52:34]	[Recv]	mv 2 2697 117 81 10

[15:52:34]	[Recv]	mv 2 407969 45 163 7

[15:52:34]	[Recv]	mv 2 2725 129 43 5

[15:52:34]	[Recv]	mv 2 2716 65 63 5

[15:52:34]	[Recv]	mv 2 2696 81 115 1

[15:52:35]	[Recv]	mv 2 2733 152 24 5

[15:52:35]	[Recv]	mv 2 2723 118 152 5

[15:52:35]	[Recv]	mv 2 2714 50 117 5

[15:52:35]	[Recv]	mv 2 2732 153 17 5

[15:52:35]	[Recv]	mv 2 2731 151 25 5

[15:52:35]	[Recv]	mv 2 2721 108 145 5

[15:52:35]	[Recv]	mv 2 2711 41 60 5

[15:52:35]	[Recv]	mv 2 2730 151 18 5

[15:52:35]	[Recv]	mv 2 2729 144 26 5

[15:52:35]	[Recv]	mv 2 2720 96 58 5

[15:52:35]	[Recv]	mv 2 2710 32 118 5

[15:52:35]	[Recv]	mv 2 2709 30 111 5

[15:52:35]	[Recv]	mv 2 2728 135 115 5

[15:52:35]	[Recv]	mv 2 2727 133 101 5

[15:52:35]	[Recv]	mv 2 2718 80 147 5

[15:52:35]	[Recv]	mv 2 2717 68 136 5

[15:52:35]	[Recv]	mv 2 2697 116 81 10

[15:52:35]	[Recv]	mv 2 336788 31 139 7

[15:52:35]	[Recv]	mv 2 2725 128 43 5

[15:52:35]	[Recv]	mv 2 2716 64 63 5

[15:52:35]	[Recv]	mv 2 2715 50 58 5

[15:52:35]	[Recv]	mv 2 2696 79 115 1

[15:52:36]	[Recv]	in 3 24 2553 49 165 2 100 100 0 0 0 -1 0 0 -1 - 0 -1 0 0 0 0 0 0 0 0 0 0 0 0

[15:52:36]	[Recv]	mv 2 2733 153 24 5

[15:52:36]	[Recv]	mv 2 2714 51 117 5

[15:52:36]	[Recv]	mv 2 2713 49 109 5

[15:52:36]	[Recv]	mv 2 336788 30 140 7

[15:52:36]	[Recv]	mv 2 2732 153 16 5

[15:52:36]	[Recv]	mv 2 2731 149 24 5

[15:52:36]	[Recv]	mv 2 2722 115 77 5

[15:52:36]	[Recv]	mv 2 2720 97 56 5

[15:52:36]	[Recv]	mv 2 2719 80 54 5

[15:52:36]	[Recv]	mv 2 2710 31 117 5

[15:52:36]	[Recv]	mv 2 2727 134 101 5

[15:52:36]	[Recv]	mv 2 2718 78 147 5

[15:52:36]	[Recv]	mv 2 2717 67 136 5

[15:52:36]	[Recv]	mv 2 2697 117 81 10

[15:52:36]	[Recv]	mv 2 2715 52 59 5

[15:52:36]	[Recv]	mv 2 2696 81 116 1

[15:52:36]	[Recv]	eff 1 6831671 4544

[15:52:37]	[Recv]	mv 2 2723 119 151 5

[15:52:37]	[Recv]	mv 2 2713 49 110 5

[15:52:37]	[Recv]	mv 2 2732 155 15 5

[15:52:37]	[Recv]	mv 2 2731 150 24 5

[15:52:37]	[Recv]	mv 2 2721 109 147 5

[15:52:37]	[Recv]	mv 2 2712 40 99 5

[15:52:37]	[Recv]	mv 2 2711 40 60 5

[15:52:37]	[Recv]	in 1 demoniaco5 - 1839863 123 145 2 0 0 3 123 2 218.4478.4966.4963.227.4131.4789.4797.-1.-1.-1 100 100 0 -1 4 3 0 42 0 0 87 65 5287.917 ~Lindvüm~ 22 0 0 0 0 87 5 0|0|0 0 0 10 25 9346

[15:52:37]	[Recv]	in 3 333 2677 21 161 2 100 100 0 0 0 -1 0 0 -1 - 0 -1 0 0 0 0 0 0 0 0 0 0 0 0

[15:52:37]	[Recv]	mv 2 2730 152 20 5

[15:52:37]	[Recv]	mv 2 2720 97 57 5

[15:52:37]	[Recv]	mv 2 2709 29 109 5

[15:52:37]	[Recv]	in 3 24 2544 35 145 2 100 100 0 0 0 -1 0 0 -1 - 0 -1 0 0 0 0 0 0 0 0 0 0 0 0

[15:52:37]	[Recv]	mv 2 2728 136 115 5

[15:52:37]	[Recv]	mv 2 2727 133 99 5

[15:52:37]	[Recv]	mv 2 2718 80 146 5

[15:52:37]	[Recv]	mv 2 2697 117 82 10

[15:52:37]	[Recv]	mv 2 2726 134 74 5

[15:52:37]	[Recv]	mv 2 2716 64 62 5

[15:52:37]	[Recv]	mv 2 2715 52 61 5

[15:52:38]	[Recv]	mv 2 2733 154 25 5

[15:52:38]	[Recv]	mv 2 2724 126 38 5

[15:52:38]	[Recv]	mv 2 2723 117 152 5

[15:52:38]	[Recv]	mv 2 2731 152 24 5

[15:52:38]	[Recv]	mv 2 2722 117 77 5

[15:52:38]	[Recv]	mv 2 2721 108 146 5

[15:52:38]	[Recv]	mv 2 2711 39 58 5

[15:52:38]	[Recv]	mv 2 2729 145 28 5

[15:52:38]	[Recv]	mv 2 2720 97 59 5

[15:52:38]	[Recv]	mv 2 2710 32 118 5

[15:52:38]	[Recv]	mv 2 2709 29 110 5

[15:52:38]	[Recv]	mv 2 2717 66 137 5

[15:52:38]	[Recv]	in 3 333 2681 23 163 2 100 100 0 0 0 -1 0 0 -1 - 0 -1 0 0 0 0 0 0 0 0 0 0 0 0

[15:52:38]	[Recv]	mv 2 2726 135 72 5

[15:52:38]	[Recv]	mv 2 2725 129 42 5

[15:52:38]	[Recv]	mv 2 2716 65 63 5

[15:52:38]	[Recv]	mv 2 2715 53 61 5

[15:52:39]	[Recv]	mv 2 2733 154 23 5

[15:52:39]	[Recv]	mv 2 2724 125 37 5

[15:52:39]	[Recv]	mv 2 2714 49 118 5

[15:52:39]	[Recv]	mv 2 2713 49 112 5

[15:52:39]	[Recv]	mv 2 2732 155 16 5

[15:52:39]	[Recv]	mv 2 2721 109 147 5

[15:52:39]	[Recv]	mv 2 2711 41 56 5

[15:52:39]	[Recv]	mv 2 407873 23 157 7

[15:52:39]	[Recv]	mv 2 2710 32 117 5

[15:52:39]	[Recv]	mv 2 2728 137 115 5

[15:52:39]	[Recv]	mv 2 2727 135 100 5

[15:52:39]	[Recv]	mv 2 2697 118 81 10

[15:52:39]	[Recv]	mv 2 2726 135 71 5

[15:52:39]	[Recv]	mv 2 2725 127 43 5

[15:52:39]	[Recv]	mv 2 2716 65 61 5

[15:52:39]	[Recv]	mv 2 2715 51 59 5

[15:52:40]	[Recv]	in 3 24 2558 55 156 2 100 100 0 0 0 -1 0 0 -1 - 0 -1 0 0 0 0 0 0 0 0 0 0 0 0

[15:52:40]	[Recv]	mv 2 2724 123 39 5

[15:52:40]	[Recv]	mv 2 2714 49 120 5

[15:52:40]	[Recv]	mv 2 2713 51 111 5

[15:52:40]	[Recv]	mv 2 407873 24 157 7

[15:52:40]	[Recv]	mv 2 2732 155 18 5

[15:52:40]	[Recv]	mv 2 2721 110 146 5

[15:52:40]	[Recv]	mv 2 2712 39 100 5

[15:52:40]	[Recv]	mv 2 2711 39 56 5

[15:52:40]	[Recv]	mv 2 2729 144 28 5

[15:52:40]	[Recv]	mv 2 2720 97 57 5

[15:52:40]	[Recv]	mv 2 2719 80 55 5

[15:52:40]	[Recv]	mv 2 2710 31 115 5

[15:52:40]	[Recv]	mv 2 2728 136 116 5

[15:52:40]	[Recv]	mv 2 2727 133 100 5

[15:52:40]	[Recv]	mv 2 2717 66 138 5

[15:52:40]	[Recv]	mv 2 2697 119 80 10

[15:52:40]	[Recv]	mv 2 407793 28 166 7

[15:52:40]	[Recv]	mv 2 2726 136 72 5

[15:52:40]	[Recv]	mv 2 2715 51 57 5

[15:52:40]	[Recv]	mv 2 2696 80 116 1

[15:52:41]	[Recv]	in 3 24 2557 47 169 2 100 100 0 0 0 -1 0 0 -1 - 0 -1 0 0 0 0 0 0 0 0 0 0 0 0

[15:52:41]	[Recv]	mv 2 2724 125 37 5

[15:52:41]	[Recv]	mv 2 2723 118 153 5

[15:52:41]	[Recv]	mv 2 2714 50 120 5

[15:52:41]	[Recv]	mv 2 2713 52 112 5

[15:52:41]	[Recv]	in 3 333 2676 24 162 2 100 100 0 0 0 -1 0 0 -1 - 0 -1 0 0 0 0 0 0 0 0 0 0 0 0

[15:52:41]	[Recv]	mv 2 2732 153 16 5

[15:52:41]	[Recv]	mv 2 2731 150 26 5

[15:52:41]	[Recv]	mv 2 2722 115 76 5

[15:52:41]	[Recv]	mv 2 2721 109 144 5

[15:52:41]	[Recv]	mv 2 2712 40 100 5

[15:52:41]	[Recv]	mv 2 2711 40 58 5

[15:52:41]	[Recv]	mv 2 2720 96 59 5

[15:52:41]	[Recv]	mv 2 2719 78 55 5

[15:52:41]	[Recv]	mv 2 2709 30 110 5

[15:52:41]	[Recv]	mv 2 407793 29 165 7

[15:52:41]	[Recv]	in 3 24 2538 32 142 2 100 100 0 0 0 -1 0 0 -1 - 0 -1 0 0 0 0 0 0 0 0 0 0 0 0

[15:52:41]	[Recv]	mv 2 2718 79 147 5

[15:52:41]	[Recv]	mv 2 2717 64 140 5

[15:52:41]	[Recv]	mv 2 2726 137 74 5

[15:52:41]	[Recv]	mv 2 2715 50 59 5

[15:52:41]	[Recv]	eff 1 6831671 4544

[15:52:42]	[Recv]	mv 2 2733 155 25 5

[15:52:42]	[Recv]	mv 2 2723 117 152 5

[15:52:42]	[Recv]	mv 2 2713 51 112 5

[15:52:42]	[Recv]	in 3 24 2536 26 165 2 100 100 0 0 0 -1 0 0 -1 - 0 -1 0 0 0 0 0 0 0 0 0 0 0 0

[15:52:42]	[Recv]	mv 2 2731 149 27 5

[15:52:42]	[Recv]	mv 2 2721 108 146 5

[15:52:42]	[Recv]	mv 2 2712 39 99 5

[15:52:42]	[Recv]	mv 2 2711 41 57 5

[15:52:42]	[Recv]	in 1 *Crisps - 679367 48 132 2 0 0 2 3 1 221.4013.755.761.227.802.4384.8188.8285.-1.8696 100 100 0 -1 4 3 0 0 1 49 4 52 313.918 Chilling 23 0 0 0 0 85 6 0|0|0 0 0 10 1 9471

[15:52:42]	[Recv]	gidx 1 679367 313.918 Chilling 6 0|0|0

[15:52:42]	[Recv]	in 2 2708 458865 49 133 2 100 100 0 0 3 679367 1 0 -1 @ 2 -1 0 0 0 0 0 0 0 0 0 0 0 5

[15:52:42]	[Recv]	mv 2 2729 143 26 5

[15:52:42]	[Recv]	mv 2 2720 95 58 5

[15:52:42]	[Recv]	mv 2 2719 80 57 5

[15:52:42]	[Recv]	mv 2 2710 32 116 5

[15:52:42]	[Recv]	mv 2 2709 28 111 5

[15:52:42]	[Recv]	mv 2 2717 66 138 5

[15:52:42]	[Recv]	mv 2 2697 119 79 10

[15:52:42]	[Recv]	mv 2 2726 135 73 5

[15:52:42]	[Recv]	mv 2 2715 51 61 5

[15:52:42]	[Recv]	mv 2 2696 80 115 1

[15:52:42]	[Recv]	mv 2 336788 30 138 7

[15:52:43]	[Recv]	mv 2 2733 154 24 5

[15:52:43]	[Recv]	mv 2 2724 126 38 5

[15:52:43]	[Recv]	mv 2 2714 50 121 5

[15:52:43]	[Recv]	mv 2 2721 108 145 5

[15:52:43]	[Recv]	mv 2 2711 39 58 5

[15:52:43]	[Recv]	mv 2 2730 151 19 5

[15:52:43]	[Recv]	mv 2 2729 145 28 5

[15:52:43]	[Recv]	mv 2 2710 33 116 5

[15:52:43]	[Recv]	msgi2 0 905 14 Mencc 2514 

[15:52:43]	[Recv]	mv 2 2728 137 114 5

[15:52:43]	[Recv]	mv 2 2727 135 99 5

[15:52:43]	[Recv]	mv 2 2697 119 81 10

[15:52:43]	[Recv]	mv 2 2726 135 71 5

[15:52:43]	[Recv]	mv 2 2716 66 62 5

[15:52:43]	[Recv]	mv 2 2715 52 60 5

[15:52:43]	[Recv]	mv 2 2696 80 114 1

[15:52:44]	[Recv]	mv 2 2733 153 23 5

[15:52:44]	[Recv]	mv 2 2724 124 37 5

[15:52:44]	[Recv]	mv 2 2723 116 152 5

[15:52:44]	[Recv]	mv 2 2714 49 121 5

[15:52:44]	[Recv]	mv 2 2713 52 111 5

[15:52:44]	[Recv]	mv 2 407873 24 158 7

[15:52:44]	[Recv]	mv 2 2711 39 59 5

[15:52:44]	[Recv]	mv 2 2730 149 20 5

[15:52:44]	[Recv]	mv 2 2729 145 27 5

[15:52:44]	[Recv]	mv 2 2709 28 112 5

[15:52:44]	[Recv]	in 3 24 2553 45 162 2 100 100 0 0 0 -1 0 0 -1 - 0 -1 0 0 0 0 0 0 0 0 0 0 0 0

[15:52:44]	[Recv]	in 3 24 2545 29 144 2 100 100 0 0 0 -1 0 0 -1 - 0 -1 0 0 0 0 0 0 0 0 0 0 0 0

[15:52:44]	[Recv]	mv 2 2728 137 116 5

[15:52:44]	[Recv]	mv 2 2717 64 137 5

[15:52:44]	[Recv]	mv 2 2697 118 79 10

[15:52:44]	[Recv]	mv 2 2725 127 42 5

[15:52:44]	[Recv]	mv 2 2715 50 59 5

[15:52:44]	[Recv]	mv 2 2696 82 114 1

[15:52:45]	[Recv]	mv 2 2724 126 39 5

[15:52:45]	[Recv]	mv 2 2723 117 153 5

[15:52:45]	[Recv]	mv 2 2713 51 109 5

[15:52:45]	[Recv]	mv 2 2711 37 58 5

[15:52:45]	[Recv]	mv 2 2730 150 18 5

[15:52:45]	[Recv]	mv 2 2720 97 56 5

[15:52:45]	[Recv]	mv 2 2719 82 57 5

[15:52:45]	[Recv]	mv 2 2710 31 118 5

[15:52:45]	[Recv]	mv 2 2709 30 111 5

[15:52:45]	[Recv]	mv 2 407793 29 164 7

[15:52:45]	[Recv]	mv 2 2728 136 115 5

[15:52:45]	[Recv]	mv 2 2718 78 146 5

[15:52:45]	[Recv]	mv 2 2717 66 139 5

[15:52:45]	[Recv]	in 3 333 2678 27 154 2 100 100 0 0 0 -1 0 0 -1 - 0 -1 0 0 0 0 0 0 0 0 0 0 0 0

[15:52:45]	[Recv]	mv 2 2726 134 70 5

[15:52:45]	[Recv]	mv 2 2715 51 59 5

[15:52:45]	[Recv]	mv 2 2696 82 115 1

[15:52:46]	[Recv]	mv 2 2723 119 151 5

[15:52:46]	[Recv]	mv 2 2714 50 119 5

[15:52:46]	[Recv]	mv 2 2732 153 18 5

[15:52:46]	[Recv]	mv 2 2721 108 144 5

[15:52:46]	[Recv]	mv 2 2711 39 56 5

[15:52:46]	[Recv]	mv 2 2730 148 16 5

[15:52:46]	[Recv]	mv 2 2720 98 56 5

[15:52:46]	[Recv]	mv 2 2719 82 56 5

[15:52:46]	[Recv]	mv 2 2709 30 110 5

[15:52:46]	[Recv]	mv 2 2727 137 101 5

[15:52:46]	[Recv]	mv 2 2718 76 147 5

[15:52:46]	[Recv]	mv 2 2717 67 137 5

[15:52:46]	[Recv]	mv 2 2726 134 72 5

[15:52:46]	[Recv]	mv 2 2725 128 43 5

[15:52:46]	[Recv]	mv 2 2716 68 63 5

[15:52:46]	[Recv]	mv 2 2715 52 60 5

[15:52:46]	[Recv]	mv 2 2696 81 115 1

[15:52:46]	[Recv]	eff 1 6831671 4544

[15:52:47]	[Recv]	mv 2 2723 117 151 5

[15:52:47]	[Recv]	mv 2 2713 52 111 5

[15:52:47]	[Recv]	mv 2 2732 153 17 5

[15:52:47]	[Recv]	mv 2 2722 117 74 5

[15:52:47]	[Recv]	mv 2 2712 40 99 5

[15:52:47]	[Recv]	mv 2 336788 30 140 7

[15:52:47]	[Recv]	mv 2 2730 149 16 5

[15:52:47]	[Recv]	mv 2 2729 144 25 5

[15:52:47]	[Recv]	mv 2 2720 96 57 5

[15:52:47]	[Recv]	mv 2 2719 81 54 5

[15:52:47]	[Recv]	mv 2 2709 29 110 5

[15:52:47]	[Recv]	mv 2 2728 135 116 5

[15:52:47]	[Recv]	mv 2 2697 117 80 10

[15:52:47]	[Recv]	mv 2 2726 135 74 5

[15:52:47]	[Recv]	mv 2 2725 129 42 5

[15:52:47]	[Recv]	mv 2 2696 80 117 1

[15:52:47]	[Recv]	mv 2 336788 31 140 7

[15:52:48]	[Recv]	in 3 333 2684 30 165 2 100 100 0 0 0 -1 0 0 -1 - 0 -1 0 0 0 0 0 0 0 0 0 0 0 0

[15:52:48]	[Recv]	mv 2 2733 152 25 5

[15:52:48]	[Recv]	mv 2 2714 49 119 5

[15:52:48]	[Recv]	mv 2 2713 50 112 5

[15:52:48]	[Recv]	mv 2 2721 110 145 5

[15:52:48]	[Recv]	mv 2 2711 41 58 5

[15:52:48]	[Recv]	mv 2 407969 45 164 7

[15:52:48]	[Recv]	mv 2 2710 32 118 5

[15:52:48]	[Recv]	mv 2 2728 136 118 5

[15:52:48]	[Recv]	mv 2 2727 136 100 5

[15:52:48]	[Recv]	mv 2 2697 117 79 10

[15:52:48]	[Recv]	mv 2 407969 45 165 7

[15:52:48]	[Recv]	mv 2 2726 135 72 5

[15:52:48]	[Recv]	mv 2 2716 67 64 5

[15:52:48]	[Recv]	mv 2 2715 53 58 5

[15:52:49]	[Recv]	in 3 24 2539 33 134 2 100 100 0 0 0 -1 0 0 -1 - 0 -1 0 0 0 0 0 0 0 0 0 0 0 0

[15:52:49]	[Recv]	mv 2 2733 154 24 5

[15:52:49]	[Recv]	mv 2 2724 124 37 5

[15:52:49]	[Recv]	mv 2 2714 51 118 5

[15:52:49]	[Recv]	mv 2 2731 149 26 5

[15:52:49]	[Recv]	mv 2 2722 117 75 5

[15:52:49]	[Recv]	mv 2 2730 151 18 5

[15:52:49]	[Recv]	mv 2 2729 144 26 5

[15:52:49]	[Recv]	mv 2 2719 79 55 5

[15:52:49]	[Recv]	mv 2 2709 28 111 5

[15:52:49]	[Recv]	mv 2 2728 134 118 5

[15:52:49]	[Recv]	mv 2 2727 135 99 5

[15:52:49]	[Recv]	mv 2 2697 115 81 10

[15:52:49]	[Recv]	mv 2 2726 137 74 5

[15:52:49]	[Recv]	mv 2 2725 127 41 5

[15:52:49]	[Recv]	mv 2 2716 66 65 5

[15:52:49]	[Recv]	mv 2 2696 81 115 1

[15:52:50]	[Recv]	mv 2 2733 156 24 5

[15:52:50]	[Recv]	mv 2 2724 123 39 5

[15:52:50]	[Recv]	mv 2 2723 115 152 5

[15:52:50]	[Recv]	mv 2 2713 48 110 5

[15:52:50]	[Recv]	mv 2 2732 153 15 5

[15:52:50]	[Recv]	mv 2 2721 108 147 5

[15:52:50]	[Recv]	mv 2 2712 40 98 5

[15:52:50]	[Recv]	mv 2 2711 40 60 5

[15:52:50]	[Recv]	in 3 333 2677 26 157 2 100 100 0 0 0 -1 0 0 -1 - 0 -1 0 0 0 0 0 0 0 0 0 0 0 0

[15:52:50]	[Recv]	mv 2 2730 151 16 5

[15:52:50]	[Recv]	mv 2 2729 142 26 5

[15:52:50]	[Recv]	mv 2 2710 30 117 5

[15:52:50]	[Recv]	mv 2 2709 29 111 5

[15:52:50]	[Recv]	mv 2 2727 134 100 5

[15:52:50]	[Recv]	mv 2 2717 68 138 5

[15:52:50]	[Recv]	mv 2 2697 117 81 10

[15:52:50]	[Recv]	mv 2 2715 53 57 5

[15:52:50]	[Recv]	mv 2 2696 80 114 1

[15:52:51]	[Recv]	mv 2 2723 116 152 5

[15:52:51]	[Recv]	mv 2 2714 51 117 5

[15:52:51]	[Recv]	mv 2 2732 152 17 5

[15:52:51]	[Recv]	mv 2 2722 116 76 5

[15:52:51]	[Recv]	mv 2 2712 41 99 5

[15:52:51]	[Recv]	mv 2 336788 32 140 7

[15:52:51]	[Recv]	mv 2 2719 81 56 5

[15:52:51]	[Recv]	mv 2 2710 31 116 5

[15:52:51]	[Recv]	mv 2 2709 30 112 5

[15:52:51]	[Recv]	mv 2 2728 135 118 5

[15:52:51]	[Recv]	mv 2 2718 77 148 5

[15:52:51]	[Recv]	mv 2 2717 66 137 5

[15:52:51]	[Recv]	mv 2 2725 129 41 5

[15:52:51]	[Recv]	mv 2 2715 54 58 5

[15:52:51]	[Recv]	mv 2 2696 81 116 1

[15:52:51]	[Recv]	eff 1 6831671 4544

[15:52:52]	[Recv]	mv 2 2724 124 38 5

[15:52:52]	[Recv]	mv 2 2723 117 150 5

[15:52:52]	[Recv]	mv 2 2714 51 119 5

[15:52:52]	[Recv]	mv 2 2729 144 27 5

[15:52:52]	[Recv]	mv 2 2720 97 58 5

[15:52:52]	[Recv]	mv 2 2719 79 55 5

[15:52:52]	[Recv]	mv 2 2710 30 115 5

[15:52:52]	[Recv]	mv 2 2709 29 112 5

[15:52:52]	[Recv]	in 3 333 2685 27 170 2 100 100 0 0 0 -1 0 0 -1 - 0 -1 0 0 0 0 0 0 0 0 0 0 0 0

[15:52:52]	[Recv]	mv 2 2718 76 147 5

[15:52:52]	[Recv]	mv 2 2697 117 82 10

[15:52:52]	[Recv]	mv 2 2716 65 64 5

[15:52:52]	[Recv]	mv 2 2696 82 115 1

[15:52:53]	[Recv]	mv 2 2733 156 23 5

[15:52:53]	[Recv]	mv 2 2724 123 36 5

[15:52:53]	[Recv]	mv 2 2713 49 111 5

[15:52:53]	[Recv]	mv 2 2731 150 25 5

[15:52:53]	[Recv]	mv 2 2722 115 74 5

[15:52:53]	[Recv]	mv 2 2721 107 147 5

[15:52:53]	[Recv]	mv 2 2712 39 98 5

[15:52:53]	[Recv]	mv 2 407969 45 166 7

[15:52:53]	[Recv]	mv 2 2729 146 26 5

[15:52:53]	[Recv]	mv 2 2719 81 53 5

[15:52:53]	[Recv]	mv 2 2728 134 117 5

[15:52:53]	[Recv]	mv 2 2727 135 100 5

[15:52:53]	[Recv]	in 3 333 2676 27 162 2 100 100 0 0 0 -1 0 0 -1 - 0 -1 0 0 0 0 0 0 0 0 0 0 0 0

[15:52:53]	[Recv]	in 3 24 2542 30 138 2 100 100 0 0 0 -1 0 0 -1 - 0 -1 0 0 0 0 0 0 0 0 0 0 0 0

[15:52:53]	[Recv]	mv 2 2726 136 73 5

[15:52:53]	[Recv]	mv 2 2725 127 42 5

[15:52:53]	[Recv]	mv 2 2716 67 64 5

[15:52:53]	[Recv]	mv 2 2696 83 114 1

[15:52:53]	[Recv]	mv 2 458865 53 133 12

[15:52:54]	[Recv]	mv 2 2714 52 119 5

[15:52:54]	[Recv]	mv 2 2732 153 16 5

[15:52:54]	[Recv]	mv 2 2721 109 146 5

[15:52:54]	[Recv]	mv 2 2711 38 59 5

[15:52:54]	[Recv]	mv 2 2729 145 26 5

[15:52:54]	[Recv]	mv 2 2720 95 58 5

[15:52:54]	[Recv]	mv 2 458865 54 134 12

[15:52:54]	[Recv]	in 3 24 2555 39 163 2 100 100 0 0 0 -1 0 0 -1 - 0 -1 0 0 0 0 0 0 0 0 0 0 0 0

[15:52:54]	[Recv]	mv 2 2718 77 146 5

[15:52:54]	[Recv]	mv 2 2726 135 73 5

[15:52:54]	[Recv]	mv 2 2725 128 42 5

[15:52:54]	[Recv]	mv 2 2716 67 65 5

[15:52:54]	[Recv]	mv 2 2696 83 116 1

[15:52:55]	[Recv]	mv 2 2733 154 25 5

[15:52:55]	[Recv]	mv 2 2714 51 117 5

[15:52:55]	[Recv]	mv 2 2731 150 24 5

[15:52:55]	[Recv]	mv 2 2712 37 100 5

[15:52:55]	[Recv]	mv 2 2720 95 59 5

[15:52:55]	[Recv]	mv 2 2719 82 53 5

[15:52:55]	[Recv]	mv 2 2709 29 111 5

[15:52:55]	[Recv]	mv 2 2728 135 115 5

[15:52:55]	[Recv]	mv 2 2727 135 99 5

[15:52:55]	[Recv]	mv 2 2718 79 144 5

[15:52:55]	[Recv]	mv 2 2717 68 137 5

[15:52:55]	[Recv]	mv 2 2725 130 41 5

[15:52:55]	[Recv]	mv 2 2716 66 64 5

[15:52:55]	[Recv]	mv 2 2715 53 59 5

[15:52:56]	[Recv]	mv 2 2723 115 151 5

[15:52:56]	[Recv]	mv 2 2714 51 118 5

[15:52:56]	[Recv]	mv 2 2713 50 109 5

[15:52:56]	[Recv]	mv 2 2731 149 25 5

[15:52:56]	[Recv]	mv 2 2721 107 148 5

[15:52:56]	[Recv]	mv 2 2711 38 60 5

[15:52:56]	[Recv]	mv 2 2720 95 58 5

[15:52:56]	[Recv]	mv 2 2719 82 54 5

[15:52:56]	[Recv]	mv 2 2710 30 116 5

[15:52:56]	[Recv]	mv 2 2728 135 116 5

[15:52:56]	[Recv]	mv 2 2727 134 99 5

[15:52:56]	[Recv]	mv 2 2717 67 138 5

[15:52:56]	[Recv]	mv 2 407793 29 166 7

[15:52:56]	[Recv]	mv 2 2725 129 43 5

[15:52:56]	[Recv]	mv 2 2716 67 63 5

[15:52:56]	[Recv]	mv 2 2715 53 57 5

[15:52:56]	[Recv]	mv 2 2696 81 115 1

[15:52:56]	[Recv]	eff 1 6831671 4544

[15:52:57]	[Recv]	in 3 24 2543 29 142 2 100 100 0 0 0 -1 0 0 -1 - 0 -1 0 0 0 0 0 0 0 0 0 0 0 0

[15:52:57]	[Recv]	mv 2 2733 152 25 5

[15:52:57]	[Recv]	mv 2 2724 125 37 5

[15:52:57]	[Recv]	mv 2 2723 116 152 5

[15:52:57]	[Recv]	mv 2 2722 116 75 5

[15:52:57]	[Recv]	mv 2 2721 108 147 5

[15:52:57]	[Recv]	in 3 333 2684 27 162 2 100 100 0 0 0 -1 0 0 -1 - 0 -1 0 0 0 0 0 0 0 0 0 0 0 0

[15:52:57]	[Recv]	mv 2 2720 97 57 5

[15:52:57]	[Recv]	mv 2 2719 80 55 5

[15:52:57]	[Recv]	mv 2 2710 31 115 5

[15:52:57]	[Recv]	mv 2 2709 27 113 5

[15:52:57]	[Recv]	in 3 333 2679 23 158 2 100 100 0 0 0 -1 0 0 -1 - 0 -1 0 0 0 0 0 0 0 0 0 0 0 0

[15:52:57]	[Recv]	mv 2 2727 135 101 5

[15:52:57]	[Recv]	mv 2 2718 77 146 5

[15:52:57]	[Recv]	mv 2 2717 65 140 5

[15:52:57]	[Recv]	mv 2 2726 137 74 5

[15:52:57]	[Recv]	mv 2 2716 68 62 5

[15:52:58]	[Recv]	mv 2 2733 152 24 5

[15:52:58]	[Recv]	mv 2 2724 126 35 5

[15:52:58]	[Recv]	mv 2 2723 117 153 5

[15:52:58]	[Recv]	mv 2 2714 50 120 5

[15:52:58]	[Recv]	mv 2 2713 48 111 5

[15:52:58]	[Recv]	in 3 24 2554 43 169 2 100 100 0 0 0 -1 0 0 -1 - 0 -1 0 0 0 0 0 0 0 0 0 0 0 0

[15:52:58]	[Recv]	mv 2 2722 114 73 5

[15:52:58]	[Recv]	mv 2 2712 39 98 5

[15:52:58]	[Recv]	mv 2 2711 40 59 5

[15:52:58]	[Recv]	mv 2 2729 146 26 5

[15:52:58]	[Recv]	mv 2 2720 97 59 5

[15:52:58]	[Recv]	mv 2 2719 81 53 5

[15:52:58]	[Recv]	mv 2 2710 33 116 5

[15:52:58]	[Recv]	mv 2 2718 78 144 5

[15:52:58]	[Recv]	mv 2 2717 65 139 5

[15:52:58]	[Recv]	mv 2 2697 118 82 10

[15:52:58]	[Recv]	mv 2 2726 135 72 5

[15:52:58]	[Recv]	mv 2 2715 51 59 5

[15:52:59]	[Recv]	mv 2 2724 125 37 5

[15:52:59]	[Recv]	mv 2 2723 118 152 5

[15:52:59]	[Recv]	mv 2 2714 50 118 5

[15:52:59]	[Recv]	mv 2 407793 30 166 7

[15:52:59]	[Recv]	mv 2 2731 150 23 5

[15:52:59]	[Recv]	mv 2 2722 114 74 5

[15:52:59]	[Recv]	mv 2 2721 109 146 5

[15:52:59]	[Recv]	mv 2 2712 41 100 5

[15:52:59]	[Recv]	mv 2 2711 39 58 5

[15:52:59]	[Recv]	mv 2 2719 79 53 5

[15:52:59]	[Recv]	mv 2 2710 33 117 5

[15:52:59]	[Recv]	mv 2 2728 134 116 5

[15:52:59]	[Recv]	mv 2 2718 76 144 5

[15:52:59]	[Recv]	mv 2 2717 66 137 5

[15:52:59]	[Recv]	mv 2 2697 117 80 10

[15:53:00]	[Recv]	mv 2 2726 136 70 5

[15:53:00]	[Recv]	mv 2 2716 66 63 5

[15:53:00]	[Recv]	mv 2 2715 53 60 5

[15:53:00]	[Recv]	mv 2 2733 153 23 5

[15:53:00]	[Recv]	mv 2 2713 48 110 5

[15:53:00]	[Recv]	mv 2 407873 23 158 7

[15:53:00]	[Recv]	in 3 24 2556 49 164 2 100 100 0 0 0 -1 0 0 -1 - 0 -1 0 0 0 0 0 0 0 0 0 0 0 0

[15:53:00]	[Recv]	mv 2 2732 154 14 5

[15:53:00]	[Recv]	mv 2 2721 108 144 5

[15:53:00]	[Recv]	mv 2 2711 40 57 5

[15:53:00]	[Recv]	mv 2 2730 151 18 5

[15:53:00]	[Recv]	mv 2 2720 96 58 5

[15:53:00]	[Recv]	mv 2 2719 81 55 5

[15:53:00]	[Recv]	mv 2 2710 31 115 5

[15:53:00]	[Recv]	mv 2 2709 27 112 5

[15:53:00]	[Recv]	mv 2 2728 136 116 5

[15:53:00]	[Recv]	mv 2 2727 137 101 5

[15:53:00]	[Recv]	mv 2 2718 77 145 5

[15:53:00]	[Recv]	mv 2 2726 135 72 5

[15:53:01]	[Recv]	in 3 24 2545 35 143 2 100 100 0 0 0 -1 0 0 -1 - 0 -1 0 0 0 0 0 0 0 0 0 0 0 0

[15:53:01]	[Recv]	mv 2 2733 152 23 5

[15:53:01]	[Recv]	mv 2 2731 151 23 5

[15:53:01]	[Recv]	mv 2 2721 109 145 5

[15:53:01]	[Recv]	mv 2 2711 40 56 5

[15:53:01]	[Recv]	mv 2 2729 145 27 5

[15:53:01]	[Recv]	mv 2 2720 97 57 5

[15:53:01]	[Recv]	mv 2 2710 30 116 5

[15:53:01]	[Recv]	in 3 333 2678 28 157 2 100 100 0 0 0 -1 0 0 -1 - 0 -1 0 0 0 0 0 0 0 0 0 0 0 0

[15:53:01]	[Recv]	mv 2 2728 135 117 5

[15:53:01]	[Recv]	mv 2 2718 76 144 5

[15:53:01]	[Recv]	mv 2 2717 68 136 5

[15:53:01]	[Recv]	mv 2 2725 131 44 5

[15:53:01]	[Recv]	mv 2 2716 64 62 5

[15:53:01]	[Recv]	eff 1 6831671 4544

[15:53:02]	[Recv]	mv 2 2733 154 22 5

[15:53:02]	[Recv]	mv 2 2724 126 38 5

[15:53:02]	[Recv]	mv 2 2723 119 154 5

[15:53:02]	[Recv]	mv 2 2714 51 120 5

[15:53:02]	[Recv]	mv 2 336788 30 141 7

[15:53:02]	[Recv]	mv 2 2731 152 25 5

[15:53:02]	[Recv]	mv 2 2722 115 75 5

[15:53:02]	[Recv]	mv 2 2721 108 146 5

[15:53:02]	[Recv]	mv 2 2711 38 58 5

[15:53:02]	[Recv]	mv 2 2730 149 16 5

[15:53:02]	[Recv]	mv 2 2729 144 25 5

[15:53:02]	[Recv]	mv 2 2720 97 59 5

[15:53:02]	[Recv]	mv 2 2727 135 103 5

[15:53:02]	[Recv]	mv 2 2718 78 146 5

[15:53:02]	[Recv]	mv 2 2697 116 81 10

[15:53:02]	[Recv]	mv 2 2726 135 70 5

[15:53:02]	[Recv]	mv 2 2725 130 43 5

[15:53:02]	[Recv]	mv 2 2716 64 63 5

[15:53:02]	[Recv]	mv 2 2715 52 61 5

[15:53:03]	[Recv]	in 3 24 2557 41 160 2 100 100 0 0 0 -1 0 0 -1 - 0 -1 0 0 0 0 0 0 0 0 0 0 0 0

[15:53:03]	[Recv]	mv 2 2733 152 22 5

[15:53:03]	[Recv]	mv 2 2723 118 153 5

[15:53:03]	[Recv]	mv 2 2714 50 120 5

[15:53:03]	[Recv]	mv 2 2713 48 111 5

[15:53:03]	[Recv]	mv 2 407969 44 166 7

[15:53:03]	[Recv]	mv 2 2732 153 16 5

[15:53:03]	[Recv]	mv 2 2731 150 27 5

[15:53:03]	[Recv]	mv 2 2721 109 147 5

[15:53:03]	[Recv]	mv 2 2712 39 102 5

[15:53:03]	[Recv]	mv 2 2711 40 58 5

[15:53:03]	[Recv]	mv 2 2729 146 26 5

[15:53:03]	[Recv]	mv 2 2710 31 117 5

[15:53:03]	[Recv]	mv 2 2718 76 146 5

[15:53:03]	[Recv]	in 3 24 2542 27 140 2 100 100 0 0 0 -1 0 0 -1 - 0 -1 0 0 0 0 0 0 0 0 0 0 0 0

[15:53:03]	[Recv]	mv 2 2726 134 71 5

[15:53:03]	[Recv]	mv 2 2725 131 41 5

[15:53:03]	[Recv]	mv 2 2716 66 61 5

[15:53:04]	[Recv]	mv 2 2723 116 151 5

[15:53:04]	[Recv]	mv 2 2731 148 25 5

[15:53:04]	[Recv]	mv 2 2722 114 75 5

[15:53:04]	[Recv]	mv 2 2721 107 147 5

[15:53:04]	[Recv]	mv 2 2730 150 17 5

[15:53:04]	[Recv]	mv 2 2719 81 57 5

[15:53:04]	[Recv]	mv 2 2710 29 115 5

[15:53:04]	[Recv]	mv 2 2709 27 110 5

[15:53:04]	[Recv]	mv 2 2717 67 137 5

[15:53:04]	[Recv]	mv 2 2697 116 82 10

[15:53:04]	[Recv]	mv 2 2726 136 71 5

[15:53:05]	[Recv]	in 3 333 2685 29 167 2 100 100 0 0 0 -1 0 0 -1 - 0 -1 0 0 0 0 0 0 0 0 0 0 0 0

[15:53:05]	[Recv]	mv 2 2724 127 37 5

[15:53:05]	[Recv]	mv 2 2714 49 120 5

[15:53:05]	[Recv]	mv 2 2732 153 17 5

[15:53:05]	[Recv]	mv 2 2731 150 25 5

[15:53:05]	[Recv]	mv 2 2722 116 76 5

[15:53:05]	[Recv]	mv 2 2721 107 146 5

[15:53:05]	[Recv]	mv 2 2711 41 58 5

[15:53:05]	[Recv]	in 3 333 2677 22 158 2 100 100 0 0 0 -1 0 0 -1 - 0 -1 0 0 0 0 0 0 0 0 0 0 0 0

[15:53:05]	[Recv]	mv 2 2720 95 57 5

[15:53:05]	[Recv]	mv 2 2719 80 57 5

[15:53:05]	[Recv]	mv 2 2727 136 101 5

[15:53:05]	[Recv]	mv 2 2718 77 146 5

[15:53:05]	[Recv]	mv 2 2717 66 137 5

[15:53:05]	[Recv]	mv 2 2697 117 81 10

[15:53:05]	[Recv]	mv 2 2726 135 73 5

[15:53:05]	[Recv]	mv 2 2725 130 43 5

[15:53:05]	[Recv]	mv 2 2715 54 60 5

[15:53:05]	[Recv]	mv 2 2696 80 115 1

[15:53:06]	[Recv]	mv 2 2733 153 23 5

[15:53:06]	[Recv]	mv 2 2714 50 119 5

[15:53:06]	[Recv]	mv 2 2713 48 112 5

[15:53:06]	[Recv]	mv 2 407969 45 166 7

[15:53:06]	[Recv]	mv 2 2731 151 26 5

[15:53:06]	[Recv]	mv 2 2721 108 148 5

[15:53:06]	[Recv]	mv 2 2711 39 56 5

[15:53:06]	[Recv]	mv 2 2710 31 116 5

[15:53:06]	[Recv]	mv 2 407873 21 158 7

[15:53:06]	[Recv]	mv 2 2728 137 118 5

[15:53:06]	[Recv]	mv 2 2717 66 138 5

[15:53:06]	[Recv]	mv 2 2697 116 82 10

[15:53:06]	[Recv]	mv 2 2725 130 44 5

[15:53:06]	[Recv]	mv 2 2716 65 63 5

[15:53:06]	[Recv]	mv 2 2715 54 59 5

[15:53:06]	[Recv]	eff 1 6831671 4544

[15:53:07]	[Recv]	mv 2 2733 152 24 5

[15:53:07]	[Recv]	mv 2 2714 50 117 5

[15:53:07]	[Recv]	mv 2 2732 153 16 5

[15:53:07]	[Recv]	mv 2 2731 149 26 5

[15:53:07]	[Recv]	mv 2 2712 37 100 5

[15:53:07]	[Recv]	mv 2 2711 39 58 5

[15:53:07]	[Recv]	mv 2 2730 150 18 5

[15:53:07]	[Recv]	mv 2 2729 144 25 5

[15:53:07]	[Recv]	mv 2 2720 95 59 5

[15:53:07]	[Recv]	mv 2 2710 31 117 5

[15:53:07]	[Recv]	mv 2 2709 29 109 5

[15:53:07]	[Recv]	mv 2 2728 135 117 5

[15:53:07]	[Recv]	mv 2 2727 137 102 5

[15:53:07]	[Recv]	mv 2 2718 77 147 5

[15:53:07]	[Recv]	mv 2 2725 130 42 5

[15:53:07]	[Recv]	mv 2 2716 67 65 5

[15:53:07]	[Recv]	mv 2 2715 54 57 5

[15:53:07]	[Recv]	mv 2 2696 79 115 1

[15:53:08]	[Recv]	in 3 24 2555 40 162 2 100 100 0 0 0 -1 0 0 -1 - 0 -1 0 0 0 0 0 0 0 0 0 0 0 0

[15:53:08]	[Recv]	mv 2 2733 153 23 5

[15:53:08]	[Recv]	mv 2 2714 50 118 5

[15:53:08]	[Recv]	mv 2 2713 50 112 5

[15:53:08]	[Recv]	in 3 333 2679 20 161 2 100 100 0 0 0 -1 0 0 -1 - 0 -1 0 0 0 0 0 0 0 0 0 0 0 0

[15:53:08]	[Recv]	mv 2 2732 154 15 5

[15:53:08]	[Recv]	mv 2 2731 150 25 5

[15:53:08]	[Recv]	mv 2 2721 108 146 5

[15:53:08]	[Recv]	mv 2 2711 39 57 5

[15:53:08]	[Recv]	mv 2 407793 30 165 7

[15:53:08]	[Recv]	in 3 24 2543 35 137 2 100 100 0 0 0 -1 0 0 -1 - 0 -1 0 0 0 0 0 0 0 0 0 0 0 0

[15:53:08]	[Recv]	mv 2 2730 151 16 5

[15:53:08]	[Recv]	mv 2 2719 78 55 5

[15:53:08]	[Recv]	mv 2 2727 137 103 5

[15:53:08]	[Recv]	mv 2 2725 128 42 5

[15:53:08]	[Recv]	mv 2 2715 53 59 5

[15:53:08]	[Recv]	mv 2 2696 80 115 1

[15:53:09]	[Recv]	mv 2 2733 154 21 5

[15:53:09]	[Recv]	mv 2 2724 126 39 5

[15:53:09]	[Recv]	mv 2 2723 115 152 5

[15:53:09]	[Recv]	mv 2 2714 48 120 5

[15:53:09]	[Recv]	mv 2 2713 52 110 5

[15:53:09]	[Recv]	mv 2 407793 30 164 7

[15:53:09]	[Recv]	mv 2 2721 106 145 5

[15:53:09]	[Recv]	mv 2 2711 41 56 5

[15:53:09]	[Recv]	mv 2 2730 152 18 5

[15:53:09]	[Recv]	mv 2 2720 97 57 5

[15:53:09]	[Recv]	mv 2 2719 80 53 5

[15:53:09]	[Recv]	mv 2 2710 31 118 5

[15:53:09]	[Recv]	in 3 333 2684 31 169 2 100 100 0 0 0 -1 0 0 -1 - 0 -1 0 0 0 0 0 0 0 0 0 0 0 0

[15:53:09]	[Recv]	mv 2 2728 133 117 5

[15:53:09]	[Recv]	mv 2 2727 136 102 5

[15:53:09]	[Recv]	mv 2 336788 30 140 7

[15:53:09]	[Recv]	mv 2 2725 129 41 5

[15:53:09]	[Recv]	mv 2 2696 81 114 1

[15:53:10]	[Recv]	mv 2 2733 155 22 5

[15:53:10]	[Recv]	mv 2 2724 126 38 5

[15:53:10]	[Recv]	mv 2 2723 115 154 5

[15:53:10]	[Recv]	mv 2 2732 156 14 5

[15:53:10]	[Recv]	mv 2 2730 150 20 5

[15:53:10]	[Recv]	mv 2 2720 96 57 5

[15:53:10]	[Recv]	mv 2 2719 79 53 5

[15:53:10]	[Recv]	mv 2 2710 29 117 5

[15:53:10]	[Recv]	mv 2 2709 29 110 5

[15:53:10]	[Recv]	mv 2 2728 134 116 5

[15:53:10]	[Recv]	mv 2 2717 66 136 5

[15:53:10]	[Recv]	mv 2 2697 117 80 10

[15:53:10]	[Recv]	mv 2 2716 65 65 5

[15:53:10]	[Recv]	mv 2 2715 52 57 5

[15:53:10]	[Recv]	mv 2 2696 79 116 1

[15:53:10]	[Recv]	mv 2 407969 44 166 7

[15:53:10]	[Recv]	mv 2 407873 21 157 7

[15:53:10]	[Recv]	mv 2 407793 30 165 7

[15:53:11]	[Recv]	mv 2 2733 153 23 5

[15:53:11]	[Recv]	mv 2 2724 124 36 5

[15:53:11]	[Recv]	mv 2 2714 50 119 5

[15:53:11]	[Recv]	mv 2 2713 50 111 5

[15:53:11]	[Recv]	mv 2 2732 155 16 5

[15:53:11]	[Recv]	mv 2 2722 117 74 5

[15:53:11]	[Recv]	mv 2 2721 108 146 5

[15:53:11]	[Recv]	mv 2 2712 37 101 5

[15:53:11]	[Recv]	mv 2 2711 39 57 5

[15:53:11]	[Recv]	mv 2 407873 21 156 7

[15:53:11]	[Recv]	mv 2 2730 150 18 5

[15:53:11]	[Recv]	mv 2 2729 145 26 5

[15:53:11]	[Recv]	mv 2 2719 79 54 5

[15:53:11]	[Recv]	mv 2 2710 30 116 5

[15:53:11]	[Recv]	mv 2 407873 21 155 7

[15:53:11]	[Recv]	in 3 333 2685 28 167 2 100 100 0 0 0 -1 0 0 -1 - 0 -1 0 0 0 0 0 0 0 0 0 0 0 0

[15:53:11]	[Recv]	in 3 24 2539 28 135 2 100 100 0 0 0 -1 0 0 -1 - 0 -1 0 0 0 0 0 0 0 0 0 0 0 0

[15:53:11]	[Recv]	mv 2 2718 77 145 5

[15:53:11]	[Recv]	mv 2 2717 68 138 5

[15:53:11]	[Recv]	mv 2 2697 117 79 10

[15:53:11]	[Recv]	mv 2 2726 136 73 5

[15:53:11]	[Recv]	mv 2 2725 130 41 5

[15:53:11]	[Recv]	mv 2 2716 64 63 5

[15:53:11]	[Recv]	mv 2 2715 53 59 5

[15:53:11]	[Recv]	mv 2 2696 79 117 1

[15:53:11]	[Recv]	eff 1 6831671 4544

[15:53:12]	[Recv]	mv 2 2723 116 152 5

[15:53:12]	[Recv]	mv 2 2714 49 120 5

[15:53:12]	[Recv]	mv 2 2713 48 110 5